Dev window thread started on gates-of-truth-dev-window — sim thread on gates-of-truth-sim
Truth demo ready: nREPL 127.0.0.1:7898
Compiling body shaders...
Compiling particle shaders...
Compiling sprite shaders...
Compiling line shaders...
Compiling hud shaders...
Compiling volume shaders...
Camera reset
UI cursor : locked
[kinematics-ws] K clamp binds: eid 1002 demanded 13506 clamped 4096
[kinematics-ws] K clamp binds: eid 1003 demanded 6621 clamped 4096
[kinematics-ws] K clamp binds: eid 1001 demanded 27552 clamped 4096
[kinematics-ws] K clamp binds: eid 1001 demanded 27548 clamped 4096
[kinematics-ws] K clamp binds: eid 1002 demanded 13505 clamped 4096
[kinematics-ws] K clamp binds: eid 1003 demanded 6628 clamped 4096
[kinematics-ws] K clamp binds: eid 1001 demanded 27549 clamped 4096
[kinematics-ws] K clamp binds: eid 1003 demanded 6628 clamped 4096
[kinematics-ws] K clamp binds: eid 1002 demanded 13505 clamped 4096
[kinematics-ws] K clamp binds: eid 1001 demanded 27549 clamped 4096
[kinematics-ws] K clamp binds: eid 1002 demanded 13504 clamped 4096
[kinematics-ws] K clamp binds: eid 1003 demanded 6628 clamped 4096
[kinematics-ws] K clamp binds: eid 1002 demanded 13504 clamped 4096
[kinematics-ws] K clamp binds: eid 1003 demanded 6628 clamped 4096
[kinematics-ws] K clamp binds: eid 1001 demanded 27551 clamped 4096
[kinematics-ws] K clamp binds: eid[kinematics-ws] K clamp binds: eid 1003 demanded 6628 clamped 4096
 1002 demanded 13504 clamped 4096
[kinematics-ws] K clamp binds: eid 1001 demanded 27553 clamped 4096
[kinematics-ws] K clamp binds: eid 1001 demanded 27553 clamped[kinematics-ws] K clamp binds: eid 1003 demanded 6628 clamped 4096
 4096
[kinematics-ws] K clamp binds: eid 1002 demanded 13504 clamped 4096
[kinematics-ws] K clamp binds: eid 1003 demanded 6628 clamped 4096
[kinematics-ws] K clamp binds: eid 1002 demanded 13503 clamped 4096
[kinematics-ws] K clamp binds: eid 1001 demanded 27554 clamped 4096
[kinematics-ws] K clamp binds: eid 1002 demanded 13504 clamped 4096
[kinematics-ws] K clamp binds: eid 1003 demanded 6628 clamped 4096
[kinematics-ws] K clamp binds: eid 1001 demanded 27556 clamped 4096
[kinematics-ws] K clamp binds: eid 1001 demanded 27557 clamped 4096
[kinematics-ws] K clamp binds: eid 1003 demanded 6628 clamped 4096
[kinematics-ws] K clamp binds: eid 1002 demanded 13503 clamped 4096
[kinematics-ws] K clamp binds: eid 1001 demanded 27557 clamped 4096
[kinematics-ws] K clamp binds: eid 1003 demanded 6628 clamped 4096
[kinematics-ws] K clamp binds: eid 1002 demanded 13503 clamped 4096
[kinematics-ws] K clamp binds: eid 1001 demanded 27558 clamped 4096
[kinematics-ws] K clamp binds: eid 1002 demanded 13503 clamped 4096
[kinematics-ws] K clamp binds: eid 1003 demanded 6629 clamped 4096
[kinematics-ws] K clamp binds: eid 1003 demanded 6629 clamped 4096
[kinematics-ws] K clamp binds: eid 1001 demanded 27559 clamped 4096
[kinematics-ws] K clamp binds: eid 1002 demanded 13503 clamped 4096
[kinematics-ws] K clamp binds: eid 1001 demanded 27561 clamped 4096
[kinematics-ws] K clamp binds: eid 1003 demanded 6629 clamped 4096
[kinematics-ws] K clamp binds: eid 1002 demanded 13503 clamped 4096
[kinematics-ws] K clamp binds: eid 1001 demanded 27562 clamped 4096
[kinematics-ws] K clamp binds: eid 1003 demanded 6629 clamped 4096
[kinematics-ws] K clamp binds: eid 1002 demanded 13503 clamped 4096
[kinematics-ws] K clamp binds: eid 1002 demanded 13502 clamped 4096
[kinematics-ws] K clamp binds: eid 1001 demanded 27562 clamped 4096
[kinematics-ws] K clamp binds: eid 1003 demanded 6629 clamped 4096
[kinematics-ws] K clamp binds: eid 1003 demanded 6629 clamped 4096
[kinematics-ws] K clamp binds: eid 1002 demanded 13503 clamped 4096
[kinematics-ws] K clamp binds: eid 1001 demanded 27563 clamped 4096
[kinematics-ws] K clamp binds: eid 1003 demanded 6628 clamped 4096
[kinematics-ws] K clamp binds: eid 1002 demanded 13502 clamped 4096
[kinematics-ws] K clamp binds: eid 1001 demanded 27563 clamped 4096
[kinematics-ws] K clamp binds: eid 1002 demanded 13503 clamped 4096
[kinematics-ws] K clamp binds: eid 1003 demanded 6628 clamped 4096
[kinematics-ws] K clamp binds: eid 1001 demanded 27564 clamped 4096
[kinematics-ws] K clamp binds: eid 1003 demanded 6628 clamped 4096
[kinematics-ws] K clamp binds: eid 1001 demanded 27565 clamped 4096
[kinematics-ws] K clamp binds: eid 1002 demanded 13503 clamped 4096
[kinematics-ws] K clamp binds: eid 1001 demanded 27566 clamped 4096
[kinematics-ws] K clamp binds: eid 1002 demanded 13503 clamped 4096
[kinematics-ws] K clamp binds: eid 1003 demanded 6628 clamped 4096
[kinematics-ws] K clamp binds: eid 1002 demanded 13503 clamped 4096
[kinematics-ws] K clamp binds: eid 1001 demanded 27566 clamped 4096
[kinematics-ws] K clamp binds: eid 1003 demanded 6628 clamped 4096
[kinematics-ws] K clamp binds: eid 1001 demanded 27567 clamped 4096
[kinematics-ws] K clamp binds: eid 1002 demanded 13503 clamped 4096
[kinematics-ws] K clamp binds: eid 1003 demanded 6628 clamped 4096
[kinematics-ws] K clamp binds: eid 1003 demanded 6629 clamped 4096
[kinematics-ws] K clamp binds: eid 1001 demanded 27567 clamped 4096
[kinematics-ws] K clamp binds: eid 1002 demanded 13503 clamped 4096
[kinematics-ws] K clamp binds: eid 1003 demanded 6629 clamped 4096
[kinematics-ws] K clamp binds: eid 1001 demanded 27567 clamped 4096
[kinematics-ws] K clamp binds: eid 1002 demanded 13503 clamped 4096
[kinematics-ws] K clamp binds: eid 1003 demanded 6629 clamped 4096
[kinematics-ws] K clamp binds: eid 1001 demanded 27567 clamped 4096
[kinematics-ws] K clamp binds: eid 1002 demanded 13503 clamped 4096
[kinematics-ws] K clamp binds: eid 1002 demanded 13503 clamped 4096
[kinematics-ws] K clamp binds: eid 1001 demanded 27567 clamped 4096
[kinematics-ws] K clamp binds: eid 1003 demanded 6628 clamped 4096
[kinematics-ws] K clamp binds: eid 1001 demanded 27567 clamped 4096
[kinematics-ws] K clamp binds: eid 1003 demanded 6628 clamped 4096
[kinematics-ws] K clamp binds: eid 1002 demanded 13504 clamped 4096
[kinematics-ws] K clamp binds: eid 1001 demanded 27567 clamped 4096
[kinematics-ws] K clamp binds: eid 1002 demanded 13503 clamped 4096
[kinematics-ws] K clamp binds: eid 1003 demanded 6628 clamped 4096
[kinematics-ws] K clamp binds: eid 1003 demanded 6628 clamped 4096
[kinematics-ws] K clamp binds: eid 1001 demanded 27567 clamped 4096
[kinematics-ws] K clamp binds: eid 1002 demanded 13504 clamped 4096
[kinematics-ws] K clamp binds: eid 1002 demanded 13504 clamped 4096
[kinematics-ws] K clamp binds: eid 1001 demanded 27568 clamped 4096
[kinematics-ws] K clamp binds: eid 1003 demanded 6628 clamped 4096
[kinematics-ws] K clamp binds: eid 1001 demanded 27570 clamped[kinematics-ws] K clamp binds: eid 1002 demanded 13504 clamped 4096
 4096
[kinematics-ws] K clamp binds: eid 1003 demanded 6628 clamped 4096
[kinematics-ws] K clamp binds: eid 1002 demanded 13504 clamped 4096
[kinematics-ws] K clamp binds: eid 1001 demanded 27570 clamped 4096
[kinematics-ws] K clamp binds: eid 1003 demanded 6628 clamped 4096
[kinematics-ws] K clamp binds: eid 1002 demanded 13505 clamped 4096
[kinematics-ws] K clamp binds: eid 1003 demanded 6628 clamped 4096
[kinematics-ws] K clamp binds: eid 1001 demanded 27569 clamped 4096
[kinematics-ws] K clamp binds: eid 1002 demanded 13505 clamped 4096
[kinematics-ws] K clamp binds: eid 1001 demanded 27567 clamped 4096
[kinematics-ws] K clamp binds: eid 1003 demanded 6628 clamped 4096
[kinematics-ws] K clamp binds: eid 1002 demanded 13505 clamped 4096
[kinematics-ws] K clamp binds: eid 1001 demanded 27565 clamped 4096
[kinematics-ws] K clamp binds: eid 1003 demanded 6627 clamped 4096
[kinematics-ws] K clamp binds: eid 1003 demanded 6627 clamped 4096
[kinematics-ws] K clamp binds: eid 1002 demanded 13506 clamped 4096
[kinematics-ws] K clamp binds: eid 1001 demanded 27566 clamped 4096
[kinematics-ws] K clamp binds: eid[kinematics-ws] K clamp binds: eid 1001 demanded 27568 clamped 4096
 1002 demanded 13505 clamped 4096
[kinematics-ws] K clamp binds: eid 1003 demanded 6628 clamped 4096
[kinematics-ws] K clamp binds: eid 1001 demanded 27567 clamped 4096
[kinematics-ws] K clamp binds: eid 1003 demanded 6628 clamped 4096
[kinematics-ws] K clamp binds: eid 1002 demanded 13507 clamped 4096
[kinematics-ws] K clamp binds: eid 1001 demanded 27564 clamped 4096
[kinematics-ws] K clamp binds: eid 1003 demanded 6628 clamped 4096
[kinematics-ws] K clamp binds: eid 1002 demanded 13506 clamped 4096
[kinematics-ws] K clamp binds: eid 1003 demanded 6627 clamped 4096
[kinematics-ws] K clamp binds: eid 1001 demanded 27564 clamped 4096
[kinematics-ws] K clamp binds: eid 1002 demanded 13507 clamped 4096
[kinematics-ws] K clamp binds: eid 1001 demanded 27567 clamped 4096
[kinematics-ws] K clamp binds: eid 1003 demanded 6627 clamped 4096
[kinematics-ws] K clamp binds: eid 1002 demanded 13508 clamped 4096
[kinematics-ws] K clamp binds: eid 1003 demanded 6627 clamped 4096
[kinematics-ws] K clamp binds: eid 1002 demanded 13507 clamped 4096
[kinematics-ws] K clamp binds: eid 1001 demanded 27564 clamped 4096
[kinematics-ws] K clamp binds: eid 1002 demanded 13509 clamped 4096
[kinematics-ws] K clamp binds: eid 1001 demanded 27562 clamped 4096
[kinematics-ws] K clamp binds: eid 1003 demanded 6627 clamped 4096
[kinematics-ws] K clamp binds: eid 1001 demanded 27566 clamped 4096
[kinematics-ws] K clamp binds: eid 1003 demanded 6628 clamped 4096
[kinematics-ws] K clamp binds: eid 1002 demanded 13508 clamped 4096
[kinematics-ws] K clamp binds: eid 1002 demanded 13509 clamped 4096
[kinematics-ws] K clamp binds: eid 1001 demanded 27563 clamped 4096
[kinematics-ws] K clamp binds: eid 1003 demanded 6627 clamped 4096
[kinematics-ws] K clamp binds: eid 1002 demanded 13510 clamped 4096
[kinematics-ws] K clamp binds: eid 1001 demanded 27562 clamped 4096
[kinematics-ws] K clamp binds: eid 1003 demanded 6627 clamped 4096
[kinematics-ws] K clamp binds: eid 1002 demanded 13510 clamped 4096
[kinematics-ws] K clamp binds: eid 1001 demanded 27565 clamped 4096
[kinematics-ws] K clamp binds: eid 1003 demanded 6626 clamped 4096
[kinematics-ws] K clamp binds: eid 1001 demanded 27561 clamped 4096
[kinematics-ws] K clamp binds: eid 1003 demanded 6627 clamped 4096
[kinematics-ws] K clamp binds: eid 1002 demanded 13510 clamped 4096
[kinematics-ws] K clamp binds: eid 1003 demanded 6627 clamped 4096
[kinematics-ws] K clamp binds: eid 1001 demanded 27564 clamped 4096
[kinematics-ws] K clamp binds: eid 1002 demanded 13511 clamped 4096
[kinematics-ws] K clamp binds: eid 1003 demanded 6627 clamped 4096
[kinematics-ws] K clamp binds: eid 1002 demanded 13511 clamped 4096
[kinematics-ws] K clamp binds: eid 1001 demanded 27563 clamped 4096
[kinematics-ws] K clamp binds: eid 1003 demanded 6626 clamped 4096
[kinematics-ws] K clamp binds: eid 1001 demanded 27562 clamped 4096
[kinematics-ws] K clamp binds: eid 1002 demanded 13512 clamped 4096
[kinematics-ws] K clamp binds: eid 1001 demanded 27564 clamped 4096
[kinematics-ws] K clamp binds: eid 1002 demanded 13513 clamped 4096
[kinematics-ws] K clamp binds: eid 1003 demanded 6626 clamped 4096
[kinematics-ws] K clamp binds: eid 1001 demanded 27562 clamped 4096
[kinematics-ws] K clamp binds: eid 1003 demanded 6626 clamped 4096
[kinematics-ws] K clamp binds: eid 1002 demanded 13513 clamped 4096
[kinematics-ws] K clamp binds: eid 1001 demanded 27565 clamped 4096
[kinematics-ws] K clamp binds: eid 1002 demanded 13513 clamped 4096
[kinematics-ws] K clamp binds: eid 1003 demanded 6627 clamped 4096
[kinematics-ws] K clamp binds: eid 1003 demanded 6626 clamped 4096
[kinematics-ws] K clamp binds: eid 1002 demanded 13514 clamped 4096
[kinematics-ws] K clamp binds: eid 1001 demanded 27563 clamped 4096
[kinematics-ws] K clamp binds: eid 1001 demanded 27565 clamped 4096
[kinematics-ws] K clamp binds: eid 1003 demanded 6626 clamped 4096
[kinematics-ws] K clamp binds: eid 1002 demanded 13515 clamped 4096
[kinematics-ws] K clamp binds: eid 1003 demanded 6626 clamped 4096
[kinematics-ws] K clamp binds: eid 1002 demanded 13515 clamped 4096
[kinematics-ws] K clamp binds: eid 1001 demanded 27565 clamped 4096
[kinematics-ws] K clamp binds: eid 1001 demanded 27565 clamped 4096
[kinematics-ws] K clamp binds: eid 1002 demanded 13515 clamped 4096
[kinematics-ws] K clamp binds: eid 1003 demanded 6626 clamped 4096
[kinematics-ws] K clamp binds: eid 1002 demanded 13516 clamped 4096
[kinematics-ws] K clamp binds: eid 1001 demanded 27568 clamped 4096
[kinematics-ws] K clamp binds: eid 1003 demanded 6626 clamped 4096
[kinematics-ws] K clamp binds: eid 1002 demanded 13517 clamped 4096
[kinematics-ws] K clamp binds: eid 1001 demanded 27564 clamped 4096
[kinematics-ws] K clamp binds: eid 1003 demanded 6625 clamped 4096
[kinematics-ws] K clamp binds: eid 1003 demanded 6625 clamped 4096
[kinematics-ws] K clamp binds: eid 1001 demanded 27569 clamped 4096
[kinematics-ws] K clamp binds: eid 1002 demanded 13518 clamped 4096
[kinematics-ws] K clamp binds: eid 1002 demanded 13517 clamped 4096
[kinematics-ws] K clamp binds: eid 1001 demanded 27568 clamped 4096
[kinematics-ws] K clamp binds: eid 1003 demanded 6626 clamped 4096
[kinematics-ws] K clamp binds: eid 1001 demanded 27568 clamped 4096
[kinematics-ws] K clamp binds: eid 1002 demanded 13518 clamped 4096
[kinematics-ws] K clamp binds: eid 1003 demanded 6626 clamped 4096
[kinematics-ws] K clamp binds: eid 1001 demanded 27572 clamped 4096
[kinematics-ws] K clamp binds: eid 1002 demanded 13519 clamped 4096
[kinematics-ws] K clamp binds: eid 1003 demanded 6625 clamped 4096
[kinematics-ws] K clamp binds: eid 1001 demanded 27570 clamped 4096
[kinematics-ws] K clamp binds: eid 1002 demanded 13520 clamped 4096
[kinematics-ws] K clamp binds: eid 1003 demanded 6625 clamped 4096
[kinematics-ws] K clamp binds: eid 1002 demanded 13520 clamped 4096
[kinematics-ws] K clamp binds: eid 1003 demanded 6626 clamped 4096
[kinematics-ws] K clamp binds: eid 1001 demanded 27571 clamped 4096
[kinematics-ws] K clamp binds: eid 1002 demanded 13520 clamped 4096
[kinematics-ws] K clamp binds: eid 1003 demanded 6625 clamped 4096
[kinematics-ws] K clamp binds: eid 1001 demanded 27575 clamped 4096
[kinematics-ws] K clamp binds: eid 1002 demanded 13520 clamped 4096
[kinematics-ws] K clamp binds: eid 1001 demanded 27575 clamped 4096
[kinematics-ws] K clamp binds: eid 1003 demanded 6625 clamped 4096
[kinematics-ws] K clamp binds: eid 1002 demanded 13521 clamped 4096
[kinematics-ws] K clamp binds: eid 1001 demanded 27573 clamped 4096
[kinematics-ws] K clamp binds: eid 1003 demanded 6625 clamped 4096
[kinematics-ws] K clamp binds: eid [kinematics-ws] K clamp binds: eid 1002 demanded 13522 clamped 10014096 
demanded 27576 clamped 4096
[kinematics-ws] K clamp binds: eid 1003 demanded 6625 clamped 4096
[kinematics-ws] K clamp binds: eid 1001 demanded 27579 clamped 4096
[kinematics-ws] K clamp binds: eid 1002 demanded 13523 clamped 4096
[kinematics-ws] K clamp binds: eid 1003 demanded 6625 clamped 4096
[kinematics-ws] K clamp binds: eid 1002 demanded 13523 clamped 4096
[kinematics-ws] K clamp binds: eid 1001 demanded 27580 clamped 4096
[kinematics-ws] K clamp binds: eid 1003 demanded 6624 clamped 4096
[kinematics-ws] K clamp binds: eid 1001 demanded 27579 clamped 4096
[kinematics-ws] K clamp binds: eid 1003 demanded 6625 clamped 4096
[kinematics-ws] K clamp binds: eid 1002 demanded 13523 clamped 4096
[kinematics-ws] K clamp binds: eid 1003 demanded 6625 clamped 4096
[kinematics-ws] K clamp binds: eid 1002 demanded 13523 clamped 4096
[kinematics-ws] K clamp binds: eid 1001 demanded 27578 clamped 4096
[kinematics-ws] K clamp binds: eid 1001 demanded 27580 clamped 4096
[kinematics-ws] K clamp binds: eid 1003 demanded 6624 clamped 4096
[kinematics-ws] K clamp binds: eid 1002 demanded 13524 clamped 4096
[kinematics-ws] K clamp binds: eid 1001 demanded 27583 clamped 4096
[kinematics-ws] K clamp binds: eid 1003 demanded 6624 clamped 4096
[kinematics-ws] K clamp binds: eid 1002 demanded 13524 clamped 4096
[kinematics-ws] K clamp binds: eid 1002 demanded 13525 clamped 4096
[kinematics-ws] K clamp binds: eid 1001 demanded 27585 clamped 4096
[kinematics-ws] K clamp binds: eid 1003 demanded 6625 clamped 4096
[kinematics-ws] K clamp binds: eid 1003 demanded 6624 clamped 4096
[kinematics-ws] K clamp binds: eid 1001 demanded 27586 clamped 4096
[kinematics-ws] K clamp binds: eid 1002 demanded 13525 clamped 4096
[kinematics-ws] K clamp binds: eid 1003 demanded 6624 clamped 4096
[kinematics-ws] K clamp binds: eid 1001 demanded 27586 clamped 4096
[kinematics-ws] K clamp binds: eid 1002 demanded 13526 clamped 4096
[kinematics-ws] K clamp binds: eid 1001 demanded 27586 clamped 4096
[kinematics-ws] K clamp binds: eid 1003 demanded 6625 clamped 4096
[kinematics-ws] K clamp binds: eid 1002 demanded 13526 clamped 4096
[kinematics-ws] K clamp binds: eid 1001 demanded 27586 clamped 4096
[kinematics-ws] K clamp binds: eid 1002 demanded 13526 clamped 4096
[kinematics-ws] K clamp binds: eid 1003 demanded 6624 clamped 4096
[kinematics-ws] K clamp binds: eid 1001 demanded 27586 clamped 4096[kinematics-ws] K clamp binds: eid 1002 demanded 13527 clamped 4096

[kinematics-ws] K clamp binds: eid 1003 demanded 6624 clamped 4096
[kinematics-ws] K clamp binds: eid 1001 demanded 27586 clamped 4096
[kinematics-ws] K clamp binds: eid 1003 demanded 6624 clamped 4096
[kinematics-ws] K clamp binds: eid 1002 demanded 13527 clamped 4096
[kinematics-ws] K clamp binds: eid 1002 demanded 13527 clamped 4096
[kinematics-ws] K clamp binds: eid 1001 demanded 27586 clamped 4096
[kinematics-ws] K clamp binds: eid 1003 demanded 6624 clamped 4096
[kinematics-ws] K clamp binds: eid 1003 demanded 6623 clamped 4096
[kinematics-ws] K clamp binds: eid 1002 demanded 13527 clamped 4096
[kinematics-ws] K clamp binds: eid 1001 demanded 27587 clamped 4096
[kinematics-ws] K clamp binds: eid 1003 demanded 6624 clamped 4096
[kinematics-ws] K clamp binds: eid 1002 demanded 13527 clamped 4096
[kinematics-ws] K clamp binds: eid 1001 demanded 27587 clamped 4096
[kinematics-ws] K clamp binds: eid 1001 demanded 27587 clamped 4096
[kinematics-ws] K clamp binds: eid 1002 demanded 13527 clamped 4096
[kinematics-ws] K clamp binds: eid 1003 demanded 6624 clamped 4096
[kinematics-ws] K clamp binds: eid 1003 demanded 6623 clamped 4096
[kinematics-ws] K clamp binds: eid 1001 demanded 27588 clamped 4096
[kinematics-ws] K clamp binds: eid 1002 demanded 13528 clamped 4096
[kinematics-ws] K clamp binds: eid 1001 demanded 27589 clamped 4096
[kinematics-ws] K clamp binds: eid 1002 demanded 13528 clamped 4096
[kinematics-ws] K clamp binds: eid 1003 demanded 6624 clamped 4096
[kinematics-ws] K clamp binds: eid 1001 demanded 27590 clamped 4096
[kinematics-ws] K clamp binds: eid 1002 demanded 13528 clamped 4096
[kinematics-ws] K clamp binds: eid 1003 demanded 6623 clamped 4096
[kinematics-ws] K clamp binds: eid 1003 demanded 6623 clamped 4096
[kinematics-ws] K clamp binds: eid 1002 demanded 13528 clamped 4096
[kinematics-ws] K clamp binds: eid 1001 demanded 27591 clamped 4096
[kinematics-ws] K clamp binds: eid 1001 demanded 27590 clamped 4096
[kinematics-ws] K clamp binds: eid 1003 demanded 6624 clamped 4096
[kinematics-ws] K clamp binds: eid 1002 demanded 13528 clamped 4096
[kinematics-ws] K clamp binds: eid 1001 demanded 27589 clamped 4096
[kinematics-ws] K clamp binds: eid 1002 demanded 13528 clamped 4096
[kinematics-ws] K clamp binds: eid 1003 demanded 6623 clamped 4096
[kinematics-ws] K clamp binds: eid 1003 demanded 6623 clamped 4096
[kinematics-ws] K clamp binds: eid 1001 demanded 27586 clamped 4096
[kinematics-ws] K clamp binds: eid 1002 demanded 13528 clamped 4096
[kinematics-ws] K clamp binds: eid 1001 demanded 27585 clamped 4096
[kinematics-ws] K clamp binds: eid 1003 demanded 6624 clamped 4096
[kinematics-ws] K clamp binds: eid 1002 demanded 13528 clamped 4096
[kinematics-ws] K clamp binds: eid 1002 demanded 13528 clamped 4096
[kinematics-ws] K clamp binds: eid 1003 demanded 6623 clamped 4096
[kinematics-ws] K clamp binds: eid 1001 demanded 27587 clamped 4096
[kinematics-ws] K clamp binds: eid 1001 demanded 27589 clamped 4096
[kinematics-ws] K clamp binds: eid 1003 demanded 6623 clamped 4096
[kinematics-ws] K clamp binds: eid 1002 demanded 13528 clamped 4096
[kinematics-ws] K clamp binds: eid 1002 demanded 13529 clamped 4096
[kinematics-ws] K clamp binds: eid 1001 demanded 27588 clamped 4096
[kinematics-ws] K clamp binds: eid 1003 demanded 6623 clamped 4096
[kinematics-ws] K clamp binds: eid 1001 demanded 27584 clamped 4096
[kinematics-ws] K clamp binds: eid 1002 demanded 13529 clamped 4096
[kinematics-ws] K clamp binds: eid 1003 demanded 6623 clamped 4096
[kinematics-ws] K clamp binds: eid 1001 demanded 27584 clamped 4096
[kinematics-ws] K clamp binds: eid 1003 demanded 6623 clamped 4096
[kinematics-ws] K clamp binds: eid 1002 demanded 13529 clamped 4096
[kinematics-ws] K clamp binds: eid 1002 demanded 13529 clamped 4096
[kinematics-ws] K clamp binds: eid 1003 demanded 6623 clamped 4096
[kinematics-ws] K clamp binds: eid 1001 demanded 27587 clamped 4096
[kinematics-ws] K clamp binds: eid 1001 demanded 27586 clamped 4096
[kinematics-ws] K clamp binds: eid 1002 demanded 13529 clamped 4096
[kinematics-ws] K clamp binds: eid 1003 demanded 6623 clamped 4096
[kinematics-ws] K clamp binds: eid 1002 demanded 13528 clamped 4096
[kinematics-ws] K clamp binds: eid 1003 demanded 6623 clamped 4096
[kinematics-ws] K clamp binds: eid 1001 demanded 27582 clamped 4096
[kinematics-ws] K clamp binds: eid 1003 demanded 6622 clamped 4096
[kinematics-ws] K clamp binds: eid 1001 demanded 27585 clamped 4096
[kinematics-ws] K clamp binds: eid 1002 demanded 13527 clamped 4096
[kinematics-ws] K clamp binds: eid 1002 demanded 13527 clamped 4096
[kinematics-ws] K clamp binds: eid 1003 demanded 6623 clamped 4096
[kinematics-ws] K clamp binds: eid 1001 demanded 27586 clamped 4096
[kinematics-ws] K clamp binds: eid 1003 demanded 6623 clamped 4096
[kinematics-ws] K clamp binds: eid 1002 demanded 13528 clamped 4096
[kinematics-ws] K clamp binds: eid 1001 demanded 27581 clamped 4096
[kinematics-ws] K clamp binds: eid 1001 demanded 27584 clamped 4096
[kinematics-ws] K clamp binds: eid[kinematics-ws] K clamp binds: eid  1002 demanded1003 demanded 6623 clamped 4096
 13528 clamped 4096
[kinematics-ws] K clamp binds: eid 1001 demanded 27584 clamped 4096
[kinematics-ws] K clamp binds: eid 1002 demanded 13529 clamped 4096
[kinematics-ws] K clamp binds: eid 1003 demanded 6623 clamped 4096
[kinematics-ws] K clamp binds: eid 1003 demanded 6622 clamped 4096
[kinematics-ws] K clamp binds: eid 1001 demanded 27581 clamped 4096
[kinematics-ws] K clamp binds: eid 1002 demanded 13528 clamped 4096
[kinematics-ws] K clamp binds: eid 1001 demanded 27585 clamped 4096
[kinematics-ws] K clamp binds: eid 1003 demanded 6623 clamped 4096
[kinematics-ws] K clamp binds: eid 1002 demanded 13527 clamped 4096
[kinematics-ws] K clamp binds: eid 1001 demanded 27581 clamped 4096
[kinematics-ws] K clamp binds: eid 1003 demanded 6622 clamped 4096
[kinematics-ws] K clamp binds: eid 1002 demanded 13526 clamped 4096
[kinematics-ws] K clamp binds: eid 1002 demanded 13527 clamped 4096
[kinematics-ws] K clamp binds: eid 1003 demanded 6623 clamped 4096
[kinematics-ws] K clamp binds: eid 1001 demanded 27584 clamped 4096
[kinematics-ws] K clamp binds: eid 1002 demanded 13528 clamped 4096
[kinematics-ws] K clamp binds: eid 1003 demanded 6623 clamped 4096
[kinematics-ws] K clamp binds: eid 1001 demanded 27582 clamped 4096
[kinematics-ws] K clamp binds: eid 1001 demanded 27584 clamped 4096
[kinematics-ws] K clamp binds: eid 1002 demanded 13528 clamped 4096
[kinematics-ws] K clamp binds: eid 1003 demanded 6622 clamped 4096
[kinematics-ws] K clamp binds: eid 1003 demanded 6623 clamped 4096
[kinematics-ws] K clamp binds: eid 1002 demanded 13526 clamped 4096
[kinematics-ws] K clamp binds: eid 1001 demanded 27583 clamped 4096
[kinematics-ws] K clamp binds: eid 1002 demanded 13525 clamped 4096
[kinematics-ws] K clamp binds: eid 1003 demanded 6622 clamped 4096
[kinematics-ws] K clamp binds: eid 1001 demanded 27585 clamped 4096
[kinematics-ws] K clamp binds: eid 1001 demanded 27583 clamped 4096
[kinematics-ws] K clamp binds: eid 1003 demanded 6623 clamped 4096
[kinematics-ws] K clamp binds: eid 1002 demanded 13526 clamped 4096
[kinematics-ws] K clamp binds: eid 1002 demanded 13527 clamped 4096
[kinematics-ws] K clamp binds: eid 1003 demanded 6622 clamped 4096
[kinematics-ws] K clamp binds: eid 1001 demanded 27586 clamped 4096
[kinematics-ws] K clamp binds: eid 1003 demanded 6623 clamped 4096
[kinematics-ws] K clamp binds: eid 1002 demanded 13526 clamped 4096
[kinematics-ws] K clamp binds: eid 1001 demanded 27583 clamped 4096
[kinematics-ws] K clamp binds: eid 1003 demanded 6623 clamped 4096
[kinematics-ws] K clamp binds: eid 1002 demanded 13525 clamped 4096
[kinematics-ws] K clamp binds: eid 1001 demanded 27588 clamped 4096
[kinematics-ws] K clamp binds: eid 1002 demanded 13525 clamped 4096
[kinematics-ws] K clamp binds: eid 1003 demanded 6622 clamped 4096
[kinematics-ws] K clamp binds: eid 1001 demanded 27585 clamped 4096
[kinematics-ws] K clamp binds: eid 1002 demanded 13526 clamped 4096
[kinematics-ws] K clamp binds: eid 1001 demanded 27587 clamped 4096
[kinematics-ws] K clamp binds: eid 1003 demanded 6623 clamped 4096
[kinematics-ws] K clamp binds: eid 1003 demanded 6622 clamped 4096
[kinematics-ws] K clamp binds: eid 1002 demanded 13525 clamped 4096
[kinematics-ws] K clamp binds: eid 1001 demanded 27590 clamped 4096
[kinematics-ws] K clamp binds: eid 1003[kinematics-ws] K clamp binds: eid  demanded1001 demanded 27587 clamped 4096
 6623 clamped 4096
[kinematics-ws] K clamp binds: eid 1002 demanded 13524 clamped 4096
[kinematics-ws] K clamp binds: eid 1003 demanded 6622 clamped 4096
[kinematics-ws] K clamp binds: eid 1001 demanded 27591 clamped 4096
[kinematics-ws] K clamp binds: eid 1002 demanded 13525 clamped 4096
[kinematics-ws] K clamp binds: eid 1003 demanded 6623 clamped 4096
[kinematics-ws] K clamp binds: eid 1001 demanded 27592 clamped 4096
[kinematics-ws] K clamp binds: eid 1002 demanded 13525 clamped 4096
[kinematics-ws] K clamp binds: eid 1001 demanded 27590 clamped 4096
[kinematics-ws] K clamp binds: eid 1002 demanded 13523 clamped 4096
[kinematics-ws] K clamp binds: eid 1003 demanded 6622 clamped 4096
[kinematics-ws] K clamp binds: eid 1003 demanded 6623 clamped 4096
[kinematics-ws] K clamp binds: eid 1002 demanded 13524 clamped 4096
[kinematics-ws] K clamp binds: eid 1001 demanded 27593 clamped 4096
[kinematics-ws] K clamp binds: eid 1001 demanded 27596 clamped 4096
[kinematics-ws] K clamp binds: eid 1003 demanded 6623 clamped 4096
[kinematics-ws] K clamp binds: eid 1002 demanded 13525 clamped 4096
[kinematics-ws] K clamp binds: eid 1002 demanded 13523 clamped 4096
[kinematics-ws] K clamp binds: eid 1003 demanded 6623 clamped 4096
[kinematics-ws] K clamp binds: eid 1001 demanded 27595 clamped 4096
[kinematics-ws] K clamp binds: eid 1001 demanded 27594 clamped 4096
[kinematics-ws] K clamp binds: eid 1002 demanded 13523 clamped 4096
[kinematics-ws] K clamp binds: eid 1003 demanded 6623 clamped 4096
[kinematics-ws] K clamp binds: eid 1002 demanded 13524 clamped 4096
[kinematics-ws] K clamp binds: eid 1001 demanded 27597 clamped 4096
[kinematics-ws] K clamp binds: eid 1003 demanded 6624 clamped 4096
[kinematics-ws] K clamp binds: eid 1001 demanded 27600 clamped 4096
[kinematics-ws] K clamp binds: eid 1002 demanded 13523 clamped 4096
[kinematics-ws] K clamp binds: eid 1003 demanded 6623 clamped 4096
[kinematics-ws] K clamp binds: eid 1003 demanded 6624 clamped 4096
[kinematics-ws] K clamp binds: eid 1001 demanded 27601 clamped 4096
[kinematics-ws] K clamp binds: eid 1002 demanded 13523 clamped 4096
[kinematics-ws] K clamp binds: eid 1001 demanded 27600 clamped 4096
[kinematics-ws] K clamp binds: eid 1003 demanded 6623 clamped 4096
[kinematics-ws] K clamp binds: eid 1002 demanded 13524 clamped 4096
[kinematics-ws] K clamp binds: eid 1002 demanded 13522 clamped 4096
[kinematics-ws] K clamp binds: eid 1001 demanded 27599 clamped 4096
[kinematics-ws] K clamp binds: eid 1003 demanded 6624 clamped 4096
[kinematics-ws] K clamp binds: eid 1002 demanded 13524 clamped 4096
[kinematics-ws] K clamp binds: eid 1001 demanded 27601 clamped 4096
[kinematics-ws] K clamp binds: eid 1003 demanded 6623 clamped 4096
[kinematics-ws] K clamp binds: eid 1002 demanded 13523 clamped 4096
[kinematics-ws] K clamp binds: eid 1001 demanded 27603 clamped 4096
[kinematics-ws] K clamp binds: eid 1003 demanded 6624 clamped 4096
[kinematics-ws] K clamp binds: eid 1001 demanded 27605 clamped 4096
[kinematics-ws] K clamp binds: eid 1002 demanded 13522 clamped 4096
[kinematics-ws] K clamp binds: eid 1003 demanded 6623 clamped 4096
[kinematics-ws] K clamp binds: eid 1003 demanded 6624 clamped 4096
[kinematics-ws] K clamp binds: eid 1001 demanded 27607 clamped 4096
[kinematics-ws] K clamp binds: eid 1002 demanded 13523 clamped 4096
[kinematics-ws] K clamp binds: eid 1003 demanded 6624 clamped 4096
[kinematics-ws] K clamp binds: eid 1001 demanded 27608 clamped 4096
[kinematics-ws] K clamp binds: eid 1002 demanded 13522 clamped 4096
[kinematics-ws] K clamp binds: eid 1002 demanded 13523 clamped 4096
[kinematics-ws] K clamp binds: eid 1001 demanded 27608 clamped 4096
[kinematics-ws] K clamp binds: eid 1003 demanded 6625 clamped 4096
[kinematics-ws] K clamp binds: eid 1003 demanded 6624 clamped 4096
[kinematics-ws] K clamp binds: eid 1001 demanded 27608 clamped 4096
[kinematics-ws] K clamp binds: eid 1002 demanded 13522 clamped 4096
[kinematics-ws] K clamp binds: eid 1003 demanded 6625 clamped 4096
[kinematics-ws] K clamp binds: eid 1001 demanded 27608 clamped 4096
[kinematics-ws] K clamp binds: eid 1002 demanded 13523 clamped 4096
[kinematics-ws] K clamp binds: eid 1003 demanded 6624 clamped 4096
[kinematics-ws] K clamp binds: eid 1001 demanded 27608 clamped 4096
[kinematics-ws] K clamp binds: eid 1002 demanded 13523 clamped 4096
[kinematics-ws] K clamp binds: eid 1003 demanded 6625 clamped 4096
[kinematics-ws] K clamp binds: eid 1001 demanded 27608 clamped 4096
[kinematics-ws] K clamp binds: eid 1002 demanded 13523 clamped 4096
[kinematics-ws] K clamp binds: eid 1002 demanded 13523 clamped 4096
[kinematics-ws] K clamp binds: eid 1001 demanded 27608 clamped 4096
[kinematics-ws] K clamp binds: eid 1003 demanded 6625 clamped 4096
[kinematics-ws] K clamp binds: eid 1002 demanded 13522 clamped 4096
[kinematics-ws] K clamp binds: eid 1003 demanded 6625 clamped 4096
[kinematics-ws] K clamp binds: eid 1001 demanded 27608 clamped 4096
[kinematics-ws] K clamp binds: eid 1003 demanded 6626 clamped 4096
[kinematics-ws] K clamp binds: eid 1002 demanded 13524 clamped 4096
[kinematics-ws] K clamp binds: eid 1001 demanded 27609 clamped 4096
[kinematics-ws] K clamp binds: eid 1002 demanded 13522 clamped 4096
[kinematics-ws] K clamp binds: eid 1003 demanded 6625 clamped 4096
[kinematics-ws] K clamp binds: eid 1001 demanded 27609 clamped 4096
[kinematics-ws] K clamp binds: eid 1001 demanded 27610 clamped 4096
[kinematics-ws] K clamp binds: eid 1002 demanded 13524 clamped 4096
[kinematics-ws] K clamp binds: eid 1003 demanded 6626 clamped 4096
[kinematics-ws] K clamp binds: eid 1003 demanded 6625 clamped 4096
[kinematics-ws] K clamp binds: eid 1001 demanded 27610 clamped 4096
[kinematics-ws] K clamp binds: eid 1002 demanded 13523 clamped 4096
[kinematics-ws] K clamp binds: eid 1001 demanded 27609 [kinematics-ws] K clamp binds: eid 1002 demanded 13524 clamped 4096
clamped 4096
[kinematics-ws] K clamp binds: eid 1003 demanded 6626 clamped 4096
[kinematics-ws] K clamp binds: eid 1002 demanded 13523 clamped 4096
[kinematics-ws] K clamp binds: eid 1003 demanded 6626 clamped 4096
[kinematics-ws] K clamp binds: eid 1001 demanded 27608 clamped 4096
[kinematics-ws] K clamp binds: eid 1002 demanded 13525 clamped 4096
[kinematics-ws] K clamp binds: eid 1003 demanded 6626 clamped 4096
[kinematics-ws] K clamp binds: eid 1001 demanded 27607 clamped 4096
[kinematics-ws] K clamp binds: eid 1003 demanded 6627 clamped 4096
[kinematics-ws] K clamp binds: eid 1001 demanded 27607 clamped 4096
[kinematics-ws] K clamp binds: eid 1002 demanded 13524 clamped 4096
[kinematics-ws] K clamp binds: eid 1001 demanded 27607 clamped 4096
[kinematics-ws] K clamp binds: eid 1002 demanded 13525 clamped 4096
[kinematics-ws] K clamp binds: eid 1003 demanded 6626 clamped 4096
[kinematics-ws] K clamp binds: eid 1001 demanded 27608 clamped 4096
[kinematics-ws] K clamp binds: eid 1002 demanded 13525 clamped 4096
[kinematics-ws] K clamp binds: eid 1003 demanded 6627 clamped 4096
[kinematics-ws] K clamp binds: eid 1001 demanded 27607 clamped 4096
[kinematics-ws] K clamp binds: eid 1002 demanded 13525 clamped 4096
[kinematics-ws] K clamp binds: eid 1003 demanded 6627 clamped 4096
[kinematics-ws] K clamp binds: eid 1001 demanded 27605 clamped 4096
[kinematics-ws] K clamp binds: eid 1003 demanded 6627 clamped 4096
[kinematics-ws] K clamp binds: eid 1002 demanded 13526 clamped 4096
[kinematics-ws] K clamp binds: eid 1001 demanded 27605 clamped 4096
[kinematics-ws] K clamp binds: eid 1002 demanded 13525 clamped 4096
[kinematics-ws] K clamp binds: eid 1003 demanded 6628 clamped 4096
[kinematics-ws] K clamp binds: eid 1001 demanded 27606 clamped 4096
[kinematics-ws] K clamp binds: eid 1002 demanded 13527 clamped 4096
[kinematics-ws] K clamp binds: eid 1003 demanded 6627 clamped 4096
[kinematics-ws] K clamp binds: eid 1003 demanded 6628 clamped 4096
[kinematics-ws] K clamp binds: eid 1002 demanded 13525 clamped 4096
[kinematics-ws] K clamp binds: eid 1001 demanded 27606 clamped 4096
[kinematics-ws] K clamp binds: eid 1003 demanded 6628 clamped 4096
[kinematics-ws] K clamp binds: eid 1001 demanded 27604 clamped 4096
[kinematics-ws] K clamp binds: eid 1002 demanded 13527 clamped 4096
[kinematics-ws] K clamp binds: eid 1003 demanded 6628 clamped 4096
[kinematics-ws] K clamp binds: eid 1002 demanded 13527 clamped 4096
[kinematics-ws] K clamp binds: eid 1001 demanded 27604 clamped 4096
[kinematics-ws] K clamp binds: eid 1001 demanded 27605 clamped 4096
[kinematics-ws] K clamp binds: eid 1002 demanded 13527 clamped 4096
[kinematics-ws] K clamp binds: eid 1003 demanded 6629 clamped 4096
[kinematics-ws] K clamp binds: eid 1003 demanded 6629 clamped 4096
[kinematics-ws] K clamp binds: eid 1002 demanded 13529 clamped 4096
[kinematics-ws] K clamp binds: eid 1001 demanded 27603 clamped 4096
[kinematics-ws] K clamp binds: eid 1002 demanded 13527 clamped 4096
[kinematics-ws] K clamp binds: eid 1001 demanded 27603 clamped 4096
[kinematics-ws] K clamp binds: eid 1003 demanded 6629 clamped 4096
[kinematics-ws] K clamp binds: eid 1002 demanded 13529 clamped 4096
[kinematics-ws] K clamp binds: eid 1001 demanded 27604 clamped 4096
[kinematics-ws] K clamp binds: eid 1003 demanded 6630 clamped 4096
[kinematics-ws] K clamp binds: eid 1001 demanded 27602 clamped 4096
[kinematics-ws] K clamp binds: eid 1003 demanded 6629 clamped 4096
[kinematics-ws] K clamp binds: eid 1002 demanded 13530 clamped 4096
[kinematics-ws] K clamp binds: eid 1001 demanded 27604 clamped 4096
[kinematics-ws] K clamp binds: eid 1003 demanded 6630 clamped 4096
[kinematics-ws] K clamp binds: eid 1002 demanded 13529 clamped 4096
[kinematics-ws] K clamp binds: eid 1002 demanded 13530 clamped 4096
[kinematics-ws] K clamp binds: eid 1001 demanded 27602 clamped 4096
[kinematics-ws] K clamp binds: eid 1003 demanded 6631 clamped 4096
[kinematics-ws] K clamp binds: eid 1002 demanded 13531 clamped 4096
[kinematics-ws] K clamp binds: eid 1001 demanded 27603 clamped 4096
[kinematics-ws] K clamp binds: eid 1003 demanded 6630 clamped 4096
[kinematics-ws] K clamp binds: eid 1003 demanded 6630 clamped 4096
[kinematics-ws] K clamp binds: eid 1002 demanded 13530 clamped 4096
[kinematics-ws] K clamp binds: eid 1001 demanded 27603 clamped 4096
[kinematics-ws] K clamp binds: eid 1001 demanded 27603 clamped 4096
[kinematics-ws] K clamp binds: eid 1003 demanded 6632 clamped 4096
[kinematics-ws] K clamp binds: eid 1002 demanded 13532 clamped 4096
[kinematics-ws] K clamp binds: eid 1001 demanded 27603 clamped 4096
[kinematics-ws] K clamp binds: eid 1003 demanded 6631 clamped 4096
[kinematics-ws] K clamp binds: eid 1002 demanded 13533 clamped 4096
[kinematics-ws] K clamp binds: eid 1001 demanded 27604 clamped 4096
[kinematics-ws] K clamp binds: eid 1003 demanded 6631 clamped 4096
[kinematics-ws] K clamp binds: eid 1002 demanded 13532 clamped 4096
[kinematics-ws] K clamp binds: eid 1003 demanded 6632 clamped 4096
[kinematics-ws] K clamp binds: eid 1002 demanded 13533 clamped 4096
[kinematics-ws] K clamp binds: eid 1001 demanded 27604 clamped 4096
[kinematics-ws] K clamp binds: eid 1003 demanded 6632 clamped 4096
[kinematics-ws] K clamp binds: eid 1001 demanded 27605 clamped 4096
[kinematics-ws] K clamp binds: eid 1002 demanded 13535 clamped 4096
[kinematics-ws] K clamp binds: eid 1001 demanded 27605 clamped 4096
[kinematics-ws] K clamp binds: eid 1002 demanded 13534 clamped 4096
[kinematics-ws] K clamp binds: eid 1003 demanded 6632 clamped 4096
[kinematics-ws] K clamp binds: eid 1003 demanded 6633 clamped 4096
[kinematics-ws] K clamp binds: eid 1002 demanded 13534 clamped 4096
[kinematics-ws] K clamp binds: eid 1001 demanded 27606 clamped 4096
[kinematics-ws] K clamp binds: eid 1003 demanded 6633 clamped 4096
[kinematics-ws] K clamp binds: eid 1002 demanded 13535 clamped 4096
[kinematics-ws] K clamp binds: eid 1001 demanded 27606 clamped 4096
[kinematics-ws] K clamp binds: eid 1003 demanded 6633 clamped 4096
[kinematics-ws] K clamp binds: eid 1001 demanded 27607 clamped 4096
[kinematics-ws] K clamp binds: eid 1002 demanded 13537 clamped 4096
[kinematics-ws] K clamp binds: eid 1003 demanded 6633 clamped 4096
[kinematics-ws] K clamp binds: eid 1002 demanded 13537 clamped 4096
[kinematics-ws] K clamp binds: eid 1001 demanded 27608 clamped 4096
[kinematics-ws] K clamp binds: eid 1003 demanded 6634 clamped 4096
[kinematics-ws] K clamp binds: eid 1001 demanded 27608 clamped 4096
[kinematics-ws] K clamp binds: eid 1002 demanded 13536 clamped 4096
[kinematics-ws] K clamp binds: eid 1003 demanded 6634 clamped 4096
[kinematics-ws] K clamp binds: eid 1002 demanded 13537 clamped 4096
[kinematics-ws] K clamp binds: eid 1001 demanded 27610 clamped 4096
[kinematics-ws] K clamp binds: eid[kinematics-ws] K clamp binds: eid  10021001  demandeddemanded  27611 13538clamped  clamped 40964096

[kinematics-ws] K clamp binds: eid 1003 demanded 6634 clamped 4096
[kinematics-ws] K clamp binds: eid 1001 demanded 27611 clamped 4096
[kinematics-ws] K clamp binds: eid 1002 demanded 13539 clamped 4096
[kinematics-ws] K clamp binds: eid 1003 demanded 6635 clamped 4096
[kinematics-ws] K clamp binds: eid 1001 demanded 27613 clamped 4096
[kinematics-ws] K clamp binds: eid 1002 demanded 13539 clamped 4096
[kinematics-ws] K clamp binds: eid 1003 demanded 6635 clamped 4096
[kinematics-ws] K clamp binds: eid 1003 demanded 6635 clamped 4096
[kinematics-ws] K clamp binds: eid 1002 demanded 13539 clamped 4096
[kinematics-ws] K clamp binds: eid 1001 demanded 27614 clamped 4096
[kinematics-ws] K clamp binds: eid 1002 demanded 13539 clamped 4096
[kinematics-ws] K clamp binds: eid 1001 demanded 27614 clamped 4096
[kinematics-ws] K clamp binds: eid 1003 demanded 6635 clamped 4096
[kinematics-ws] K clamp binds: eid 1002 demanded 13541 clamped 4096
[kinematics-ws] K clamp binds: eid 1003 demanded 6636 clamped 4096
[kinematics-ws] K clamp binds: eid 1001 demanded 27615 clamped 4096
[kinematics-ws] K clamp binds: eid 1002 demanded 13542 clamped 4096
[kinematics-ws] K clamp binds: eid 1003 demanded 6636 clamped 4096
[kinematics-ws] K clamp binds: eid 1001 demanded 27617 clamped 4096
[kinematics-ws] K clamp binds: eid 1003 demanded 6636 clamped 4096
[kinematics-ws] K clamp binds: eid 1001 demanded 27619 clamped 4096
[kinematics-ws] K clamp binds: eid 1002 demanded 13542 clamped 4096
[kinematics-ws] K clamp binds: eid 1001 demanded 27619 clamped 4096
[kinematics-ws] K clamp binds: eid 1003 demanded 6636 clamped 4096
[kinematics-ws] K clamp binds: eid 1002 demanded 13542 clamped 4096
[kinematics-ws] K clamp binds: eid 1001 demanded 27619 clamped 4096
[kinematics-ws] K clamp binds: eid 1002 demanded 13542 clamped 4096
[kinematics-ws] K clamp binds: eid 1003 demanded 6637 clamped 4096
[kinematics-ws] K clamp binds: eid 1001 demanded 27620 clamped 4096
[kinematics-ws] K clamp binds: eid 1003 demanded 6637 clamped 4096
[kinematics-ws] K clamp binds: eid 1002 demanded 13542 clamped 4096
[kinematics-ws] K clamp binds: eid 1001 demanded 27622 clamped 4096
[kinematics-ws] K clamp binds: eid 1003 demanded 6638 clamped 4096
[kinematics-ws] K clamp binds: eid 1002 demanded 13543 clamped 4096
[kinematics-ws] K clamp binds: eid 1001 demanded 27624 clamped 4096
[kinematics-ws] K clamp binds: eid 1002 demanded 13544 clamped 4096
[kinematics-ws] K clamp binds: eid 1003 demanded 6637 clamped 4096
[kinematics-ws] K clamp binds: eid 1001 demanded 27625 clamped 4096
[kinematics-ws] K clamp binds: eid 1003 demanded 6638 clamped 4096
[kinematics-ws] K clamp binds: eid 1002 demanded 13544 clamped 4096
[kinematics-ws] K clamp binds: eid 1001 demanded 27625 clamped 4096
[kinematics-ws] K clamp binds: eid 1003 demanded 6638 clamped 4096
[kinematics-ws] K clamp binds: eid 1002 demanded 13545 clamped 4096
[kinematics-ws] K clamp binds: eid 1002 demanded 13545 clamped 4096
[kinematics-ws] K clamp binds: eid 1001 demanded 27625 clamped 4096
[kinematics-ws] K clamp binds: eid 1003 demanded 6639 clamped 4096
[kinematics-ws] K clamp binds: eid 1002 demanded 13546 clamped 4096
[kinematics-ws] K clamp binds: eid 1003 demanded 6639 clamped 4096
[kinematics-ws] K clamp binds: eid 1001 demanded 27625 clamped 4096
[kinematics-ws] K clamp binds: eid 1001 demanded 27625 clamped 4096
[kinematics-ws] K clamp binds: eid 1003 demanded 6639 clamped 4096
[kinematics-ws] K clamp binds: eid 1002 demanded 13545 clamped 4096
[kinematics-ws] K clamp binds: eid 1003 demanded 6639 clamped 4096
[kinematics-ws] K clamp binds: eid 1001 demanded 27626 clamped 4096
[kinematics-ws] K clamp binds: eid 1002 demanded 13545 clamped 4096
[kinematics-ws] K clamp binds: eid 1001 demanded 27626 clamped 4096
[kinematics-ws] K clamp binds: eid 1003 demanded 6640 clamped 4096
[kinematics-ws] K clamp binds: eid 1002 demanded 13545 clamped 4096
[kinematics-ws] K clamp binds: eid 1001 demanded 27626 clamped 4096
[kinematics-ws] K clamp binds: eid 1002 demanded 13545 clamped 4096
[kinematics-ws] K clamp binds: eid 1003 demanded 6640 clamped 4096
[kinematics-ws] K clamp binds: eid 1001 demanded 27626 clamped 4096
[kinematics-ws] K clamp binds: eid 1002 demanded 13545 clamped 4096
[kinematics-ws] K clamp binds: eid 1003 demanded 6640 clamped 4096
[kinematics-ws] K clamp binds: eid 1001 demanded 27626 clamped 4096
[kinematics-ws] K clamp binds: eid 1003 demanded 6640 clamped 4096
[kinematics-ws] K clamp binds: eid 1002 demanded 13546 clamped 4096
[kinematics-ws] K clamp binds: eid 1002 demanded 13546 clamped 4096
[kinematics-ws] K clamp binds: eid 1001 demanded 27626 clamped 4096
[kinematics-ws] K clamp binds: eid 1003 demanded 6640 clamped 4096
[kinematics-ws] K clamp binds: eid 1001 demanded 27626 clamped 4096
[kinematics-ws] K clamp binds: eid 1003 demanded 6640 clamped 4096
[kinematics-ws] K clamp binds: eid 1002 demanded 13546 clamped 4096
[kinematics-ws] K clamp binds: eid 1003 demanded 6641 clamped 4096
[kinematics-ws] K clamp binds: eid 1001 demanded 27627 clamped 4096
[kinematics-ws] K clamp binds: eid 1002 demanded 13546 clamped 4096
[kinematics-ws] K clamp binds: eid [kinematics-ws] K clamp binds: eid 1002 demanded 13546 1001 clamped demanded 27628 4096clamped 4096

[kinematics-ws] K clamp binds: eid 1003 demanded 6642 clamped 4096
[kinematics-ws] K clamp binds: eid 1001 demanded 27630 clamped 4096
[kinematics-ws] K clamp binds: eid[kinematics-ws] K clamp binds: eid  1003 demanded 1002 demanded6642  13546clamped clamped  40964096

[kinematics-ws] K clamp binds: eid 1001 demanded 27631 clamped 4096
[kinematics-ws] K clamp binds: eid 1002 demanded 13546 clamped 4096
[kinematics-ws] K clamp binds: eid 1003 demanded 6642 clamped 4096
[kinematics-ws] K clamp binds: eid 1001 demanded 27630 clamped 4096
[kinematics-ws] K clamp binds: eid 1003 demanded 6641 clamped 4096
[kinematics-ws] K clamp binds: eid 1002 demanded 13546 clamped 4096
[kinematics-ws] K clamp binds: eid 1002 demanded 13546 clamped 4096
[kinematics-ws] K clamp binds: eid 1001 demanded 27628 clamped 4096
[kinematics-ws] K clamp binds: eid 1003 demanded 6642 clamped 4096
[kinematics-ws] K clamp binds: eid 1002 demanded 13546 clamped 4096
[kinematics-ws] K clamp binds: eid 1001 demanded 27625 clamped 4096
[kinematics-ws] K clamp binds: eid 1003 demanded 6642 clamped 4096
[kinematics-ws] K clamp binds: eid 1001 demanded 27625 clamped 4096
[kinematics-ws] K clamp binds: eid 1002 demanded 13546 clamped 4096
[kinematics-ws] K clamp binds: eid 1003 demanded 6643 clamped 4096
[kinematics-ws] K clamp binds: eid 1002 demanded 13546 clamped 4096
[kinematics-ws] K clamp binds: eid 1001 demanded 27628 clamped 4096
[kinematics-ws] K clamp binds: eid 1003 demanded 6643 clamped 4096
[kinematics-ws] K clamp binds: eid 1001 demanded 27629 clamped 4096
[kinematics-ws] K clamp binds: eid 1003 demanded 6644 clamped 4096
[kinematics-ws] K clamp binds: eid 1002 demanded 13547 clamped 4096
[kinematics-ws] K clamp binds: eid 1003 demanded 6643 clamped 4096
[kinematics-ws] K clamp binds: eid 1002 demanded 13548 clamped 4096
[kinematics-ws] K clamp binds: eid 1001 demanded 27625 clamped 4096
[kinematics-ws] K clamp binds: eid 1001 demanded 27623 clamped 4096
[kinematics-ws] K clamp binds: eid 1002 demanded 13549 clamped 4096
[kinematics-ws] K clamp binds: eid 1003 demanded 6643 clamped 4096
[kinematics-ws] K clamp binds: eid[kinematics-ws] K clamp binds: eid  1001 demanded 27626 1002 clamped demanded 13550 clamped 40964096

[kinematics-ws] K clamp binds: eid 1003 demanded 6643 clamped 4096
[kinematics-ws] K clamp binds: eid 1003 demanded 6643 clamped 4096
[kinematics-ws] K clamp binds: eid 1001 demanded 27627 clamped 4096
[kinematics-ws] K clamp binds: eid 1002 demanded 13551 clamped 4096
[kinematics-ws] K clamp binds: eid 1003 demanded 6644 clamped 4096
[kinematics-ws] K clamp binds: eid 1002 demanded 13551 clamped 4096
[kinematics-ws] K clamp binds: eid 1001 demanded 27622 clamped 4096
[kinematics-ws] K clamp binds: eid 1002 demanded 13550 clamped 4096
[kinematics-ws] K clamp binds: eid 1001 demanded 27623 clamped 4096
[kinematics-ws] K clamp binds: eid 1003 demanded 6644 clamped 4096
[kinematics-ws] K clamp binds: eid 1001 demanded 27626 clamped 4096
[kinematics-ws] K clamp binds: eid 1003 demanded 6645 clamped 4096
[kinematics-ws] K clamp binds: eid 1002 demanded 13548 clamped 4096
[kinematics-ws] K clamp binds: eid 1001 demanded 27621 clamped 4096
[kinematics-ws] K clamp binds: eid 1003 demanded 6645 clamped 4096
[kinematics-ws] K clamp binds: eid 1002 demanded 13547 clamped 4096
[kinematics-ws] K clamp binds: eid 1003 demanded 6645 clamped 4096
[kinematics-ws] K clamp binds: eid 1002 demanded 13546 clamped 4096
[kinematics-ws] K clamp binds: eid 1001 demanded 27623 clamped 4096
[kinematics-ws] K clamp binds: eid 1001 demanded 27625 clamped 4096
[kinematics-ws] K clamp binds: eid 1003 demanded 6645 clamped 4096
[kinematics-ws] K clamp binds: eid 1002 demanded 13546 clamped 4096
[kinematics-ws] K clamp binds: eid 1002 demanded 13548 clamped 4096
[kinematics-ws] K clamp binds: eid 1001 demanded 27620 clamped 4096
[kinematics-ws] K clamp binds: eid 1003 demanded 6645 clamped 4096
[kinematics-ws] K clamp binds: eid 1001 demanded 27625 clamped 4096
[kinematics-ws] K clamp binds: eid 1003 demanded 6645 clamped 4096
[kinematics-ws] K clamp binds: eid 1002 demanded 13550 clamped 4096
[kinematics-ws] K clamp binds: eid 1002 demanded 13550 clamped 4096
[kinematics-ws] K clamp binds: eid 1003 demanded 6645 clamped 4096
[kinematics-ws] K clamp binds: eid 1001 demanded 27621 clamped 4096
[kinematics-ws] K clamp binds: eid 1002 demanded 13547 clamped 4096
[kinematics-ws] K clamp binds: eid 1001 demanded 27624 clamped 4096
[kinematics-ws] K clamp binds: eid 1003 demanded 6645 clamped 4096
[kinematics-ws] K clamp binds: eid 1002 demanded 13545 clamped 4096
[kinematics-ws] K clamp binds: eid 1003 demanded 6645 clamped 4096
[kinematics-ws] K clamp binds: eid 1001 demanded 27622 clamped 4096
[kinematics-ws] K clamp binds: eid 1002 demanded 13545 clamped 4096
[kinematics-ws] K clamp binds: eid 1003 demanded 6646 clamped 4096
[kinematics-ws] K clamp binds: eid 1001 demanded 27624 clamped 4096
[kinematics-ws] K clamp binds: eid 1003 demanded 6646 clamped 4096
[kinematics-ws] K clamp binds: eid 1002 demanded 13548 clamped 4096
[kinematics-ws] K clamp binds: eid 1001 demanded 27623 clamped 4096
[kinematics-ws] K clamp binds: eid 1002 demanded 13549 clamped 4096
[kinematics-ws] K clamp binds: eid 1003 demanded 6646 clamped 4096
[kinematics-ws] K clamp binds: eid 1001 demanded 27624 clamped 4096
[kinematics-ws] K clamp binds: eid 1002 demanded 13547 clamped 4096
[kinematics-ws] K clamp binds: eid 1003 demanded 6646 clamped 4096
[kinematics-ws] K clamp binds: eid 1001 demanded 27623 clamped 4096
[kinematics-ws] K clamp binds: eid 1001 demanded 27626 clamped 4096
[kinematics-ws] K clamp binds: eid 1003 demanded 6647 clamped 4096
[kinematics-ws] K clamp binds: eid 1002 demanded 13545 clamped 4096
[kinematics-ws] K clamp binds: eid 1001 demanded 27623 clamped 4096
[kinematics-ws] K clamp binds: eid 1002 demanded 13545 clamped 4096
[kinematics-ws] K clamp binds: eid 1003 demanded 6647 clamped 4096
[kinematics-ws] K clamp binds: eid 1001 demanded 27628 clamped 4096
[kinematics-ws] K clamp binds: eid 1002 demanded 13548 clamped 4096
[kinematics-ws] K clamp binds: eid 1003 demanded 6647 clamped 4096
[kinematics-ws] K clamp binds: eid 1002 demanded 13547 clamped 4096
[kinematics-ws] K clamp binds: eid[kinematics-ws] K clamp binds: eid  1001 1003 demandeddemanded  276256647 clamped  clamped 40964096

[kinematics-ws] K clamp binds: eid 1001 demanded 27628 clamped 4096
[kinematics-ws] K clamp binds: eid 1002 demanded 13544 clamped 4096
[kinematics-ws] K clamp binds: eid 1003 demanded 6647 clamped 4096
[kinematics-ws] K clamp binds: eid 1001 demanded 27629 clamped 4096
[kinematics-ws] K clamp binds: eid 1002 demanded 13544 clamped 4096
[kinematics-ws] K clamp binds: eid 1003 demanded 6647 clamped 4096
[kinematics-ws] K clamp binds: eid 1001 demanded 27627 clamped 4096
[kinematics-ws] K clamp binds: eid 1002 demanded 13547 clamped 4096
[kinematics-ws] K clamp binds: eid 1003 demanded 6647 clamped 4096
[kinematics-ws] K clamp binds: eid 1001 demanded 27631 clamped 4096
[kinematics-ws] K clamp binds: eid 1003 demanded 6647 clamped 4096
[kinematics-ws] K clamp binds: eid 1002 demanded 13546 clamped 4096
[kinematics-ws] K clamp binds: eid 1003 demanded 6647 clamped 4096
[kinematics-ws] K clamp binds: eid 1002 demanded 13543 clamped 4096
[kinematics-ws] K clamp binds: eid 1001 demanded 27632 clamped 4096
[kinematics-ws] K clamp binds: eid 1001 demanded 27630 clamped 4096
[kinematics-ws] K clamp binds: eid 1002 demanded 13544 clamped 4096
[kinematics-ws] K clamp binds: eid 1003 demanded 6648 clamped 4096
[kinematics-ws] K clamp binds: eid 1003 demanded 6648 clamped 4096
[kinematics-ws] K clamp binds: eid 1002 demanded 13547 clamped 4096
[kinematics-ws] K clamp binds: eid 1001 demanded 27633 clamped 4096
[kinematics-ws] K clamp binds: eid 1001 demanded 27636 clamped 4096
[kinematics-ws] K clamp binds: eid 1002 demanded 13544 clamped 4096
[kinematics-ws] K clamp binds: eid 1003 demanded 6648 clamped 4096
[kinematics-ws] K clamp binds: eid 1003 demanded 6648 clamped 4096
[kinematics-ws] K clamp binds: eid 1002 demanded 13543 clamped 4096
[kinematics-ws] K clamp binds: eid 1001 demanded 27634 clamped 4096
[kinematics-ws] K clamp binds: eid 1002 demanded 13546 clamped 4096
[kinematics-ws] K clamp binds: eid 1001 demanded 27634 clamped 4096
[kinematics-ws] K clamp binds: eid 1003 demanded 6648 clamped 4096
[kinematics-ws] K clamp binds: eid 1001 demanded 27638 clamped 4096
[kinematics-ws] K clamp binds: eid 1003 demanded 6648 clamped 4096
[kinematics-ws] K clamp binds: eid 1002 demanded 13544 clamped 4096
[kinematics-ws] K clamp binds: eid 1001 demanded 27641 clamped 4096
[kinematics-ws] K clamp binds: eid 1003 demanded 6648 clamped 4096
[kinematics-ws] K clamp binds: eid 1002 demanded 13542 clamped 4096
[kinematics-ws] K clamp binds: eid 1002 demanded 13546 clamped 4096
[kinematics-ws] K clamp binds: eid 1001 demanded 27640 clamped 4096
[kinematics-ws] K clamp binds: eid 1003 demanded 6648 clamped 4096
[kinematics-ws] K clamp binds: eid 1001 demanded 27638 clamped 4096
[kinematics-ws] K clamp binds: eid 1003 demanded 6648 clamped 4096
[kinematics-ws] K clamp binds: eid 1002 demanded 13543 clamped 4096
[kinematics-ws] K clamp binds: eid 1001 demanded 27639 clamped 4096
[kinematics-ws] K clamp binds: eid 1003 demanded 6648 clamped 4096
[kinematics-ws] K clamp binds: eid 1002 demanded 13542 clamped 4096
[kinematics-ws] K clamp binds: eid 1002 demanded 13545 clamped 4096
[kinematics-ws] K clamp binds: eid 1001 demanded 27641 clamped 4096
[kinematics-ws] K clamp binds: eid 1003 demanded 6648 clamped 4096
[kinematics-ws] K clamp binds: eid 1003 demanded 6648 clamped 4096
[kinematics-ws] K clamp binds: eid 1002 demanded 13542 clamped 4096
[kinematics-ws] K clamp binds: eid 1001 demanded 27644 clamped 4096
[kinematics-ws] K clamp binds: eid 1001 demanded 27646 clamped 4096
[kinematics-ws] K clamp binds: eid 1003 demanded 6648 clamped 4096
[kinematics-ws] K clamp binds: eid 1002 demanded 13543 clamped 4096
[kinematics-ws] K clamp binds: eid 1002 demanded 13545 clamped 4096
[kinematics-ws] K clamp binds: eid 1003 demanded 6648 clamped 4096
[kinematics-ws] K clamp binds: eid 1001 demanded 27647 clamped 4096
[kinematics-ws] K clamp binds: eid 1002 demanded 13540 clamped 4096
[kinematics-ws] K clamp binds: eid 1001 demanded 27647 clamped 4096
[kinematics-ws] K clamp binds: eid 1003 demanded 6648 clamped 4096
[kinematics-ws] K clamp binds: eid 1003 demanded 6648 clamped 4096
[kinematics-ws] K clamp binds: eid 1002 demanded 13545 clamped 4096
[kinematics-ws] K clamp binds: eid 1001 demanded 27647 clamped 4096
[kinematics-ws] K clamp binds: eid 1002 demanded 13542 clamped 4096
[kinematics-ws] K clamp binds: eid 1003 demanded 6648 clamped 4096
[kinematics-ws] K clamp binds: eid 1001 demanded 27647 clamped 4096
[kinematics-ws] K clamp binds: eid 1001 demanded 27646 clamped 4096
[kinematics-ws] K clamp binds: eid 1002 demanded 13543 clamped 4096
[kinematics-ws] K clamp binds: eid 1003 demanded 6648 clamped 4096
[kinematics-ws] K clamp binds: eid 1002 demanded 13544 clamped 4096
[kinematics-ws] K clamp binds: eid 1003 demanded 6648 clamped 4096
[kinematics-ws] K clamp binds: eid 1001 demanded 27646 clamped 4096
[kinematics-ws] K clamp binds: eid 1003 demanded 6649 clamped 4096
[kinematics-ws] K clamp binds: eid 1002 demanded 13541 clamped 4096
[kinematics-ws] K clamp binds: eid 1001 demanded 27646 clamped 4096
[kinematics-ws] K clamp binds: eid 1001 demanded 27647 clamped 4096
[kinematics-ws] K clamp binds: eid 1002 demanded 13545 clamped 4096
[kinematics-ws] K clamp binds: eid 1003 demanded 6649 clamped 4096
[kinematics-ws] K clamp binds: eid 1001 demanded 27647 clamped 4096
[kinematics-ws] K clamp binds: eid 1003 demanded 6649 clamped 4096
[kinematics-ws] K clamp binds: eid 1002 demanded 13540 clamped 4096
[kinematics-ws] K clamp binds: eid 1001 demanded 27648 clamped 4096
[kinematics-ws] K clamp binds: eid 1002 demanded 13545 clamped 4096
[kinematics-ws] K clamp binds: eid 1003 demanded 6649 clamped 4096
[kinematics-ws] K clamp binds: eid 1001 demanded 27649 clamped 4096
[kinematics-ws] K clamp binds: eid 1002 demanded 13541 clamped 4096
[kinematics-ws] K clamp binds: eid 1003 demanded 6649 clamped 4096
[kinematics-ws] K clamp binds: eid 1001 demanded 27650 clamped 4096
[kinematics-ws] K clamp binds: eid 1003 demanded 6649 clamped 4096
[kinematics-ws] K clamp binds: eid 1002 demanded 13545 clamped 4096
[kinematics-ws] K clamp binds: eid 1002 demanded 13542 clamped 4096
[kinematics-ws] K clamp binds: eid 1003 demanded 6648 clamped 4096
[kinematics-ws] K clamp binds: eid 1001 demanded 27651 clamped 4096
[kinematics-ws] K clamp binds: eid 1003 demanded 6648 clamped 4096
[kinematics-ws] K clamp binds: eid 1002 demanded 13544 clamped 4096
[kinematics-ws] K clamp binds: eid 1001 demanded 27651 clamped 4096
[kinematics-ws] K clamp binds: eid 1003 demanded 6648 clamped 4096
[kinematics-ws] K clamp binds: eid 1001 demanded 27650 clamped 4096
[kinematics-ws] K clamp binds: eid 1002 demanded 13542 clamped 4096
[kinematics-ws] K clamp binds: eid 1003 demanded 6648 clamped 4096
[kinematics-ws] K clamp binds: eid 1002 demanded 13544 clamped 4096
[kinematics-ws] K clamp binds: eid 1001 demanded 27647 clamped 4096
[kinematics-ws] K clamp binds: eid 1002 demanded 13543 clamped 4096
[kinematics-ws] K clamp binds: eid 1003 demanded 6648 clamped 4096
[kinematics-ws] K clamp binds: eid 1001 demanded 27645 clamped 4096
[kinematics-ws] K clamp binds: eid 1001 demanded 27646 clamped 4096
[kinematics-ws] K clamp binds: eid 1003 demanded 6648 clamped 4096
[kinematics-ws] K clamp binds: eid 1002 demanded 13545 clamped 4096
[kinematics-ws] K clamp binds: eid 1003 demanded 6649 clamped 4096
[kinematics-ws] K clamp binds: eid 1002 demanded 13542 clamped 4096
[kinematics-ws] K clamp binds: eid 1001 demanded 27649 clamped 4096
[kinematics-ws] K clamp binds: eid 1001 demanded 27649 clamped 4096
[kinematics-ws] K clamp binds: eid 1003 demanded 6649 clamped 4096
[kinematics-ws] K clamp binds: eid 1002 demanded 13546 clamped 4096
[kinematics-ws] K clamp binds: eid 1003 demanded 6649 clamped 4096
[kinematics-ws] K clamp binds: eid 1002 demanded 13542 clamped 4096
[kinematics-ws] K clamp binds: eid 1001 demanded 27646 clamped 4096
[kinematics-ws] K clamp binds: eid 1001 demanded 27643 clamped 4096
[kinematics-ws] K clamp binds: eid 1003 demanded 6648 clamped 4096
[kinematics-ws] K clamp binds: eid 1002 demanded 13547 clamped 4096
[kinematics-ws] K clamp binds: eid 1003 demanded 6648 clamped 4096
[kinematics-ws] K clamp binds: eid 1001 demanded 27646 clamped 4096
[kinematics-ws] K clamp binds: eid 1002 demanded 13543 clamped 4096
[kinematics-ws] K clamp binds: eid 1002 demanded 13547 clamped 4096
[kinematics-ws] K clamp binds: eid 1003 demanded 6648 clamped 4096
[kinematics-ws] K clamp binds: eid 1001 demanded 27648 clamped 4096
[kinematics-ws] K clamp binds: eid 1001 demanded 27644 clamped 4096
[kinematics-ws] K clamp binds: eid 1002 demanded 13544 clamped 4096
[kinematics-ws] K clamp binds: eid 1003 demanded 6648 clamped 4096
[kinematics-ws] K clamp binds: eid 1001 demanded 27643 clamped 4096
[kinematics-ws] K clamp binds: eid 1002 demanded 13546 clamped 4096
[kinematics-ws] K clamp binds: eid 1003 demanded 6648 clamped 4096
[kinematics-ws] K clamp binds: eid 1002 demanded 13547 clamped 4096
[kinematics-ws] K clamp binds: eid[kinematics-ws] K clamp binds: eid  1003 1001 demanded demanded27646 clamped  6648 clamped 40964096

[kinematics-ws] K clamp binds: eid 1001 demanded 27643 clamped 4096
[kinematics-ws] K clamp binds: eid 1003 demanded 6648 clamped 4096
[kinematics-ws] K clamp binds: eid 1002 demanded 13545 clamped 4096
[kinematics-ws] K clamp binds: eid 1003 demanded 6648 clamped 4096
[kinematics-ws] K clamp binds: eid 1002 demanded 13549 clamped 4096
[kinematics-ws] K clamp binds: eid 1001 demanded 27642 clamped 4096
[kinematics-ws] K clamp binds: eid 1003 demanded 6648 clamped 4096
[kinematics-ws] K clamp binds: eid 1001 demanded 27646 clamped 4096
[kinematics-ws] K clamp binds: eid 1002 demanded 13546 clamped 4096
[kinematics-ws] K clamp binds: eid 1001 demanded 27641 clamped 4096
[kinematics-ws] K clamp binds: eid 1002 demanded 13548 clamped 4096
[kinematics-ws] K clamp binds: eid 1003 demanded 6647 clamped 4096
[kinematics-ws] K clamp binds: eid 1001 demanded 27643 clamped 4096
[kinematics-ws] K clamp binds: eid 1002 demanded 13550 clamped 4096
[kinematics-ws] K clamp binds: eid 1003 demanded 6647 clamped 4096
[kinematics-ws] K clamp binds: eid 1001 demanded 27644 clamped 4096
[kinematics-ws] K clamp binds: eid 1003 demanded 6648 clamped 4096
[kinematics-ws] K clamp binds: eid 1002 demanded 13546 clamped 4096
[kinematics-ws] K clamp binds: eid 1001 demanded 27641 clamped 4096
[kinematics-ws] K clamp binds: eid[kinematics-ws] K clamp binds: eid  1003 1002 demandeddemanded  6648 13550clamped clamped  40964096

[kinematics-ws] K clamp binds: eid 1002 demanded 13550 clamped 4096
[kinematics-ws] K clamp binds: eid 1001 demanded 27645 clamped 4096
[kinematics-ws] K clamp binds: eid 1003 demanded 6648 clamped 4096
[kinematics-ws] K clamp binds: eid 1003 demanded 6647 clamped 4096
[kinematics-ws] K clamp binds: eid 1001 demanded 27641 clamped 4096
[kinematics-ws] K clamp binds: eid 1002 demanded 13548 clamped 4096
[kinematics-ws] K clamp binds: eid 1001 demanded 27645 clamped 4096
[kinematics-ws] K clamp binds: eid 1003 demanded 6647 clamped 4096
[kinematics-ws] K clamp binds: eid 1002 demanded 13552 clamped 4096
[kinematics-ws] K clamp binds: eid 1002 demanded 13552 clamped 4096
[kinematics-ws] K clamp binds: eid 1003 demanded 6647 clamped 4096
[kinematics-ws] K clamp binds: eid 1001 demanded 27641 clamped 4096
[kinematics-ws] K clamp binds: eid 1001 demanded 27646 clamped 4096
[kinematics-ws] K clamp binds: eid 1003 demanded 6648 clamped 4096
[kinematics-ws] K clamp binds: eid 1002 demanded 13549 clamped 4096
[kinematics-ws] K clamp binds: eid 1003 demanded 6648 clamped 4096
[kinematics-ws] K clamp binds: eid 1001 demanded 27642 clamped 4096
[kinematics-ws] K clamp binds: eid 1002 demanded 13553 clamped 4096
[kinematics-ws] K clamp binds: eid 1001 demanded 27647 clamped 4096
[kinematics-ws] K clamp binds: eid 1002 demanded 13554 clamped 4096
[kinematics-ws] K clamp binds: eid 1003 demanded 6647 clamped 4096
[kinematics-ws] K clamp binds: eid [kinematics-ws] K clamp binds: eid [kinematics-ws] K clamp binds: eid 1002 demanded 13552 clamped 4096
1001 demanded 27644 clamped 4096
1003 demanded 6646 clamped 4096
[kinematics-ws] K clamp binds: eid 1003 demanded 6647 clamped 4096
[kinematics-ws] K clamp binds: eid 1002 demanded 13553 clamped 4096
[kinematics-ws] K clamp binds: eid 1001 demanded 27646 clamped 4096
[kinematics-ws] K clamp binds: eid 1002 demanded 13556 clamped 4096
[kinematics-ws] K clamp binds: eid 1001 demanded 27648 clamped 4096
[kinematics-ws] K clamp binds: eid 1003 demanded 6647 clamped 4096
[kinematics-ws] K clamp binds: eid 1003 demanded 6647 clamped 4096
[kinematics-ws] K clamp binds: eid 1001 demanded 27646 clamped 4096
[kinematics-ws] K clamp binds: eid 1002 demanded 13555 clamped 4096
[kinematics-ws] K clamp binds: eid 1001 demanded 27650 clamped 4096
[kinematics-ws] K clamp binds: eid 1002 demanded 13553 clamped 4096
[kinematics-ws] K clamp binds: eid 1003 demanded 6647 clamped 4096
[kinematics-ws] K clamp binds: eid 1001 demanded 27649 clamped 4096
[kinematics-ws] K clamp binds: eid 1003 demanded 6646 clamped 4096
[kinematics-ws] K clamp binds: eid 1002 demanded 13555 clamped 4096
[kinematics-ws] K clamp binds: eid 1002 demanded 13558 clamped 4096
[kinematics-ws] K clamp binds: eid 1001 demanded 27649 clamped 4096
[kinematics-ws] K clamp binds: eid 1003 demanded 6646 clamped 4096
[kinematics-ws] K clamp binds: eid 1003 demanded 6647 clamped 4096
[kinematics-ws] K clamp binds: eid 1002 demanded 13558 clamped 4096
[kinematics-ws] K clamp binds: eid 1001 demanded 27653 clamped 4096
[kinematics-ws] K clamp binds: eid 1002 demanded 13556 clamped 4096
[kinematics-ws] K clamp binds: eid 1003 demanded 6647 clamped 4096
[kinematics-ws] K clamp binds: eid 1001 demanded 27652 clamped 4096
[kinematics-ws] K clamp binds: eid 1001 demanded 27651 clamped 4096
[kinematics-ws] K clamp binds: eid 1002 demanded 13556 clamped 4096
[kinematics-ws] K clamp binds: eid 1003 demanded 6646 clamped 4096
[kinematics-ws] K clamp binds: eid 1001 demanded 27655 clamped 4096
[kinematics-ws] K clamp binds: eid 1003 demanded 6646 clamped 4096
[kinematics-ws] K clamp binds: eid 1002 demanded 13559 clamped 4096
[kinematics-ws] K clamp binds: eid 1003 demanded 6646 clamped 4096[kinematics-ws] K clamp binds: eid
 [kinematics-ws] K clamp binds: eid 1002 demanded 13561 clamped 4096
1001 demanded 27657 clamped 4096
[kinematics-ws] K clamp binds: eid 1001 demanded 27655 clamped 4096
[kinematics-ws] K clamp binds: eid 1003 demanded 6646 clamped 4096
[kinematics-ws] K clamp binds: eid 1002 demanded 13560 clamped 4096
[kinematics-ws] K clamp binds: eid 1001 demanded 27655 clamped 4096
[kinematics-ws] K clamp binds: eid 1002 demanded 13558 clamped 4096
[kinematics-ws] K clamp binds: eid 1003 demanded 6646 clamped 4096
[kinematics-ws] K clamp binds: eid 1001 demanded 27658 clamped 4096
[kinematics-ws] K clamp binds: eid 1002 demanded 13558 clamped 4096
[kinematics-ws] K clamp binds: eid 1003 demanded 6645 clamped 4096
[kinematics-ws] K clamp binds: eid 1003 demanded 6646 clamped 4096
[kinematics-ws] K clamp binds: eid 1002 demanded 13560 clamped 4096
[kinematics-ws] K clamp binds: eid 1001 demanded 27661 clamped 4096
[kinematics-ws] K clamp binds: eid 1001 demanded 27662 clamped 4096
[kinematics-ws] K clamp binds: eid 1002 demanded 13563 clamped 4096
[kinematics-ws] K clamp binds: eid 1003 demanded 6646 clamped 4096
[kinematics-ws] K clamp binds: eid 1003 demanded 6646 clamped 4096
[kinematics-ws] K clamp binds: eid 1001 demanded 27661 clamped 4096
[kinematics-ws] K clamp binds: eid 1002 demanded 13564 clamped 4096
[kinematics-ws] K clamp binds: eid 1001 demanded 27660 clamped 4096
[kinematics-ws] K clamp binds: eid 1002 demanded 13563 clamped 4096
[kinematics-ws] K clamp binds: eid 1003 demanded 6645 clamped 4096
[kinematics-ws] K clamp binds: eid 1002 demanded 13562 clamped 4096
[kinematics-ws] K clamp binds: eid 1003 demanded 6645 clamped 4096
[kinematics-ws] K clamp binds: eid 1001 demanded 27661 clamped 4096
[kinematics-ws] K clamp binds: eid 1001 demanded 27663 clamped 4096
[kinematics-ws] K clamp binds: eid 1002 demanded 13561 clamped 4096
[kinematics-ws] K clamp binds: eid 1003 demanded 6646 clamped 4096
[kinematics-ws] K clamp binds: eid 1002 demanded 13561 clamped 4096
[kinematics-ws] K clamp binds: eid 1003 demanded 6645 clamped 4096
[kinematics-ws] K clamp binds: eid 1001 demanded 27665 clamped 4096
[kinematics-ws] K clamp binds: eid 1001 demanded 27666 clamped 4096
[kinematics-ws] K clamp binds: eid 1002 demanded 13563 clamped 4096
[kinematics-ws] K clamp binds: eid 1003 demanded 6645 clamped 4096
[kinematics-ws] K clamp binds: eid 1003 demanded 6645 clamped 4096
[kinematics-ws] K clamp binds: eid 1002 demanded 13564 clamped 4096
[kinematics-ws] K clamp binds: eid 1001 demanded 27668 clamped 4096
[kinematics-ws] K clamp binds: eid 1003 demanded 6645 clamped 4096
[kinematics-ws] K clamp binds: eid 1002 demanded 13566 clamped 4096
[kinematics-ws] K clamp binds: eid 1001 demanded 27669 clamped 4096
[kinematics-ws] K clamp binds: eid 1002 demanded 13567 clamped 4096
[kinematics-ws] K clamp binds: eid 1001 demanded 27669 clamped 4096
[kinematics-ws] K clamp binds: eid 1003 demanded 6645 clamped 4096
[kinematics-ws] K clamp binds: eid 1001 demanded 27669 clamped 4096
[kinematics-ws] K clamp binds: eid 1003 demanded 6644 clamped 4096
[kinematics-ws] K clamp binds: eid 1002 demanded 13568 clamped 4096
[kinematics-ws] K clamp binds: eid 1003 demanded 6645 clamped 4096
[kinematics-ws] K clamp binds: eid 1002 demanded 13568 clamped 4096
[kinematics-ws] K clamp binds: eid 1001 demanded 27670 clamped 4096
[kinematics-ws] K clamp binds: eid 1001 demanded 27670 clamped 4096
[kinematics-ws] K clamp binds: eid 1002 demanded 13567 clamped 4096
[kinematics-ws] K clamp binds: eid 1003 demanded 6645 clamped 4096
[kinematics-ws] K clamp binds: eid 1001 demanded 27669 clamped 4096
[kinematics-ws] K clamp binds: eid 1002 demanded 13567 clamped 4096
[kinematics-ws] K clamp binds: eid 1003 demanded 6644 clamped 4096
[kinematics-ws] K clamp binds: eid 1002 demanded 13566 clamped 4096
[kinematics-ws] K clamp binds: eid 1001 demanded 27669 clamped 4096
[kinematics-ws] K clamp binds: eid 1003 demanded 6644 clamped 4096
[kinematics-ws] K clamp binds: eid 1001 demanded 27668 clamped 4096
[kinematics-ws] K clamp binds: eid 1003 demanded 6645 clamped 4096
[kinematics-ws] K clamp binds: eid 1002 demanded 13566 clamped 4096
[kinematics-ws] K clamp binds: eid 1003 demanded 6644 clamped 4096
[kinematics-ws] K clamp binds: eid 1002 demanded 13565 clamped 4096
[kinematics-ws] K clamp binds: eid 1001 demanded 27667 clamped 4096
[kinematics-ws] K clamp binds: eid 1003 demanded 6644 clamped 4096
[kinematics-ws] K clamp binds: eid 1001 demanded 27667 clamped 4096
[kinematics-ws] K clamp binds: eid 1002 demanded 13565 clamped 4096
[kinematics-ws] K clamp binds: eid 1003 demanded 6645 clamped 4096
[kinematics-ws] K clamp binds: eid 1002 demanded 13565 clamped 4096
[kinematics-ws] K clamp binds: eid 1001 demanded 27667 clamped 4096
[kinematics-ws] K clamp binds: eid 1001 demanded 27668 clamped [kinematics-ws] K clamp binds: eid4096 
1002 demanded 13565 clamped 4096
[kinematics-ws] K clamp binds: eid 1003 demanded 6644 clamped 4096
[kinematics-ws] K clamp binds: eid 1001 demanded 27669 clamped 4096
[kinematics-ws] K clamp binds: eid 1002 demanded 13565 clamped 4096
[kinematics-ws] K clamp binds: eid 1003 demanded 6644 clamped 4096
[kinematics-ws] K clamp binds: eid 1003 demanded 6644 clamped 4096
[kinematics-ws] K clamp binds: eid 1002 demanded 13565 clamped 4096
[kinematics-ws] K clamp binds: eid 1001 demanded 27670 clamped 4096
[kinematics-ws] K clamp binds: eid 1003 demanded 6644 clamped 4096
[kinematics-ws] K clamp binds: eid 1001 demanded 27668 clamped 4096
[kinematics-ws] K clamp binds: eid 1002 demanded 13565 clamped 4096
[kinematics-ws] K clamp binds: eid 1001 demanded 27666 clamped 4096
[kinematics-ws] K clamp binds: eid 1003 demanded 6643 clamped 4096
[kinematics-ws] K clamp binds: eid 1002 demanded 13566 clamped 4096
[kinematics-ws] K clamp binds: eid 1001 demanded 27665 clamped 4096
[kinematics-ws] K clamp binds: eid 1002 demanded 13566 clamped 4096
[kinematics-ws] K clamp binds: eid 1003 demanded 6644 clamped 4096
[kinematics-ws] K clamp binds: eid 1003 demanded 6644 clamped 4096
[kinematics-ws] K clamp binds: eid 1001 demanded 27667 clamped 4096
[kinematics-ws] K clamp binds: eid 1002 demanded 13567 clamped 4096
[kinematics-ws] K clamp binds: eid 1001 demanded 27668 clamped 4096
[kinematics-ws] K clamp binds: eid 1003 demanded 6643 clamped 4096
[kinematics-ws] K clamp binds: eid 1002 demanded 13567 clamped 4096
[kinematics-ws] K clamp binds: eid 1003 demanded 6644 clamped 4096
[kinematics-ws] K clamp binds: eid 1001 demanded 27665 clamped 4096
[kinematics-ws] K clamp binds: eid 1002 demanded 13568 clamped 4096
[kinematics-ws] K clamp binds: eid 1001 demanded 27664 clamped 4096
[kinematics-ws] K clamp binds: eid 1003 demanded 6643 clamped 4096
[kinematics-ws] K clamp binds: eid 1002 demanded 13570 clamped 4096
[kinematics-ws] K clamp binds: eid[kinematics-ws] K clamp binds: eid  10031001  demanded demanded27665 clamped  66434096 clamped 4096

[kinematics-ws] K clamp binds: eid 1002 demanded 13571 clamped 4096
[kinematics-ws] K clamp binds: eid 1003 demanded 6644 clamped 4096
[kinematics-ws] K clamp binds: eid 1001 demanded 27665 clamped 4096
[kinematics-ws] K clamp binds: eid 1002 demanded 13571 clamped 4096
[kinematics-ws] K clamp binds: eid 1001 demanded 27663 clamped 4096
[kinematics-ws] K clamp binds: eid 1002 demanded 13571 clamped 4096
[kinematics-ws] K clamp binds: eid 1003 demanded 6643 clamped 4096
[kinematics-ws] K clamp binds: eid 1002 demanded 13571 clamped 4096
[kinematics-ws] K clamp binds: eid 1001 demanded 27664 clamped 4096
[kinematics-ws] K clamp binds: eid 1003 demanded 6643 clamped 4096
[kinematics-ws] K clamp binds: eid 1001 demanded 27664 clamped 4096
[kinematics-ws] K clamp binds: eid[kinematics-ws] K clamp binds: eid  1002 1003 demandeddemanded  13569 6644clamped  clamped 40964096

[kinematics-ws] K clamp binds: eid 1003 demanded 6643 clamped 4096
[kinematics-ws] K clamp binds: eid 1001 demanded 27662 clamped 4096
[kinematics-ws] K clamp binds: eid 1002 demanded 13567 clamped 4096
[kinematics-ws] K clamp binds: eid 1001 demanded 27664 clamped 4096
[kinematics-ws] K clamp binds: eid 1002 demanded 13565 clamped 4096
[kinematics-ws] K clamp binds: eid 1003 demanded 6643 clamped 4096
[kinematics-ws] K clamp binds: eid 1003 demanded 6643 clamped 4096
[kinematics-ws] K clamp binds: eid 1001 demanded 27663 clamped 4096
[kinematics-ws] K clamp binds: eid 1002 demanded 13565 clamped 4096
[kinematics-ws] K clamp binds: eid 1001 demanded 27662 clamped 4096
[kinematics-ws] K clamp binds: eid 1003 demanded 6643 clamped 4096
[kinematics-ws] K clamp binds: eid 1002 demanded 13567 clamped 4096
[kinematics-ws] K clamp binds: eid 1001[kinematics-ws] K clamp binds: eid 1002 demanded 13570 clamped 4096
[kinematics-ws] K clamp binds: eid 1003 demanded 6643 clamped 4096
 demanded 27664 clamped 4096
[kinematics-ws] K clamp binds: eid 1002 demanded 13571 clamped 4096
[kinematics-ws] K clamp binds: eid 1003 demanded 6643 clamped 4096
[kinematics-ws] K clamp binds: eid 1001 demanded 27662 clamped 4096
[kinematics-ws] K clamp binds: eid 1003 demanded 6643 clamped 4096
[kinematics-ws] K clamp binds: eid 1001 demanded 27664 clamped 4096
[kinematics-ws] K clamp binds: eid 1002 demanded 13570 clamped 4096
[kinematics-ws] K clamp binds: eid 1003 demanded 6643 clamped 4096
[kinematics-ws] K clamp binds: eid 1002 demanded 13567 clamped 4096
[kinematics-ws] K clamp binds: eid 1001 demanded 27662 clamped 4096
[kinematics-ws] K clamp binds: eid 1002 demanded 13565 clamped 4096
[kinematics-ws] K clamp binds: eid 1003 demanded 6642 clamped 4096
[kinematics-ws] K clamp binds: eid 1001 demanded 27664 clamped 4096
[kinematics-ws] K clamp binds: eid 1003 demanded 6643 clamped 4096
[kinematics-ws] K clamp binds: eid 1001 demanded 27663 clamped 4096
[kinematics-ws] K clamp binds: eid 1002 demanded 13566 clamped 4096
[kinematics-ws] K clamp binds: eid 1003 demanded 6643 clamped 4096
[kinematics-ws] K clamp binds: eid 1001 demanded 27665 clamped 4096
[kinematics-ws] K clamp binds: eid 1002 demanded 13569 clamped 4096
[kinematics-ws] K clamp binds: eid 1001 demanded 27664 clamped 4096
[kinematics-ws] K clamp binds: eid 1003 demanded 6643 clamped 4096
[kinematics-ws] K clamp binds: eid 1002 demanded 13570 clamped 4096
[kinematics-ws] K clamp binds: eid 1001 demanded 27666 clamped 4096
[kinematics-ws] K clamp binds: eid 1003 demanded 6643 clamped 4096
[kinematics-ws] K clamp binds: eid 1002 demanded 13567 clamped 4096
[kinematics-ws] K clamp binds: eid 1003 demanded 6642 clamped 4096
[kinematics-ws] K clamp binds: eid 1001 demanded 27666 clamped 4096
[kinematics-ws] K clamp binds: eid 1002 demanded 13564 clamped 4096
[kinematics-ws] K clamp binds: eid 1003 demanded 6643 clamped 4096
[kinematics-ws] K clamp binds: eid 1002 demanded 13565 clamped 4096
[kinematics-ws] K clamp binds: eid 1001 demanded 27666 clamped 4096
[kinematics-ws] K clamp binds: eid 1001 demanded 27668 clamped 4096
[kinematics-ws] K clamp binds: eid 1003 demanded 6643 clamped 4096
[kinematics-ws] K clamp binds: eid 1002 demanded 13568 clamped 4096
[kinematics-ws] K clamp binds: eid 1002 demanded 13568 clamped 4096
[kinematics-ws] K clamp binds: eid 1001 demanded 27667 clamped 4096
[kinematics-ws] K clamp binds: eid 1003 demanded 6643 clamped 4096
[kinematics-ws] K clamp binds: eid 1003 demanded 6643 clamped 4096
[kinematics-ws] K clamp binds: eid 1002 demanded 13564 clamped 4096
[kinematics-ws] K clamp binds: eid 1001 demanded 27669 clamped 4096
[kinematics-ws] K clamp binds: eid[kinematics-ws] K clamp binds: eid  1002 demanded 100313563 clamped  demanded 6642 4096clamped 4096

[kinematics-ws] K clamp binds: eid 1001 demanded 27670 clamped 4096
[kinematics-ws] K clamp binds: eid 1003 demanded 6643 clamped 4096
[kinematics-ws] K clamp binds: eid 1002 demanded 13567 clamped 4096
[kinematics-ws] K clamp binds: eid 1001 demanded 27670 clamped 4096
[kinematics-ws] K clamp binds: eid 1003 demanded 6642 clamped 4096
[kinematics-ws] K clamp binds: eid 1002 demanded 13567 clamped 4096
[kinematics-ws] K clamp binds: eid 1001 demanded 27672 clamped 4096
[kinematics-ws] K clamp binds: eid 1001 demanded 27673 clamped 4096
[kinematics-ws] K clamp binds: eid 1002 demanded 13563 clamped 4096
[kinematics-ws] K clamp binds: eid 1003 demanded 6643 clamped 4096
[kinematics-ws] K clamp binds: eid 1001 demanded 27673 clamped 4096
[kinematics-ws] K clamp binds: eid 1002 demanded 13564 clamped 4096
[kinematics-ws] K clamp binds: eid 1003 demanded 6643 clamped 4096
[kinematics-ws] K clamp binds: eid 1003 demanded 6643 clamped 4096
[kinematics-ws] K clamp binds: eid 1001 demanded 27674 clamped 4096
[kinematics-ws] K clamp binds: eid 1002 demanded 13567 clamped 4096
[kinematics-ws] K clamp binds: eid 1002 demanded 13564 clamped 4096
[kinematics-ws] K clamp binds: eid 1001 demanded 27676 clamped 4096
[kinematics-ws] K clamp binds: eid 1003 demanded 6643 clamped 4096
[kinematics-ws] K clamp binds: eid 1003 demanded 6642 clamped 4096
[kinematics-ws] K clamp binds: eid 1002 demanded 13562 clamped 4096
[kinematics-ws] K clamp binds: eid 1001 demanded 27678 clamped 4096
[kinematics-ws] K clamp binds: eid 1002 demanded 13566 clamped [kinematics-ws] K clamp binds: eid4096 1001 demanded 27678 clamped
 4096
[kinematics-ws] K clamp binds: eid 1003 demanded 6643 clamped 4096
[kinematics-ws] K clamp binds: eid 1003 demanded 6642 clamped 4096
[kinematics-ws] K clamp binds: eid 1002 demanded 13565 clamped 4096
[kinematics-ws] K clamp binds: eid 1001 demanded 27678 clamped 4096
[kinematics-ws] K clamp binds: eid 1003 demanded 6643 clamped 4096
[kinematics-ws] K clamp binds: eid 1001 demanded 27680 clamped 4096
[kinematics-ws] K clamp binds: eid 1002 demanded 13561 clamped 4096
[kinematics-ws] K clamp binds: eid 1001 demanded 27681 clamped 4096
[kinematics-ws] K clamp binds: eid 1003 demanded 6642 clamped 4096
[kinematics-ws] K clamp binds: eid 1002 demanded 13565 clamped 4096
[kinematics-ws] K clamp binds: eid 1002 demanded 13564 clamped 4096
[kinematics-ws] K clamp binds: eid 1001 demanded 27683 clamped 4096
[kinematics-ws] K clamp binds: eid 1003 demanded 6643 clamped 4096
[kinematics-ws] K clamp binds: eid 1002 demanded 13561 clamped 4096
[kinematics-ws] K clamp binds: eid 1001 demanded 27683 clamped 4096
[kinematics-ws] K clamp binds: eid 1003 demanded 6643 clamped 4096
[kinematics-ws] K clamp binds: eid 1001 demanded 27684 clamped 4096
[kinematics-ws] K clamp binds: eid 1003 demanded 6643 clamped 4096
[kinematics-ws] K clamp binds: eid 1002 demanded 13566 clamped 4096
[kinematics-ws] K clamp binds: eid 1002 demanded 13563 clamped 4096
[kinematics-ws] K clamp binds: eid 1003 demanded 6643 clamped 4096
[kinematics-ws] K clamp binds: eid 1001 demanded 27684 clamped 4096
[kinematics-ws] K clamp binds: eid[kinematics-ws] K clamp binds: eid  10021001  demandeddemanded  2768413561 clamped  clamped 40964096

[kinematics-ws] K clamp binds: eid 1003 demanded 6643 clamped 4096
[kinematics-ws] K clamp binds: eid 1002 demanded 13566 clamped 4096
[kinematics-ws] K clamp binds: eid 1003 demanded 6643 clamped 4096
[kinematics-ws] K clamp binds: eid 1001 demanded 27684 clamped 4096
[kinematics-ws] K clamp binds: eid 1003 demanded 6643 clamped 4096
[kinematics-ws] K clamp binds: eid 1002 demanded 13561 clamped 4096
[kinematics-ws] K clamp binds: eid 1001 demanded 27685 clamped 4096
[kinematics-ws] K clamp binds: eid 1003 demanded 6643 clamped 4096
[kinematics-ws] K clamp binds: eid 1002 demanded 13564 clamped 4096
[kinematics-ws] K clamp binds: eid 1001 demanded 27686 clamped 4096
[kinematics-ws] K clamp binds: eid 1001 demanded 27686 clamped 4096
[kinematics-ws] K clamp binds: eid 1003 demanded 6643 clamped 4096
[kinematics-ws] K clamp binds: eid 1002 demanded 13564 clamped 4096
[kinematics-ws] K clamp binds: eid 1001 demanded 27686 clamped 4096
[kinematics-ws] K clamp binds: eid 1003 demanded 6644 clamped 4096
[kinematics-ws] K clamp binds: eid 1002 demanded 13561 clamped 4096
[kinematics-ws] K clamp binds: eid 1001 demanded 27686 clamped 4096
[kinematics-ws] K clamp binds: eid 1002 demanded 13566 clamped 4096
[kinematics-ws] K clamp binds: eid 1003 demanded 6643 clamped 4096
[kinematics-ws] K clamp binds: eid 1002 demanded 13560 clamped 4096
[kinematics-ws] K clamp binds: eid 1001 demanded 27686 clamped 4096
[kinematics-ws] K clamp binds: eid 1003 demanded 6644 clamped 4096
[kinematics-ws] K clamp binds: eid 1001 demanded 27685 clamped 4096
[kinematics-ws] K clamp binds: eid 1003 demanded 6643 clamped 4096
[kinematics-ws] K clamp binds: eid 1002 demanded 13565 clamped 4096
[kinematics-ws] K clamp binds: eid 1003 demanded 6644 clamped 4096
[kinematics-ws] K clamp binds: eid 1001 demanded 27685 clamped 4096
[kinematics-ws] K clamp binds: eid 1002 demanded 13561 clamped 4096
[kinematics-ws] K clamp binds: eid[kinematics-ws] K clamp binds: eid  10021001  demandeddemanded  13563 clamped 4096
27686 clamped 4096
[kinematics-ws] K clamp binds: eid 1003 demanded 6644 clamped 4096
[kinematics-ws] K clamp binds: eid 1003 demanded 6644 clamped 4096
[kinematics-ws] K clamp binds: eid 1002 demanded 13563 clamped 4096
[kinematics-ws] K clamp binds: eid 1001 demanded 27687 clamped 4096
[kinematics-ws] K clamp binds: eid 1001 demanded 27689 clamped 4096
[kinematics-ws] K clamp binds: eid 1003 demanded 6644 clamped 4096
[kinematics-ws] K clamp binds: eid 1002 demanded 13562 clamped 4096
[kinematics-ws] K clamp binds: eid 1001 demanded 27691 clamped 4096
[kinematics-ws] K clamp binds: eid 1002 demanded 13565 clamped 4096
[kinematics-ws] K clamp binds: eid 1003 demanded 6644 clamped 4096
[kinematics-ws] K clamp binds: eid 1003 demanded 6644 clamped 4096
[kinematics-ws] K clamp binds: eid 1002 demanded 13561 clamped 4096
[kinematics-ws] K clamp binds: eid 1001 demanded 27692 clamped 4096
[kinematics-ws] K clamp binds: eid 1001 demanded 27690 clamped 4096
[kinematics-ws] K clamp binds: eid 1003 demanded 6644 clamped 4096
[kinematics-ws] K clamp binds: eid 1002 demanded 13565 clamped 4096
[kinematics-ws] K clamp binds: eid 1003 demanded 6645 clamped 4096
[kinematics-ws] K clamp binds: eid 1002 demanded 13561 clamped 4096
[kinematics-ws] K clamp binds: eid 1001 demanded 27686 clamped 4096
[kinematics-ws] K clamp binds: eid 1002 demanded 13566 clamped 4096
[kinematics-ws] K clamp binds: eid 1001 demanded 27684 clamped 4096
[kinematics-ws] K clamp binds: eid 1003 demanded 6644 clamped 4096
[kinematics-ws] K clamp binds: eid 1002 demanded 13561 clamped 4096
[kinematics-ws] K clamp binds: eid 1001 demanded 27686 clamped 4096
[kinematics-ws] K clamp binds: eid 1003 demanded 6645 clamped 4096
[kinematics-ws] K clamp binds: eid 1003 demanded 6644 clamped 4096
[kinematics-ws] K clamp binds: eid 1002 demanded 13566 clamped 4096
[kinematics-ws] K clamp binds: eid 1001 demanded 27690 clamped 4096
[kinematics-ws] K clamp binds: eid 1001 demanded 27688 clamped 4096
[kinematics-ws] K clamp binds: eid 1003 demanded 6645 clamped 4096
[kinematics-ws] K clamp binds: eid 1002 demanded 13562 clamped 4096
[kinematics-ws] K clamp binds: eid 1002 demanded 13565 clamped 4096
[kinematics-ws] K clamp binds: eid 1001 demanded 27682 clamped 4096
[kinematics-ws] K clamp binds: eid 1003 demanded 6645 clamped 4096
[kinematics-ws] K clamp binds: eid 1002 demanded 13564 clamped 4096
[kinematics-ws] K clamp binds: eid 1001 demanded 27684 clamped 4096
[kinematics-ws] K clamp binds: eid 1003 demanded 6646 clamped 4096
[kinematics-ws] K clamp binds: eid 1001 demanded 27689 clamped 4096
[kinematics-ws] K clamp binds: eid 1003 demanded 6645 clamped 4096
[kinematics-ws] K clamp binds: eid 1002 demanded 13564 clamped 4096
[kinematics-ws] K clamp binds: eid 1001 demanded 27684 clamped 4096
[kinematics-ws] K clamp binds: eid 1002 demanded 13567 clamped 4096
[kinematics-ws] K clamp binds: eid 1003 demanded 6646 clamped 4096
[kinematics-ws] K clamp binds: eid 1001 demanded 27681 clamped 4096
[kinematics-ws] K clamp binds: eid 1003 demanded 6646 clamped 4096
[kinematics-ws] K clamp binds: eid 1002 demanded 13563 clamped 4096
[kinematics-ws] K clamp binds: eid 1001 demanded 27687 clamped 4096
[kinematics-ws] K clamp binds: eid 1002 demanded 13569 clamped 4096
[kinematics-ws] K clamp binds: eid 1003 demanded 6646 clamped 4096
[kinematics-ws] K clamp binds: eid 1001 demanded 27684 clamped 4096
[kinematics-ws] K clamp binds: eid 1003 demanded 6647 clamped 4096
[kinematics-ws] K clamp binds: eid 1002 demanded 13563 clamped 4096
[kinematics-ws] K clamp binds: eid 1001 demanded 27680 clamped 4096
[kinematics-ws] K clamp binds: eid 1002 demanded 13568 clamped 4096
[kinematics-ws] K clamp binds: eid 1003 demanded 6646 clamped 4096
[kinematics-ws] K clamp binds: eid 1001 demanded 27687 clamped 4096
[kinematics-ws] K clamp binds: eid 1003 demanded 6647 clamped 4096
[kinematics-ws] K clamp binds: eid 1002 demanded 13566 clamped 4096
[kinematics-ws] K clamp binds: eid 1002 demanded 13565 clamped 4096
[kinematics-ws] K clamp binds: eid 1001 demanded 27680 clamped 4096
[kinematics-ws] K clamp binds: eid 1003 demanded 6647 clamped 4096
[kinematics-ws] K clamp binds: eid 1001 demanded 27683 clamped 4096
[kinematics-ws] K clamp binds: eid 1003 demanded 6647 clamped 4096
[kinematics-ws] K clamp binds: eid 1002 demanded 13570 clamped 4096
[kinematics-ws] K clamp binds: eid 1001 demanded 27684 clamped 4096
[kinematics-ws] K clamp binds: eid 1002 demanded 13565 clamped 4096
[kinematics-ws] K clamp binds: eid 1003 demanded 6647 clamped 4096
[kinematics-ws] K clamp binds: eid 1001 demanded 27681 clamped 4096
[kinematics-ws] K clamp binds: eid 1002 demanded 13569 clamped 4096
[kinematics-ws] K clamp binds: eid 1003 demanded 6647 clamped 4096
[kinematics-ws] K clamp binds: eid 1001 demanded 27686 clamped 4096
[kinematics-ws] K clamp binds: eid 1003 demanded 6648 clamped 4096
[kinematics-ws] K clamp binds: eid 1002 demanded 13570 clamped 4096
[kinematics-ws] K clamp binds: eid 1001 demanded 27680 clamped 4096
[kinematics-ws] K clamp binds: eid 1003 demanded 6648 clamped 4096
[kinematics-ws] K clamp binds: eid 1002 demanded 13566 clamped 4096
[kinematics-ws] K clamp binds: eid[kinematics-ws] K clamp binds: eid  1003 1002 demanded demanded6648 clamped  13572 clamped 40964096

[kinematics-ws] K clamp binds: eid 1001 demanded 27687 clamped 4096
[kinematics-ws] K clamp binds: eid 1002 demanded 13571 clamped 4096
[kinematics-ws] K clamp binds: eid 1003 demanded 6648 clamped 4096
[kinematics-ws] K clamp binds: eid 1001 demanded 27680 clamped 4096
[kinematics-ws] K clamp binds: eid 1001 demanded 27687 clamped 4096
[kinematics-ws] K clamp binds: eid 1002 demanded 13568 clamped 4096
[kinematics-ws] K clamp binds: eid 1003 demanded 6649 clamped 4096
[kinematics-ws] K clamp binds: eid 1003 demanded 6648 clamped 4096
[kinematics-ws] K clamp binds: eid 1002 demanded 13573 clamped 4096
[kinematics-ws] K clamp binds: eid 1001 demanded 27682 clamped 4096
[kinematics-ws] K clamp binds: eid 1002 demanded 13573 clamped 4096
[kinematics-ws] K clamp binds: eid 1001 demanded 27687 clamped 4096
[kinematics-ws] K clamp binds: eid 1003 demanded 6649 clamped 4096
[kinematics-ws] K clamp binds: eid 1002 demanded 13569 clamped 4096
[kinematics-ws] K clamp binds: eid 1001 demanded 27685 clamped 4096
[kinematics-ws] K clamp binds: eid 1003 demanded 6649 clamped 4096
[kinematics-ws] K clamp binds: eid 1001 demanded 27685 clamped 4096
[kinematics-ws] K clamp binds: eid 1003 demanded 6649 clamped 4096
[kinematics-ws] K clamp binds: eid 1002 demanded 13573 clamped 4096
[kinematics-ws] K clamp binds: eid 1002 demanded 13576 clamped 4096
[kinematics-ws] K clamp binds: eid 1003 demanded 6650 clamped 4096
[kinematics-ws] K clamp binds: eid 1001 demanded 27690 clamped 4096
[kinematics-ws] K clamp binds: eid 1002 demanded 13571 clamped 4096
[kinematics-ws] K clamp binds: eid 1003 demanded 6650 clamped 4096
[kinematics-ws] K clamp binds: eid 1001 demanded 27685 clamped 4096
[kinematics-ws] K clamp binds: eid 1002 demanded 13572 clamped 4096
[kinematics-ws] K clamp binds: eid 1003 demanded 6650 clamped 4096
[kinematics-ws] K clamp binds: eid 1001 demanded 27690 clamped 4096
[kinematics-ws] K clamp binds: eid 1003 demanded 6651 clamped 4096
[kinematics-ws] K clamp binds: eid 1002 demanded 13577 clamped 4096
[kinematics-ws] K clamp binds: eid 1001 demanded 27691 clamped 4096
[kinematics-ws] K clamp binds: eid[kinematics-ws] K clamp binds: eid  1002 1003 [kinematics-ws] K clamp binds: eiddemanded  13576 1001 demanded 27687 clamped 4096clamped demanded4096 6651 
clamped
 4096
[kinematics-ws] K clamp binds: eid 1003 demanded 6651 clamped 4096
[kinematics-ws] K clamp binds: eid 1001 demanded 27693 clamped 4096
[kinematics-ws] K clamp binds: eid 1002 demanded 13573 clamped 4096
[kinematics-ws] K clamp binds: eid 1001 demanded 27694 clamped 4096
[kinematics-ws] K clamp binds: eid 1003 demanded 6652 clamped 4096
[kinematics-ws] K clamp binds: eid 1002 demanded 13575 clamped 4096
[kinematics-ws] K clamp binds: eid 1001 demanded 27691 clamped 4096
[kinematics-ws] K clamp binds: eid 1002 demanded 13579 clamped 4096
[kinematics-ws] K clamp binds: eid 1003 demanded 6652 clamped 4096
[kinematics-ws] K clamp binds: eid 1003 demanded 6651 clamped 4096
[kinematics-ws] K clamp binds: eid 1002 demanded 13579 clamped 4096
[kinematics-ws] K clamp binds: eid 1001 demanded 27693 clamped 4096
[kinematics-ws] K clamp binds: eid 1001 demanded 27698 clamped 4096
[kinematics-ws] K clamp binds: eid 1003 demanded 6652 clamped 4096
[kinematics-ws] K clamp binds: eid 1002 demanded 13576 clamped 4096
[kinematics-ws] K clamp binds: eid 1001 demanded 27698 clamped 4096
[kinematics-ws] K clamp binds: eid 1003 demanded 6653 clamped 4096
[kinematics-ws] K clamp binds: eid 1002 demanded 13576 clamped 4096
[kinematics-ws] K clamp binds: eid 1001 demanded 27695 clamped 4096
[kinematics-ws] K clamp binds: eid 1002 demanded 13579 clamped 4096
[kinematics-ws] K clamp binds: eid 1003 demanded 6652 clamped 4096
[kinematics-ws] K clamp binds: eid 1002 demanded 13582 clamped 4096
[kinematics-ws] K clamp binds: eid 1001 demanded 27696 clamped 4096
[kinematics-ws] K clamp binds: eid 1003 demanded 6653 clamped 4096
[kinematics-ws] K clamp binds: eid 1002 demanded 13581 clamped 4096
[kinematics-ws] K clamp binds: eid 1003 demanded 6654 clamped 4096
[kinematics-ws] K clamp binds: eid 1001 demanded 27700 clamped 4096
[kinematics-ws] K clamp binds: eid 1003 demanded 6654 clamped 4096
[kinematics-ws] K clamp binds: eid 1002 demanded 13579 clamped 4096
[kinematics-ws] K clamp binds: eid 1001 demanded 27703 clamped 4096
[kinematics-ws] K clamp binds: eid 1001 demanded 27703 clamped 4096
[kinematics-ws] K clamp binds: eid 1003 demanded 6653 clamped 4096
[kinematics-ws] K clamp binds: eid 1002 demanded 13578 clamped 4096
[kinematics-ws] K clamp binds: eid 1001 demanded 27702 clamped 4096
[kinematics-ws] K clamp binds: eid 1002 demanded 13580 clamped 4096
[kinematics-ws] K clamp binds: eid 1003 demanded 6654 clamped 4096
[kinematics-ws] K clamp binds: eid 1003 demanded 6655 clamped 4096
[kinematics-ws] K clamp binds: eid 1001 demanded 27701 clamped 4096
[kinematics-ws] K clamp binds: eid 1002 demanded 13582 clamped 4096
[kinematics-ws] K clamp binds: eid 1003 demanded 6654 clamped 4096
[kinematics-ws] K clamp binds: eid 1002 demanded 13584 clamped 4096
[kinematics-ws] K clamp binds: eid 1001 demanded 27701 clamped 4096
[kinematics-ws] K clamp binds: eid 1002 demanded 13585 clamped 4096
[kinematics-ws] K clamp binds: eid 1003 demanded 6654 clamped 4096
[kinematics-ws] K clamp binds: eid 1001 demanded 27702 clamped 4096
[kinematics-ws] K clamp binds: eid 1002 demanded 13583 clamped 4096
[kinematics-ws] K clamp binds: eid 1001 demanded 27704 clamped 4096
[kinematics-ws] K clamp binds: eid 1003 demanded 6656 clamped 4096
[kinematics-ws] K clamp binds: eid 1001 demanded 27706 clamped 4096
[kinematics-ws] K clamp binds: eid 1002 demanded 13582 clamped 4096
[kinematics-ws] K clamp binds: eid 1003 demanded 6656 clamped 4096
[kinematics-ws] K clamp binds: eid 1001 demanded 27707 clamped 4096
[kinematics-ws] K clamp binds: eid 1003 demanded 6655 clamped 4096
[kinematics-ws] K clamp binds: eid 1002 demanded 13581 clamped 4096
[kinematics-ws] K clamp binds: eid 1003 demanded 6655 clamped 4096
[kinematics-ws] K clamp binds: eid 1001 demanded 27708 clamped 4096
[kinematics-ws] K clamp binds: eid 1002 demanded 13582 clamped 4096
[kinematics-ws] K clamp binds: eid 1001 demanded 27709 clamped 4096
[kinematics-ws] K clamp binds: eid 1002 demanded 13583 clamped 4096
[kinematics-ws] K clamp binds: eid 1003 demanded 6657 clamped 4096
[kinematics-ws] K clamp binds: eid 1001 demanded 27709 clamped 4096
[kinematics-ws] K clamp binds: eid 1003 demanded 6657 clamped 4096
[kinematics-ws] K clamp binds: eid 1002 demanded 13585 clamped 4096
[kinematics-ws] K clamp binds: eid 1001 demanded 27708 clamped 4096
[kinematics-ws] K clamp binds: eid 1003 demanded 6657 clamped 4096
[kinematics-ws] K clamp binds: eid 1002 demanded 13586 clamped 4096
[kinematics-ws] K clamp binds: eid 1001 demanded 27708 clamped 4096
[kinematics-ws] K clamp binds: eid 1003 demanded 6656 clamped 4096
[kinematics-ws] K clamp binds: eid 1002 demanded 13587 clamped 4096
[kinematics-ws] K clamp binds: eid 1003 demanded 6657 clamped 4096
[kinematics-ws] K clamp binds: eid 1001 demanded 27707 clamped 4096
[kinematics-ws] K clamp binds: eid 1002 demanded 13588 clamped 4096
[kinematics-ws] K clamp binds: eid 1002 demanded 13588 clamped 4096
[kinematics-ws] K clamp binds: eid 1001 demanded 27705 clamped 4096
[kinematics-ws] K clamp binds: eid 1003 demanded 6658 clamped 4096
[kinematics-ws] K clamp binds: eid 1001 demanded 27705 clamped 4096
[kinematics-ws] K clamp binds: eid 1003 demanded 6658 clamped 4096
[kinematics-ws] K clamp binds: eid 1002 demanded 13588 clamped 4096
[kinematics-ws] K clamp binds: eid 1003 demanded 6658 clamped 4096
[kinematics-ws] K clamp binds: eid 1001 demanded 27705 clamped 4096
[kinematics-ws] K clamp binds: eid 1002 demanded 13588 clamped 4096
[kinematics-ws] K clamp binds: eid 1003 demanded 6658 clamped 4096
[kinematics-ws] K clamp binds: eid 1001 demanded 27707 clamped 4096
[kinematics-ws] K clamp binds: eid 1002 demanded 13588 clamped 4096
[kinematics-ws] K clamp binds: eid[kinematics-ws] K clamp binds: eid  1001 demanded 27710 clamped 4096
[kinematics-ws] K clamp binds: eid 1003 demanded 6659 1002 demanded 13588 clamped 4096
clamped 4096
[kinematics-ws] K clamp binds: eid 1003 demanded 6660 clamped 4096
[kinematics-ws] K clamp binds: eid 1001 demanded 27712 clamped 4096
[kinematics-ws] K clamp binds: eid 1002 demanded 13588 clamped 4096
[kinematics-ws] K clamp binds: eid 1001 demanded 27711 clamped 4096
[kinematics-ws] K clamp binds: eid 1002 demanded 13588 clamped 4096
[kinematics-ws] K clamp binds: eid 1003 demanded 6660 clamped 4096
[kinematics-ws] K clamp binds: eid 1001 demanded 27707 clamped 4096
[kinematics-ws] K clamp binds: eid 1003 demanded 6659 clamped 4096
[kinematics-ws] K clamp binds: eid 1002 demanded 13588 clamped 4096
[kinematics-ws] K clamp binds: eid 1003 demanded 6659 clamped 4096
[kinematics-ws] K clamp binds: eid 1002 demanded 13588 clamped 4096
[kinematics-ws] K clamp binds: eid 1001 demanded 27703 clamped 4096
[kinematics-ws] K clamp binds: eid 1001 demanded 27705 clamped 4096
[kinematics-ws] K clamp binds: eid 1003 demanded 6660 clamped 4096
[kinematics-ws] K clamp binds: eid 1002 demanded 13588 clamped 4096
[kinematics-ws] K clamp binds: eid 1003 demanded 6661 clamped 4096
[kinematics-ws] K clamp binds: eid 1002 demanded 13588 clamped 4096
[kinematics-ws] K clamp binds: eid 1001 demanded 27710 clamped 4096
[kinematics-ws] K clamp binds: eid 1001 demanded 27709 clamped 4096
[kinematics-ws] K clamp binds: eid 1003 demanded 6661 clamped 4096
[kinematics-ws] K clamp binds: eid 1002 demanded 13589 clamped 4096
[kinematics-ws] K clamp binds: eid[kinematics-ws] K clamp binds: eid 1001 demanded 27703 clamped 4096
 1003 demanded 6661 clamped 4096
[kinematics-ws] K clamp binds: eid 1002 demanded 13589 clamped 4096
[kinematics-ws] K clamp binds: eid 1001 demanded 27703 clamped 4096
[kinematics-ws] K clamp binds: eid 1003 demanded 6660 clamped 4096
[kinematics-ws] K clamp binds: eid 1002 demanded 13589 clamped 4096
[kinematics-ws] K clamp binds: eid 1003 demanded 6661 clamped 4096
[kinematics-ws] K clamp binds: eid 1001 demanded 27709 clamped 4096
[kinematics-ws] K clamp binds: eid 1002 demanded 13590 clamped 4096
[kinematics-ws] K clamp binds: eid 1001 demanded 27705 clamped 4096
[kinematics-ws] K clamp binds: eid 1002 demanded 13590 clamped 4096
[kinematics-ws] K clamp binds: eid 1003 demanded 6661 clamped 4096
[kinematics-ws] K clamp binds: eid 1002 demanded 13590 clamped 4096
[kinematics-ws] K clamp binds: eid 1003 demanded 6662 clamped 4096
[kinematics-ws] K clamp binds: eid 1001 demanded 27700 clamped 4096
[kinematics-ws] K clamp binds: eid 1002 demanded 13590 clamped 4096
[kinematics-ws] K clamp binds: eid 1001 demanded 27707 clamped 4096
[kinematics-ws] K clamp binds: eid 1003 demanded 6662 clamped 4096
[kinematics-ws] K clamp binds: eid 1003 demanded 6662 clamped 4096
[kinematics-ws] K clamp binds: eid 1002 demanded 13590 clamped 4096
[kinematics-ws] K clamp binds: eid 1001 demanded 27704 clamped 4096
[kinematics-ws] K clamp binds: eid 1003 demanded 6662 clamped 4096
[kinematics-ws] K clamp binds: eid 1001 demanded 27700 clamped 4096
[kinematics-ws] K clamp binds: eid 1002 demanded 13588 clamped 4096
[kinematics-ws] K clamp binds: eid 1001 demanded 27707 clamped[kinematics-ws] K clamp binds: eid 1003 demanded 6662 clamped 4096
[kinematics-ws] K clamp binds: eid 1002 demanded 13587 clamped 4096
 4096
[kinematics-ws] K clamp binds: eid 1001 demanded 27700 clamped 4096
[kinematics-ws] K clamp binds: eid 1002 demanded 13586 clamped 4096
[kinematics-ws] K clamp binds: eid 1003 demanded 6662 clamped 4096
[kinematics-ws] K clamp binds: eid 1001 demanded 27704 clamped 4096
[kinematics-ws] K clamp binds: eid 1003 demanded 6663 clamped 4096
[kinematics-ws] K clamp binds: eid 1002 demanded 13586 clamped 4096
[kinematics-ws] K clamp binds: eid 1003 demanded 6663 clamped 4096
[kinematics-ws] K clamp binds: eid 1002 demanded 13587 clamped 4096
[kinematics-ws] K clamp binds: eid 1001 demanded 27704 clamped 4096
[kinematics-ws] K clamp binds: eid 1003 demanded 6664 clamped 4096
[kinematics-ws] K clamp binds: eid 1001 demanded 27701 clamped 4096
[kinematics-ws] K clamp binds: eid 1002 demanded 13589 clamped 4096
[kinematics-ws] K clamp binds: eid 1002 demanded 13590 clamped 4096
[kinematics-ws] K clamp binds: eid 1001 demanded 27706 clamped 4096
[kinematics-ws] K clamp binds: eid 1003 demanded 6664 clamped 4096
[kinematics-ws] K clamp binds: eid 1001 demanded 27700 clamped 4096
[kinematics-ws] K clamp binds: eid 1003 demanded 6664 clamped 4096
[kinematics-ws] K clamp binds: eid 1002 demanded 13590 clamped 4096
[kinematics-ws] K clamp binds: eid 1003 demanded 6664 clamped 4096
[kinematics-ws] K clamp binds: eid 1001 demanded 27706 clamped 4096
[kinematics-ws] K clamp binds: eid 1002 demanded 13588 clamped 4096
[kinematics-ws] K clamp binds: eid 1001 demanded 27701 clamped 4096
[kinematics-ws] K clamp binds: eid 1003 demanded 6664 clamped 4096
[kinematics-ws] K clamp binds: eid 1002 demanded 13586 clamped 4096
[kinematics-ws] K clamp binds: eid 1003 demanded 6664 clamped 4096
[kinematics-ws] K clamp binds: eid 1001 demanded 27707 clamped 4096
[kinematics-ws] K clamp binds: eid 1002 demanded 13585 clamped 4096
[kinematics-ws] K clamp binds: eid 1001 demanded 27702 clamped 4096[kinematics-ws] K clamp binds: eid
 1002 demanded 13587 clamped 4096
[kinematics-ws] K clamp binds: eid 1003 demanded 6664 clamped 4096
[kinematics-ws] K clamp binds: eid 1002 demanded 13589 clamped 4096
[kinematics-ws] K clamp binds: eid 1001 demanded 27706 clamped 4096
[kinematics-ws] K clamp binds: eid 1003 demanded 6664 clamped 4096
[kinematics-ws] K clamp binds: eid[kinematics-ws] K clamp binds: eid  10011002 demanded 27706  clamped demanded 13589 clamped 40964096

[kinematics-ws] K clamp binds: eid 1003 demanded 6665 clamped 4096
[kinematics-ws] K clamp binds: eid 1002 demanded 13586 clamped [kinematics-ws] K clamp binds: eid 1003 demanded 6665 clamped 4096
4096
[kinematics-ws] K clamp binds: eid 1001 demanded 27704 clamped 4096
[kinematics-ws] K clamp binds: eid 1003 demanded 6665 clamped 4096
[kinematics-ws] K clamp binds: eid 1002 demanded 13584 clamped 4096
[kinematics-ws] K clamp binds: eid 1001 demanded 27710 clamped 4096
[kinematics-ws] K clamp binds: eid 1001 demanded 27705 clamped 4096
[kinematics-ws] K clamp binds: eid 1003 demanded 6666 clamped 4096
[kinematics-ws] K clamp binds: eid 1002 demanded 13586 clamped 4096
[kinematics-ws] K clamp binds: eid 1001 demanded 27709 clamped 4096
[kinematics-ws] K clamp binds: eid 1003 demanded 6666 clamped 4096
[kinematics-ws] K clamp binds: eid 1002 demanded 13589 clamped 4096
[kinematics-ws] K clamp binds: eid 1002 demanded 13588 clamped 4096
[kinematics-ws] K clamp binds: eid 1001 demanded 27712 clamped 4096
[kinematics-ws] K clamp binds: eid 1003 demanded 6666 clamped 4096
[kinematics-ws] K clamp binds: eid 1001 demanded 27707 clamped 4096
[kinematics-ws] K clamp binds: eid 1003 demanded 6666 clamped 4096
[kinematics-ws] K clamp binds: eid 1002 demanded 13584 clamped 4096
[kinematics-ws] K clamp binds: eid 1003 demanded 6666 clamped 4096
[kinematics-ws] K clamp binds: eid 1001 demanded 27712 clamped 4096
[kinematics-ws] K clamp binds: eid 1002 demanded 13584 clamped 4096
[kinematics-ws] K clamp binds: eid 1001 demanded 27715 clamped 4096
[kinematics-ws] K clamp binds: eid 1003 demanded 6666 clamped 4096
[kinematics-ws] K clamp binds: eid 1002 demanded 13587 clamped 4096
[kinematics-ws] K clamp binds: eid 1001 demanded 27711 clamped 4096
[kinematics-ws] K clamp binds: eid 1002 demanded 13587 clamped 4096
[kinematics-ws] K clamp binds: eid 1003 demanded 6666 clamped 4096
[kinematics-ws] K clamp binds: eid 1001 demanded 27713 clamped 4096
[kinematics-ws] K clamp binds: eid 1003 demanded 6666 clamped 4096
[kinematics-ws] K clamp binds: eid 1002 demanded 13583 clamped 4096
[kinematics-ws] K clamp binds: eid 1001 demanded 27718 clamped 4096
[kinematics-ws] K clamp binds: eid 1003 demanded 6666 clamped 4096
[kinematics-ws] K clamp binds: eid 1002 demanded 13584 clamped 4096
[kinematics-ws] K clamp binds: eid 1001 demanded 27719 clamped 4096
[kinematics-ws] K clamp binds: eid 1002 demanded 13587 clamped 4096
[kinematics-ws] K clamp binds: eid 1003 demanded 6666 clamped 4096
[kinematics-ws] K clamp binds: eid 1001 demanded 27716 clamped 4096
[kinematics-ws] K clamp binds: eid [kinematics-ws] K clamp binds: eid1002  demanded 13585 1003clamped  demanded 6666 clamped 40964096

[kinematics-ws] K clamp binds: eid 1003 demanded 6666 clamped 4096
[kinematics-ws] K clamp binds: eid 1002 demanded 13582 clamped 4096
[kinematics-ws] K clamp binds: eid 1001 demanded 27716 clamped 4096
[kinematics-ws] K clamp binds: eid 1002 demanded 13586 clamped 4096
[kinematics-ws] K clamp binds: eid 1003 demanded 6667 clamped 4096
[kinematics-ws] K clamp binds: eid 1001 demanded 27719 clamped 4096
[kinematics-ws] K clamp binds: eid 1003 demanded 6667 clamped 4096
[kinematics-ws] K clamp binds: eid 1001 demanded 27723 clamped 4096
[kinematics-ws] K clamp binds: eid 1002 demanded 13586 clamped 4096
[kinematics-ws] K clamp binds: eid 1002 demanded 13582 clamped 4096
[kinematics-ws] K clamp binds: eid 1001 demanded 27724 clamped 4096
[kinematics-ws] K clamp binds: eid 1003 demanded 6667 clamped 4096
[kinematics-ws] K clamp binds: eid 1003 demanded 6667 clamped 4096
[kinematics-ws] K clamp binds: eid 1001 demanded 27723 clamped 4096
[kinematics-ws] K clamp binds: eid 1002 demanded 13584 clamped 4096
[kinematics-ws] K clamp binds: eid 1001 demanded 27722 clamped 4096
[kinematics-ws] K clamp binds: eid 1002 demanded 13586 clamped 4096
[kinematics-ws] K clamp binds: eid 1003 demanded 6667 clamped 4096
[kinematics-ws] K clamp binds: eid 1002 demanded 13581 clamped 4096
[kinematics-ws] K clamp binds: eid 1003 demanded 6667 clamped 4096
[kinematics-ws] K clamp binds: eid 1001 demanded 27721 clamped 4096
[kinematics-ws] K clamp binds: eid 1001 demanded 27722 clamped 4096
[kinematics-ws] K clamp binds: eid 1002 demanded 13584 clamped 4096
[kinematics-ws] K clamp binds: eid 1003 demanded 6667 clamped 4096
[kinematics-ws] K clamp binds: eid 1002 demanded 13585 clamped 4096
[kinematics-ws] K clamp binds: eid 1001 demanded 27723 clamped 4096
[kinematics-ws] K clamp binds: eid 1003 demanded 6667 clamped 4096
[kinematics-ws] K clamp binds: eid 1001 demanded 27724 clamped 4096
[kinematics-ws] K clamp binds: eid 1003 demanded 6667 clamped 4096
[kinematics-ws] K clamp binds: eid 1002 demanded 13581 clamped 4096
[kinematics-ws] K clamp binds: eid[kinematics-ws] K clamp binds: eid  10021001  demanded demanded 2772613585  clamped clamped 40964096

[kinematics-ws] K clamp binds: eid 1003 demanded 6667 clamped 4096
[kinematics-ws] K clamp binds: eid 1001 demanded 27726 clamped 4096
[kinematics-ws] K clamp binds: eid 1002 demanded 13583 clamped 4096
[kinematics-ws] K clamp binds: eid 1003 demanded 6667 clamped 4096
[kinematics-ws] K clamp binds: eid 1002 demanded 13582 clamped 4096
[kinematics-ws] K clamp binds: eid 1001 demanded 27727 clamped 4096
[kinematics-ws] K clamp binds: eid 1003 demanded 6667 clamped 4096
[kinematics-ws] K clamp binds: eid 1002 demanded 13585 clamped 4096
[kinematics-ws] K clamp binds: eid 1003 demanded 6667 clamped 4096
[kinematics-ws] K clamp binds: eid 1001 demanded 27727 clamped 4096
[kinematics-ws] K clamp binds: eid 1001 demanded 27727 clamped 4096
[kinematics-ws] K clamp binds: eid 1003 demanded 6667 clamped 4096
[kinematics-ws] K clamp binds: eid 1002 demanded 13581 clamped 4096
[kinematics-ws] K clamp binds: eid 1002 demanded 13584 clamped 4096
[kinematics-ws] K clamp binds: eid 1001 demanded 27726 clamped 4096[kinematics-ws] K clamp binds: eid
 1003 demanded 6667 clamped 4096
[kinematics-ws] K clamp binds: eid 1002 demanded 13582 clamped 4096
[kinematics-ws] K clamp binds: eid 1003 demanded 6667 clamped 4096
[kinematics-ws] K clamp binds: eid 1001 demanded 27725 clamped 4096
[kinematics-ws] K clamp binds: eid [kinematics-ws] K clamp binds: eid 1003 demanded 6667 clamped 1001 demanded 27724 clamped 40964096

[kinematics-ws] K clamp binds: eid 1002 demanded 13582 clamped 4096
[kinematics-ws] K clamp binds: eid 1001 demanded 27724 clamped 4096
[kinematics-ws] K clamp binds: eid 1002 demanded 13584 clamped 4096
[kinematics-ws] K clamp binds: eid 1003 demanded 6667 clamped 4096
[kinematics-ws] K clamp binds: eid 1001 demanded 27726 clamped 4096
[kinematics-ws] K clamp binds: eid 1002 demanded 13581 clamped 4096
[kinematics-ws] K clamp binds: eid 1003 demanded 6667 clamped 4096
[kinematics-ws] K clamp binds: eid 1003 demanded 6667 clamped 4096
[kinematics-ws] K clamp binds: eid 1002 demanded 13585 clamped 4096
[kinematics-ws] K clamp binds: eid 1001 demanded 27729 clamped 4096
[kinematics-ws] K clamp binds: eid[kinematics-ws] K clamp binds: eid  1002 1001 demanded demanded13581 clamped  27732 clamped 40964096

[kinematics-ws] K clamp binds: eid 1003 demanded 6668 clamped 4096
[kinematics-ws] K clamp binds: eid 1001 demanded 27733 clamped 4096
[kinematics-ws] K clamp binds: eid 1003 demanded 6668 clamped 4096
[kinematics-ws] K clamp binds: eid 1002 demanded 13585 clamped 4096
[kinematics-ws] K clamp binds: eid 1001 demanded 27729 clamped 4096
[kinematics-ws] K clamp binds: eid 1002 demanded 13581 clamped 4096
[kinematics-ws] K clamp binds: eid 1003 demanded 6668 clamped 4096
[kinematics-ws] K clamp binds: eid 1003 demanded 6669 clamped 4096
[kinematics-ws] K clamp binds: eid 1002 demanded 13585 clamped 4096
[kinematics-ws] K clamp binds: eid 1001 demanded 27724 clamped 4096
[kinematics-ws] K clamp binds: eid 1002 demanded 13582 clamped 4096
[kinematics-ws] K clamp binds: eid 1003 demanded 6669 clamped 4096
[kinematics-ws] K clamp binds: eid 1001 demanded 27723 clamped 4096
[kinematics-ws] K clamp binds: eid 1001 demanded 27728 clamped 4096
[kinematics-ws] K clamp binds: eid 1002 demanded 13585 clamped 4096
[kinematics-ws] K clamp binds: eid 1003 demanded 6670 clamped 4096
[kinematics-ws] K clamp binds: eid 1001 demanded 27731 clamped 4096
[kinematics-ws] K clamp binds: eid 1003 demanded 6670 clamped 4096
[kinematics-ws] K clamp binds: eid 1002 demanded 13582 clamped 4096
[kinematics-ws] K clamp binds: eid 1002 demanded 13586 clamped 4096
[kinematics-ws] K clamp binds: eid 1003 demanded 6670 clamped 4096
[kinematics-ws] K clamp binds: eid 1001 demanded 27723 clamped 4096
[kinematics-ws] K clamp binds: eid 1001 demanded 27721 clamped 4096
[kinematics-ws] K clamp binds: eid 1003 demanded 6669 clamped 4096
[kinematics-ws] K clamp binds: eid 1002 demanded 13582 clamped 4096
[kinematics-ws] K clamp binds: eid 1003 demanded 6669 clamped 4096
[kinematics-ws] K clamp binds: eid 1001 demanded 27729 clamped 4096
[kinematics-ws] K clamp binds: eid 1002 demanded 13587 clamped 4096
[kinematics-ws] K clamp binds: eid 1003 demanded 6668 clamped 4096
[kinematics-ws] K clamp binds: eid 1002 demanded 13583 clamped 4096
[kinematics-ws] K clamp binds: eid 1001 demanded 27724 clamped 4096
[kinematics-ws] K clamp binds: eid 1003 demanded 6667 clamped 4096
[kinematics-ws] K clamp binds: eid 1001 demanded 27719 clamped 4096
[kinematics-ws] K clamp binds: eid 1002 demanded 13587 clamped 4096
[kinematics-ws] K clamp binds: eid 1001 demanded 27728 clamped 4096
[kinematics-ws] K clamp binds: eid 1003 demanded 6667 clamped 4096
[kinematics-ws] K clamp binds: eid 1002 demanded 13585 clamped 4096
[kinematics-ws] K clamp binds: eid 1003 demanded 6668 clamped 4096
[kinematics-ws] K clamp binds: eid 1001 demanded 27720 clamped 4096
[kinematics-ws] K clamp binds: eid 1002 demanded 13586 clamped 4096
[kinematics-ws] K clamp binds: eid 1002 demanded 13588 clamped 4096
[kinematics-ws] K clamp binds: eid 1003 demanded 6668 clamped 4096
[kinematics-ws] K clamp binds: eid 1001 demanded 27723 clamped 4096
[kinematics-ws] K clamp binds: eid 1001 demanded 27725 clamped 4096
[kinematics-ws] K clamp binds: eid 1003 demanded 6669 clamped 4096
[kinematics-ws] K clamp binds: eid 1002 demanded 13585 clamped 4096
[kinematics-ws] K clamp binds: eid 1002 demanded 13589 clamped 4096
[kinematics-ws] K clamp binds: eid 1001 demanded 27719 clamped 4096
[kinematics-ws] K clamp binds: eid 1003 demanded 6669 clamped 4096
[kinematics-ws] K clamp binds: eid 1003 demanded 6669 clamped 4096
[kinematics-ws] K clamp binds: eid 1002 demanded 13587 clamped 4096
[kinematics-ws] K clamp binds: eid 1001 demanded 27727 clamped 4096
[kinematics-ws] K clamp binds: eid 1001 demanded 27719 clamped 4096
[kinematics-ws] K clamp binds: eid 1002 demanded 13587 clamped 4096
[kinematics-ws] K clamp binds: eid 1003 demanded 6668 clamped 4096
[kinematics-ws] K clamp binds: eid 1002 demanded 13591 clamped 4096
[kinematics-ws] K clamp binds: eid 1001 demanded 27728 clamped 4096
[kinematics-ws] K clamp binds: eid 1003 demanded 6667 clamped 4096
[kinematics-ws] K clamp binds: eid 1002 demanded 13588 clamped 4096
[kinematics-ws] K clamp binds: eid 1001 demanded 27721 clamped 4096
[kinematics-ws] K clamp binds: eid 1003 demanded 6667 clamped 4096
[kinematics-ws] K clamp binds: eid 1001 demanded 27727 clamped 4096
[kinematics-ws] K clamp binds: eid 1003 demanded 6667 clamped 4096
[kinematics-ws] K clamp binds: eid 1002 demanded 13589 clamped 4096
[kinematics-ws] K clamp binds: eid 1001 demanded 27726 clamped 4096
[kinematics-ws] K clamp binds: eid 1002 demanded 13593 clamped 4096
[kinematics-ws] K clamp binds: eid 1003 demanded 6668 clamped 4096
[kinematics-ws] K clamp binds: eid 1002 demanded 13590 clamped 4096
[kinematics-ws] K clamp binds: eid 1003 demanded 6669 clamped 4096
[kinematics-ws] K clamp binds: eid 1001 demanded 27724 clamped 4096
[kinematics-ws] K clamp binds: eid 1001 demanded 27733 clamped 4096
[kinematics-ws] K clamp binds: eid 1002 demanded 13591 clamped 4096
[kinematics-ws] K clamp binds: eid 1003 demanded 6668 clamped 4096
[kinematics-ws] K clamp binds: eid 1003 demanded 6667 clamped 4096
[kinematics-ws] K clamp binds: eid 1002 demanded 13595 clamped 4096
[kinematics-ws] K clamp binds: eid 1001 demanded 27725 clamped 4096
[kinematics-ws] K clamp binds: eid 1001 demanded 27729 clamped 4096
[kinematics-ws] K clamp binds: eid 1003 demanded 6666 clamped 4096
[kinematics-ws] K clamp binds: eid 1002 demanded 13594 clamped 4096
[kinematics-ws] K clamp binds: eid 1003 demanded 6667 clamped 4096
[kinematics-ws] K clamp binds: eid 1001 demanded 27736 clamped 4096
[kinematics-ws] K clamp binds: eid 1002 demanded 13592 clamped 4096
[kinematics-ws] K clamp binds: eid 1001 demanded 27730 clamped 4096
[kinematics-ws] K clamp binds: eid 1002 demanded 13595 clamped 4096
[kinematics-ws] K clamp binds: eid 1003 demanded 6668 clamped 4096
[kinematics-ws] K clamp binds: eid 1001 demanded 27730 clamped 4096
[kinematics-ws] K clamp binds: eid 1002 demanded 13598 clamped 4096
[kinematics-ws] K clamp binds: eid 1003 demanded 6668 clamped 4096
[kinematics-ws] K clamp binds: eid 1001 demanded 27739 clamped 4096
[kinematics-ws] K clamp binds: eid 1003 demanded 6667 clamped 4096
[kinematics-ws] K clamp binds: eid 1002 demanded 13597 clamped 4096
[kinematics-ws] K clamp binds: eid 1001 demanded 27740 clamped 4096
[kinematics-ws] K clamp binds: eid 1003 demanded 6666 clamped 4096
[kinematics-ws] K clamp binds: eid 1002 demanded 13594 clamped 4096
[kinematics-ws] K clamp binds: eid 1001 demanded 27735 clamped 4096
[kinematics-ws] K clamp binds: eid 1003 demanded 6666 clamped 4096
[kinematics-ws] K clamp binds: eid 1002 demanded 13596 clamped 4096
[kinematics-ws] K clamp binds: eid 1001 demanded 27734 clamped 4096
[kinematics-ws] K clamp binds: eid 1002 demanded 13600 clamped 4096
[kinematics-ws] K clamp binds: eid 1003 demanded 6667 clamped 4096
[kinematics-ws] K clamp binds: eid 1002 demanded 13601 clamped 4096
[kinematics-ws] K clamp binds: eid 1003 demanded 6667 clamped 4096
[kinematics-ws] K clamp binds: eid 1001 demanded 27739 clamped 4096
[kinematics-ws] K clamp binds: eid 1003 demanded 6667 clamped 4096
[kinematics-ws] K clamp binds: eid 1001 demanded 27745 clamped 4096
[kinematics-ws] K clamp binds: eid 1002 demanded 13599 clamped 4096
[kinematics-ws] K clamp binds: eid 1001 demanded 27748 clamped 4096
[kinematics-ws] K clamp binds: eid 1002 demanded 13598 clamped 4096
[kinematics-ws] K clamp binds: eid 1003 demanded 6666 clamped 4096
[kinematics-ws] K clamp binds: eid 1001 demanded 27748 clamped 4096
[kinematics-ws] K clamp binds: eid 1002 demanded 13599 clamped 4096
[kinematics-ws] K clamp binds: eid 1003 demanded 6666 clamped 4096
[kinematics-ws] K clamp binds: eid 1003 demanded 6667 clamped 4096
[kinematics-ws] K clamp binds: eid 1002 demanded 13602 clamped 4096
[kinematics-ws] K clamp binds: eid 1001 demanded 27747 clamped 4096
[kinematics-ws] K clamp binds: eid 1002 demanded 13604 clamped 4096
[kinematics-ws] K clamp binds: eid 1001 demanded 27745 clamped 4096
[kinematics-ws] K clamp binds: eid 1003 demanded 6667 clamped 4096
[kinematics-ws] K clamp binds: eid 1002 demanded 13605 clamped 4096
[kinematics-ws] K clamp binds: eid 1001 demanded 27744 clamped 4096
[kinematics-ws] K clamp binds: eid 1003 demanded 6665 clamped 4096
[kinematics-ws] K clamp binds: eid 1003 demanded 6665 clamped 4096
[kinematics-ws] K clamp binds: eid 1001 demanded 27744 clamped 4096
[kinematics-ws] K clamp binds: eid 1002 demanded 13604 clamped 4096
[kinematics-ws] K clamp binds: eid 1001 demanded 27744 clamped 4096
[kinematics-ws] K clamp binds: eid 1002 demanded 13603 clamped 4096
[kinematics-ws] K clamp binds: eid 1003 demanded 6666 clamped 4096
[kinematics-ws] K clamp binds: eid 1001 demanded 27745 clamped 4096
[kinematics-ws] K clamp binds: eid 1003 demanded 6666 clamped 4096
[kinematics-ws] K clamp binds: eid 1002 demanded 13602 clamped 4096
[kinematics-ws] K clamp binds: eid 1002 demanded 13602 clamped 4096
[kinematics-ws] K clamp binds: eid 1003 demanded 6665 clamped 4096
[kinematics-ws] K clamp binds: eid 1001 demanded 27745 clamped 4096
[kinematics-ws] K clamp binds: eid 1003 demanded 6665 clamped 4096
[kinematics-ws] K clamp binds: eid 1002 demanded 13603 clamped 4096
[kinematics-ws] K clamp binds: eid 1001 demanded 27747 clamped 4096
[kinematics-ws] K clamp binds: eid 1002 demanded 13604 clamped 4096
[kinematics-ws] K clamp binds: eid 1001 demanded 27749 clamped 4096
[kinematics-ws] K clamp binds: eid 1003 demanded 6666 clamped 4096
[kinematics-ws] K clamp binds: eid 1002 demanded 13606 clamped 4096
[kinematics-ws] K clamp binds: eid 1001 demanded 27752 clamped 4096
[kinematics-ws] K clamp binds: eid 1003 demanded 6666 clamped 4096
[kinematics-ws] K clamp binds: eid 1001 demanded 27753 clamped 4096
[kinematics-ws] K clamp binds: eid 1003 demanded 6664 clamped 4096
[kinematics-ws] K clamp binds: eid 1002 demanded 13607 clamped 4096
[kinematics-ws] K clamp binds: eid 1001 demanded 27752 clamped 4096
[kinematics-ws] K clamp binds: eid 1002 demanded 13608 clamped 4096
[kinematics-ws] K clamp binds: eid 1003 demanded 6665 clamped 4096
[kinematics-ws] K clamp binds: eid 1002 demanded 13609 clamped 4096
[kinematics-ws] K clamp binds: eid 1003 demanded 6666 clamped 4096
[kinematics-ws] K clamp binds: eid 1001 demanded 27747 clamped 4096
[kinematics-ws] K clamp binds: eid 1001 demanded 27743 clamped 4096
[kinematics-ws] K clamp binds: eid 1003 demanded 6665 clamped 4096
[kinematics-ws] K clamp binds: eid 1002 demanded 13609 clamped 4096
[kinematics-ws] K clamp binds: eid 1002 demanded 13609 clamped 4096
[kinematics-ws] K clamp binds: eid 1001 demanded 27744 clamped 4096
[kinematics-ws] K clamp binds: eid 1003 demanded 6664 clamped 4096
[kinematics-ws] K clamp binds: eid 1002 demanded 13610 clamped 4096
[kinematics-ws] K clamp binds: eid 1003 demanded 6665 clamped 4096
[kinematics-ws] K clamp binds: eid 1001 demanded 27750 clamped 4096
[kinematics-ws] K clamp binds: eid 1001 demanded 27750 clamped 4096
[kinematics-ws] K clamp binds: eid 1003 demanded 6665 clamped 4096
[kinematics-ws] K clamp binds: eid 1002 demanded 13610 clamped 4096
[kinematics-ws] K clamp binds: eid 1001 demanded 27742 clamped 4096
[kinematics-ws] K clamp binds: eid 1003 demanded 6663 clamped 4096
[kinematics-ws] K clamp binds: eid 1002 demanded 13609 clamped 4096
[kinematics-ws] K clamp binds: eid 1002 demanded 13609 clamped 4096
[kinematics-ws] K clamp binds: eid 1003 demanded 6664 clamped 4096
[kinematics-ws] K clamp binds: eid 1001 demanded 27743 clamped 4096
[kinematics-ws] K clamp binds: eid 1001 demanded 27749 clamped 4096
[kinematics-ws] K clamp binds: eid 1003 demanded 6665 clamped 4096
[kinematics-ws] K clamp binds: eid 1002 demanded 13609 clamped 4096
[kinematics-ws] K clamp binds: eid 1003 demanded 6663 clamped 4096
[kinematics-ws] K clamp binds: eid 1002 demanded 13608 clamped 4096
[kinematics-ws] K clamp binds: eid 1001 demanded 27743 clamped 4096
[kinematics-ws] K clamp binds: eid 1001 demanded 27741 clamped 4096
[kinematics-ws] K clamp binds: eid 1002 demanded 13607 clamped 4096
[kinematics-ws] K clamp binds: eid 1003 demanded 6664 clamped 4096
[kinematics-ws] K clamp binds: eid 1001 demanded 27748 clamped 4096
[kinematics-ws] K clamp binds: eid 1002 demanded 13606 clamped 4096
[kinematics-ws] K clamp binds: eid 1003 demanded 6665 clamped 4096
[kinematics-ws] K clamp binds: eid 1003 demanded 6663 clamped 4096
[kinematics-ws] K clamp binds: eid 1001 demanded 27739 clamped 4096
[kinematics-ws] K clamp binds: eid 1002 demanded 13606 clamped 4096
[kinematics-ws] K clamp binds: eid [kinematics-ws] K clamp binds: eid 1003 demanded 1002 6663 demanded clamped 13606 clamped 40964096

[kinematics-ws] K clamp binds: eid 1001 demanded 27744 clamped 4096
[kinematics-ws] K clamp binds: eid 1002 demanded 13607 clamped 4096
[kinematics-ws] K clamp binds: eid 1001 demanded 27744 clamped 4096
[kinematics-ws] K clamp binds: eid 1003 demanded 6664 clamped 4096
[kinematics-ws] K clamp binds: eid 1003 demanded 6663 clamped 4096
[kinematics-ws] K clamp binds: eid 1002 demanded 13609 clamped 4096
[kinematics-ws] K clamp binds: eid 1001 demanded 27741 clamped 4096
[kinematics-ws] K clamp binds: eid 1002 demanded 13610 clamped 4096
[kinematics-ws] K clamp binds: eid 1001 demanded 27746 clamped 4096
[kinematics-ws] K clamp binds: eid 1003 demanded 6663 clamped 4096
[kinematics-ws] K clamp binds: eid 1001 demanded 27740 clamped 4096
[kinematics-ws] K clamp binds: eid 1003 demanded 6664 clamped 4096
[kinematics-ws] K clamp binds: eid 1002 demanded 13610 clamped 4096
[kinematics-ws] K clamp binds: eid[kinematics-ws] K clamp binds: eid  10021003  demanded demanded 13609 6662 clamped clamped 40964096

[kinematics-ws] K clamp binds: eid 1001 demanded 27747 clamped 4096
[kinematics-ws] K clamp binds: eid 1002 demanded 13607 clamped 4096
[kinematics-ws] K clamp binds: eid 1001 demanded 27742 clamped 4096
[kinematics-ws] K clamp binds: eid 1003 demanded 6663 clamped 4096
[kinematics-ws] K clamp binds: eid 1003 demanded 6664 clamped 4096
[kinematics-ws] K clamp binds: eid 1002 demanded 13605 clamped 4096
[kinematics-ws] K clamp binds: eid 1001 demanded 27746 clamped 4096
[kinematics-ws] K clamp binds: eid 1001 demanded 27747 clamped 4096
[kinematics-ws] K clamp binds: eid 1002 demanded 13606 clamped 4096
[kinematics-ws] K clamp binds: eid 1003 demanded 6662 clamped 4096
[kinematics-ws] K clamp binds: eid 1002 demanded 13608 clamped 4096
[kinematics-ws] K clamp binds: eid 1001 demanded 27743 clamped 4096
[kinematics-ws] K clamp binds: eid 1003 demanded 6664 clamped 4096
[kinematics-ws] K clamp binds: eid 1001 demanded 27753 clamped 4096
[kinematics-ws] K clamp binds: eid 1002 demanded 13609 clamped 4096
[kinematics-ws] K clamp binds: eid 1003 demanded 6663 clamped 4096
[kinematics-ws] K clamp binds: eid 1003 demanded 6662 clamped 4096
[kinematics-ws] K clamp binds: eid 1001 demanded 27745 clamped 4096
[kinematics-ws] K clamp binds: eid 1002 demanded 13607 clamped 4096
[kinematics-ws] K clamp binds: eid 1001 demanded 27749 clamped 4096
[kinematics-ws] K clamp binds: eid 1002 demanded 13605 clamped 4096
[kinematics-ws] K clamp binds: eid 1003 demanded 6664 clamped 4096
[kinematics-ws] K clamp binds: eid 1001 demanded 27756 clamped 4096
[kinematics-ws] K clamp binds: eid 1003 demanded 6662 clamped 4096
[kinematics-ws] K clamp binds: eid 1002 demanded 13605 clamped 4096
[kinematics-ws] K clamp binds: eid 1003 demanded 6663 clamped 4096
[kinematics-ws] K clamp binds: eid 1001 demanded 27749 clamped 4096
[kinematics-ws] K clamp binds: eid 1002 demanded 13608 clamped 4096
[kinematics-ws] K clamp binds: eid 1001 demanded 27750 clamped 4096
[kinematics-ws] K clamp binds: eid 1002 demanded 13608 clamped 4096
[kinematics-ws] K clamp binds: eid 1003 demanded 6663 clamped 4096
[kinematics-ws] K clamp binds: eid 1003 demanded 6662 clamped 4096
[kinematics-ws] K clamp binds: eid 1002 demanded 13604 clamped 4096
[kinematics-ws] K clamp binds: eid 1001 demanded 27759 clamped 4096
[kinematics-ws] K clamp binds: eid 1001 demanded 27760 clamped 4096
[kinematics-ws] K clamp binds: eid 1002 demanded 13604 clamped 4096
[kinematics-ws] K clamp binds: eid 1003 demanded 6664 clamped 4096
[kinematics-ws] K clamp binds: eid 1002 demanded 13607 clamped 4096
[kinematics-ws] K clamp binds: eid 1001 demanded 27754 clamped 4096
[kinematics-ws] K clamp binds: eid 1003 demanded 6662 clamped 4096
[kinematics-ws] K clamp binds: eid 1001 demanded 27754 clamped 4096
[kinematics-ws] K clamp binds: eid 1003 demanded 6663 clamped 4096
[kinematics-ws] K clamp binds: eid 1002 demanded 13606 clamped 4096
[kinematics-ws] K clamp binds: eid 1003 demanded 6663 clamped 4096
[kinematics-ws] K clamp binds: eid 1002 demanded 13602 clamped 4096
[kinematics-ws] K clamp binds: eid 1001 demanded 27760 clamped 4096
[kinematics-ws] K clamp binds: eid 1001 demanded 27766 clamped 4096
[kinematics-ws] K clamp binds: eid 1003 demanded 6662 clamped 4096
[kinematics-ws] K clamp binds: eid 1002 demanded 13604 clamped 4096
[kinematics-ws] K clamp binds: eid 1002 demanded 13607 clamped 4096
[kinematics-ws] K clamp binds: eid 1003 demanded 6663 clamped 4096
[kinematics-ws] K clamp binds: eid 1001 demanded 27768 clamped 4096
[kinematics-ws] K clamp binds: eid 1002 demanded 13602 clamped 4096
[kinematics-ws] K clamp binds: eid 1003 demanded 6662 clamped 4096
[kinematics-ws] K clamp binds: eid 1001 demanded 27767 clamped 4096
[kinematics-ws] K clamp binds: eid 1002 demanded 13603 clamped 4096
[kinematics-ws] K clamp binds: eid 1001 demanded 27765 clamped 4096
[kinematics-ws] K clamp binds: eid 1003 demanded 6664 clamped 4096
[kinematics-ws] K clamp binds: eid 1001 demanded 27763 clamped 4096
[kinematics-ws] K clamp binds: eid 1003 demanded 6662 clamped 4096
[kinematics-ws] K clamp binds: eid 1002 demanded 13606 clamped 4096
[kinematics-ws] K clamp binds: eid 1002 demanded 13602 clamped 4096
[kinematics-ws] K clamp binds: eid 1003 demanded 6663 clamped 4096
[kinematics-ws] K clamp binds: eid 1001 demanded 27762 clamped 4096
[kinematics-ws] K clamp binds: eid 1001 demanded 27762 clamped 4096
[kinematics-ws] K clamp binds: eid 1002 demanded 13603 clamped 4096
[kinematics-ws] K clamp binds: eid 1003 demanded 6662 clamped 4096
[kinematics-ws] K clamp binds: eid 1002 demanded 13605 clamped [kinematics-ws] K clamp binds: eid4096 
1001 demanded 27762 clamped 4096
[kinematics-ws] K clamp binds: eid 1003 demanded 6663 clamped 4096
[kinematics-ws] K clamp binds: eid 1002 demanded 13600 clamped 4096
[kinematics-ws] K clamp binds: eid 1001 demanded 27762 clamped 4096
[kinematics-ws] K clamp binds: eid 1003 demanded 6663 clamped 4096
[kinematics-ws] K clamp binds: eid 1002 demanded 13605 clamped 4096
[kinematics-ws] K clamp binds: eid 1003 demanded 6663 clamped 4096
[kinematics-ws] K clamp binds: eid 1001 demanded 27762 clamped 4096
[kinematics-ws] K clamp binds: eid 1001 demanded 27763 clamped 4096
[kinematics-ws] K clamp binds: eid 1002 demanded 13603 clamped 4096
[kinematics-ws] K clamp binds: eid 1003 demanded 6663 clamped 4096
[kinematics-ws] K clamp binds: eid 1002 demanded 13601 clamped 4096
[kinematics-ws] K clamp binds: eid 1003 demanded 6663 clamped 4096
[kinematics-ws] K clamp binds: eid 1001 demanded 27766 clamped 4096
[kinematics-ws] K clamp binds: eid 1002 demanded 13605 clamped 4096
[kinematics-ws] K clamp binds: eid 1003 demanded 6664 clamped 4096
[kinematics-ws] K clamp binds: eid 1001 demanded 27769 clamped 4096
[kinematics-ws] K clamp binds: eid 1001 demanded 27774 clamped 4096
[kinematics-ws] K clamp binds: eid 1003 demanded 6663 clamped 4096
[kinematics-ws] K clamp binds: eid 1002 demanded 13600 clamped 4096
[kinematics-ws] K clamp binds: eid 1002 demanded 13605 clamped 4096
[kinematics-ws] K clamp binds: eid 1003 demanded 6664 clamped 4096
[kinematics-ws] K clamp binds: eid 1001 demanded 27775 clamped 4096
[kinematics-ws] K clamp binds: eid 1002 demanded 13601 clamped 4096
[kinematics-ws] K clamp binds: eid 1001 demanded 27772 clamped 4096
[kinematics-ws] K clamp binds: eid 1003 demanded 6663 clamped 4096
[kinematics-ws] K clamp binds: eid 1001 demanded 27764 clamped 4096
[kinematics-ws] K clamp binds: eid 1003 demanded 6664 clamped 4096
[kinematics-ws] K clamp binds: eid 1002 demanded 13604 clamped 4096
[kinematics-ws] K clamp binds: eid 1001 demanded 27760 clamped 4096
[kinematics-ws] K clamp binds: eid 1002 demanded 13602 clamped 4096
[kinematics-ws] K clamp binds: eid 1003 demanded 6663 clamped 4096
[kinematics-ws] K clamp binds: eid 1002 demanded 13604 clamped 4096
[kinematics-ws] K clamp binds: eid 1001 demanded 27766 clamped 4096
[kinematics-ws] K clamp binds: eid 1003 demanded 6664 clamped 4096
[kinematics-ws] K clamp binds: eid[kinematics-ws] K clamp binds: eid  10031001  demanded demanded 27773 6663 clamped clamped 40964096

[kinematics-ws] K clamp binds: eid 1002 demanded 13603 clamped 4096
[kinematics-ws] K clamp binds: eid 1003 demanded 6664 clamped 4096
[kinematics-ws] K clamp binds: eid 1001 demanded 27767 [kinematics-ws] K clamp binds: eidclamped  4096
1002 demanded 13603 clamped 4096
[kinematics-ws] K clamp binds: eid 1003 demanded 6664 clamped 4096
[kinematics-ws] K clamp binds: eid 1002 demanded 13603 clamped 4096
[kinematics-ws] K clamp binds: eid 1001 demanded 27758 clamped 4096
[kinematics-ws] K clamp binds: eid 1001 demanded 27766 clamped 4096
[kinematics-ws] K clamp binds: eid 1003 demanded 6664 clamped 4096
[kinematics-ws] K clamp binds: eid 1002 demanded 13604 clamped 4096
[kinematics-ws] K clamp binds: eid 1002 demanded 13603 clamped 4096
[kinematics-ws] K clamp binds: eid 1003 demanded 6665 clamped 4096
[kinematics-ws] K clamp binds: eid 1001 demanded 27770 clamped 4096
[kinematics-ws] K clamp binds: eid 1003 demanded 6664 clamped 4096
[kinematics-ws] K clamp binds: eid 1002 demanded 13606 clamped 4096
[kinematics-ws] K clamp binds: eid 1001 demanded 27757 clamped 4096
[kinematics-ws] K clamp binds: eid 1003 demanded 6665 clamped 4096
[kinematics-ws] K clamp binds: eid 1001 demanded 27765 clamped 4096
[kinematics-ws] K clamp binds: eid 1002 demanded 13603 clamped 4096
[kinematics-ws] K clamp binds: eid 1002 demanded 13608 clamped 4096
[kinematics-ws] K clamp binds: eid 1001 demanded 27767 clamped 4096
[kinematics-ws] K clamp binds: eid 1003 demanded 6664 clamped 4096
[kinematics-ws] K clamp binds: eid 1002 demanded 13602 clamped 4096
[kinematics-ws] K clamp binds: eid 1001 demanded 27756 clamped 4096
[kinematics-ws] K clamp binds: eid 1003 demanded 6666 clamped 4096
[kinematics-ws] K clamp binds: eid 1002 demanded 13609 clamped 4096
[kinematics-ws] K clamp binds: eid 1003 demanded 6665 clamped 4096
[kinematics-ws] K clamp binds: eid 1001 demanded 27770 clamped 4096
[kinematics-ws] K clamp binds: eid 1003 demanded 6666 clamped 4096
[kinematics-ws] K clamp binds: eid 1002 demanded 13604 clamped 4096
[kinematics-ws] K clamp binds: eid 1001 demanded 27757 clamped 4096
[kinematics-ws] K clamp binds: eid 1002 demanded 13607 clamped 4096
[kinematics-ws] K clamp binds: eid 1003 demanded 6666 clamped 4096
[kinematics-ws] K clamp binds: eid 1001 demanded 27768 clamped 4096
[kinematics-ws] K clamp binds: eid 1001 demanded 27759 clamped 4096
[kinematics-ws] K clamp binds: eid 1003 demanded 6666 clamped 4096
[kinematics-ws] K clamp binds: eid 1002 demanded 13609 clamped 4096
[kinematics-ws] K clamp binds: eid 1001 demanded 27768 clamped 4096
[kinematics-ws] K clamp binds: eid 1002 demanded 13605 clamped 4096
[kinematics-ws] K clamp binds: eid 1003 demanded 6667 clamped 4096
[kinematics-ws] K clamp binds: eid 1001 demanded 27759 clamped 4096
[kinematics-ws] K clamp binds: eid 1003 demanded 6666 clamped 4096
[kinematics-ws] K clamp binds: eid 1002 demanded 13611 clamped 4096
[kinematics-ws] K clamp binds: eid 1003 demanded 6667 clamped 4096
[kinematics-ws] K clamp binds: eid 1001 demanded 27771 clamped 4096
[kinematics-ws] K clamp binds: eid 1002 demanded 13608 clamped 4096
[kinematics-ws] K clamp binds: eid 1001 demanded 27758 clamped 4096
[kinematics-ws] K clamp binds: eid 1003 demanded 6667 clamped 4096
[kinematics-ws] K clamp binds: eid 1002 demanded 13607 clamped 4096
[kinematics-ws] K clamp binds: eid 1002 demanded 13613 clamped 4096
[kinematics-ws] K clamp binds: eid 1003 demanded 6667 clamped 4096
[kinematics-ws] K clamp binds: eid 1001 demanded 27773 clamped 4096
[kinematics-ws] K clamp binds: eid 1001 demanded 27763 clamped 4096
[kinematics-ws] K clamp binds: eid 1003 demanded 6668 clamped 4096
[kinematics-ws] K clamp binds: eid 1002 demanded 13610 clamped 4096
[kinematics-ws] K clamp binds: eid 1001 demanded 27767 clamped 4096
[kinematics-ws] K clamp binds: eid 1003 demanded 6667 clamped 4096
[kinematics-ws] K clamp binds: eid 1002 demanded 13609 clamped 4096
[kinematics-ws] K clamp binds: eid 1001 demanded 27776 clamped 4096
[kinematics-ws] K clamp binds: eid 1002 demanded 13615 clamped 4096
[kinematics-ws] K clamp binds: eid 1003 demanded 6668 clamped 4096
[kinematics-ws] K clamp binds: eid 1003 demanded 6668 clamped 4096
[kinematics-ws] K clamp binds: eid 1002 demanded 13613 clamped 4096
[kinematics-ws] K clamp binds: eid 1001 demanded 27765 clamped 4096
[kinematics-ws] K clamp binds: eid 1001 demanded 27771 clamped 4096
[kinematics-ws] K clamp binds: eid 1003 demanded 6668 clamped 4096
[kinematics-ws] K clamp binds: eid 1002 demanded 13610 clamped 4096
[kinematics-ws] K clamp binds: eid 1001 demanded 27780 clamped 4096
[kinematics-ws] K clamp binds: eid 1003 demanded 6669 clamped 4096
[kinematics-ws] K clamp binds: eid 1002 demanded 13615 clamped 4096
[kinematics-ws] K clamp binds: eid 1003 demanded 6669 clamped 4096
[kinematics-ws] K clamp binds: eid 1002 demanded 13617 clamped 4096
[kinematics-ws] K clamp binds: eid 1001 demanded 27773 clamped 4096
[kinematics-ws] K clamp binds: eid 1001 demanded 27769 clamped 4096
[kinematics-ws] K clamp binds: eid 1002 demanded 13614 clamped 4096
[kinematics-ws] K clamp binds: eid 1003 demanded 6669 clamped 4096
[kinematics-ws] K clamp binds: eid 1001 demanded 27778 clamped 4096
[kinematics-ws] K clamp binds: eid 1003 demanded 6670 clamped 4096
[kinematics-ws] K clamp binds: eid 1002 demanded 13613 clamped 4096
[kinematics-ws] K clamp binds: eid 1001 demanded 27785 clamped 4096
[kinematics-ws] K clamp binds: eid 1002 demanded 13618 clamped 4096
[kinematics-ws] K clamp binds: eid 1003 demanded 6670 clamped 4096
[kinematics-ws] K clamp binds: eid 1003 demanded 6670 clamped 4096
[kinematics-ws] K clamp binds: eid 1001 demanded 27783 clamped 4096
[kinematics-ws] K clamp binds: eid 1002 demanded 13620 clamped 4096
[kinematics-ws] K clamp binds: eid 1001 demanded 27777 clamped 4096
[kinematics-ws] K clamp binds: eid 1002 demanded 13618 clamped 4096
[kinematics-ws] K clamp binds: eid 1003 demanded 6671 clamped 4096
[kinematics-ws] K clamp binds: eid 1002 demanded 13615 clamped 4096
[kinematics-ws] K clamp binds: eid 1003 demanded 6671 clamped 4096
[kinematics-ws] K clamp binds: eid 1001 demanded 27775 clamped 4096
[kinematics-ws] K clamp binds: eid 1001 demanded 27778 clamped 4096
[kinematics-ws] K clamp binds: eid 1002 demanded 13617 clamped 4096
[kinematics-ws] K clamp binds: eid 1003 demanded 6671 clamped 4096
[kinematics-ws] K clamp binds: eid 1002 demanded 13621 clamped 4096
[kinematics-ws] K clamp binds: eid 1003 demanded 6672 clamped 4096
[kinematics-ws] K clamp binds: eid 1001 demanded 27783 clamped 4096
[kinematics-ws] K clamp binds: eid 1001 demanded 27787 clamped 4096
[kinematics-ws] K clamp binds: eid 1002 demanded 13623 clamped 4096
[kinematics-ws] K clamp binds: eid 1003 demanded 6672 clamped 4096
[kinematics-ws] K clamp binds: eid 1002 demanded 13622 clamped 4096
[kinematics-ws] K clamp binds: eid 1001 demanded 27790 clamped 4096
[kinematics-ws] K clamp binds: eid 1003 demanded 6672 clamped 4096
[kinematics-ws] K clamp binds: eid 1001 demanded 27792 clamped 4096
[kinematics-ws] K clamp binds: eid 1002 demanded 13620 clamped 4096
[kinematics-ws] K clamp binds: eid 1003 demanded 6673 clamped 4096
[kinematics-ws] K clamp binds: eid 1001 demanded 27793 clamped 4096
[kinematics-ws] K clamp binds: eid 1002 demanded 13619 clamped 4096
[kinematics-ws] K clamp binds: eid 1003 demanded 6674 clamped 4096
[kinematics-ws] K clamp binds: eid 1003 demanded 6673 clamped 4096
[kinematics-ws] K clamp binds: eid 1001 demanded 27793 clamped 4096
[kinematics-ws] K clamp binds: eid 1002 demanded 13621 clamped 4096
[kinematics-ws] K clamp binds: eid 1001 demanded 27793 clamped 4096
[kinematics-ws] K clamp binds: eid 1002 demanded 13623 clamped 4096
[kinematics-ws] K clamp binds: eid 1003 demanded 6673 clamped 4096
[kinematics-ws] K clamp binds: eid 1003 demanded 6675 clamped 4096
[kinematics-ws] K clamp binds: eid 1002 demanded 13626 clamped 4096
[kinematics-ws] K clamp binds: eid 1001 demanded 27792 clamped 4096
[kinematics-ws] K clamp binds: eid 1003 demanded 6675 clamped 4096
[kinematics-ws] K clamp binds: eid 1001 demanded 27790 clamped 4096
[kinematics-ws] K clamp binds: eid 1002 demanded 13627 clamped 4096
[kinematics-ws] K clamp binds: eid 1002 demanded 13627 clamped 4096
[kinematics-ws] K clamp binds: eid 1001 demanded 27787 clamped 4096
[kinematics-ws] K clamp binds: eid 1003 demanded 6674 clamped 4096
[kinematics-ws] K clamp binds: eid 1003 demanded 6675 clamped 4096
[kinematics-ws] K clamp binds: eid 1001 demanded 27784 clamped 4096
[kinematics-ws] K clamp binds: eid 1002 demanded 13627 clamped 4096
[kinematics-ws] K clamp binds: eid 1002 demanded 13626 clamped 4096
[kinematics-ws] K clamp binds: eid 1003 demanded 6676 clamped 4096
[kinematics-ws] K clamp binds: eid 1001 demanded 27782 clamped 4096
[kinematics-ws] K clamp binds: eid 1001 demanded 27785 clamped 4096
[kinematics-ws] K clamp binds: eid 1002 demanded 13625 clamped 4096
[kinematics-ws] K clamp binds: eid 1003 demanded 6676 clamped 4096
[kinematics-ws] K clamp binds: eid 1002 demanded 13625 clamped 4096
[kinematics-ws] K clamp binds: eid 1003 demanded 6676 clamped 4096
[kinematics-ws] K clamp binds: eid 1001 demanded 27790 clamped 4096
[kinematics-ws] K clamp binds: eid 1001 demanded 27794 clamped 4096
[kinematics-ws] K clamp binds: eid 1003 demanded 6676 clamped 4096
[kinematics-ws] K clamp binds: eid 1002 demanded 13624 clamped 4096
[kinematics-ws] K clamp binds: eid 1001 demanded 27789 clamped 4096
[kinematics-ws] K clamp binds: eid 1002 demanded 13624 clamped 4096
[kinematics-ws] K clamp binds: eid 1003 demanded 6678 clamped 4096
[kinematics-ws] K clamp binds: eid 1001 demanded 27781 clamped 4096
[kinematics-ws] K clamp binds: eid 1003 demanded 6678 clamped 4096
[kinematics-ws] K clamp binds: eid 1002 demanded 13624 clamped 4096
[kinematics-ws] K clamp binds: eid 1003 demanded 6677 clamped 4096
[kinematics-ws] K clamp binds: eid 1001 demanded 27783 clamped 4096
[kinematics-ws] K clamp binds: eid 1002 demanded 13624 clamped 4096
[kinematics-ws] K clamp binds: eid 1002 demanded 13624 clamped 4096
[kinematics-ws] K clamp binds: eid 1003 demanded 6677 clamped 4096
[kinematics-ws] K clamp binds: eid 1001 demanded 27791 clamped 4096
[kinematics-ws] K clamp binds: eid 1003 demanded 6678 clamped 4096
[kinematics-ws] K clamp binds: eid 1001 demanded 27786 clamped 4096
[kinematics-ws] K clamp binds: eid 1002 demanded 13624 clamped 4096
[kinematics-ws] K clamp binds: eid 1002 demanded 13625 clamped 4096
[kinematics-ws] K clamp binds: eid 1003 demanded 6679 clamped 4096
[kinematics-ws] K clamp binds: eid 1001 demanded 27778 clamped 4096
[kinematics-ws] K clamp binds: eid 1002 demanded 13625 clamped 4096
[kinematics-ws] K clamp binds: eid 1003 demanded 6680 clamped 4096
[kinematics-ws] K clamp binds: eid 1001 demanded 27787 clamped 4096
[kinematics-ws] K clamp binds: eid 1001 demanded 27786 clamped 4096
[kinematics-ws] K clamp binds: eid 1002 demanded 13625 clamped 4096
[kinematics-ws] K clamp binds: eid 1003 demanded 6679 clamped 4096
[kinematics-ws] K clamp binds: eid 1001 demanded 27777 clamped 4096
[kinematics-ws] K clamp binds: eid 1003 demanded 6679 clamped 4096
[kinematics-ws] K clamp binds: eid 1002 demanded 13626 clamped 4096
[kinematics-ws] K clamp binds: eid 1002 demanded 13627 clamped 4096
[kinematics-ws] K clamp binds: eid 1003 demanded 6680 clamped 4096
[kinematics-ws] K clamp binds: eid 1001 demanded 27789 clamped 4096
[kinematics-ws] K clamp binds: eid 1002 demanded 13629 clamped 4096
[kinematics-ws] K clamp binds: eid 1001 demanded 27780 clamped 4096
[kinematics-ws] K clamp binds: eid 1003 demanded 6681 clamped 4096
[kinematics-ws] K clamp binds: eid[kinematics-ws] K clamp binds: eid  10031001  demanded demanded 27783 6681 clamped clamped 40964096

[kinematics-ws] K clamp binds: eid 1002 demanded 13630 clamped 4096
[kinematics-ws] K clamp binds: eid 1001 demanded 27784 clamped 4096
[kinematics-ws] K clamp binds: eid 1002 demanded 13632 clamped 4096
[kinematics-ws] K clamp binds: eid 1003 demanded 6681 clamped 4096
[kinematics-ws] K clamp binds: eid 1001 demanded 27780 clamped 4096
[kinematics-ws] K clamp binds: eid 1002 demanded 13632 clamped 4096
[kinematics-ws] K clamp binds: eid 1003 demanded 6681 clamped 4096
[kinematics-ws] K clamp binds: eid 1001 demanded 27787 clamped 4096
[kinematics-ws] K clamp binds: eid 1003 demanded 6681 clamped 4096
[kinematics-ws] K clamp binds: eid 1002 demanded 13631 clamped 4096
[kinematics-ws] K clamp binds: eid 1001 demanded 27781 clamped 4096
[kinematics-ws] K clamp binds: eid 1002 demanded 13629 clamped 4096
[kinematics-ws] K clamp binds: eid 1003 demanded 6681 clamped 4096
[kinematics-ws] K clamp binds: eid 1003 demanded 6682 clamped 4096
[kinematics-ws] K clamp binds: eid 1002 demanded 13626 clamped 4096
[kinematics-ws] K clamp binds: eid 1001 demanded 27786 clamped 4096
[kinematics-ws] K clamp binds: eid 1003 demanded 6683 clamped 4096
[kinematics-ws] K clamp binds: eid 1002 demanded 13624 clamped 4096
[kinematics-ws] K clamp binds: eid 1001 demanded 27785 clamped 4096
[kinematics-ws] K clamp binds: eid 1001 demanded 27783 clamped 4096
[kinematics-ws] K clamp binds: eid 1003 demanded 6683 clamped 4096
[kinematics-ws] K clamp binds: eid 1002 demanded 13626 clamped 4096
[kinematics-ws] K clamp binds: eid 1002 demanded 13629 clamped 4096
[kinematics-ws] K clamp binds: eid 1001 demanded 27792 clamped 4096
[kinematics-ws] K clamp binds: eid 1003 demanded 6683 clamped 4096
[kinematics-ws] K clamp binds: eid 1001 demanded 27781 clamped 4096
[kinematics-ws] K clamp binds: eid 1003 demanded 6683 clamped 4096
[kinematics-ws] K clamp binds: eid 1002 demanded 13631 clamped 4096
[kinematics-ws] K clamp binds: eid 1002 demanded 13630 clamped 4096
[kinematics-ws] K clamp binds: eid 1003 demanded 6683 clamped 4096
[kinematics-ws] K clamp binds: eid 1001 demanded 27792 clamped 4096
[kinematics-ws] K clamp binds: eid 1001 demanded 27792 clamped 4096
[kinematics-ws] K clamp binds: eid 1002 demanded 13625 clamped 4096
[kinematics-ws] K clamp binds: eid 1003 demanded 6683 clamped 4096
[kinematics-ws] K clamp binds: eid 1003 demanded 6684 clamped 4096
[kinematics-ws] K clamp binds: eid 1001 demanded 27784 clamped 4096
[kinematics-ws] K clamp binds: eid 1002 demanded 13623 clamped 4096
[kinematics-ws] K clamp binds: eid[kinematics-ws] K clamp binds: eid  1002 1001 demandeddemanded  27795 13627 clamped clamped 40964096

[kinematics-ws] K clamp binds: eid 1003 demanded 6684 clamped 4096
[kinematics-ws] K clamp binds: eid[kinematics-ws] K clamp binds: eid  1002 1003 demanded demanded 136306685 clamped  clamped 40964096

[kinematics-ws] K clamp binds: eid 1001 demanded 27798 clamped 4096
[kinematics-ws] K clamp binds: eid 1001 demanded 27790 clamped 4096
[kinematics-ws] K clamp binds: eid 1002 demanded 13628 clamped 4096
[kinematics-ws] K clamp binds: eid 1003 demanded 6685 clamped 4096
[kinematics-ws] K clamp binds: eid 1002 demanded 13622 clamped 4096
[kinematics-ws] K clamp binds: eid 1001 demanded 27792 clamped 4096
[kinematics-ws] K clamp binds: eid 1003 demanded 6685 clamped 4096
[kinematics-ws] K clamp binds: eid 1002 demanded 13624 clamped 4096
[kinematics-ws] K clamp binds: eid 1003 demanded 6685 clamped 4096
[kinematics-ws] K clamp binds: eid 1001 demanded 27802 clamped 4096
[kinematics-ws] K clamp binds: eid 1001 demanded 27805 clamped 4096
[kinematics-ws] K clamp binds: eid 1002 demanded 13629 clamped 4096
[kinematics-ws] K clamp binds: eid 1003 demanded 6685 clamped 4096
[kinematics-ws] K clamp binds: eid 1003 demanded 6685 clamped 4096
[kinematics-ws] K clamp binds: eid 1002 demanded 13627 clamped 4096
[kinematics-ws] K clamp binds: eid 1001 demanded 27800 clamped 4096
[kinematics-ws] K clamp binds: eid 1002 demanded 13621 clamped 4096
[kinematics-ws] K clamp binds: eid 1001 demanded 27796 clamped 4096
[kinematics-ws] K clamp binds: eid 1003 demanded 6685 clamped 4096
[kinematics-ws] K clamp binds: eid 1001 demanded 27796 clamped 4096
[kinematics-ws] K clamp binds: eid 1003 demanded 6685 clamped 4096
[kinematics-ws] K clamp binds: eid 1002 demanded 13625 clamped 4096
[kinematics-ws] K clamp binds: eid 1001 demanded 27801 clamped 4096
[kinematics-ws] K clamp binds: eid 1002 demanded 13629 clamped 4096
[kinematics-ws] K clamp binds: eid 1003 demanded 6686 clamped 4096
[kinematics-ws] K clamp binds: eid 1001 demanded 27805 clamped 4096
[kinematics-ws] K clamp binds: eid 1002 demanded 13622 clamped 4096
[kinematics-ws] K clamp binds: eid 1003 demanded 6686 clamped 4096
[kinematics-ws] K clamp binds: eid 1001 demanded 27809 clamped 4096
[kinematics-ws] K clamp binds: eid 1003 demanded 6686 clamped 4096
[kinematics-ws] K clamp binds: eid 1002 demanded 13622 clamped 4096
[kinematics-ws] K clamp binds: eid 1001 demanded 27811 clamped 4096
[kinematics-ws] K clamp binds: eid 1002 demanded 13628 clamped 4096
[kinematics-ws] K clamp binds: eid 1003 demanded 6686 clamped 4096
[kinematics-ws] K clamp binds: eid 1002 demanded 13622 clamped 4096
[kinematics-ws] K clamp binds: eid 1001 demanded 27812 clamped 4096
[kinematics-ws] K clamp binds: eid 1003 demanded 6686 clamped 4096
[kinematics-ws] K clamp binds: eid 1002 demanded 13621 clamped 4096
[kinematics-ws] K clamp binds: eid 1003 demanded 6687 clamped 4096
[kinematics-ws] K clamp binds: eid 1001 demanded 27813 clamped 4096
[kinematics-ws] K clamp binds: eid 1001 demanded 27813 clamped 4096
[kinematics-ws] K clamp binds: eid 1002 demanded 13627 clamped 4096
[kinematics-ws] K clamp binds: eid 1003 demanded 6687 clamped 4096
[kinematics-ws] K clamp binds: eid 1001 demanded 27813 clamped 4096
[kinematics-ws] K clamp binds: eid 1002 demanded 13620 clamped 4096
[kinematics-ws] K clamp binds: eid 1003 demanded 6687 clamped 4096
[kinematics-ws] K clamp binds: eid 1002 demanded 13623 clamped 4096
[kinematics-ws] K clamp binds: eid 1003 demanded 6687 clamped 4096
[kinematics-ws] K clamp binds: eid 1001 demanded 27812 clamped 4096
[kinematics-ws] K clamp binds: eid 1002 demanded 13626 clamped 4096
[kinematics-ws] K clamp binds: eid 1003 demanded 6687 clamped 4096
[kinematics-ws] K clamp binds: eid 1001 demanded 27810 clamped 4096
[kinematics-ws] K clamp binds: eid 1001 demanded 27807 clamped 4096
[kinematics-ws] K clamp binds: eid 1002 demanded 13619 clamped 4096
[kinematics-ws] K clamp binds: eid 1003 demanded 6687 clamped 4096
[kinematics-ws] K clamp binds: eid 1001 demanded 27804 clamped 4096
[kinematics-ws] K clamp binds: eid 1003 demanded 6687 clamped 4096
[kinematics-ws] K clamp binds: eid 1002 demanded 13626 clamped 4096
[kinematics-ws] K clamp binds: eid 1003 demanded 6687 clamped 4096
[kinematics-ws] K clamp binds: eid 1001 demanded 27803 clamped 4096
[kinematics-ws] K clamp binds: eid 1002 demanded 13621 clamped 4096
[kinematics-ws] K clamp binds: eid 1001 demanded 27806 clamped 4096
[kinematics-ws] K clamp binds: eid 1002 demanded 13623 clamped 4096
[kinematics-ws] K clamp binds: eid 1003 demanded 6687 clamped 4096
[kinematics-ws] K clamp binds: eid 1001 demanded 27810 clamped 4096
[kinematics-ws] K clamp binds: eid 1003 demanded 6687 clamped 4096
[kinematics-ws] K clamp binds: eid 1002 demanded 13624 clamped 4096
[kinematics-ws] K clamp binds: eid 1001 demanded 27812 clamped 4096
[kinematics-ws] K clamp binds: eid 1003 demanded 6687 clamped 4096
[kinematics-ws] K clamp binds: eid 1002 demanded 13620 clamped 4096
[kinematics-ws] K clamp binds: eid 1001 demanded 27807 clamped 4096
[kinematics-ws] K clamp binds: eid 1002 demanded 13626 clamped 4096
[kinematics-ws] K clamp binds: eid 1003 demanded 6687 clamped 4096
[kinematics-ws] K clamp binds: eid 1001 demanded 27802 clamped 4096
[kinematics-ws] K clamp binds: eid 1002 demanded 13619 clamped 4096
[kinematics-ws] K clamp binds: eid 1003 demanded 6687 clamped 4096
[kinematics-ws] K clamp binds: eid 1003 demanded 6687 clamped 4096
[kinematics-ws] K clamp binds: eid 1001 demanded 27805 clamped 4096
[kinematics-ws] K clamp binds: eid 1002 demanded 13627 clamped 4096
[kinematics-ws] K clamp binds: eid 1001 demanded 27810 clamped 4096
[kinematics-ws] K clamp binds: eid 1002 demanded 13619 clamped 4096
[kinematics-ws] K clamp binds: eid 1003 demanded 6687 clamped 4096
[kinematics-ws] K clamp binds: eid 1001 demanded 27804 clamped 4096
[kinematics-ws] K clamp binds: eid 1002 demanded 13627 clamped 4096
[kinematics-ws] K clamp binds: eid 1003 demanded 6687 clamped 4096
[kinematics-ws] K clamp binds: eid 1003 demanded 6687 clamped 4096
[kinematics-ws] K clamp binds: eid 1001 demanded 27800 clamped 4096
[kinematics-ws] K clamp binds: eid 1002 demanded 13620 clamped 4096
[kinematics-ws] K clamp binds: eid 1003 demanded 6687 clamped 4096
[kinematics-ws] K clamp binds: eid 1002 demanded 13628 clamped 4096
[kinematics-ws] K clamp binds: eid 1001 demanded 27808 clamped 4096
[kinematics-ws] K clamp binds: eid 1003 demanded 6687 clamped 4096
[kinematics-ws] K clamp binds: eid 1001 demanded 27803 clamped 4096
[kinematics-ws] K clamp binds: eid 1002 demanded 13620 clamped 4096
[kinematics-ws] K clamp binds: eid 1001 demanded 27800 clamped 4096
[kinematics-ws] K clamp binds: eid 1003 demanded 6688 clamped 4096
[kinematics-ws] K clamp binds: eid 1002 demanded 13628 clamped 4096
[kinematics-ws] K clamp binds: eid 1001 demanded 27808 clamped 4096
[kinematics-ws] K clamp binds: eid 1003 demanded 6689 clamped 4096
[kinematics-ws] K clamp binds: eid 1002 demanded 13621 clamped 4096
[kinematics-ws] K clamp binds: eid 1001 demanded 27798 clamped 4096
[kinematics-ws] K clamp binds: eid 1003 demanded 6689 clamped 4096
[kinematics-ws] K clamp binds: eid 1002 demanded 13627 clamped 4096
[kinematics-ws] K clamp binds: eid 1003 demanded 6690 clamped 4096
[kinematics-ws] K clamp binds: eid 1002 demanded 13624 clamped 4096
[kinematics-ws] K clamp binds: eid 1001 demanded 27806 clamped 4096
[kinematics-ws] K clamp binds: eid 1002 demanded 13625 clamped 4096
[kinematics-ws] K clamp binds: eid 1003 demanded 6690 clamped 4096
[kinematics-ws] K clamp binds: eid 1001 demanded 27801 clamped 4096
[kinematics-ws] K clamp binds: eid 1003 demanded 6690 clamped 4096
[kinematics-ws] K clamp binds: eid 1002 demanded 13629 clamped 4096
[kinematics-ws] K clamp binds: eid 1001 demanded 27804 clamped 4096
[kinematics-ws] K clamp binds: eid 1001 demanded 27803 clamped 4096
[kinematics-ws] K clamp binds: eid 1003 demanded 6689 clamped 4096
[kinematics-ws] K clamp binds: eid 1002 demanded 13623 clamped 4096
[kinematics-ws] K clamp binds: eid 1002 demanded 13630 clamped 4096
[kinematics-ws] K clamp binds: eid 1001 demanded 27805 clamped 4096
[kinematics-ws] K clamp binds: eid 1003 demanded 6688 clamped 4096
[kinematics-ws] K clamp binds: eid 1001 demanded 27802 clamped 4096
[kinematics-ws] K clamp binds: eid 1003 demanded 6687 clamped 4096
[kinematics-ws] K clamp binds: eid 1002 demanded 13626 clamped 4096
[kinematics-ws] K clamp binds: eid 1001 demanded 27809 clamped 4096
[kinematics-ws] K clamp binds: eid 1003 demanded 6687 clamped 4096
[kinematics-ws] K clamp binds: eid 1002 demanded 13627 clamped 4096
[kinematics-ws] K clamp binds: eid 1002 demanded 13632 clamped 4096
[kinematics-ws] K clamp binds: eid 1003 demanded 6687 clamped 4096
[kinematics-ws] K clamp binds: eid 1001 demanded 27801 clamped 4096
[kinematics-ws] K clamp binds: eid 1002 demanded 13626 clamped 4096
[kinematics-ws] K clamp binds: eid 1003 demanded 6687 clamped 4096
[kinematics-ws] K clamp binds: eid 1001 demanded 27812 clamped 4096
[kinematics-ws] K clamp binds: eid 1002 demanded 13630 clamped 4096
[kinematics-ws] K clamp binds: eid 1003 demanded 6689 clamped 4096
[kinematics-ws] K clamp binds: eid 1001 demanded 27805 clamped 4096
[kinematics-ws] K clamp binds: eid 1002 demanded 13633 clamped 4096
[kinematics-ws] K clamp binds: eid 1001 demanded 27807 clamped 4096
[kinematics-ws] K clamp binds: eid 1003 demanded 6690 clamped 4096
[kinematics-ws] K clamp binds: eid 1002 demanded 13628 clamped 4096
[kinematics-ws] K clamp binds: eid 1001 demanded 27815 clamped 4096
[kinematics-ws] K clamp binds: eid 1003 demanded 6690 clamped 4096
[kinematics-ws] K clamp binds: eid 1003 demanded 6689 clamped 4096
[kinematics-ws] K clamp binds: eid 1002 demanded 13631 clamped 4096
[kinematics-ws] K clamp binds: eid 1001 demanded 27807 clamped 4096
[kinematics-ws] K clamp binds: eid[kinematics-ws] K clamp binds: eid  1003 1001 demandeddemanded  6688 27810 clampedclamped  40964096

[kinematics-ws] K clamp binds: eid 1002 demanded 13636 clamped 4096
[kinematics-ws] K clamp binds: eid 1001 demanded 27819 clamped 4096
[kinematics-ws] K clamp binds: eid 1002 demanded 13631 clamped 4096
[kinematics-ws] K clamp binds: eid 1003 demanded 6686 clamped 4096
[kinematics-ws] K clamp binds: eid 1002 demanded 13631 clamped 4096
[kinematics-ws] K clamp binds: eid 1003 demanded 6686 clamped 4096
[kinematics-ws] K clamp binds: eid 1001 demanded 27816 clamped 4096
[kinematics-ws] K clamp binds: eid 1002 demanded 13637 clamped 4096
[kinematics-ws] K clamp binds: eid 1001 demanded 27811 clamped 4096
[kinematics-ws] K clamp binds: eid 1003 demanded 6688 clamped 4096
[kinematics-ws] K clamp binds: eid 1002 demanded 13637 clamped 4096
[kinematics-ws] K clamp binds: eid [kinematics-ws] K clamp binds: eid 1003 1001demanded  demanded 6689 27816 clamped clamped 40964096

[kinematics-ws] K clamp binds: eid 1001 demanded 27823 clamped 4096
[kinematics-ws] K clamp binds: eid 1002 demanded 13633 clamped 4096
[kinematics-ws] K clamp binds: eid 1003 demanded 6689 clamped 4096
[kinematics-ws] K clamp binds: eid[kinematics-ws] K clamp binds: eid  1002 1003demanded  13634 demanded 6688 clamped clamped 40964096

[kinematics-ws] K clamp binds: eid 1001 demanded 27825 clamped 4096
[kinematics-ws] K clamp binds: eid 1002 demanded 13639 clamped 4096
[kinematics-ws] K clamp binds: eid 1003 demanded 6686 clamped 4096
[kinematics-ws] K clamp binds: eid 1001 demanded 27822 clamped 4096
[kinematics-ws] K clamp binds: eid 1002 demanded 13640 clamped 4096
[kinematics-ws] K clamp binds: eid 1001 demanded 27819 clamped 4096
[kinematics-ws] K clamp binds: eid 1003 demanded 6686 clamped 4096
[kinematics-ws] K clamp binds: eid 1001 demanded 27818 clamped 4096
[kinematics-ws] K clamp binds: eid 1002 demanded 13637 clamped 4096
[kinematics-ws] K clamp binds: eid 1003 demanded 6687 clamped 4096
[kinematics-ws] K clamp binds: eid 1001 demanded 27820 clamped 4096
[kinematics-ws] K clamp binds: eid 1002 demanded 13635 clamped 4096
[kinematics-ws] K clamp binds: eid 1003 demanded 6688 clamped 4096
[kinematics-ws] K clamp binds: eid 1001 demanded 27823 clamped 4096
[kinematics-ws] K clamp binds: eid 1003 demanded 6688 clamped 4096
[kinematics-ws] K clamp binds: eid 1002 demanded 13638 clamped 4096
[kinematics-ws] K clamp binds: eid 1001 demanded 27825 clamped 4096
[kinematics-ws] K clamp binds: eid 1003 [kinematics-ws] K clamp binds: eiddemanded  6686 clamped 10024096 demanded 13643 clamped 4096

[kinematics-ws] K clamp binds: eid 1001 demanded 27827 clamped 4096
[kinematics-ws] K clamp binds: eid 1003 demanded 6685 clamped 4096
[kinematics-ws] K clamp binds: eid 1002 demanded 13644 clamped 4096
[kinematics-ws] K clamp binds: eid 1001 demanded 27828 clamped 4096
[kinematics-ws] K clamp binds: eid 1002 demanded 13642 clamped 4096
[kinematics-ws] K clamp binds: eid 1003 demanded 6686 clamped 4096
[kinematics-ws] K clamp binds: eid 1003 demanded 6688 clamped [kinematics-ws] K clamp binds: eid 40961002 demanded 13639 clamped 
4096
[kinematics-ws] K clamp binds: eid 1001 demanded 27828 clamped 4096
[kinematics-ws] K clamp binds: eid 1002 demanded 13639 clamped 4096
[kinematics-ws] K clamp binds: eid 1001 demanded 27827 clamped 4096
[kinematics-ws] K clamp binds: eid 1003 demanded 6688 clamped 4096
[kinematics-ws] K clamp binds: eid 1002 demanded 13640 clamped 4096
[kinematics-ws] K clamp binds: eid 1001 demanded 27825 clamped 4096
[kinematics-ws] K clamp binds: eid 1003 demanded 6686 clamped 4096
[kinematics-ws] K clamp binds: eid 1001 demanded 27823 clamped 4096
[kinematics-ws] K clamp binds: eid 1002 demanded 13643 clamped 4096
[kinematics-ws] K clamp binds: eid 1003 demanded 6685 clamped 4096
[kinematics-ws] K clamp binds: eid 1003 demanded 6686 clamped 4096
[kinematics-ws] K clamp binds: eid 1002 demanded 13646 clamped 4096
[kinematics-ws] K clamp binds: eid 1001 demanded 27822 clamped 4096
[kinematics-ws] K clamp binds: eid 1002 demanded 13648 clamped 4096
[kinematics-ws] K clamp binds: eid 1001 demanded 27822 clamped 4096
[kinematics-ws] K clamp binds: eid 1003 demanded 6687 clamped 4096
[kinematics-ws] K clamp binds: eid 1003 demanded 6686 clamped 4096
[kinematics-ws] K clamp binds: eid 1001 demanded 27826 clamped 4096
[kinematics-ws] K clamp binds: eid 1002 demanded 13649 clamped 4096
[kinematics-ws] K clamp binds: eid 1003 demanded 6684 clamped 4096
[kinematics-ws] K clamp binds: eid 1001 demanded 27832 clamped 4096
[kinematics-ws] K clamp binds: eid 1002 demanded 13648 clamped 4096
[kinematics-ws] K clamp binds: eid[kinematics-ws] K clamp binds: eid  10021001 demanded 13647 clamped  demanded 27835 clamped 40964096

[kinematics-ws] K clamp binds: eid 1003 demanded 6686 clamped 4096
[kinematics-ws] K clamp binds: eid 1001 demanded 27829 clamped 4096
[kinematics-ws] K clamp binds: eid 1003 demanded 6687 clamped 4096
[kinematics-ws] K clamp binds: eid 1002 demanded 13646 clamped 4096
[kinematics-ws] K clamp binds: eid 1003 demanded 6686 clamped 4096
[kinematics-ws] K clamp binds: eid 1001 demanded 27821 clamped 4096
[kinematics-ws] K clamp binds: eid 1002 demanded 13645 clamped 4096
[kinematics-ws] K clamp binds: eid 1001 demanded 27822 clamped 4096
[kinematics-ws] K clamp binds: eid 1003 demanded 6684 clamped 4096
[kinematics-ws] K clamp binds: eid 1002 demanded 13644 clamped 4096
[kinematics-ws] K clamp binds: eid 1001 demanded 27831 clamped 4096
[kinematics-ws] K clamp binds: eid 1002 demanded 13644 clamped 4096
[kinematics-ws] K clamp binds: eid 1003 demanded 6685 clamped 4096
[kinematics-ws] K clamp binds: eid 1002 demanded 13644 clamped 4096
[kinematics-ws] K clamp binds: eid 1001 demanded 27829 clamped 4096
[kinematics-ws] K clamp binds: eid 1003 demanded 6686 clamped 4096
[kinematics-ws] K clamp binds: eid 1002 demanded 13643 clamped 4096
[kinematics-ws] K clamp binds: eid 1003 demanded 6685 clamped 4096
[kinematics-ws] K clamp binds: eid 1001 demanded 27818 clamped 4096
[kinematics-ws] K clamp binds: eid 1001 demanded 27824 clamped 4096
[kinematics-ws] K clamp binds: eid 1003 demanded 6684 clamped 4096
[kinematics-ws] K clamp binds: eid 1002 demanded 13644 clamped 4096
[kinematics-ws] K clamp binds: eid 1003 demanded 6686 clamped 4096
[kinematics-ws] K clamp binds: eid 1002 demanded 13644 clamped 4096
[kinematics-ws] K clamp binds: eid 1001 demanded 27830 clamped 4096
[kinematics-ws] K clamp binds: eid 1001 demanded 27817 clamped 4096
[kinematics-ws] K clamp binds: eid 1002 demanded 13644 clamped 4096
[kinematics-ws] K clamp binds: eid 1003 demanded 6686 clamped 4096
[kinematics-ws] K clamp binds: eid[kinematics-ws] K clamp binds: eid  1002 demanded 13644 clamped 4096
1003 demanded 6683 clamped 4096
[kinematics-ws] K clamp binds: eid 1001 demanded 27825 clamped 4096
[kinematics-ws] K clamp binds: eid 1003 demanded 6684 clamped 4096
[kinematics-ws] K clamp binds: eid 1002 demanded 13645 clamped 4096
[kinematics-ws] K clamp binds: eid 1001 demanded 27826 clamped 4096
[kinematics-ws] K clamp binds: eid 1001 demanded 27817 clamped 4096
[kinematics-ws] K clamp binds: eid 1003 demanded 6686 clamped 4096
[kinematics-ws] K clamp binds: eid 1002 demanded 13646 clamped 4096
[kinematics-ws] K clamp binds: eid 1001 demanded 27829 clamped 4096
[kinematics-ws] K clamp binds: eid 1002 demanded 13648 clamped 4096
[kinematics-ws] K clamp binds: eid 1003 demanded 6684 clamped 4096
[kinematics-ws] K clamp binds: eid 1003 demanded 6683 clamped 4096
[kinematics-ws] K clamp binds: eid 1002 demanded 13650 clamped 4096
[kinematics-ws] K clamp binds: eid 1001 demanded 27816 clamped 4096
[kinematics-ws] K clamp binds: eid 1001 demanded 27829 clamped 4096
[kinematics-ws] K clamp binds: eid 1003 demanded 6685 clamped 4096
[kinematics-ws] K clamp binds: eid 1002 demanded 13652 clamped 4096
[kinematics-ws] K clamp binds: eid 1001 demanded 27817 clamped 4096
[kinematics-ws] K clamp binds: eid 1002 demanded 13653 clamped 4096
[kinematics-ws] K clamp binds: eid 1003 demanded 6684 clamped 4096
[kinematics-ws] K clamp binds: eid 1003 demanded 6683 clamped 4096
[kinematics-ws] K clamp binds: eid 1002 demanded 13653 clamped 4096
[kinematics-ws] K clamp binds: eid 1001 demanded 27830 clamped 4096
[kinematics-ws] K clamp binds: eid 1002 demanded 13651 clamped 4096
[kinematics-ws] K clamp binds: eid 1001 demanded 27818 clamped 4096
[kinematics-ws] K clamp binds: eid 1003 demanded 6685 clamped 4096
[kinematics-ws] K clamp binds: eid 1001 demanded 27831 clamped 4096
[kinematics-ws] K clamp binds: eid 1002 demanded 13647 clamped 4096
[kinematics-ws] K clamp binds: eid 1003 demanded 6684 clamped 4096
[kinematics-ws] K clamp binds: eid 1001 demanded 27821 clamped 4096
[kinematics-ws] K clamp binds: eid 1003 demanded 6682 clamped 4096
[kinematics-ws] K clamp binds: eid 1002 demanded 13644 clamped 4096
[kinematics-ws] K clamp binds: eid 1003 demanded 6685 clamped 4096
[kinematics-ws] K clamp binds: eid 1002 demanded 13643 clamped 4096
[kinematics-ws] K clamp binds: eid 1001 demanded 27828 clamped 4096
[kinematics-ws] K clamp binds: eid 1001 demanded 27830 clamped 4096
[kinematics-ws] K clamp binds: eid 1002 demanded 13646 clamped 4096
[kinematics-ws] K clamp binds: eid 1003 demanded 6684 clamped 4096
[kinematics-ws] K clamp binds: eid 1002 demanded 13651 clamped 4096
[kinematics-ws] K clamp binds: eid 1001 demanded 27823 clamped 4096
[kinematics-ws] K clamp binds: eid 1003 demanded 6682 clamped 4096
[kinematics-ws] K clamp binds: eid 1001 demanded 27835 clamped 4096
[kinematics-ws] K clamp binds: eid 1002 demanded 13652 clamped 4096
[kinematics-ws] K clamp binds: eid 1003 demanded 6685 clamped 4096
[kinematics-ws] K clamp binds: eid 1001 demanded 27832 clamped 4096
[kinematics-ws] K clamp binds: eid 1003 demanded 6683 clamped 4096
[kinematics-ws] K clamp binds: eid 1002 demanded 13649 clamped 4096
[kinematics-ws] K clamp binds: eid 1002 demanded 13643 clamped 4096
[kinematics-ws] K clamp binds: eid 1001 demanded 27826 clamped 4096
[kinematics-ws] K clamp binds: eid 1003 demanded 6682 clamped 4096
[kinematics-ws] K clamp binds: eid 1003 demanded 6685 clamped 4096
[kinematics-ws] K clamp binds: eid 1002 demanded 13643 clamped 4096
[kinematics-ws] K clamp binds: eid 1001 demanded 27836 clamped 4096
[kinematics-ws] K clamp binds: eid 1002 demanded 13648 clamped 4096
[kinematics-ws] K clamp binds: eid 1003 demanded 6682 clamped 4096
[kinematics-ws] K clamp binds: eid 1001 demanded 27841 clamped 4096
[kinematics-ws] K clamp binds: eid 1002 demanded 13651 clamped 4096
[kinematics-ws] K clamp binds: eid 1001 demanded 27834 clamped 4096
[kinematics-ws] K clamp binds: eid 1003 demanded 6683 clamped 4096
[kinematics-ws] K clamp binds: eid 1001 demanded 27831 clamped 4096
[kinematics-ws] K clamp binds: eid 1002 demanded 13646 clamped 4096
[kinematics-ws] K clamp binds: eid 1003 demanded 6684 clamped 4096
[kinematics-ws] K clamp binds: eid 1003 demanded 6681 clamped 4096
[kinematics-ws] K clamp binds: eid 1002 demanded 13641 clamped 4096
[kinematics-ws] K clamp binds: eid 1001 demanded 27838 clamped 4096
[kinematics-ws] K clamp binds: eid 1003 demanded 6684 clamped 4096
[kinematics-ws] K clamp binds: eid 1001 demanded 27845 clamped 4096
[kinematics-ws] K clamp binds: eid 1002 demanded 13645 clamped 4096
[kinematics-ws] K clamp binds: eid 1003 demanded 6683 clamped 4096
[kinematics-ws] K clamp binds: eid 1002 demanded 13650 clamped 4096
[kinematics-ws] K clamp binds: eid 1001 demanded 27847 clamped 4096
[kinematics-ws] K clamp binds: eid 1003 demanded 6682 clamped 4096
[kinematics-ws] K clamp binds: eid 1001 demanded 27844 clamped 4096
[kinematics-ws] K clamp binds: eid 1002 demanded 13645 clamped 4096
[kinematics-ws] K clamp binds: eid 1001 demanded 27840 clamped 4096
[kinematics-ws] K clamp binds: eid 1003 demanded 6684 clamped 4096
[kinematics-ws] K clamp binds: eid 1002 demanded 13640 clamped 4096
[kinematics-ws] K clamp binds: eid 1001 demanded 27839 clamped 4096
[kinematics-ws] K clamp binds: eid 1003 demanded 6681 clamped 4096
[kinematics-ws] K clamp binds: eid 1002 demanded 13647 clamped 4096
[kinematics-ws] K clamp binds: eid 1001 demanded 27839 clamped 4096
[kinematics-ws] K clamp binds: eid 1002 demanded 13648 clamped 4096
[kinematics-ws] K clamp binds: eid 1003 demanded 6684 clamped 4096
[kinematics-ws] K clamp binds: eid 1002 demanded 13640 clamped 4096
[kinematics-ws] K clamp binds: eid 1001 demanded 27840 clamped 4096
[kinematics-ws] K clamp binds: eid 1003 demanded 6683 clamped 4096
[kinematics-ws] K clamp binds: eid 1001 demanded 27842 clamped 4096
[kinematics-ws] K clamp binds: eid 1003 demanded 6682 clamped 4096
[kinematics-ws] K clamp binds: eid 1002 demanded 13644 clamped 4096
[kinematics-ws] K clamp binds: eid 1001 demanded 27842 clamped 4096
[kinematics-ws] K clamp binds: eid 1002 demanded 13648 clamped 4096
[kinematics-ws] K clamp binds: eid 1003 demanded 6684 clamped 4096
[kinematics-ws] K clamp binds: eid 1001 demanded 27842 clamped 4096
[kinematics-ws] K clamp binds: eid 1003 demanded 6681 clamped 4096
[kinematics-ws] K clamp binds: eid 1002 demanded 13640 clamped 4096
[kinematics-ws] K clamp binds: eid 1001 demanded 27842 clamped 4096
[kinematics-ws] K clamp binds: eid 1002 demanded 13643 clamped 4096
[kinematics-ws] K clamp binds: eid 1003 demanded 6684 clamped 4096
[kinematics-ws] K clamp binds: eid 1001 demanded 27841 clamped 4096
[kinematics-ws] K clamp binds: eid 1002 demanded 13647 clamped 4096
[kinematics-ws] K clamp binds: eid 1003 demanded 6682 clamped 4096
[kinematics-ws] K clamp binds: eid 1002 demanded 13639 clamped 4096
[kinematics-ws] K clamp binds: eid 1001 demanded 27840 clamped 4096
[kinematics-ws] K clamp binds: eid 1003 demanded 6683 clamped 4096
[kinematics-ws] K clamp binds: eid 1003 demanded 6683 clamped 4096
[kinematics-ws] K clamp binds: eid 1001 demanded 27841 clamped 4096
[kinematics-ws] K clamp binds: eid 1002 demanded 13645 clamped 4096
[kinematics-ws] K clamp binds: eid 1001 demanded 27845 clamped 4096
[kinematics-ws] K clamp binds: eid 1002 demanded 13644 clamped 4096
[kinematics-ws] K clamp binds: eid 1003 demanded 6682 clamped 4096
[kinematics-ws] K clamp binds: eid 1001 demanded 27852 clamped 4096
[kinematics-ws] K clamp binds: eid 1002 demanded 13639 clamped 4096
[kinematics-ws] K clamp binds: eid 1003 demanded 6684 clamped 4096
[kinematics-ws] K clamp binds: eid 1002 demanded 13647 clamped 4096
[kinematics-ws] K clamp binds: eid 1003 demanded 6681 clamped 4096
[kinematics-ws] K clamp binds: eid 1001 demanded 27857 clamped 4096
[kinematics-ws] K clamp binds: eid 1002 demanded 13639 clamped 4096
[kinematics-ws] K clamp binds: eid 1001 demanded 27854 clamped 4096
[kinematics-ws] K clamp binds: eid 1003 demanded 6684 clamped 4096
[kinematics-ws] K clamp binds: eid 1001 demanded 27844 clamped 4096
[kinematics-ws] K clamp binds: eid 1002 demanded 13645 clamped 4096
[kinematics-ws] K clamp binds: eid 1003 demanded 6681 clamped 4096
[kinematics-ws] K clamp binds: eid 1002 demanded 13642 clamped 4096
[kinematics-ws] K clamp binds: eid 1003 demanded 6684 clamped 4096
[kinematics-ws] K clamp binds: eid 1001 demanded 27838 clamped 4096
[kinematics-ws] K clamp binds: eid 1003 demanded 6682 clamped 4096
[kinematics-ws] K clamp binds: eid 1001 demanded 27845 clamped 4096
[kinematics-ws] K clamp binds: eid 1002 demanded 13642 clamped 4096
[kinematics-ws] K clamp binds: eid 1003 demanded 6684 clamped 4096
[kinematics-ws] K clamp binds: eid 1001 demanded 27855 clamped 4096
[kinematics-ws] K clamp binds: eid 1002 demanded 13645 clamped 4096
[kinematics-ws] K clamp binds: eid 1003 demanded 6682 clamped 4096
[kinematics-ws] K clamp binds: eid 1002 demanded 13640 clamped 4096
[kinematics-ws] K clamp binds: eid 1001 demanded 27846 clamped 4096
[kinematics-ws] K clamp binds: eid [kinematics-ws] K clamp binds: eid 10011002  demanded 13647 demandedclamped  27836 clamped 40964096

[kinematics-ws] K clamp binds: eid 1003 demanded 6684 clamped 4096
[kinematics-ws] K clamp binds: eid 1003 demanded 6682 clamped 4096
[kinematics-ws] K clamp binds: eid 1001 demanded 27849 clamped 4096
[kinematics-ws] K clamp binds: eid 1002 demanded 13639 clamped 4096
[kinematics-ws] K clamp binds: eid 1001 demanded 27849 clamped 4096
[kinematics-ws] K clamp binds: eid 1002 demanded 13647 clamped 4096
[kinematics-ws] K clamp binds: eid 1003 demanded 6684 clamped 4096
[kinematics-ws] K clamp binds: eid 1001 demanded 27834 clamped 4096
[kinematics-ws] K clamp binds: eid 1002 demanded 13640 clamped 4096
[kinematics-ws] K clamp binds: eid 1003 demanded 6683 clamped 4096
[kinematics-ws] K clamp binds: eid 1003 demanded 6684 clamped 4096
[kinematics-ws] K clamp binds: eid 1001 demanded 27849 clamped 4096
[kinematics-ws] K clamp binds: eid 1002 demanded 13647 clamped 4096
[kinematics-ws] K clamp binds: eid 1001 demanded 27843 clamped 4096
[kinematics-ws] K clamp binds: eid 1003 demanded 6683 clamped 4096
[kinematics-ws] K clamp binds: eid 1002 demanded 13640 clamped 4096
[kinematics-ws] K clamp binds: eid 1001 demanded 27838 clamped 4096
[kinematics-ws] K clamp binds: eid 1003 demanded 6685 clamped 4096
[kinematics-ws] K clamp binds: eid 1002 demanded 13647 clamped 4096
[kinematics-ws] K clamp binds: eid 1002 demanded 13643 clamped 4096
[kinematics-ws] K clamp binds: eid 1003 demanded 6683 clamped 4096
[kinematics-ws] K clamp binds: eid 1001 demanded 27851 clamped 4096
[kinematics-ws] K clamp binds: eid 1002 demanded 13645 clamped 4096
[kinematics-ws] K clamp binds: eid 1001 demanded 27834 clamped 4096
[kinematics-ws] K clamp binds: eid 1003 demanded 6685 clamped 4096
[kinematics-ws] K clamp binds: eid 1001 demanded 27852 clamped 4096
[kinematics-ws] K clamp binds: eid 1003 demanded 6683 clamped 4096
[kinematics-ws] K clamp binds: eid 1002 demanded 13646 clamped 4096
[kinematics-ws] K clamp binds: eid 1002 demanded 13643 clamped 4096
[kinematics-ws] K clamp binds: eid 1001 demanded 27834 clamped 4096
[kinematics-ws] K clamp binds: eid 1003 demanded 6686 clamped 4096
[kinematics-ws] K clamp binds: eid 1003 demanded 6683 clamped 4096
[kinematics-ws] K clamp binds: eid 1001 demanded 27853 clamped 4096
[kinematics-ws] K clamp binds: eid 1002 demanded 13650 clamped 4096
[kinematics-ws] K clamp binds: eid 1001 demanded 27835 clamped 4096
[kinematics-ws] K clamp binds: eid 1002 demanded 13642 clamped 4096
[kinematics-ws] K clamp binds: eid 1003 demanded 6686 clamped 4096
[kinematics-ws] K clamp binds: eid 1001 demanded 27853 clamped 4096
[kinematics-ws] K clamp binds: eid 1002 demanded 13650 clamped 4096
[kinematics-ws] K clamp binds: eid 1003 demanded 6684 clamped 4096
[kinematics-ws] K clamp binds: eid 1001 demanded 27839 clamped 4096
[kinematics-ws] K clamp binds: eid 1002 demanded 13647 clamped 4096
[kinematics-ws] K clamp binds: eid 1003 demanded 6685 clamped 4096
[kinematics-ws] K clamp binds: eid 1001 demanded 27848 clamped 4096
[kinematics-ws] K clamp binds: eid 1002 demanded 13645 clamped 4096
[kinematics-ws] K clamp binds: eid 1003 demanded 6685 clamped 4096
[kinematics-ws] K clamp binds: eid 1002 demanded 13653 clamped 4096
[kinematics-ws] K clamp binds: eid 1001 demanded 27852 clamped 4096
[kinematics-ws] K clamp binds: eid 1003 demanded 6685 clamped 4096
[kinematics-ws] K clamp binds: eid 1002 demanded 13646 clamped 4096
[kinematics-ws] K clamp binds: eid 1001 demanded 27840 clamped 4096
[kinematics-ws] K clamp binds: eid 1003 demanded 6687 clamped 4096
[kinematics-ws] K clamp binds: eid 1002 demanded 13648 clamped 4096
[kinematics-ws] K clamp binds: eid 1003 demanded 6684 clamped 4096
[kinematics-ws] K clamp binds: eid 1001 demanded 27857 clamped 4096
[kinematics-ws] K clamp binds: eid 1002 demanded 13655 clamped 4096
[kinematics-ws] K clamp binds: eid 1001 demanded 27852 clamped 4096
[kinematics-ws] K clamp binds: eid 1003 demanded 6687 clamped 4096
[kinematics-ws] K clamp binds: eid 1001 demanded 27843 clamped 4096
[kinematics-ws] K clamp binds: eid 1002 demanded 13647 clamped 4096
[kinematics-ws] K clamp binds: eid 1003 demanded 6685 clamped 4096
[kinematics-ws] K clamp binds: eid 1001 demanded 27857 clamped 4096
[kinematics-ws] K clamp binds: eid 1002 demanded 13650 clamped 4096
[kinematics-ws] K clamp binds: eid 1003 demanded 6687 clamped 4096
[kinematics-ws] K clamp binds: eid 1003 demanded 6687 clamped 4096
[kinematics-ws] K clamp binds: eid 1002 demanded 13657 clamped 4096
[kinematics-ws] K clamp binds: eid 1001 demanded 27862 clamped 4096
[kinematics-ws] K clamp binds: eid 1002 demanded 13651 clamped 4096
[kinematics-ws] K clamp binds: eid 1001 demanded 27851 clamped 4096
[kinematics-ws] K clamp binds: eid 1003 demanded 6686 clamped 4096
[kinematics-ws] K clamp binds: eid 1001 demanded 27849 clamped 4096
[kinematics-ws] K clamp binds: eid 1003 demanded 6688 clamped 4096
[kinematics-ws] K clamp binds: eid 1002 demanded 13649 clamped 4096
[kinematics-ws] K clamp binds: eid 1002 demanded 13657 clamped 4096
[kinematics-ws] K clamp binds: eid 1001 demanded 27860 clamped 4096
[kinematics-ws] K clamp binds: eid 1003 demanded 6687 clamped 4096
[kinematics-ws] K clamp binds: eid 1001 demanded 27869 clamped 4096
[kinematics-ws] K clamp binds: eid 1003 demanded 6687 clamped 4096
[kinematics-ws] K clamp binds: eid 1002 demanded 13658 clamped 4096
[kinematics-ws] K clamp binds: eid 1003 demanded 6689 clamped 4096
[kinematics-ws] K clamp binds: eid 1001 demanded 27867 clamped 4096
[kinematics-ws] K clamp binds: eid 1002 demanded 13652 clamped 4096
[kinematics-ws] K clamp binds: eid 1002 demanded 13653 clamped 4096
[kinematics-ws] K clamp binds: eid 1001 demanded 27860 clamped 4096
[kinematics-ws] K clamp binds: eid 1003 demanded 6687 clamped 4096
[kinematics-ws] K clamp binds: eid 1001 demanded 27856 clamped 4096
[kinematics-ws] K clamp binds: eid 1003 demanded 6689 clamped 4096
[kinematics-ws] K clamp binds: eid 1002 demanded 13660 clamped 4096
[kinematics-ws] K clamp binds: eid 1001 demanded 27855 clamped 4096
[kinematics-ws] K clamp binds: eid 1003 demanded 6689 clamped 4096
[kinematics-ws] K clamp binds: eid 1002 demanded 13661 clamped 4096
[kinematics-ws] K clamp binds: eid 1003 demanded 6688 clamped 4096
[kinematics-ws] K clamp binds: eid 1001 demanded 27858 clamped 4096
[kinematics-ws] K clamp binds: eid 1002 demanded 13656 clamped 4096
[kinematics-ws] K clamp binds: eid 1002 demanded 13654 clamped 4096
[kinematics-ws] K clamp binds: eid 1001 demanded 27861 clamped 4096
[kinematics-ws] K clamp binds: eid 1003 demanded 6690 clamped 4096
[kinematics-ws] K clamp binds: eid 1001 demanded 27864 clamped 4096
[kinematics-ws] K clamp binds: eid 1002 demanded 13658 clamped 4096
[kinematics-ws] K clamp binds: eid 1003 demanded 6690 clamped 4096
[kinematics-ws] K clamp binds: eid 1003 demanded 6689 clamped 4096
[kinematics-ws] K clamp binds: eid 1002 demanded 13664 clamped 4096
[kinematics-ws] K clamp binds: eid 1001 demanded 27866 clamped 4096
[kinematics-ws] K clamp binds: eid[kinematics-ws] K clamp binds: eid  1003 1002demanded  6691 demanded clamped 13665 clamped 40964096

[kinematics-ws] K clamp binds: eid 1001 demanded 27866 clamped 4096
[kinematics-ws] K clamp binds: eid 1003 demanded 6691 clamped 4096
[kinematics-ws] K clamp binds: eid 1001 demanded 27866 clamped 4096
[kinematics-ws] K clamp binds: eid 1002 demanded 13662 clamped 4096
[kinematics-ws] K clamp binds: eid 1003 demanded 6690 clamped 4096
[kinematics-ws] K clamp binds: eid 1002 demanded 13658 clamped 4096
[kinematics-ws] K clamp binds: eid 1001 demanded 27864 clamped 4096
[kinematics-ws] K clamp binds: eid 1003 demanded 6692 clamped 4096
[kinematics-ws] K clamp binds: eid 1001 demanded 27861 clamped 4096
[kinematics-ws] K clamp binds: eid 1002 demanded 13657 clamped 4096
[kinematics-ws] K clamp binds: eid 1002 demanded 13660 clamped 4096
[kinematics-ws] K clamp binds: eid 1003 demanded 6693 clamped 4096
[kinematics-ws] K clamp binds: eid 1001 demanded 27859 clamped 4096
[kinematics-ws] K clamp binds: eid 1003 demanded 6691 clamped 4096
[kinematics-ws] K clamp binds: eid 1001 demanded 27859 clamped 4096
[kinematics-ws] K clamp binds: eid 1002 demanded 13664 clamped 4096
[kinematics-ws] K clamp binds: eid 1002 demanded 13668 clamped 4096
[kinematics-ws] K clamp binds: eid 1001 demanded 27864 clamped 4096
[kinematics-ws] K clamp binds: eid 1003 demanded 6692 clamped 4096
[kinematics-ws] K clamp binds: eid 1003 demanded 6694 clamped 4096
[kinematics-ws] K clamp binds: eid 1001 demanded 27872 clamped 4096
[kinematics-ws] K clamp binds: eid 1002 demanded 13669 clamped 4096
[kinematics-ws] K clamp binds: eid 1001 demanded 27878 clamped 4096
[kinematics-ws] K clamp binds: eid 1002 demanded 13668 clamped 4096
[kinematics-ws] K clamp binds: eid 1003 demanded 6692 clamped 4096
[kinematics-ws] K clamp binds: eid 1001 demanded 27874 clamped 4096
[kinematics-ws] K clamp binds: eid 1002 demanded 13667 clamped 4096
[kinematics-ws] K clamp binds: eid 1003 demanded 6692 clamped 4096
[kinematics-ws] K clamp binds: eid 1003 demanded 6695 clamped 4096
[kinematics-ws] K clamp binds: eid 1001 demanded 27861 clamped 4096
[kinematics-ws] K clamp binds: eid 1002 demanded 13665 clamped 4096
[kinematics-ws] K clamp binds: eid 1001 demanded 27857 clamped 4096
[kinematics-ws] K clamp binds: eid 1002 demanded 13663 clamped 4096
[kinematics-ws] K clamp binds: eid 1003 demanded 6695 clamped 4096
[kinematics-ws] K clamp binds: eid 1003 demanded 6693 clamped 4096
[kinematics-ws] K clamp binds: eid 1001 demanded 27869 clamped 4096
[kinematics-ws] K clamp binds: eid 1002 demanded 13662 clamped 4096
[kinematics-ws] K clamp binds: eid 1001 demanded 27875 clamped 4096
[kinematics-ws] K clamp binds: eid 1003 demanded 6694 clamped 4096
[kinematics-ws] K clamp binds: eid 1002 demanded 13662 clamped 4096
[kinematics-ws] K clamp binds: eid 1001 demanded 27860 clamped 4096
[kinematics-ws] K clamp binds: eid 1002 demanded 13662 clamped 4096
[kinematics-ws] K clamp binds: eid 1003 demanded 6697 clamped 4096
[kinematics-ws] K clamp binds: eid 1001 demanded 27858 clamped 4096
[kinematics-ws] K clamp binds: eid 1003 demanded 6696 clamped 4096
[kinematics-ws] K clamp binds: eid 1002 demanded 13662 clamped 4096
[kinematics-ws] K clamp binds: eid 1001 demanded 27874 clamped 4096
[kinematics-ws] K clamp binds: eid 1002 demanded 13662 clamped 4096
[kinematics-ws] K clamp binds: eid 1003 demanded 6695 clamped 4096
[kinematics-ws] K clamp binds: eid 1003 demanded 6696 clamped 4096
[kinematics-ws] K clamp binds: eid 1002 demanded 13662 clamped 4096
[kinematics-ws] K clamp binds: eid 1001 demanded 27861 clamped 4096
[kinematics-ws] K clamp binds: eid 1003 demanded 6698 clamped 4096
[kinematics-ws] K clamp binds: eid 1001 demanded 27857 clamped 4096
[kinematics-ws] K clamp binds: eid 1002 demanded 13662 clamped 4096
[kinematics-ws] K clamp binds: eid[kinematics-ws] K clamp binds: eid  10021003  demandeddemanded  136626698 clamped  clamped 40964096

[kinematics-ws] K clamp binds: eid 1001 demanded 27873 clamped 4096
[kinematics-ws] K clamp binds: eid[kinematics-ws] K clamp binds: eid  10021003  demanded 13662 demanded 6696clamped  clamped 40964096

[kinematics-ws] K clamp binds: eid 1001 demanded 27854 clamped 4096
[kinematics-ws] K clamp binds: eid 1003 demanded 6696 clamped 4096
[kinematics-ws] K clamp binds: eid 1001 demanded 27869 clamped 4096
[kinematics-ws] K clamp binds: eid 1002 demanded 13663 clamped 4096
[kinematics-ws] K clamp binds: eid 1001 demanded 27861 clamped 4096
[kinematics-ws] K clamp binds: eid 1003 demanded 6698 clamped 4096
[kinematics-ws] K clamp binds: eid 1002 demanded 13663 clamped 4096
[kinematics-ws] K clamp binds: eid 1001 demanded 27862 clamped 4096
[kinematics-ws] K clamp binds: eid 1002 demanded 13664 clamped 4096
[kinematics-ws] K clamp binds: eid 1003 demanded 6700 clamped 4096
[kinematics-ws] K clamp binds: eid 1001 demanded 27865 clamped 4096
[kinematics-ws] K clamp binds: eid 1002 demanded 13666 clamped 4096
[kinematics-ws] K clamp binds: eid 1003 demanded 6699 clamped 4096
[kinematics-ws] K clamp binds: eid 1001 demanded 27862 clamped 4096
[kinematics-ws] K clamp binds: eid 1003 demanded 6698 clamped 4096
[kinematics-ws] K clamp binds: eid 1002 demanded 13669 clamped 4096
[kinematics-ws] K clamp binds: eid 1002 demanded 13672 clamped 4096
[kinematics-ws] K clamp binds: eid 1003 demanded 6698 clamped 4096
[kinematics-ws] K clamp binds: eid 1001 demanded 27865 clamped 4096
[kinematics-ws] K clamp binds: eid 1001 demanded 27866 clamped 4096
[kinematics-ws] K clamp binds: eid 1003 demanded 6700 clamped 4096
[kinematics-ws] K clamp binds: eid 1002 demanded 13674 clamped 4096
[kinematics-ws] K clamp binds: eid 1001 demanded 27860 clamped 4096
[kinematics-ws] K clamp binds: eid 1002 demanded 13674 clamped 4096
[kinematics-ws] K clamp binds: eid 1003 demanded 6701 clamped 4096
[kinematics-ws] K clamp binds: eid 1001 demanded 27875 clamped 4096
[kinematics-ws] K clamp binds: eid 1002 demanded 13672 clamped 4096
[kinematics-ws] K clamp binds: eid 1003 demanded 6701 clamped 4096
[kinematics-ws] K clamp binds: eid 1001 demanded 27857 clamped 4096
[kinematics-ws] K clamp binds: eid 1003 demanded 6700 clamped 4096
[kinematics-ws] K clamp binds: eid 1002 demanded 13667 clamped 4096
[kinematics-ws] K clamp binds: eid 1002 demanded 13663 clamped 4096
[kinematics-ws] K clamp binds: eid 1001 demanded 27875 clamped 4096
[kinematics-ws] K clamp binds: eid 1003 demanded 6699 clamped 4096
[kinematics-ws] K clamp binds: eid 1001 demanded 27871 clamped 4096
[kinematics-ws] K clamp binds: eid 1003 demanded 6700 clamped 4096
[kinematics-ws] K clamp binds: eid 1002 demanded 13662 clamped 4096
[kinematics-ws] K clamp binds: eid 1003 demanded 6702 clamped 4096
[kinematics-ws] K clamp binds: eid 1001 demanded 27860 clamped 4096
[kinematics-ws] K clamp binds: eid 1002 demanded 13666 clamped 4096
[kinematics-ws] K clamp binds: eid 1002 demanded 13672 clamped 4096
[kinematics-ws] K clamp binds: eid 1003 demanded 6703 clamped 4096
[kinematics-ws] K clamp binds: eid 1001 demanded 27879 clamped 4096
[kinematics-ws] K clamp binds: eid 1002 demanded 13673 clamped 4096
[kinematics-ws] K clamp binds: eid 1003 demanded 6703 clamped 4096
[kinematics-ws] K clamp binds: eid 1001 demanded 27877 clamped 4096
[kinematics-ws] K clamp binds: eid 1002 demanded 13668 clamped 4096
[kinematics-ws] K clamp binds: eid 1001 demanded 27864 clamped 4096
[kinematics-ws] K clamp binds: eid 1003 demanded 6702 clamped 4096
[kinematics-ws] K clamp binds: eid 1003 demanded 6701 clamped 4096
[kinematics-ws] K clamp binds: eid 1002 demanded 13662 clamped 4096
[kinematics-ws] K clamp binds: eid 1001 demanded 27873 clamped 4096
[kinematics-ws] K clamp binds: eid 1003 demanded 6701 clamped 4096
[kinematics-ws] K clamp binds: eid 1002 demanded 13662 clamped 4096
[kinematics-ws] K clamp binds: eid 1001 demanded 27887 clamped 4096
[kinematics-ws] K clamp binds: eid 1001 demanded 27883 clamped 4096
[kinematics-ws] K clamp binds: eid 1003 demanded 6702 clamped 4096
[kinematics-ws] K clamp binds: eid 1002 demanded 13669 clamped 4096
[kinematics-ws] K clamp binds: eid 1001 demanded 27872 clamped 4096
[kinematics-ws] K clamp binds: eid 1003 demanded 6704 clamped 4096
[kinematics-ws] K clamp binds: eid 1002 demanded 13672 clamped 4096
[kinematics-ws] K clamp binds: eid 1001 demanded 27870 clamped 4096
[kinematics-ws] K clamp binds: eid 1003 demanded 6705 clamped 4096
[kinematics-ws] K clamp binds: eid 1002 demanded 13665 clamped 4096
[kinematics-ws] K clamp binds: eid 1002 demanded 13660 clamped 4096
[kinematics-ws] K clamp binds: eid 1003 demanded 6705 clamped 4096
[kinematics-ws] K clamp binds: eid 1001 demanded 27878 clamped 4096
[kinematics-ws] K clamp binds: eid 1003 demanded 6705 clamped 4096
[kinematics-ws] K clamp binds: eid 1001 demanded 27888 clamped 4096
[kinematics-ws] K clamp binds: eid 1002 demanded 13666 clamped 4096
[kinematics-ws] K clamp binds: eid 1003 demanded 6705 clamped 4096
[kinematics-ws] K clamp binds: eid 1001 demanded 27894 clamped 4096
[kinematics-ws] K clamp binds: eid 1002 demanded 13671 clamped 4096
[kinematics-ws] K clamp binds: eid 1001 demanded 27895 clamped 4096
[kinematics-ws] K clamp binds: eid 1002 demanded 13663 clamped 4096
[kinematics-ws] K clamp binds: eid 1003 demanded 6704 clamped 4096
[kinematics-ws] K clamp binds: eid 1001 demanded 27893 clamped 4096
[kinematics-ws] K clamp binds: eid 1003 demanded 6703 clamped 4096
[kinematics-ws] K clamp binds: eid 1002 demanded 13660 clamped 4096
[kinematics-ws] K clamp binds: eid 1003 demanded 6703 clamped 4096
[kinematics-ws] K clamp binds: eid 1002 demanded 13668 clamped 4096
[kinematics-ws] K clamp binds: eid 1001 demanded 27890 clamped 4096
[kinematics-ws] K clamp binds: eid 1001 demanded 27889 clamped 4096
[kinematics-ws] K clamp binds: eid 1002 demanded 13667 clamped 4096
[kinematics-ws] K clamp binds: eid 1003 demanded 6704 clamped 4096
[kinematics-ws] K clamp binds: eid 1003 demanded 6705 clamped 4096
[kinematics-ws] K clamp binds: eid 1002 demanded 13659 clamped 4096
[kinematics-ws] K clamp binds: eid 1001 demanded 27888 clamped 4096
[kinematics-ws] K clamp binds: eid 1003 demanded 6705 clamped 4096
[kinematics-ws] K clamp binds: eid 1002 demanded 13665 clamped 4096
[kinematics-ws] K clamp binds: eid 1001 demanded 27888 clamped 4096
[kinematics-ws] K clamp binds: eid 1001 demanded 27890 clamped 4096
[kinematics-ws] K clamp binds: eid 1002 demanded 13668 clamped 4096
[kinematics-ws] K clamp binds: eid 1003 demanded 6706 clamped 4096
[kinematics-ws] K clamp binds: eid 1002 demanded 13658 clamped 4096
[kinematics-ws] K clamp binds: eid 1001 demanded 27892 clamped 4096
[kinematics-ws] K clamp binds: eid 1003 demanded 6707 clamped 4096
[kinematics-ws] K clamp binds: eid 1001 demanded 27896 clamped 4096
[kinematics-ws] K clamp binds: eid 1003 demanded 6707 clamped 4096
[kinematics-ws] K clamp binds: eid 1002 demanded 13665 clamped 4096
[kinematics-ws] K clamp binds: eid 1001 demanded 27898 clamped 4096
[kinematics-ws] K clamp binds: eid 1002 demanded 13666 clamped 4096
[kinematics-ws] K clamp binds: eid 1003 demanded 6708 clamped 4096
[kinematics-ws] K clamp binds: eid 1003 demanded 6708 clamped 4096
[kinematics-ws] K clamp binds: eid 1001 demanded 27897 clamped 4096
[kinematics-ws] K clamp binds: eid 1002 demanded 13658 clamped 4096
[kinematics-ws] K clamp binds: eid 1002 demanded 13668 clamped 4096
[kinematics-ws] K clamp binds: eid 1001 demanded 27892 clamped 4096
[kinematics-ws] K clamp binds: eid 1003 demanded 6708 clamped 4096
[kinematics-ws] K clamp binds: eid 1003 demanded 6708 clamped 4096
[kinematics-ws] K clamp binds: eid 1002 demanded 13662 clamped 4096
[kinematics-ws] K clamp binds: eid 1001 demanded 27883 clamped 4096
[kinematics-ws] K clamp binds: eid 1001 demanded 27878 clamped 4096
[kinematics-ws] K clamp binds: eid 1003 demanded 6708 clamped 4096
[kinematics-ws] K clamp binds: eid 1002 demanded 13660 clamped 4096
[kinematics-ws] K clamp binds: eid 1001 demanded 27884 clamped 4096
[kinematics-ws] K clamp binds: eid 1002 demanded 13668 clamped 4096
[kinematics-ws] K clamp binds: eid 1003 demanded 6708 clamped 4096
[kinematics-ws] K clamp binds: eid 1001 demanded 27894 clamped 4096
[kinematics-ws] K clamp binds: eid 1003 demanded 6707 clamped 4096
[kinematics-ws] K clamp binds: eid 1002 demanded 13657 clamped 4096
[kinematics-ws] K clamp binds: eid 1001 demanded 27893 clamped 4096
[kinematics-ws] K clamp binds: eid 1002 demanded 13668 clamped 4096
[kinematics-ws] K clamp binds: eid 1003 demanded 6707 clamped 4096
[kinematics-ws] K clamp binds: eid 1002 demanded 13659 clamped 4096
[kinematics-ws] K clamp binds: eid 1003 demanded 6707 clamped 4096
[kinematics-ws] K clamp binds: eid 1001 demanded 27880 clamped 4096
[kinematics-ws] K clamp binds: eid 1001 demanded 27879 clamped 4096
[kinematics-ws] K clamp binds: eid 1002 demanded 13664 clamped 4096
[kinematics-ws] K clamp binds: eid 1003 demanded 6707 clamped 4096
[kinematics-ws] K clamp binds: eid 1003 demanded 6707 clamped 4096
[kinematics-ws] K clamp binds: eid 1001 demanded 27893 clamped 4096
[kinematics-ws] K clamp binds: eid 1002 demanded 13663 clamped 4096
[kinematics-ws] K clamp binds: eid 1003 demanded 6707 clamped 4096
[kinematics-ws] K clamp binds: eid 1001 demanded 27886 clamped 4096
[kinematics-ws] K clamp binds: eid 1002 demanded 13661 clamped 4096
[kinematics-ws] K clamp binds: eid 1001 demanded 27875 clamped 4096
[kinematics-ws] K clamp binds: eid 1002 demanded 13665 clamped 4096
[kinematics-ws] K clamp binds: eid 1003 demanded 6707 clamped 4096
[kinematics-ws] K clamp binds: eid [kinematics-ws] K clamp binds: eid 10021001  demanded demanded 27891 13660 clampedclamped  40964096
[kinematics-ws] K clamp binds: eid 1003 demanded 6707 clamped 4096

[kinematics-ws] K clamp binds: eid 1001 demanded 27883 clamped 4096
[kinematics-ws] K clamp binds: eid 1002 demanded 13667 clamped 4096
[kinematics-ws] K clamp binds: eid 1003 demanded 6708 clamped 4096
[kinematics-ws] K clamp binds: eid 1002 demanded 13660 clamped 4096
[kinematics-ws] K clamp binds: eid 1003 demanded 6708 clamped 4096
[kinematics-ws] K clamp binds: eid 1001 demanded 27877 clamped 4096
[kinematics-ws] K clamp binds: eid 1003 demanded 6708 clamped 4096
[kinematics-ws] K clamp binds: eid 1002 demanded 13667 clamped 4096
[kinematics-ws] K clamp binds: eid 1001 demanded 27892 clamped 4096
[kinematics-ws] K clamp binds: eid 1003 demanded 6708 clamped 4096
[kinematics-ws] K clamp binds: eid 1002 demanded 13662 clamped 4096
[kinematics-ws] K clamp binds: eid 1001 demanded 27874 clamped 4096
[kinematics-ws] K clamp binds: eid 1002 demanded 13666 clamped 4096
[kinematics-ws] K clamp binds: eid 1003 demanded 6708 clamped 4096
[kinematics-ws] K clamp binds: eid 1001 demanded 27891 clamped 4096
[kinematics-ws] K clamp binds: eid 1001 demanded 27876 clamped 4096
[kinematics-ws] K clamp binds: eid 1003 demanded 6709 clamped 4096
[kinematics-ws] K clamp binds: eid 1002 demanded 13665 clamped 4096
[kinematics-ws] K clamp binds: eid 1001 demanded 27889 clamped 4096
[kinematics-ws] K clamp binds: eid 1002 demanded 13663 clamped 4096
[kinematics-ws] K clamp binds: eid 1003 demanded 6709 clamped 4096
[kinematics-ws] K clamp binds: eid 1003 demanded 6709 clamped 4096
[kinematics-ws] K clamp binds: eid 1001 demanded 27878 clamped 4096
[kinematics-ws] K clamp binds: eid 1002 demanded 13669 clamped 4096
[kinematics-ws] K clamp binds: eid 1002 demanded 13660 clamped 4096
[kinematics-ws] K clamp binds: eid 1003 demanded 6709 clamped 4096
[kinematics-ws] K clamp binds: eid 1001 demanded 27891 clamped 4096
[kinematics-ws] K clamp binds: eid 1002 demanded 13672 clamped 4096
[kinematics-ws] K clamp binds: eid 1001 demanded 27876 clamped 4096
[kinematics-ws] K clamp binds: eid 1003 demanded 6709 clamped 4096
[kinematics-ws] K clamp binds: eid 1002 demanded 13661 clamped 4096
[kinematics-ws] K clamp binds: eid 1001 demanded 27894 clamped 4096
[kinematics-ws] K clamp binds: eid 1003 demanded 6709 clamped 4096
[kinematics-ws] K clamp binds: eid 1003 demanded 6709 clamped 4096
[kinematics-ws] K clamp binds: eid 1001 demanded 27879 clamped 4096
[kinematics-ws] K clamp binds: eid 1002 demanded 13669 clamped 4096
[kinematics-ws] K clamp binds: eid 1002 demanded 13670 clamped 4096
[kinematics-ws] K clamp binds: eid 1001 demanded 27890 clamped 4096
[kinematics-ws] K clamp binds: eid 1003 demanded 6709 clamped 4096
[kinematics-ws] K clamp binds: eid 1003 demanded 6708 clamped [kinematics-ws] K clamp binds: eid 4096
1001 [kinematics-ws] K clamp binds: eid 1002 demanded 13662 clamped 4096
demanded 27893 clamped 4096
[kinematics-ws] K clamp binds: eid 1002 demanded 13674 clamped 4096
[kinematics-ws] K clamp binds: eid 1001 demanded 27881 clamped 4096
[kinematics-ws] K clamp binds: eid 1003 demanded 6708 clamped 4096
[kinematics-ws] K clamp binds: eid 1002 demanded 13667 clamped 4096
[kinematics-ws] K clamp binds: eid 1003 demanded 6708 clamped 4096
[kinematics-ws] K clamp binds: eid 1001 demanded 27896 clamped 4096
[kinematics-ws] K clamp binds: eid 1003 demanded 6708 clamped 4096
[kinematics-ws] K clamp binds: eid 1002 demanded 13666 clamped 4096
[kinematics-ws] K clamp binds: eid 1001 demanded 27896 clamped 4096
[kinematics-ws] K clamp binds: eid 1001 demanded 27885 clamped 4096
[kinematics-ws] K clamp binds: eid 1003 demanded 6708 clamped 4096
[kinematics-ws] K clamp binds: eid 1002 demanded 13676 clamped 4096
[kinematics-ws] K clamp binds: eid 1003 demanded 6708 clamped 4096
[kinematics-ws] K clamp binds: eid 1002 demanded 13668 clamped 4096
[kinematics-ws] K clamp binds: eid 1001 demanded 27893 clamped 4096
[kinematics-ws] K clamp binds: eid 1001 demanded 27904 clamped 4096
[kinematics-ws] K clamp binds: eid 1002 demanded 13667 clamped 4096
[kinematics-ws] K clamp binds: eid 1003 demanded 6709 clamped 4096
[kinematics-ws] K clamp binds: eid 1001 demanded 27899 clamped 4096
[kinematics-ws] K clamp binds: eid 1002 demanded 13678 clamped 4096
[kinematics-ws] K clamp binds: eid 1003 demanded 6709 clamped 4096
[kinematics-ws] K clamp binds: eid 1003 demanded 6709 clamped 4096
[kinematics-ws] K clamp binds: eid 1002 demanded 13673 clamped 4096
[kinematics-ws] K clamp binds: eid 1001 demanded 27891 clamped 4096
[kinematics-ws] K clamp binds: eid 1003 demanded 6708 clamped 4096
[kinematics-ws] K clamp binds: eid 1002 demanded 13667 clamped 4096
[kinematics-ws] K clamp binds: eid 1001 demanded 27893 clamped 4096
[kinematics-ws] K clamp binds: eid 1001 demanded 27902 clamped 4096
[kinematics-ws] K clamp binds: eid 1002 demanded 13676 clamped 4096
[kinematics-ws] K clamp binds: eid 1003 demanded 6708 clamped 4096
[kinematics-ws] K clamp binds: eid 1002 demanded 13680 clamped 4096
[kinematics-ws] K clamp binds: eid 1003 demanded 6707 clamped 4096
[kinematics-ws] K clamp binds: eid 1001 demanded 27910 clamped 4096
[kinematics-ws] K clamp binds: eid 1001 demanded 27911 clamped 4096
[kinematics-ws] K clamp binds: eid 1002 demanded 13672 clamped 4096
[kinematics-ws] K clamp binds: eid 1003 demanded 6707 clamped 4096
[kinematics-ws] K clamp binds: eid 1001 demanded 27908 clamped 4096
[kinematics-ws] K clamp binds: eid 1002 demanded 13670 clamped 4096
[kinematics-ws] K clamp binds: eid 1003 demanded 6708 clamped 4096
[kinematics-ws] K clamp binds: eid 1001 demanded 27904 clamped 4096
[kinematics-ws] K clamp binds: eid 1003 demanded 6709 clamped 4096
[kinematics-ws] K clamp binds: eid 1002 demanded 13679 clamped 4096
[kinematics-ws] K clamp binds: eid 1001 demanded 27902 clamped 4096
[kinematics-ws] K clamp binds: eid 1002 demanded 13683 clamped 4096
[kinematics-ws] K clamp binds: eid 1003 demanded 6709 clamped 4096
[kinematics-ws] K clamp binds: eid 1003 demanded 6708 clamped 4096
[kinematics-ws] K clamp binds: eid 1002 demanded 13677 clamped 4096
[kinematics-ws] K clamp binds: eid 1001 demanded 27900 clamped 4096
[kinematics-ws] K clamp binds: eid 1002 demanded 13672 clamped 4096
[kinematics-ws] K clamp binds: eid 1001 demanded 27900 clamped 4096
[kinematics-ws] K clamp binds: eid 1003 demanded 6707 clamped 4096
[kinematics-ws] K clamp binds: eid 1001 demanded 27899 clamped 4096
[kinematics-ws] K clamp binds: eid 1003 demanded 6707 clamped 4096
[kinematics-ws] K clamp binds: eid 1002 demanded 13676 clamped 4096
[kinematics-ws] K clamp binds: eid 1003 demanded 6707 clamped 4096
[kinematics-ws] K clamp binds: eid 1001 demanded 27900 clamped 4096
[kinematics-ws] K clamp binds: eid 1002 demanded 13683 clamped 4096
[kinematics-ws] K clamp binds: eid 1001 demanded 27901 clamped 4096
[kinematics-ws] K clamp binds: eid 1003 demanded 6708 clamped 4096
[kinematics-ws] K clamp binds: eid 1002 demanded 13686 clamped 4096
[kinematics-ws] K clamp binds: eid 1001 demanded 27903 clamped 4096
[kinematics-ws] K clamp binds: eid 1002 demanded 13683 clamped 4096
[kinematics-ws] K clamp binds: eid 1003 demanded 6708 clamped 4096
[kinematics-ws] K clamp binds: eid 1001 demanded 27907 clamped 4096
[kinematics-ws] K clamp binds: eid 1002 demanded 13678 clamped 4096
[kinematics-ws] K clamp binds: eid 1003 demanded 6707 clamped 4096
[kinematics-ws] K clamp binds: eid 1002 demanded 13676 clamped 4096
[kinematics-ws] K clamp binds: eid 1001 demanded 27912 clamped 4096
[kinematics-ws] K clamp binds: eid 1003 demanded 6706 clamped 4096
[kinematics-ws] K clamp binds: eid 1003 demanded 6706 clamped 4096
[kinematics-ws] K clamp binds: eid 1001 demanded 27917 clamped 4096
[kinematics-ws] K clamp binds: eid 1002 demanded 13679 clamped 4096
[kinematics-ws] K clamp binds: eid 1003 demanded 6707 clamped 4096
[kinematics-ws] K clamp binds: eid 1001 demanded 27918 clamped 4096
[kinematics-ws] K clamp binds: eid 1002 demanded 13684 clamped 4096
[kinematics-ws] K clamp binds: eid 1001 demanded 27911 clamped 4096
[kinematics-ws] K clamp binds: eid 1002 demanded 13688 clamped 4096
[kinematics-ws] K clamp binds: eid 1003 demanded 6708 clamped 4096
[kinematics-ws] K clamp binds: eid 1002 demanded 13690 clamped 4096
[kinematics-ws] K clamp binds: eid 1003 demanded 6707 clamped 4096
[kinematics-ws] K clamp binds: eid 1001 demanded 27901 clamped 4096
[kinematics-ws] K clamp binds: eid 1002 demanded 13689 clamped 4096
[kinematics-ws] K clamp binds: eid 1001 demanded 27898 clamped 4096
[kinematics-ws] K clamp binds: eid 1003 demanded 6706 clamped 4096
[kinematics-ws] K clamp binds: eid 1003 demanded 6706 clamped 4096
[kinematics-ws] K clamp binds: eid 1001 demanded 27908 clamped 4096
[kinematics-ws] K clamp binds: eid 1002 demanded 13687 clamped 4096
[kinematics-ws] K clamp binds: eid 1003 demanded 6707 clamped 4096
[kinematics-ws] K clamp binds: eid 1002 demanded 13685 clamped 4096
[kinematics-ws] K clamp binds: eid 1001 demanded 27916 clamped 4096
[kinematics-ws] K clamp binds: eid 1002 demanded 13683 clamped 4096
[kinematics-ws] K clamp binds: eid 1003 demanded 6707 clamped 4096
[kinematics-ws] K clamp binds: eid 1001 demanded 27906 clamped 4096
[kinematics-ws] K clamp binds: eid 1001 demanded 27895 clamped 4096
[kinematics-ws] K clamp binds: eid 1003 demanded 6706 clamped 4096
[kinematics-ws] K clamp binds: eid 1002 demanded 13682 clamped 4096
[kinematics-ws] K clamp binds: eid 1001 demanded 27908 clamped 4096
[kinematics-ws] K clamp binds: eid 1002 demanded 13681 clamped 4096
[kinematics-ws] K clamp binds: eid 1003 demanded 6705 clamped 4096
[kinematics-ws] K clamp binds: eid 1002 demanded 13681 clamped 4096
[kinematics-ws] K clamp binds: eid 1001 demanded 27912 clamped 4096
[kinematics-ws] K clamp binds: eid 1003 demanded 6706 clamped 4096
[kinematics-ws] K clamp binds: eid 1001 demanded 27894 clamped 4096
[kinematics-ws] K clamp binds: eid 1003 demanded 6707 clamped 4096
[kinematics-ws] K clamp binds: eid 1002 demanded 13681 clamped 4096
[kinematics-ws] K clamp binds: eid 1002 demanded 13681 clamped 4096
[kinematics-ws] K clamp binds: eid 1001 demanded 27906 clamped 4096
[kinematics-ws] K clamp binds: eid 1003 demanded 6706 clamped 4096
[kinematics-ws] K clamp binds: eid 1001 demanded 27908 clamped 4096
[kinematics-ws] K clamp binds: eid 1003 demanded 6705 clamped 4096
[kinematics-ws] K clamp binds: eid 1002 demanded 13681 clamped 4096
[kinematics-ws] K clamp binds: eid 1002 demanded 13681 clamped 4096
[kinematics-ws] K clamp binds: eid 1001 demanded 27894 clamped 4096
[kinematics-ws] K clamp binds: eid 1003 demanded 6705 clamped 4096
[kinematics-ws] K clamp binds: eid 1003 demanded 6706 clamped 4096
[kinematics-ws] K clamp binds: eid 1001 demanded 27913 clamped 4096
[kinematics-ws] K clamp binds: eid 1002 demanded 13681 clamped 4096
[kinematics-ws] K clamp binds: eid 1001 demanded 27895 clamped 4096
[kinematics-ws] K clamp binds: eid 1002 demanded 13681 clamped 4096
[kinematics-ws] K clamp binds: eid 1003 demanded 6706 clamped 4096
[kinematics-ws] K clamp binds: eid 1001 demanded 27908 clamped 4096
[kinematics-ws] K clamp binds: eid 1002 demanded 13682 clamped 4096
[kinematics-ws] K clamp binds: eid 1003 demanded 6704 clamped 4096
[kinematics-ws] K clamp binds: eid 1003 demanded 6705 clamped 4096
[kinematics-ws] K clamp binds: eid 1002 demanded 13682 clamped 4096
[kinematics-ws] K clamp binds: eid 1001 demanded 27899 clamped 4096
[kinematics-ws] K clamp binds: eid 1001 demanded 27906 clamped 4096
[kinematics-ws] K clamp binds: eid 1002 demanded 13683 clamped 4096
[kinematics-ws] K clamp binds: eid 1003 demanded 6706 clamped 4096
[kinematics-ws] K clamp binds: eid 1001 demanded 27900 clamped 4096
[kinematics-ws] K clamp binds: eid 1002 demanded 13685 clamped 4096
[kinematics-ws] K clamp binds: eid 1003 demanded 6705 clamped 4096
[kinematics-ws] K clamp binds: eid 1001 demanded 27910 clamped 4096
[kinematics-ws] K clamp binds: eid 1002 demanded 13688 clamped 4096
[kinematics-ws] K clamp binds: eid 1003 demanded 6704 clamped 4096
[kinematics-ws] K clamp binds: eid 1001 demanded 27897 clamped 4096
[kinematics-ws] K clamp binds: eid 1003 demanded 6705 clamped 4096
[kinematics-ws] K clamp binds: eid 1002 demanded 13691 clamped 4096
[kinematics-ws] K clamp binds: eid 1003 demanded 6705 clamped 4096
[kinematics-ws] K clamp binds: eid 1002 demanded 13694 clamped 4096
[kinematics-ws] K clamp binds: eid 1001 demanded 27915 clamped 4096
[kinematics-ws] K clamp binds: eid 1003 demanded 6704 clamped 4096
[kinematics-ws] K clamp binds: eid 1002 demanded 13696 clamped 4096
[kinematics-ws] K clamp binds: eid 1001 demanded 27897 clamped 4096
[kinematics-ws] K clamp binds: eid 1003 demanded 6704 clamped 4096
[kinematics-ws] K clamp binds: eid 1001 demanded 27913 clamped 4096
[kinematics-ws] K clamp binds: eid 1002 demanded 13694 clamped 4096
[kinematics-ws] K clamp binds: eid 1002 demanded 13689 clamped 4096
[kinematics-ws] K clamp binds: eid 1003 demanded 6705 clamped 4096
[kinematics-ws] K clamp binds: eid 1001 demanded 27910 clamped 4096
[kinematics-ws] K clamp binds: eid 1001 demanded 27900 clamped 4096
[kinematics-ws] K clamp binds: eid 1002 demanded 13684 clamped 4096
[kinematics-ws] K clamp binds: eid 1003 demanded 6704 clamped 4096
[kinematics-ws] K clamp binds: eid 1003 demanded 6704 clamped 4096
[kinematics-ws] K clamp binds: eid 1001 demanded 27919 clamped 4096
[kinematics-ws] K clamp binds: eid 1002 demanded 13681 clamped 4096
[kinematics-ws] K clamp binds: eid 1002 demanded 13684 clamped 4096
[kinematics-ws] K clamp binds: eid 1001 demanded 27915 clamped 4096
[kinematics-ws] K clamp binds: eid 1003 demanded 6705 clamped 4096
[kinematics-ws] K clamp binds: eid 1003 demanded 6704 clamped 4096
[kinematics-ws] K clamp binds: eid 1002 demanded 13690 clamped 4096
[kinematics-ws] K clamp binds: eid 1001 demanded 27903 clamped 4096
[kinematics-ws] K clamp binds: eid 1001 demanded 27916 clamped 4096
[kinematics-ws] K clamp binds: eid 1003 demanded 6703 clamped 4096
[kinematics-ws] K clamp binds: eid 1002 demanded 13695 clamped 4096
[kinematics-ws] K clamp binds: eid 1003 demanded 6705 clamped 4096
[kinematics-ws] K clamp binds: eid 1002 demanded 13692 clamped 4096
[kinematics-ws] K clamp binds: eid 1001 demanded 27926 clamped 4096
[kinematics-ws] K clamp binds: eid 1001 demanded 27917 clamped 4096
[kinematics-ws] K clamp binds: eid 1002 demanded 13683 clamped 4096
[kinematics-ws] K clamp binds: eid 1003 demanded 6703 clamped 4096
[kinematics-ws] K clamp binds: eid 1002 demanded 13680 clamped 4096
[kinematics-ws] K clamp binds: eid 1001 demanded 27909 clamped 4096
[kinematics-ws] K clamp binds: eid 1003 demanded 6703 clamped 4096
[kinematics-ws] K clamp binds: eid 1003 demanded 6704 clamped 4096
[kinematics-ws] K clamp binds: eid 1002 demanded 13686 clamped 4096
[kinematics-ws] K clamp binds: eid 1001 demanded 27913 clamped 4096
[kinematics-ws] K clamp binds: eid 1002 demanded 13693 clamped 4096
[kinematics-ws] K clamp binds: eid 1003 demanded 6703 clamped 4096
[kinematics-ws] K clamp binds: eid 1001 demanded 27925 clamped 4096
[kinematics-ws] K clamp binds: eid 1001 demanded 27932 clamped 4096
[kinematics-ws] K clamp binds: eid 1002 demanded 13689 clamped 4096
[kinematics-ws] K clamp binds: eid 1003 demanded 6703 clamped 4096
[kinematics-ws] K clamp binds: eid 1003 demanded 6704 clamped 4096
[kinematics-ws] K clamp binds: eid 1001 demanded 27931 clamped 4096
[kinematics-ws] K clamp binds: eid 1002 demanded 13680 clamped 4096
[kinematics-ws] K clamp binds: eid 1002 demanded 13682 clamped 4096
[kinematics-ws] K clamp binds: eid 1001 demanded 27927 clamped 4096
[kinematics-ws] K clamp binds: eid 1003 demanded 6703 clamped 4096
[kinematics-ws] K clamp binds: eid 1003 demanded 6703 clamped 4096
[kinematics-ws] K clamp binds: eid 1002 demanded 13692 clamped 4096
[kinematics-ws] K clamp binds: eid 1001 demanded 27922 clamped 4096
[kinematics-ws] K clamp binds: eid 1002 demanded 13689 clamped 4096
[kinematics-ws] K clamp binds: eid 1003 demanded 6704 clamped 4096
[kinematics-ws] K clamp binds: eid 1001 demanded 27919 clamped 4096
[kinematics-ws] K clamp binds: eid 1002 demanded 13678 clamped 4096
[kinematics-ws] K clamp binds: eid 1003 demanded 6702 clamped 4096
[kinematics-ws] K clamp binds: eid 1001 demanded 27918 clamped 4096
[kinematics-ws] K clamp binds: eid 1001 demanded 27918 clamped 4096
[kinematics-ws] K clamp binds: eid 1003 demanded 6704 clamped 4096
[kinematics-ws] K clamp binds: eid 1002 demanded 13684 clamped 4096
[kinematics-ws] K clamp binds: eid 1001 demanded 27918 clamped 4096
[kinematics-ws] K clamp binds: eid 1003 demanded 6703 clamped 4096
[kinematics-ws] K clamp binds: eid 1002 demanded 13692 clamped 4096
[kinematics-ws] K clamp binds: eid 1001 demanded 27918 clamped 4096
[kinematics-ws] K clamp binds: eid 1003 demanded 6702 clamped 4096
[kinematics-ws] K clamp binds: eid 1002 demanded 13681 clamped 4096
[kinematics-ws] K clamp binds: eid 1001 demanded 27919 clamped 4096
[kinematics-ws] K clamp binds: eid 1002 demanded 13679 clamped 4096
[kinematics-ws] K clamp binds: eid 1003 demanded 6704 clamped 4096
[kinematics-ws] K clamp binds: eid 1002 demanded 13691 clamped 4096
[kinematics-ws] K clamp binds: eid 1003 demanded 6702 clamped 4096
[kinematics-ws] K clamp binds: eid 1001 demanded 27921 clamped 4096
[kinematics-ws] K clamp binds: eid 1001 demanded 27925 clamped 4096
[kinematics-ws] K clamp binds: eid 1002 demanded 13682 clamped 4096
[kinematics-ws] K clamp binds: eid 1003 demanded 6703 clamped 4096
[kinematics-ws] K clamp binds: eid 1002 demanded 13678 clamped 4096
[kinematics-ws] K clamp binds: eid 1003 demanded 6703 clamped 4096
[kinematics-ws] K clamp binds: eid 1001 demanded 27931 clamped 4096
[kinematics-ws] K clamp binds: eid 1001 demanded 27937 clamped 4096
[kinematics-ws] K clamp binds: eid 1003 demanded 6702 clamped 4096
[kinematics-ws] K clamp binds: eid 1002 demanded 13691 clamped 4096
[kinematics-ws] K clamp binds: eid 1003 demanded 6703 clamped 4096
[kinematics-ws] K clamp binds: eid 1001 demanded 27939 clamped 4096
[kinematics-ws] K clamp binds: eid 1002 demanded 13680 clamped 4096
[kinematics-ws] K clamp binds: eid 1001 demanded 27933 clamped 4096
[kinematics-ws] K clamp binds: eid 1002 demanded 13681 clamped 4096
[kinematics-ws] K clamp binds: eid 1003 demanded 6702 clamped 4096
[kinematics-ws] K clamp binds: eid 1002 demanded 13690 clamped 4096
[kinematics-ws] K clamp binds: eid 1003 demanded 6703 clamped 4096
[kinematics-ws] K clamp binds: eid 1001 demanded 27921 clamped 4096
[kinematics-ws] K clamp binds: eid 1002 demanded 13676 clamped 4096
[kinematics-ws] K clamp binds: eid 1001 demanded 27917 clamped 4096
[kinematics-ws] K clamp binds: eid 1003 demanded 6702 clamped 4096
[kinematics-ws] K clamp binds: eid 1002 demanded 13688 clamped 4096
[kinematics-ws] K clamp binds: eid 1003 demanded 6703 clamped 4096
[kinematics-ws] K clamp binds: eid 1001 demanded 27927 clamped 4096
[kinematics-ws] K clamp binds: eid 1001 demanded 27937 clamped 4096
[kinematics-ws] K clamp binds: eid 1002 demanded 13682 clamped 4096
[kinematics-ws] K clamp binds: eid 1003 demanded 6703 clamped 4096
[kinematics-ws] K clamp binds: eid 1001 demanded 27927 clamped 4096
[kinematics-ws] K clamp binds: eid 1003 demanded 6702 clamped 4096
[kinematics-ws] K clamp binds: eid 1002 demanded 13680 clamped 4096
[kinematics-ws] K clamp binds: eid 1001 demanded 27915 clamped 4096
[kinematics-ws] K clamp binds: eid 1002 demanded 13689 clamped 4096
[kinematics-ws] K clamp binds: eid 1003 demanded 6703 clamped 4096
[kinematics-ws] K clamp binds: eid 1003 demanded 6702 clamped 4096
[kinematics-ws] K clamp binds: eid 1002 demanded 13676 clamped 4096
[kinematics-ws] K clamp binds: eid 1001 demanded 27928 clamped 4096
[kinematics-ws] K clamp binds: eid 1001 demanded 27933 clamped 4096
[kinematics-ws] K clamp binds: eid 1002 demanded 13690 clamped 4096
[kinematics-ws] K clamp binds: eid 1003 demanded 6704 clamped 4096
[kinematics-ws] K clamp binds: eid 1002 demanded 13676 clamped 4096
[kinematics-ws] K clamp binds: eid 1003 demanded 6702 clamped 4096
[kinematics-ws] K clamp binds: eid 1001 demanded 27914 clamped 4096
[kinematics-ws] K clamp binds: eid 1002 demanded 13689 clamped 4096
[kinematics-ws] K clamp binds: eid 1001 demanded 27926 clamped 4096
[kinematics-ws] K clamp binds: eid 1003 demanded 6703 clamped 4096
[kinematics-ws] K clamp binds: eid 1003 demanded 6702 clamped 4096
[kinematics-ws] K clamp binds: eid 1001 demanded 27929 clamped 4096
[kinematics-ws] K clamp binds: eid 1002 demanded 13678 clamped 4096
[kinematics-ws] K clamp binds: eid 1002 demanded 13688 clamped 4096
[kinematics-ws] K clamp binds: eid 1001 demanded 27913 clamped 4096
[kinematics-ws] K clamp binds: eid 1003 demanded 6703 clamped 4096
[kinematics-ws] K clamp binds: eid 1001 demanded 27933 clamped 4096
[kinematics-ws] K clamp binds: eid 1002 demanded 13679 clamped 4096
[kinematics-ws] K clamp binds: eid 1003 demanded 6703 clamped 4096
[kinematics-ws] K clamp binds: eid 1002 demanded 13688 clamped 4096
[kinematics-ws] K clamp binds: eid 1001 demanded 27915 clamped 4096
[kinematics-ws] K clamp binds: eid 1003 demanded 6703 clamped 4096
[kinematics-ws] K clamp binds: eid 1002 demanded 13679 clamped 4096
[kinematics-ws] K clamp binds: eid 1003 demanded 6703 clamped 4096
[kinematics-ws] K clamp binds: eid 1001 demanded 27928 clamped 4096
[kinematics-ws] K clamp binds: eid 1003 demanded 6703 clamped 4096
[kinematics-ws] K clamp binds: eid 1002 demanded 13690 clamped 4096
[kinematics-ws] K clamp binds: eid 1001 demanded 27920 clamped 4096
[kinematics-ws] K clamp binds: eid 1001 demanded 27926 clamped 4096
[kinematics-ws] K clamp binds: eid 1002 demanded 13678 clamped 4096
[kinematics-ws] K clamp binds: eid 1003 demanded 6703 clamped 4096
[kinematics-ws] K clamp binds: eid 1001 demanded 27921 clamped 4096
[kinematics-ws] K clamp binds: eid 1002 demanded 13692 clamped 4096
[kinematics-ws] K clamp binds: eid 1003 demanded 6703 clamped 4096
[kinematics-ws] K clamp binds: eid 1003 demanded 6704 clamped 4096
[kinematics-ws] K clamp binds: eid 1002 demanded 13678 clamped 4096
[kinematics-ws] K clamp binds: eid 1001 demanded 27929 clamped 4096
[kinematics-ws] K clamp binds: eid 1002 demanded 13692 clamped 4096
[kinematics-ws] K clamp binds: eid 1001 demanded 27918 clamped 4096
[kinematics-ws] K clamp binds: eid 1003 demanded 6703 clamped 4096
[kinematics-ws] K clamp binds: eid 1001 demanded 27935 clamped 4096
[kinematics-ws] K clamp binds: eid 1002 demanded 13681 clamped 4096
[kinematics-ws] K clamp binds: eid 1003 demanded 6704 clamped 4096
[kinematics-ws] K clamp binds: eid 1002 demanded 13687 clamped 4096
[kinematics-ws] K clamp binds: eid 1003 demanded 6704 clamped 4096
[kinematics-ws] K clamp binds: eid 1001 demanded 27916 clamped 4096
[kinematics-ws] K clamp binds: eid 1002 demanded 13689 clamped 4096
[kinematics-ws] K clamp binds: eid 1001 demanded 27934 clamped 4096
[kinematics-ws] K clamp binds: eid 1003 demanded 6704 clamped 4096
[kinematics-ws] K clamp binds: eid 1001 demanded 27930 clamped 4096
[kinematics-ws] K clamp binds: eid 1002 demanded 13681 clamped 4096
[kinematics-ws] K clamp binds: eid 1003 demanded 6704 clamped 4096
[kinematics-ws] K clamp binds: eid 1001 demanded 27920 clamped 4096
[kinematics-ws] K clamp binds: eid 1002 demanded 13694 clamped 4096
[kinematics-ws] K clamp binds: eid 1003 demanded 6704 clamped 4096
[kinematics-ws] K clamp binds: eid 1001 demanded 27940 clamped 4096
[kinematics-ws] K clamp binds: eid 1003 demanded 6705 clamped 4096
[kinematics-ws] K clamp binds: eid 1002 demanded 13684 clamped 4096
[kinematics-ws] K clamp binds: eid 1001 demanded 27934 clamped 4096
[kinematics-ws] K clamp binds: eid 1002 demanded 13687 clamped 4096
[kinematics-ws] K clamp binds: eid 1003 demanded 6704 clamped 4096
[kinematics-ws] K clamp binds: eid 1003 demanded 6706 clamped 4096
[kinematics-ws] K clamp binds: eid 1002 demanded 13695 clamped 4096
[kinematics-ws] K clamp binds: eid 1001 demanded 27922 clamped 4096
[kinematics-ws] K clamp binds: eid 1003 demanded 6704 clamped 4096
[kinematics-ws] K clamp binds: eid 1002 demanded 13683 clamped 4096
[kinematics-ws] K clamp binds: eid 1001 demanded 27937 clamped 4096
[kinematics-ws] K clamp binds: eid 1001 demanded 27946 clamped 4096
[kinematics-ws] K clamp binds: eid 1002 demanded 13690 clamped 4096
[kinematics-ws] K clamp binds: eid 1003 demanded 6706 clamped 4096
[kinematics-ws] K clamp binds: eid 1001 demanded 27936 clamped 4096
[kinematics-ws] K clamp binds: eid 1002 demanded 13697 clamped 4096
[kinematics-ws] K clamp binds: eid 1003 demanded 6704 clamped 4096
[kinematics-ws] K clamp binds: eid 1002 demanded 13686 clamped 4096
[kinematics-ws] K clamp binds: eid 1003 demanded 6706 clamped 4096
[kinematics-ws] K clamp binds: eid 1001 demanded 27928 clamped 4096
[kinematics-ws] K clamp binds: eid 1002 demanded 13690 clamped 4096
[kinematics-ws] K clamp binds: eid 1001 demanded 27934 clamped 4096
[kinematics-ws] K clamp binds: eid 1003 demanded 6705 clamped 4096
[kinematics-ws] K clamp binds: eid 1002 demanded 13699 clamped 4096
[kinematics-ws] K clamp binds: eid 1003 demanded 6705 clamped 4096
[kinematics-ws] K clamp binds: eid 1001 demanded 27947 clamped 4096
[kinematics-ws] K clamp binds: eid 1003 demanded 6707 clamped 4096
[kinematics-ws] K clamp binds: eid 1001 demanded 27953 clamped 4096
[kinematics-ws] K clamp binds: eid 1002 demanded 13691 clamped 4096
[kinematics-ws] K clamp binds: eid 1002 demanded 13688 clamped 4096
[kinematics-ws] K clamp binds: eid 1003 demanded 6705 clamped 4096
[kinematics-ws] K clamp binds: eid 1001 demanded 27951 clamped 4096
[kinematics-ws] K clamp binds: eid 1001 demanded 27945 clamped 4096
[kinematics-ws] K clamp binds: eid 1002 demanded 13698 clamped 4096
[kinematics-ws] K clamp binds: eid 1003 demanded 6707 clamped 4096
[kinematics-ws] K clamp binds: eid 1001 demanded 27940 clamped 4096
[kinematics-ws] K clamp binds: eid 1003 demanded 6706 clamped 4096
[kinematics-ws] K clamp binds: eid 1002 demanded 13701 clamped 4096
[kinematics-ws] K clamp binds: eid 1001 demanded 27937 clamped 4096
[kinematics-ws] K clamp binds: eid 1003 demanded 6707 clamped 4096
[kinematics-ws] K clamp binds: eid 1002 demanded 13692 clamped 4096
[kinematics-ws] K clamp binds: eid 1001 demanded 27936 clamped 4096
[kinematics-ws] K clamp binds: eid 1003 demanded 6708 clamped 4096
[kinematics-ws] K clamp binds: eid 1002 demanded 13690 clamped 4096
[kinematics-ws] K clamp binds: eid 1001 demanded 27936 clamped 4096
[kinematics-ws] K clamp binds: eid 1003 demanded 6706 clamped 4096
[kinematics-ws] K clamp binds: eid 1002 demanded 13699 clamped 4096
[kinematics-ws] K clamp binds: eid 1001 demanded 27936 clamped 4096
[kinematics-ws] K clamp binds: eid 1003 demanded 6709 clamped 4096
[kinematics-ws] K clamp binds: eid 1002 demanded 13705 clamped 4096
[kinematics-ws] K clamp binds: eid 1002 demanded 13699 clamped 4096
[kinematics-ws] K clamp binds: eid 1003 demanded 6707 clamped 4096
[kinematics-ws] K clamp binds: eid 1001 demanded 27936 clamped 4096
[kinematics-ws] K clamp binds: eid 1001 demanded 27936 clamped 4096
[kinematics-ws] K clamp binds: eid 1002 demanded 13693 clamped 4096
[kinematics-ws] K clamp binds: eid 1003 demanded 6708 clamped 4096
[kinematics-ws] K clamp binds: eid 1003 demanded 6709 clamped 4096
[kinematics-ws] K clamp binds: eid 1001 demanded 27937 clamped 4096
[kinematics-ws] K clamp binds: eid 1002 demanded 13694 clamped 4096
[kinematics-ws] K clamp binds: eid 1001 demanded 27941 clamped 4096
[kinematics-ws] K clamp binds: eid 1003 demanded 6708 clamped 4096
[kinematics-ws] K clamp binds: eid 1002 demanded 13702 clamped 4096
[kinematics-ws] K clamp binds: eid 1003 demanded 6709 clamped 4096
[kinematics-ws] K clamp binds: eid 1002 demanded 13708 clamped 4096
[kinematics-ws] K clamp binds: eid 1001 demanded 27947 clamped 4096
[kinematics-ws] K clamp binds: eid 1003 demanded 6710 clamped 4096
[kinematics-ws] K clamp binds: eid 1002 demanded 13707 clamped 4096
[kinematics-ws] K clamp binds: eid 1001 demanded 27955 clamped 4096
[kinematics-ws] K clamp binds: eid 1003 demanded 6709 clamped 4096
[kinematics-ws] K clamp binds: eid 1001 demanded 27961 clamped 4096
[kinematics-ws] K clamp binds: eid 1002 demanded 13701 clamped 4096
[kinematics-ws] K clamp binds: eid [kinematics-ws] K clamp binds: eid 10021001  demandeddemanded  27958 clamped 13697 clamped 40964096

[kinematics-ws] K clamp binds: eid 1003 demanded 6710 clamped 4096
[kinematics-ws] K clamp binds: eid 1003 demanded 6711 clamped 4096
[kinematics-ws] K clamp binds: eid 1001 demanded 27946 clamped 4096
[kinematics-ws] K clamp binds: eid 1002 demanded 13696 clamped 4096
[kinematics-ws] K clamp binds: eid 1003 demanded 6710 clamped 4096
[kinematics-ws] K clamp binds: eid 1002 demanded 13699 clamped 4096
[kinematics-ws] K clamp binds: eid 1001 demanded 27935 clamped 4096
[kinematics-ws] K clamp binds: eid 1001 demanded 27941 clamped 4096
[kinematics-ws] K clamp binds: eid 1003 demanded 6711 clamped 4096
[kinematics-ws] K clamp binds: eid 1002 demanded 13704 clamped 4096
[kinematics-ws] K clamp binds: eid 1002 demanded 13709 clamped 4096
[kinematics-ws] K clamp binds: eid 1001 demanded 27956 clamped 4096
[kinematics-ws] K clamp binds: eid 1003 demanded 6712 clamped 4096
[kinematics-ws] K clamp binds: eid 1003 demanded 6711 clamped 4096
[kinematics-ws] K clamp binds: eid 1002 demanded 13712 clamped 4096
[kinematics-ws] K clamp binds: eid 1001 demanded 27954 clamped 4096
[kinematics-ws] K clamp binds: eid 1001 demanded 27935 clamped 4096
[kinematics-ws] K clamp binds: eid 1002 demanded 13712 clamped 4096
[kinematics-ws] K clamp binds: eid 1003 demanded 6712 clamped 4096
[kinematics-ws] K clamp binds: eid 1003 demanded 6713 clamped 4096
[kinematics-ws] K clamp binds: eid 1002 demanded 13712 clamped 4096
[kinematics-ws] K clamp binds: eid 1001 demanded 27940 clamped 4096
[kinematics-ws] K clamp binds: eid 1001 demanded 27957 clamped 4096
[kinematics-ws] K clamp binds: eid 1002 demanded 13710 clamped 4096
[kinematics-ws] K clamp binds: eid 1003 demanded 6712 clamped 4096
[kinematics-ws] K clamp binds: eid 1003 demanded 6712 clamped 4096
[kinematics-ws] K clamp binds: eid 1002 demanded 13708 clamped 4096
[kinematics-ws] K clamp binds: eid 1001 demanded 27938 clamped 4096
[kinematics-ws] K clamp binds: eid 1002 demanded 13707 clamped 4096
[kinematics-ws] K clamp binds: eid 1001 demanded 27937 clamped 4096
[kinematics-ws] K clamp binds: eid 1003 demanded 6714 clamped 4096
[kinematics-ws] K clamp binds: eid 1002 demanded 13706 clamped 4096
[kinematics-ws] K clamp binds: eid 1003 demanded 6714 clamped 4096
[kinematics-ws] K clamp binds: eid 1001 demanded 27956 clamped 4096
[kinematics-ws] K clamp binds: eid 1003 demanded 6713 clamped 4096
[kinematics-ws] K clamp binds: eid 1002 demanded 13705 clamped 4096
[kinematics-ws] K clamp binds: eid 1001 demanded 27932 clamped 4096
[kinematics-ws] K clamp binds: eid 1003 demanded 6714 clamped 4096
[kinematics-ws] K clamp binds: eid 1002 demanded 13704 clamped 4096
[kinematics-ws] K clamp binds: eid 1001 demanded 27948 clamped 4096
[kinematics-ws] K clamp binds: eid 1001 demanded 27943 clamped 4096
[kinematics-ws] K clamp binds: eid 1002 demanded 13704 clamped 4096
[kinematics-ws] K clamp binds: eid 1003 demanded 6715 clamped 4096
[kinematics-ws] K clamp binds: eid 1002 demanded 13705 clamped 4096
[kinematics-ws] K clamp binds: eid 1001 demanded 27938 clamped 4096
[kinematics-ws] K clamp binds: eid 1003 demanded 6715 clamped 4096
[kinematics-ws] K clamp binds: eid 1001 demanded 27950 clamped 4096
[kinematics-ws] K clamp binds: eid 1002 demanded 13706 clamped 4096
[kinematics-ws] K clamp binds: eid 1003 demanded 6715 clamped 4096
[kinematics-ws] K clamp binds: eid 1002 demanded 13707 clamped 4096
[kinematics-ws] K clamp binds: eid 1003 demanded 6716 clamped 4096
[kinematics-ws] K clamp binds: eid 1001 demanded 27935 clamped 4096
[kinematics-ws] K clamp binds: eid 1002 demanded 13708 clamped 4096
[kinematics-ws] K clamp binds: eid 1003 demanded 6717 clamped 4096
[kinematics-ws] K clamp binds: eid 1001 demanded 27952 clamped 4096
[kinematics-ws] K clamp binds: eid 1002 demanded 13710 clamped 4096
[kinematics-ws] K clamp binds: eid 1003 demanded 6716 clamped 4096
[kinematics-ws] K clamp binds: eid 1001 demanded 27938 clamped 4096
[kinematics-ws] K clamp binds: eid 1002 demanded 13713 clamped 4096
[kinematics-ws] K clamp binds: eid 1003 demanded 6716 clamped 4096
[kinematics-ws] K clamp binds: eid 1001 demanded 27948 clamped 4096
[kinematics-ws] K clamp binds: eid 1003 demanded 6717 clamped 4096
[kinematics-ws] K clamp binds: eid 1002 demanded 13715 clamped 4096
[kinematics-ws] K clamp binds: eid 1001 demanded 27947 clamped 4096
[kinematics-ws] K clamp binds: eid 1002 demanded 13716 clamped 4096
[kinematics-ws] K clamp binds: eid 1001 demanded 27939 clamped 4096
[kinematics-ws] K clamp binds: eid 1003 demanded 6718 clamped 4096
[kinematics-ws] K clamp binds: eid 1001 demanded 27959 clamped 4096
[kinematics-ws] K clamp binds: eid 1003 demanded 6718 clamped 4096
[kinematics-ws] K clamp binds: eid 1002 demanded 13715 clamped 4096
[kinematics-ws] K clamp binds: eid 1002 demanded 13712 clamped 4096
[kinematics-ws] K clamp binds: eid 1003 demanded 6718 clamped 4096
[kinematics-ws] K clamp binds: eid 1001 demanded 27937 clamped 4096
[kinematics-ws] K clamp binds: eid 1003 demanded 6718 clamped 4096
[kinematics-ws] K clamp binds: eid 1002 demanded 13707 clamped 4096
[kinematics-ws] K clamp binds: eid 1001 demanded 27952 clamped 4096
[kinematics-ws] K clamp binds: eid 1003 demanded 6719 clamped 4096
[kinematics-ws] K clamp binds: eid 1002 demanded 13703 clamped 4096
[kinematics-ws] K clamp binds: eid 1001 demanded 27959 clamped 4096
[kinematics-ws] K clamp binds: eid 1001 demanded 27940 clamped 4096
[kinematics-ws] K clamp binds: eid 1002 demanded 13701 clamped 4096
[kinematics-ws] K clamp binds: eid 1003 demanded 6720 clamped 4096
[kinematics-ws] K clamp binds: eid 1003 demanded 6720 clamped 4096
[kinematics-ws] K clamp binds: eid 1002 demanded 13704 clamped 4096
[kinematics-ws] K clamp binds: eid 1001 demanded 27952 clamped 4096
[kinematics-ws] K clamp binds: eid 1001 demanded 27966 clamped 4096
[kinematics-ws] K clamp binds: eid 1003 demanded 6719 clamped 4096
[kinematics-ws] K clamp binds: eid 1002 demanded 13710 clamped 4096
[kinematics-ws] K clamp binds: eid 1002 demanded 13714 clamped 4096
[kinematics-ws] K clamp binds: eid 1003 demanded 6719 clamped 4096
[kinematics-ws] K clamp binds: eid 1001 demanded 27954 clamped 4096
[kinematics-ws] K clamp binds: eid 1001 demanded 27944 clamped 4096
[kinematics-ws] K clamp binds: eid 1002 demanded 13713 clamped 4096
[kinematics-ws] K clamp binds: eid 1003 demanded 6720 clamped 4096
[kinematics-ws] K clamp binds: eid 1001 demanded 27956 clamped 4096
[kinematics-ws] K clamp binds: eid 1003 demanded 6721 clamped 4096
[kinematics-ws] K clamp binds: eid 1002 demanded 13706 clamped 4096
[kinematics-ws] K clamp binds: eid 1002 demanded 13700 clamped 4096
[kinematics-ws] K clamp binds: eid 1001 demanded 27970 clamped 4096
[kinematics-ws] K clamp binds: eid 1003 demanded 6722 clamped 4096
[kinematics-ws] K clamp binds: eid 1001 demanded 27970 clamped 4096
[kinematics-ws] K clamp binds: eid 1002 demanded 13703 clamped 4096
[kinematics-ws] K clamp binds: eid 1003 demanded 6721 clamped 4096
[kinematics-ws] K clamp binds: eid 1001 demanded 27961 clamped 4096
[kinematics-ws] K clamp binds: eid 1002 demanded 13711 clamped 4096
[kinematics-ws] K clamp binds: eid 1003 demanded 6721 clamped 4096
[kinematics-ws] K clamp binds: eid 1001 demanded 27953 clamped 4096
[kinematics-ws] K clamp binds: eid 1003 demanded 6721 clamped 4096
[kinematics-ws] K clamp binds: eid 1002 demanded 13713 clamped 4096
Dev window stopped.
