Dev window thread started on gates-of-truth-dev-window — sim thread on gates-of-truth-sim
Truth demo ready: nREPL 127.0.0.1:7898
Compiling body shaders...
Compiling particle shaders...
Compiling sprite shaders...
Compiling line shaders...
Compiling hud shaders...
Compiling volume shaders...
Camera reset
UI cursor : locked
[kinematics-ws] K clamp binds: eid 1002 demanded 14443 clamped 4096
[kinematics-ws] K clamp binds: eid 1003 demanded 7080 clamped 4096
[kinematics-ws] K clamp binds: eid 1001 demanded 29463 clamped 4096
[kinematics-ws] K clamp binds: eid 1003 demanded 7087 clamped 4096
[kinematics-ws] K clamp binds: eid 1002 demanded 14447 clamped 4096
[kinematics-ws] K clamp binds: eid 1001 demanded 29467 clamped 4096
[kinematics-ws] K clamp binds: eid 1001 demanded 29466 clamped 4096
[kinematics-ws] K clamp binds: eid 1003 demanded 7087 clamped 4096
[kinematics-ws] K clamp binds: eid 1002 demanded 14447 clamped 4096
[kinematics-ws] K clamp binds: eid 1002 demanded 14443 clamped 4096
[kinematics-ws] K clamp binds: eid 1003 demanded 7087 clamped 4096
[kinematics-ws] K clamp binds: eid 1001 demanded 29475 clamped 4096
[kinematics-ws] K clamp binds: eid 1002 demanded 14443 clamped 4096
[kinematics-ws] K clamp binds: eid 1003 demanded 7088 clamped 4096
[kinematics-ws] K clamp binds: eid 1001 demanded 29477 clamped 4096
[kinematics-ws] K clamp binds: eid 1002 demanded 14445 clamped 4096
[kinematics-ws] K clamp binds: eid 1003 demanded 7090 clamped 4096
[kinematics-ws] K clamp binds: eid 1001 demanded 29480 clamped 4096
[kinematics-ws] K clamp binds: eid 1002 demanded 14444 clamped[kinematics-ws] K clamp binds: eid 1003 demanded 7090 clamped 4096
[kinematics-ws] K clamp binds: eid 1001 demanded 29483 clamped 4096
 4096
[kinematics-ws] K clamp binds: eid 1003 demanded 7087 clamped 4096
[kinematics-ws] K clamp binds: eid 1001 demanded 29483 clamped 4096
[kinematics-ws] K clamp binds: eid 1002 demanded 14446 clamped 4096
[kinematics-ws] K clamp binds: eid 1001 demanded 29488 clamped 4096
[kinematics-ws] K clamp binds: eid 1002 demanded 14451 clamped 4096
[kinematics-ws] K clamp binds: eid 1003 demanded 7085 clamped 4096
[kinematics-ws] K clamp binds: eid 1003 demanded 7085 clamped 4096
[kinematics-ws] K clamp binds: eid 1001 demanded 29493 clamped 4096
[kinematics-ws] K clamp binds: eid 1002 demanded 14449 clamped 4096
[kinematics-ws] K clamp binds: eid 1001 demanded 29477 clamped 4096
[kinematics-ws] K clamp binds: eid 1002 demanded 14454 clamped 4096
[kinematics-ws] K clamp binds: eid 1003 demanded 7087 clamped 4096
[kinematics-ws] K clamp binds: eid 1001 demanded 29492 clamped 4096
[kinematics-ws] K clamp binds: eid 1003 demanded 7084 clamped 4096
[kinematics-ws] K clamp binds: eid 1002 demanded 14460 clamped 4096
[kinematics-ws] K clamp binds: eid 1001 demanded 29481 clamped 4096
[kinematics-ws] K clamp binds: eid 1002 demanded 14463 clamped 4096
[kinematics-ws] K clamp binds: eid 1003 demanded 7082 clamped 4096
[kinematics-ws] K clamp binds: eid 1002 demanded 14464 clamped 4096
[kinematics-ws] K clamp binds: eid 1003 demanded 7086 clamped 4096
[kinematics-ws] K clamp binds: eid 1001 demanded 29494 clamped 4096
[kinematics-ws] K clamp binds: eid 1003 demanded 7083[kinematics-ws] K clamp binds: eid 1002 demanded 14465 clamped  4096
clamped 4096
[kinematics-ws] K clamp binds: eid 1001 demanded 29508 clamped 4096
[kinematics-ws] K clamp binds: eid 1001 demanded 29513 clamped 4096
[kinematics-ws] K clamp binds: eid 1002 demanded 14466 clamped 4096
[kinematics-ws] K clamp binds: eid 1003 demanded 7082 clamped 4096
[kinematics-ws] K clamp binds: eid 1002 demanded 14467 clamped 4096
[kinematics-ws] K clamp binds: eid 1001 demanded 29514 clamped 4096
[kinematics-ws] K clamp binds: eid 1003 demanded 7085 clamped 4096
[kinematics-ws] K clamp binds: eid 1001 demanded 29511 clamped 4096
[kinematics-ws] K clamp binds: eid 1003 demanded 7081 clamped 4096
[kinematics-ws] K clamp binds: eid 1002 demanded 14467 clamped 4096
[kinematics-ws] K clamp binds: eid 1002 demanded 14469 clamped 4096
[kinematics-ws] K clamp binds: eid 1003 demanded 7085 clamped 4096
[kinematics-ws] K clamp binds: eid 1001 demanded 29504 clamped 4096
[kinematics-ws] K clamp binds: eid 1002 demanded 14471 clamped 4096
[kinematics-ws] K clamp binds: eid 1003 demanded 7081 clamped 4096
[kinematics-ws] K clamp binds: eid 1001 demanded 29505 clamped 4096
[kinematics-ws] K clamp binds: eid 1001 demanded 29506 clamped 4096
[kinematics-ws] K clamp binds: eid 1002 demanded 14468 clamped 4096
[kinematics-ws] K clamp binds: eid 1003 demanded 7086 clamped 4096
[kinematics-ws] K clamp binds: eid 1003 demanded 7083 clamped 4096
[kinematics-ws] K clamp binds: eid 1001 demanded 29504 clamped 4096
[kinematics-ws] K clamp binds: eid 1002 demanded 14463 clamped 4096
[kinematics-ws] K clamp binds: eid 1001 demanded 29507 clamped 4096
[kinematics-ws] K clamp binds: eid 1003 demanded 7087 clamped 4096
[kinematics-ws] K clamp binds: eid 1002 demanded 14465 clamped 4096
[kinematics-ws] K clamp binds: eid 1001 demanded 29520 clamped 4096
[kinematics-ws] K clamp binds: eid 1002 demanded 14465 clamped 4096
[kinematics-ws] K clamp binds: eid 1003 demanded 7086 clamped 4096
[kinematics-ws] K clamp binds: eid 1002 demanded 14461 clamped 4096
[kinematics-ws] K clamp binds: eid 1003 demanded 7087 clamped 4096
[kinematics-ws] K clamp binds: eid 1001 demanded 29525 clamped 4096
[kinematics-ws] K clamp binds: eid 1003 demanded 7091 clamped 4096
[kinematics-ws] K clamp binds: eid 1002 demanded 14466 clamped 4096
[kinematics-ws] K clamp binds: eid 1001 demanded 29528 clamped 4096
[kinematics-ws] K clamp binds: eid 1003 demanded 7088 clamped 4096
[kinematics-ws] K clamp binds: eid 1001 demanded 29529 clamped 4096
[kinematics-ws] K clamp binds: eid 1002 demanded 14463 clamped 4096
[kinematics-ws] K clamp binds: eid 1001 demanded 29529 clamped 4096
[kinematics-ws] K clamp binds: eid 1002 demanded 14467 clamped 4096
[kinematics-ws] K clamp binds: eid 1003 demanded 7091 clamped 4096
[kinematics-ws] K clamp binds: eid 1003 demanded 7095 clamped 4096
[kinematics-ws] K clamp binds: eid 1002 demanded 14470 clamped 4096
[kinematics-ws] K clamp binds: eid 1001 demanded 29528 clamped 4096
[kinematics-ws] K clamp binds: eid 1001 demanded 29524 clamped 4096
[kinematics-ws] K clamp binds: eid 1002 demanded 14469 clamped 4096
[kinematics-ws] K clamp binds: eid 1003 demanded 7095 clamped 4096
[kinematics-ws] K clamp binds: eid 1001 demanded 29524 clamped 4096
[kinematics-ws] K clamp binds: eid 1002 demanded 14475 clamped 4096
[kinematics-ws] K clamp binds: eid 1003 demanded 7094 clamped 4096
[kinematics-ws] K clamp binds: eid 1002 demanded 14481 clamped 4096
[kinematics-ws] K clamp binds: eid 1003 demanded 7098 clamped 4096
[kinematics-ws] K clamp binds: eid 1001 demanded 29525 clamped 4096
[kinematics-ws] K clamp binds: eid 1002 demanded 14482 clamped 4096
[kinematics-ws] K clamp binds: eid 1003 demanded 7101 clamped 4096
[kinematics-ws] K clamp binds: eid 1001 demanded 29531 clamped 4096
[kinematics-ws] K clamp binds: eid 1003 demanded 7103 clamped 4096
[kinematics-ws] K clamp binds: eid 1001 demanded 29536 clamped 4096
[kinematics-ws] K clamp binds: eid 1002 demanded 14483 clamped 4096
[kinematics-ws] K clamp binds: eid 1002 demanded 14484 clamped 4096
[kinematics-ws] K clamp binds: eid 1003 demanded 7103 clamped 4096
[kinematics-ws] K clamp binds: eid 1001 demanded 29541 clamped 4096
[kinematics-ws] K clamp binds: eid 1002 demanded 14484 clamped 4096
[kinematics-ws] K clamp binds: eid 1003 demanded 7102 clamped 4096
[kinematics-ws] K clamp binds: eid 1001 demanded 29545 clamped 4096
[kinematics-ws] K clamp binds: eid 1001 demanded 29545 clamped 4096
[kinematics-ws] K clamp binds: eid 1003 demanded 7103 clamped 4096
[kinematics-ws] K clamp binds: eid 1002 demanded 14485 clamped 4096
[kinematics-ws] K clamp binds: eid 1002 [kinematics-ws] K clamp binds: eid 1003 demanded 7103 clamped demanded 14485 clamped 4096
[kinematics-ws] K clamp binds: eid 1001 demanded 29544 clamped 4096
4096
[kinematics-ws] K clamp binds: eid 1001 demanded 29549 clamped 4096
[kinematics-ws] K clamp binds: eid 1002 demanded 14487 clamped 4096
[kinematics-ws] K clamp binds: eid 1003 demanded 7104 clamped 4096
[kinematics-ws] K clamp binds: eid 1001 demanded 29548 clamped 4096
[kinematics-ws] K clamp binds: eid 1003 demanded 7105 clamped 4096
[kinematics-ws] K clamp binds: eid 1002 demanded 14491 clamped 4096
[kinematics-ws] K clamp binds: eid 1001 demanded 29539 clamped 4096
[kinematics-ws] K clamp binds: eid 1003 demanded 7105 clamped 4096
[kinematics-ws] K clamp binds: eid 1002 demanded 14491 clamped 4096
[kinematics-ws] K clamp binds: eid 1001 demanded 29550 clamped 4096
[kinematics-ws] K clamp binds: eid 1002 demanded 14483 clamped 4096
[kinematics-ws] K clamp binds: eid 1003 demanded 7105 clamped 4096
[kinematics-ws] K clamp binds: eid 1002 demanded 14482 clamped 4096
[kinematics-ws] K clamp binds: eid 1003 demanded 7104 clamped 4096
[kinematics-ws] K clamp binds: eid 1001 demanded 29549 clamped 4096
[kinematics-ws] K clamp binds: eid 1002 demanded 14488 clamped 4096
[kinematics-ws] K clamp binds: eid 1003 demanded 7104 clamped 4096
[kinematics-ws] K clamp binds: eid 1001 demanded 29550 clamped 4096
[kinematics-ws] K clamp binds: eid 1001 demanded 29559 clamped 4096
[kinematics-ws] K clamp binds: eid 1003 demanded 7106 clamped 4096
[kinematics-ws] K clamp binds: eid 1002 demanded 14479 clamped 4096
[kinematics-ws] K clamp binds: eid 1002 demanded 14487 clamped 4096
[kinematics-ws] K clamp binds: eid 1001 demanded 29566 clamped 4096
[kinematics-ws] K clamp binds: eid 1003 demanded 7109 clamped 4096
[kinematics-ws] K clamp binds: eid 1001 demanded 29566 clamped 4096
[kinematics-ws] K clamp binds: eid 1003 demanded 7112 clamped 4096
[kinematics-ws] K clamp binds: eid 1002 demanded 14481 clamped 4096
[kinematics-ws] K clamp binds: eid 1002 demanded 14489 clamped 4096
[kinematics-ws] K clamp binds: eid 1003 demanded 7112 clamped 4096
[kinematics-ws] K clamp binds: eid 1001 demanded 29561 clamped 4096
[kinematics-ws] K clamp binds: eid 1003 demanded 7107 clamped 4096
[kinematics-ws] K clamp binds: eid 1001 demanded 29563 clamped 4096
[kinematics-ws] K clamp binds: eid 1002 demanded 14483 clamped 4096
[kinematics-ws] K clamp binds: eid 1001 demanded 29574 clamped 4096
[kinematics-ws] K clamp binds: eid 1002 demanded 14492 clamped 4096
[kinematics-ws] K clamp binds: eid 1003 demanded 7102 clamped 4096
[kinematics-ws] K clamp binds: eid 1003 demanded 7105 clamped 4096
[kinematics-ws] K clamp binds: eid 1002 demanded 14496 clamped 4096
[kinematics-ws] K clamp binds: eid 1001 demanded 29557 clamped 4096
[kinematics-ws] K clamp binds: eid 1003 demanded 7110 clamped 4096
[kinematics-ws] K clamp binds: eid 1002 demanded 14492 clamped 4096
[kinematics-ws] K clamp binds: eid 1001 demanded 29572 clamped 4096
[kinematics-ws] K clamp binds: eid 1002 demanded 14495 clamped 4096
[kinematics-ws] K clamp binds: eid 1003 demanded 7106 clamped 4096
[kinematics-ws] K clamp binds: eid 1001 demanded 29559 clamped 4096
[kinematics-ws] K clamp binds: eid 1001 demanded 29576 clamped 4096
[kinematics-ws] K clamp binds: eid 1003 demanded 7100 clamped 4096
[kinematics-ws] K clamp binds: eid 1002 demanded 14502 clamped 4096
[kinematics-ws] K clamp binds: eid 1003 demanded 7107 clamped 4096
[kinematics-ws] K clamp binds: eid 1001 demanded 29588 clamped 4096
[kinematics-ws] K clamp binds: eid 1002 demanded 14507 clamped 4096
[kinematics-ws] K clamp binds: eid 1002 demanded 14510 clamped 4096
[kinematics-ws] K clamp binds: eid 1001 demanded 29591 clamped 4096
[kinematics-ws] K clamp binds: eid 1003 demanded 7105 clamped 4096
[kinematics-ws] K clamp binds: eid 1002 demanded 14511 clamped 4096
[kinematics-ws] K clamp binds: eid 1003 demanded 7099 clamped 4096
[kinematics-ws] K clamp binds: eid 1001 demanded 29593 clamped 4096
[kinematics-ws] K clamp binds: eid 1003 demanded 7107 clamped 4096
[kinematics-ws] K clamp binds: eid 1001 demanded 29594 clamped 4096
[kinematics-ws] K clamp binds: eid 1002 demanded 14511 clamped 4096
[kinematics-ws] K clamp binds: eid 1001 demanded 29591 clamped 4096
[kinematics-ws] K clamp binds: eid 1003 demanded 7100 clamped 4096
[kinematics-ws] K clamp binds: eid 1002 demanded 14509 clamped 4096
[kinematics-ws] K clamp binds: eid 1001 demanded 29582 clamped 4096
[kinematics-ws] K clamp binds: eid 1002 demanded 14506 clamped 4096
[kinematics-ws] K clamp binds: eid 1003 demanded 7105 clamped 4096
[kinematics-ws] K clamp binds: eid 1002 demanded 14504 clamped 4096
[kinematics-ws] K clamp binds: eid 1003 demanded 7102 clamped 4096
[kinematics-ws] K clamp binds: eid 1001 demanded 29586 clamped 4096
[kinematics-ws] K clamp binds: eid 1003 demanded 7104 clamped 4096
[kinematics-ws] K clamp binds: eid 1001 demanded 29583 clamped 4096
[kinematics-ws] K clamp binds: eid 1002 demanded 14507 clamped 4096
[kinematics-ws] K clamp binds: eid 1003 demanded 7103 clamped 4096
[kinematics-ws] K clamp binds: eid 1002 demanded 14510 clamped 4096
[kinematics-ws] K clamp binds: eid 1001 demanded 29589 clamped 4096
[kinematics-ws] K clamp binds: eid 1001 demanded 29587 clamped 4096
[kinematics-ws] K clamp binds: eid 1002 demanded 14503 clamped 4096
[kinematics-ws] K clamp binds: eid 1003 demanded 7105 clamped 4096
[kinematics-ws] K clamp binds: eid 1001 demanded 29597 clamped 4096[kinematics-ws] K clamp binds: eid 1002 demanded 14502 clamped 4096

[kinematics-ws] K clamp binds: eid 1003 demanded 7103 clamped 4096
[kinematics-ws] K clamp binds: eid 1003 demanded 7110 clamped 4096
[kinematics-ws] K clamp binds: eid 1001 demanded 29606 clamped 4096
[kinematics-ws] K clamp binds: eid 1002 demanded 14507 clamped 4096
[kinematics-ws] K clamp binds: eid 1001 demanded 29610 clamped 4096
[kinematics-ws] K clamp binds: eid 1002 demanded 14499 clamped 4096
[kinematics-ws] K clamp binds: eid 1003 demanded 7102 clamped 4096
[kinematics-ws] K clamp binds: eid 1003 demanded 7111 clamped 4096
[kinematics-ws] K clamp binds: eid 1002 demanded 14508 clamped 4096
[kinematics-ws] K clamp binds: eid 1001 demanded 29610 clamped 4096
[kinematics-ws] K clamp binds: eid 1001 demanded 29606 clamped 4096
[kinematics-ws] K clamp binds: eid 1002 demanded 14501 clamped 4096
[kinematics-ws] K clamp binds: eid 1003 demanded 7110 clamped 4096
[kinematics-ws] K clamp binds: eid 1003 demanded 7106 clamped 4096
[kinematics-ws] K clamp binds: eid 1001 demanded 29604 clamped 4096
[kinematics-ws] K clamp binds: eid 1002 demanded 14509 clamped 4096
[kinematics-ws] K clamp binds: eid 1003 demanded 7115 clamped 4096
[kinematics-ws] K clamp binds: eid 1002 demanded 14509 clamped 4096
[kinematics-ws] K clamp binds: eid 1001 demanded 29609 clamped 4096
[kinematics-ws] K clamp binds: eid 1001 demanded 29601 clamped 4096
[kinematics-ws] K clamp binds: eid 1002 demanded 14508 clamped 4096
[kinematics-ws] K clamp binds: eid 1003 demanded 7116 clamped 4096
[kinematics-ws] K clamp binds: eid 1003 demanded 7111 clamped 4096
[kinematics-ws] K clamp binds: eid 1001 demanded 29607 clamped 4096
[kinematics-ws] K clamp binds: eid 1002 demanded 14516 clamped 4096
[kinematics-ws] K clamp binds: eid 1001 [kinematics-ws] K clamp binds: eid 1003 demanded 7114 clamped 4096
[kinematics-ws] K clamp binds: eid 1002 demanded 14521 clamped 4096
demanded 29604 clamped 4096
[kinematics-ws] K clamp binds: eid 1003 demanded 7121 clamped 4096
[kinematics-ws] K clamp binds: eid 1002 demanded 14520 clamped 4096
[kinematics-ws] K clamp binds: eid 1001 demanded 29616 clamped 4096
[kinematics-ws] K clamp binds: eid 1001 demanded 29623 clamped 4096
[kinematics-ws] K clamp binds: eid 1002 demanded 14519 clamped 4096
[kinematics-ws] K clamp binds: eid 1003 demanded 7123 clamped 4096
[kinematics-ws] K clamp binds: eid 1003 demanded 7121 clamped 4096
[kinematics-ws] K clamp binds: eid 1001 demanded 29625 clamped 4096
[kinematics-ws] K clamp binds: eid 1002 demanded 14521 clamped 4096
[kinematics-ws] K clamp binds: eid 1001 demanded 29627 clamped 4096
[kinematics-ws] K clamp binds: eid 1003 demanded 7118 clamped 4096
[kinematics-ws] K clamp binds: eid 1002 demanded 14522 clamped 4096
[kinematics-ws] K clamp binds: eid 1003 demanded 7119 clamped 4096
[kinematics-ws] K clamp binds: eid 1002 demanded 14523 clamped 4096
[kinematics-ws] K clamp binds: eid 1001 demanded 29628 clamped 4096
[kinematics-ws] K clamp binds: eid 1002 demanded 14522 clamped 4096
[kinematics-ws] K clamp binds: eid 1003 demanded 7121 clamped 4096
[kinematics-ws] K clamp binds: eid 1001 demanded 29630 clamped 4096
[kinematics-ws] K clamp binds: eid 1002 demanded 14523 clamped 4096
[kinematics-ws] K clamp binds: eid 1003 demanded 7124 clamped 4096
[kinematics-ws] K clamp binds: eid 1001 demanded 29630 clamped 4096
[kinematics-ws] K clamp binds: eid 1001 demanded 29622 clamped 4096
[kinematics-ws] K clamp binds: eid 1003 demanded 7127 clamped 4096
[kinematics-ws] K clamp binds: eid 1002 demanded 14526 clamped 4096
[kinematics-ws] K clamp binds: eid 1003 demanded 7128 clamped 4096
[kinematics-ws] K clamp binds: eid 1001 demanded 29625 clamped 4096
[kinematics-ws] K clamp binds: eid 1002 demanded 14532 clamped 4096
[kinematics-ws] K clamp binds: eid 1001 demanded 29623 clamped 4096
[kinematics-ws] K clamp binds: eid 1002 demanded 14533 clamped 4096
[kinematics-ws] K clamp binds: eid 1003 demanded 7129 clamped 4096
[kinematics-ws] K clamp binds: eid 1001 demanded 29631 clamped 4096
[kinematics-ws] K clamp binds: eid 1002 demanded 14522 clamped 4096
[kinematics-ws] K clamp binds: eid 1003 demanded 7129 clamped 4096
[kinematics-ws] K clamp binds: eid 1002 demanded 14521 clamped 4096
[kinematics-ws] K clamp binds: eid 1003 demanded 7128 clamped 4096
[kinematics-ws] K clamp binds: eid 1001 demanded 29632 clamped 4096
[kinematics-ws] K clamp binds: eid 1002 demanded 14531 clamped 4096
[kinematics-ws] K clamp binds: eid 1003 demanded 7127 clamped 4096
[kinematics-ws] K clamp binds: eid 1001 demanded 29637 clamped 4096
[kinematics-ws] K clamp binds: eid 1003 demanded 7125 clamped 4096
[kinematics-ws] K clamp binds: eid 1002 demanded 14518 clamped 4096
[kinematics-ws] K clamp binds: eid 1001 demanded 29642 clamped 4096
[kinematics-ws] K clamp binds: eid 1003 demanded 7123 clamped 4096
[kinematics-ws] K clamp binds: eid 1002 demanded 14527 clamped 4096
[kinematics-ws] K clamp binds: eid 1001 demanded 29645 clamped 4096
[kinematics-ws] K clamp binds: eid 1003 demanded 7124 clamped 4096
[kinematics-ws] K clamp binds: eid 1001 demanded 29643 clamped 4096
[kinematics-ws] K clamp binds: eid 1002 demanded 14520 clamped 4096
[kinematics-ws] K clamp binds: eid 1002 demanded 14529 clamped 4096
[kinematics-ws] K clamp binds: eid 1003 demanded 7127 clamped 4096
[kinematics-ws] K clamp binds: eid 1001 demanded 29643 clamped 4096
[kinematics-ws] K clamp binds: eid 1001 demanded 29651 clamped 4096
[kinematics-ws] K clamp binds: eid 1002 demanded 14520 clamped 4096
[kinematics-ws] K clamp binds: eid 1003 demanded 7132 clamped 4096
[kinematics-ws] K clamp binds: eid 1002 demanded 14535 clamped 4096
[kinematics-ws] K clamp binds: eid 1003 demanded 7133 clamped 4096
[kinematics-ws] K clamp binds: eid 1001 demanded 29647 clamped 4096
[kinematics-ws] K clamp binds: eid 1002 demanded 14530 clamped 4096
[kinematics-ws] K clamp binds: eid 1003 demanded 7127 clamped 4096
[kinematics-ws] K clamp binds: eid 1001 demanded 29638 clamped 4096
[kinematics-ws] K clamp binds: eid 1003 demanded 7121 clamped 4096
[kinematics-ws] K clamp binds: eid 1001 demanded 29649 clamped 4096
[kinematics-ws] K clamp binds: eid 1002 demanded 14527 clamped 4096
[kinematics-ws] K clamp binds: eid 1002 demanded 14539 clamped 4096
[kinematics-ws] K clamp binds: eid 1001 demanded 29649 clamped 4096
[kinematics-ws] K clamp binds: eid 1003 demanded 7125 clamped 4096
[kinematics-ws] K clamp binds: eid 1002 demanded 14546 clamped 4096
[kinematics-ws] K clamp binds: eid 1001 demanded 29646 clamped 4096
[kinematics-ws] K clamp binds: eid 1003 demanded 7131 clamped 4096
[kinematics-ws] K clamp binds: eid 1002 demanded 14545 clamped 4096
[kinematics-ws] K clamp binds: eid 1003 demanded 7124 clamped 4096
[kinematics-ws] K clamp binds: eid 1001 demanded 29659 clamped 4096
[kinematics-ws] K clamp binds: eid 1001 demanded 29669 clamped 4096
[kinematics-ws] K clamp binds: eid 1002 demanded 14543 clamped 4096
[kinematics-ws] K clamp binds: eid 1003 demanded 7119 clamped 4096
[kinematics-ws] K clamp binds: eid 1002 demanded 14541 clamped 4096
[kinematics-ws] K clamp binds: eid 1001 demanded 29672 clamped 4096
[kinematics-ws] K clamp binds: eid 1003 demanded 7129 clamped 4096
[kinematics-ws] K clamp binds: eid 1001 demanded 29670 clamped 4096
[kinematics-ws] K clamp binds: eid 1003 demanded 7124 clamped 4096
[kinematics-ws] K clamp binds: eid 1002 demanded 14542 clamped 4096
[kinematics-ws] K clamp binds: eid 1003 demanded 7119 clamped 4096
[kinematics-ws] K clamp binds: eid 1001 demanded 29663 clamped 4096
[kinematics-ws] K clamp binds: eid 1002 demanded 14542 clamped 4096
[kinematics-ws] K clamp binds: eid 1001 demanded 29662 clamped 4096
[kinematics-ws] K clamp binds: eid 1002 demanded 14544 clamped 4096
[kinematics-ws] K clamp binds: eid 1003 demanded 7129 clamped 4096
[kinematics-ws] K clamp binds: eid 1002 demanded 14548 clamped 4096
[kinematics-ws] K clamp binds: eid 1001 demanded 29673 clamped 4096[kinematics-ws] K clamp binds: eid 1003 demanded 7118 clamped 4096

[kinematics-ws] K clamp binds: eid 1002 demanded 14554 clamped 4096
[kinematics-ws] K clamp binds: eid 1003 demanded 7126 clamped 4096
[kinematics-ws] K clamp binds: eid 1001 demanded 29658 clamped 4096
[kinematics-ws] K clamp binds: eid[kinematics-ws] K clamp binds: eid  1003 demanded 7121 1002 clamped demanded 14554 clamped 40964096

[kinematics-ws] K clamp binds: eid 1001 demanded 29670 clamped 4096
[kinematics-ws] K clamp binds: eid 1002 demanded 14544 clamped 4096
[kinematics-ws] K clamp binds: eid 1001 demanded 29660 clamped 4096
[kinematics-ws] K clamp binds: eid 1003 demanded 7124 clamped 4096
[kinematics-ws] K clamp binds: eid 1003 demanded 7123 clamped 4096
[kinematics-ws] K clamp binds: eid 1002 demanded 14539 clamped 4096
[kinematics-ws] K clamp binds: eid 1001 demanded 29677 clamped 4096
[kinematics-ws] K clamp binds: eid 1002 demanded 14551 clamped 4096
[kinematics-ws] K clamp binds: eid 1001 demanded 29684 clamped 4096
[kinematics-ws] K clamp binds: eid 1003 demanded 7125 clamped 4096
[kinematics-ws] K clamp binds: eid 1003 demanded 7122 clamped 4096
[kinematics-ws] K clamp binds: eid 1001 demanded 29683 clamped 4096
[kinematics-ws] K clamp binds: eid 1002 demanded 14543 clamped 4096
[kinematics-ws] K clamp binds: eid 1002 demanded 14540 clamped 4096
[kinematics-ws] K clamp binds: eid 1003 demanded 7129 clamped 4096
[kinematics-ws] K clamp binds: eid 1001 demanded 29684 clamped 4096
[kinematics-ws] K clamp binds: eid 1002 demanded 14549 clamped 4096
[kinematics-ws] K clamp binds: eid 1001 demanded 29686 clamped 4096
[kinematics-ws] K clamp binds: eid 1003 demanded 7121 clamped 4096
[kinematics-ws] K clamp binds: eid 1001 demanded 29690 clamped 4096
[kinematics-ws] K clamp binds: eid 1002 demanded 14538 clamped 4096
[kinematics-ws] K clamp binds: eid 1003 demanded 7132 clamped 4096
[kinematics-ws] K clamp binds: eid 1001 demanded 29695 clamped 4096
[kinematics-ws] K clamp binds: eid 1003 demanded 7125 clamped 4096
[kinematics-ws] K clamp binds: eid 1002 demanded 14549 clamped 4096
[kinematics-ws] K clamp binds: eid 1003 demanded 7127 clamped 4096
[kinematics-ws] K clamp binds: eid 1002 demanded 14545 clamped 4096
[kinematics-ws] K clamp binds: eid 1001 demanded 29686 clamped 4096
[kinematics-ws] K clamp binds: eid 1003 demanded 7136 clamped 4096
[kinematics-ws] K clamp binds: eid 1002 demanded 14544 clamped 4096
[kinematics-ws] K clamp binds: eid 1001 demanded 29679 clamped 4096
[kinematics-ws] K clamp binds: eid 1003 demanded 7129 clamped 4096
[kinematics-ws] K clamp binds: eid 1002 demanded 14558 clamped 4096
[kinematics-ws] K clamp binds: eid 1001 demanded 29690 clamped 4096
[kinematics-ws] K clamp binds: eid 1003 demanded 7129 clamped 4096
[kinematics-ws] K clamp binds: eid 1001 demanded 29681 clamped 4096
[kinematics-ws] K clamp binds: eid 1002 demanded 14551 clamped 4096
[kinematics-ws] K clamp binds: eid 1001 demanded 29688 clamped 4096
[kinematics-ws] K clamp binds: eid 1002 demanded 14549 clamped 4096
[kinematics-ws] K clamp binds: eid 1003 demanded 7139 clamped 4096
[kinematics-ws] K clamp binds: eid 1003 demanded 7139 clamped 4096
[kinematics-ws] K clamp binds: eid 1002 demanded 14559 clamped 4096
[kinematics-ws] K clamp binds: eid 1001 demanded 29702 clamped 4096
[kinematics-ws] K clamp binds: eid 1001 demanded 29703 clamped 4096
[kinematics-ws] K clamp binds: eid 1003 demanded 7133 clamped 4096
[kinematics-ws] K clamp binds: eid 1002 demanded 14568 clamped 4096
[kinematics-ws] K clamp binds: eid 1002 demanded 14570 clamped 4096
[kinematics-ws] K clamp binds: eid 1003 demanded 7134 clamped 4096
[kinematics-ws] K clamp binds: eid 1001 demanded 29702 clamped 4096
[kinematics-ws] K clamp binds: eid 1001 demanded 29704 clamped 4096
[kinematics-ws] K clamp binds: eid 1003 demanded 7141 clamped 4096
[kinematics-ws] K clamp binds: eid 1002 demanded 14570 clamped 4096
[kinematics-ws] K clamp binds: eid 1003 demanded 7146 clamped 4096
[kinematics-ws] K clamp binds: eid 1001 demanded 29706 clamped 4096
[kinematics-ws] K clamp binds: eid 1002 demanded 14569 clamped 4096
[kinematics-ws] K clamp binds: eid 1002 demanded 14570 clamped 4096
[kinematics-ws] K clamp binds: eid 1001 demanded 29711 clamped 4096
[kinematics-ws] K clamp binds: eid 1003 demanded 7147 clamped 4096
[kinematics-ws] K clamp binds: eid 1002 demanded 14571 clamped 4096
[kinematics-ws] K clamp binds: eid 1001 demanded 29714 clamped 4096
[kinematics-ws] K clamp binds: eid 1003 demanded 7144 clamped 4096
[kinematics-ws] K clamp binds: eid 1001 demanded 29701 clamped 4096
[kinematics-ws] K clamp binds: eid 1003 demanded 7142 clamped 4096
[kinematics-ws] K clamp binds: eid 1002 demanded 14573 clamped 4096
[kinematics-ws] K clamp binds: eid 1002 demanded 14574 clamped 4096
[kinematics-ws] K clamp binds: eid 1003 demanded 7141 clamped 4096
[kinematics-ws] K clamp binds: eid 1001 demanded 29704 clamped 4096
[kinematics-ws] K clamp binds: eid 1002 [kinematics-ws] K clamp binds: eid 1003 demanded 7140 clamped demanded4096
 14570 clamped 4096
[kinematics-ws] K clamp binds: eid 1001 demanded 29704 clamped 4096
[kinematics-ws] K clamp binds: eid 1003 demanded 7141 clamped 4096
[kinematics-ws] K clamp binds: eid 1002 demanded 14563 clamped 4096
[kinematics-ws] K clamp binds: eid 1001 demanded 29710 clamped 4096
[kinematics-ws] K clamp binds: eid 1003 demanded 7141 clamped 4096
[kinematics-ws] K clamp binds: eid 1001 demanded 29704 clamped 4096
[kinematics-ws] K clamp binds: eid 1002 demanded 14563 clamped 4096
[kinematics-ws] K clamp binds: eid 1003 demanded 7142 clamped 4096
[kinematics-ws] K clamp binds: eid 1001 demanded 29717 clamped 4096
[kinematics-ws] K clamp binds: eid 1002 demanded 14570 clamped 4096
[kinematics-ws] K clamp binds: eid 1001 demanded 29727 clamped 4096
[kinematics-ws] K clamp binds: eid 1003 demanded 7141 clamped 4096
[kinematics-ws] K clamp binds: eid 1002 demanded 14563 clamped 4096
[kinematics-ws] K clamp binds: eid 1001 demanded 29732 clamped 4096
[kinematics-ws] K clamp binds: eid 1002 demanded 14560 clamped 4096
[kinematics-ws] K clamp binds: eid 1003 demanded 7141 clamped 4096
[kinematics-ws] K clamp binds: eid 1002 demanded 14568 clamped 4096
[kinematics-ws] K clamp binds: eid 1003 demanded 7142 clamped 4096
[kinematics-ws] K clamp binds: eid 1001 demanded 29733 clamped 4096
[kinematics-ws] K clamp binds: eid 1002 demanded 14558 clamped 4096
[kinematics-ws] K clamp binds: eid 1003 demanded 7144 clamped 4096
[kinematics-ws] K clamp binds: eid 1001 demanded 29732 clamped 4096
[kinematics-ws] K clamp binds: eid 1001 demanded 29727 clamped 4096
[kinematics-ws] K clamp binds: eid 1002 demanded 14569 clamped 4096
[kinematics-ws] K clamp binds: eid 1003 demanded 7148 clamped 4096
[kinematics-ws] K clamp binds: eid 1001 demanded 29723 clamped 4096
[kinematics-ws] K clamp binds: eid 1002 demanded 14560 clamped 4096
[kinematics-ws] K clamp binds: eid 1003 demanded 7153 clamped 4096
[kinematics-ws] K clamp binds: eid 1002 demanded 14570 clamped 4096
[kinematics-ws] K clamp binds: eid 1001 demanded 29728 clamped 4096
[kinematics-ws] K clamp binds: eid 1003 demanded 7156 clamped 4096
[kinematics-ws] K clamp binds: eid 1002 demanded 14568 clamped 4096
[kinematics-ws] K clamp binds: eid 1001 demanded 29721 clamped 4096
[kinematics-ws] K clamp binds: eid 1003 demanded 7153 clamped 4096
[kinematics-ws] K clamp binds: eid 1002 demanded 14566 clamped 4096
[kinematics-ws] K clamp binds: eid 1001 demanded 29727 clamped 4096
[kinematics-ws] K clamp binds: eid 1003 demanded 7144 clamped 4096
[kinematics-ws] K clamp binds: eid 1003 demanded 7140 clamped 4096
[kinematics-ws] K clamp binds: eid 1002 demanded 14577 clamped 4096
[kinematics-ws] K clamp binds: eid 1001 demanded 29723 clamped 4096
[kinematics-ws] K clamp binds: eid 1001 demanded 29734 clamped 4096
[kinematics-ws] K clamp binds: eid 1003 demanded 7146 clamped 4096
[kinematics-ws] K clamp binds: eid 1002 demanded 14578 clamped 4096
[kinematics-ws] K clamp binds: eid 1001 demanded 29738 clamped 4096
[kinematics-ws] K clamp binds: eid 1002 demanded 14574 clamped 4096
[kinematics-ws] K clamp binds: eid 1003 demanded 7153 clamped 4096
[kinematics-ws] K clamp binds: eid 1002 demanded 14576 clamped 4096
[kinematics-ws] K clamp binds: eid 1001 demanded 29739 clamped 4096
[kinematics-ws] K clamp binds: eid 1003 demanded 7147 clamped 4096
[kinematics-ws] K clamp binds: eid 1001 demanded 29742 clamped 4096
[kinematics-ws] K clamp binds: eid 1003 demanded 7138 clamped 4096
[kinematics-ws] K clamp binds: eid 1002 demanded 14581 clamped 4096
[kinematics-ws] K clamp binds: eid 1002 demanded 14586 clamped 4096
[kinematics-ws] K clamp binds: eid 1003 demanded 7147 clamped 4096
[kinematics-ws] K clamp binds: eid 1001 demanded 29743 clamped 4096
[kinematics-ws] K clamp binds: eid 1001 demanded 29744 clamped 4096
[kinematics-ws] K clamp binds: eid 1003 demanded 7150 clamped 4096
[kinematics-ws] K clamp binds: eid 1002 demanded 14589 clamped 4096
[kinematics-ws] K clamp binds: eid 1003 demanded 7137 clamped 4096
[kinematics-ws] K clamp binds: eid 1002 demanded 14590 clamped 4096
[kinematics-ws] K clamp binds: eid 1001 demanded 29747 clamped 4096
[kinematics-ws] K clamp binds: eid 1002 demanded 14589 clamped 4096
[kinematics-ws] K clamp binds: eid 1001 demanded 29753 clamped 4096
[kinematics-ws] K clamp binds: eid 1003 demanded 7146 clamped 4096
[kinematics-ws] K clamp binds: eid 1003 demanded 7147 clamped 4096
[kinematics-ws] K clamp binds: eid 1001 demanded 29744 clamped 4096
[kinematics-ws] K clamp binds: eid 1002 demanded 14587 clamped 4096
[kinematics-ws] K clamp binds: eid 1002 demanded 14584 clamped 4096
[kinematics-ws] K clamp binds: eid 1001 demanded 29741 clamped 4096
[kinematics-ws] K clamp binds: eid 1003 demanded 7136 clamped 4096
[kinematics-ws] K clamp binds: eid 1001 demanded 29747 clamped 4096
[kinematics-ws] K clamp binds: eid 1002 demanded 14583 clamped 4096
[kinematics-ws] K clamp binds: eid 1003 demanded 7150 clamped 4096
[kinematics-ws] K clamp binds: eid 1001 demanded 29746 clamped 4096
[kinematics-ws] K clamp binds: eid 1003 demanded 7137 clamped 4096
[kinematics-ws] K clamp binds: eid 1002 demanded 14587 clamped 4096
[kinematics-ws] K clamp binds: eid 1001 demanded 29745 clamped 4096
[kinematics-ws] K clamp binds: eid 1002 demanded 14593 clamped 4096
[kinematics-ws] K clamp binds: eid 1003 demanded 7147 clamped 4096
[kinematics-ws] K clamp binds: eid 1001 demanded 29760 clamped 4096
[kinematics-ws] K clamp binds: eid 1003 demanded 7140 clamped 4096
[kinematics-ws] K clamp binds: eid 1002 demanded 14587 clamped 4096
[kinematics-ws] K clamp binds: eid 1001 demanded 29766 clamped 4096
[kinematics-ws] K clamp binds: eid 1002 demanded 14579 clamped 4096
[kinematics-ws] K clamp binds: eid 1003 demanded 7146 clamped 4096
[kinematics-ws] K clamp binds: eid 1003 demanded 7141 clamped 4096
[kinematics-ws] K clamp binds: eid 1001 demanded 29767 clamped 4096
[kinematics-ws] K clamp binds: eid 1002 demanded 14588 clamped 4096
[kinematics-ws] K clamp binds: eid 1003 demanded 7148 clamped 4096
[kinematics-ws] K clamp binds: eid 1001 demanded 29768 clamped 4096
[kinematics-ws] K clamp binds: eid 1002 demanded 14583 clamped 4096
[kinematics-ws] K clamp binds: eid 1001 demanded 29770 clamped 4096
[kinematics-ws] K clamp binds: eid 1002 demanded 14580 clamped 4096
[kinematics-ws] K clamp binds: eid 1003 demanded 7140 clamped 4096
[kinematics-ws] K clamp binds: eid 1003 demanded 7152 clamped 4096
[kinematics-ws] K clamp binds: eid 1002 demanded 14587 clamped 4096
[kinematics-ws] K clamp binds: eid 1001 demanded 29772 clamped 4096
[kinematics-ws] K clamp binds: eid 1002 demanded 14580 clamped 4096
[kinematics-ws] K clamp binds: eid 1003 demanded 7139 clamped 4096
[kinematics-ws] K clamp binds: eid 1001 demanded 29771 clamped 4096
[kinematics-ws] K clamp binds: eid 1003 demanded 7152 clamped 4096
[kinematics-ws] K clamp binds: eid 1001 demanded 29763 clamped 4096
[kinematics-ws] K clamp binds: eid 1002 demanded 14588 clamped 4096
[kinematics-ws] K clamp binds: eid 1002 demanded 14586 clamped 4096
[kinematics-ws] K clamp binds: eid 1003 demanded 7148 clamped 4096
[kinematics-ws] K clamp binds: eid 1001 demanded 29764 clamped 4096
[kinematics-ws] K clamp binds: eid 1002 demanded 14584 clamped 4096
[kinematics-ws] K clamp binds: eid 1001 demanded 29765 clamped 4096
[kinematics-ws] K clamp binds: eid 1003 demanded 7143 clamped 4096
[kinematics-ws] K clamp binds: eid 1001 demanded 29765 clamped 4096
[kinematics-ws] K clamp binds: eid 1002 demanded 14596 clamped 4096
[kinematics-ws] K clamp binds: eid 1003 demanded 7157 clamped 4096
[kinematics-ws] K clamp binds: eid 1003 demanded 7150 clamped 4096
[kinematics-ws] K clamp binds: eid 1002 demanded 14591 clamped 4096
[kinematics-ws] K clamp binds: eid 1001 demanded 29766 clamped 4096
[kinematics-ws] K clamp binds: eid 1001 demanded 29776 clamped 4096
[kinematics-ws] K clamp binds: eid 1002 demanded 14589 clamped 4096
[kinematics-ws] K clamp binds: eid 1003 demanded 7146 clamped 4096
[kinematics-ws] K clamp binds: eid 1001 demanded 29779 clamped 4096
[kinematics-ws] K clamp binds: eid 1003 demanded 7158 clamped 4096
[kinematics-ws] K clamp binds: eid 1002 demanded 14599 clamped 4096
[kinematics-ws] K clamp binds: eid 1001 demanded 29780 clamped 4096
[kinematics-ws] K clamp binds: eid 1003 demanded 7161 clamped 4096
[kinematics-ws] K clamp binds: eid 1002 demanded 14606 clamped 4096
[kinematics-ws] K clamp binds: eid 1002 demanded 14607 clamped 4096
[kinematics-ws] K clamp binds: eid 1001 demanded 29782 clamped 4096
[kinematics-ws] K clamp binds: eid 1003 demanded 7152 clamped 4096
[kinematics-ws] K clamp binds: eid 1001 demanded 29783 clamped 4096
[kinematics-ws] K clamp binds: eid 1002 demanded 14605 clamped 4096
[kinematics-ws] K clamp binds: eid 1003 demanded 7151 clamped 4096
[kinematics-ws] K clamp binds: eid 1001 demanded 29784 clamped 4096
[kinematics-ws] K clamp binds: eid 1002 demanded 14604 clamped 4096
[kinematics-ws] K clamp binds: eid 1003 demanded 7160 clamped 4096
[kinematics-ws] K clamp binds: eid 1002 demanded 14604 clamped 4096
[kinematics-ws] K clamp binds: eid 1003 demanded 7167 clamped 4096
[kinematics-ws] K clamp binds: eid 1001 demanded 29788 clamped 4096
[kinematics-ws] K clamp binds: eid 1003 demanded 7167 clamped 4096
[kinematics-ws] K clamp binds: eid 1002 demanded 14604 clamped 4096
[kinematics-ws] K clamp binds: eid 1001 demanded 29793 clamped 4096
[kinematics-ws] K clamp binds: eid 1001 demanded 29783 clamped 4096
[kinematics-ws] K clamp binds: eid 1003 demanded 7162 clamped 4096
[kinematics-ws] K clamp binds: eid 1002 demanded 14605 clamped 4096
[kinematics-ws] K clamp binds: eid 1001 demanded 29782 clamped 4096[kinematics-ws] K clamp binds: eid
 1002 demanded 14608 clamped 4096
[kinematics-ws] K clamp binds: eid 1003 demanded 7158 clamped 4096
[kinematics-ws] K clamp binds: eid 1002 demanded 14612 clamped 4096
[kinematics-ws] K clamp binds: eid 1001 demanded 29787 clamped 4096
[kinematics-ws] K clamp binds: eid 1003 demanded 7157 clamped 4096
[kinematics-ws] K clamp binds: eid 1003 demanded 7158 clamped 4096
[kinematics-ws] K clamp binds: eid 1001 demanded 29785 clamped 4096
[kinematics-ws] K clamp binds: eid 1002 demanded 14614 clamped 4096
[kinematics-ws] K clamp binds: eid 1003 demanded 7161 clamped 4096
[kinematics-ws] K clamp binds: eid 1002 demanded 14609 clamped 4096
[kinematics-ws] K clamp binds: eid 1001 demanded 29785 clamped 4096
[kinematics-ws] K clamp binds: eid 1001 demanded 29799 clamped 4096
[kinematics-ws] K clamp binds: eid 1002 demanded 14601 clamped 4096
[kinematics-ws] K clamp binds: eid 1003 demanded 7164 clamped 4096
[kinematics-ws] K clamp binds: eid 1001 demanded 29803 clamped 4096
[kinematics-ws] K clamp binds: eid 1002 demanded 14604 clamped 4096
[kinematics-ws] K clamp binds: eid 1003 demanded 7166 clamped 4096
[kinematics-ws] K clamp binds: eid 1002 demanded 14611 clamped 4096
[kinematics-ws] K clamp binds: eid 1003 demanded 7167 clamped 4096
[kinematics-ws] K clamp binds: eid 1001 demanded 29802 clamped 4096
[kinematics-ws] K clamp binds: eid 1001 demanded 29803 clamped 4096
[kinematics-ws] K clamp binds: eid 1002 demanded 14600 clamped 4096
[kinematics-ws] K clamp binds: eid 1003 demanded 7167 clamped 4096
[kinematics-ws] K clamp binds: eid 1002 demanded 14603 clamped 4096
[kinematics-ws] K clamp binds: eid 1003 demanded 7165 clamped 4096
[kinematics-ws] K clamp binds: eid 1001 demanded 29804 clamped 4096
[kinematics-ws] K clamp binds: eid 1001 demanded 29807 clamped 4096
[kinematics-ws] K clamp binds: eid 1003 demanded 7163 clamped 4096
[kinematics-ws] K clamp binds: eid 1002 demanded 14606 clamped 4096
[kinematics-ws] K clamp binds: eid 1002 demanded 14599 clamped 4096
[kinematics-ws] K clamp binds: eid 1003 demanded 7161 clamped 4096
[kinematics-ws] K clamp binds: eid 1001 demanded 29813 clamped 4096
[kinematics-ws] K clamp binds: eid 1002 demanded 14608 clamped 4096
[kinematics-ws] K clamp binds: eid 1001 demanded 29811 clamped 4096
[kinematics-ws] K clamp binds: eid 1003 demanded 7160 clamped 4096
[kinematics-ws] K clamp binds: eid 1002 demanded 14601 clamped 4096
[kinematics-ws] K clamp binds: eid 1001 demanded 29799 clamped 4096
[kinematics-ws] K clamp binds: eid 1003 demanded 7161 clamped 4096
[kinematics-ws] K clamp binds: eid 1003 demanded 7166 clamped 4096
[kinematics-ws] K clamp binds: eid 1001 demanded 29807 clamped 4096
[kinematics-ws] K clamp binds: eid 1002 demanded 14607 clamped 4096
[kinematics-ws] K clamp binds: eid 1003 demanded 7173 clamped 4096
[kinematics-ws] K clamp binds: eid 1001 demanded 29801 clamped 4096
[kinematics-ws] K clamp binds: eid 1002 demanded 14611 clamped 4096
[kinematics-ws] K clamp binds: eid 1003 demanded 7177 clamped 4096
[kinematics-ws] K clamp binds: eid 1002 demanded 14604 clamped 4096
[kinematics-ws] K clamp binds: eid 1001 demanded 29810 clamped 4096
[kinematics-ws] K clamp binds: eid 1002 demanded 14615 clamped 4096
[kinematics-ws] K clamp binds: eid 1001 demanded 29803 clamped 4096
[kinematics-ws] K clamp binds: eid 1003 demanded 7172 clamped 4096
[kinematics-ws] K clamp binds: eid 1003 demanded 7162 clamped 4096
[kinematics-ws] K clamp binds: eid 1001 demanded 29815 clamped 4096
[kinematics-ws] K clamp binds: eid 1002 demanded 14619 clamped 4096
[kinematics-ws] K clamp binds: eid 1001 demanded 29825 clamped 4096
[kinematics-ws] K clamp binds: eid 1002 demanded 14613 clamped 4096
[kinematics-ws] K clamp binds: eid 1003 demanded 7158 clamped 4096
[kinematics-ws] K clamp binds: eid 1001 demanded 29827 clamped 4096
[kinematics-ws] K clamp binds: eid 1003 demanded 7168 clamped 4096
[kinematics-ws] K clamp binds: eid 1002 demanded 14613 clamped 4096
[kinematics-ws] K clamp binds: eid 1001 demanded 29827 clamped 4096
[kinematics-ws] K clamp binds: eid 1002 demanded 14620 clamped 4096
[kinematics-ws] K clamp binds: eid 1003 demanded 7175 clamped 4096
[kinematics-ws] K clamp binds: eid 1002 demanded 14626 clamped 4096
[kinematics-ws] K clamp binds: eid 1001 demanded 29828 clamped 4096
[kinematics-ws] K clamp binds: eid 1003 demanded 7164 clamped 4096
[kinematics-ws] K clamp binds: eid 1003 demanded 7157 clamped 4096
[kinematics-ws] K clamp binds: eid 1001 demanded 29830 clamped 4096
[kinematics-ws] K clamp binds: eid 1002 demanded 14630 clamped 4096
[kinematics-ws] K clamp binds: eid 1003 demanded 7170 clamped 4096
[kinematics-ws] K clamp binds: eid 1001 demanded 29832 clamped 4096
[kinematics-ws] K clamp binds: eid 1002 demanded 14632 clamped 4096
[kinematics-ws] K clamp binds: eid 1002 demanded 14633 clamped 4096
[kinematics-ws] K clamp binds: eid 1003 demanded 7169 clamped 4096
[kinematics-ws] K clamp binds: eid 1001 demanded 29829 clamped 4096
[kinematics-ws] K clamp binds: eid 1003 demanded 7155 clamped 4096
[kinematics-ws] K clamp binds: eid 1002 demanded 14633 clamped 4096
[kinematics-ws] K clamp binds: eid 1001 demanded 29821 clamped 4096
[kinematics-ws] K clamp binds: eid 1002 demanded 14632 clamped 4096
[kinematics-ws] K clamp binds: eid 1003 demanded 7169 clamped 4096
[kinematics-ws] K clamp binds: eid 1001 demanded 29826 clamped 4096
[kinematics-ws] K clamp binds: eid 1001 demanded 29822 clamped 4096
[kinematics-ws] K clamp binds: eid 1003 demanded 7166 clamped 4096
[kinematics-ws] K clamp binds: eid 1002 demanded 14629 clamped 4096
[kinematics-ws] K clamp binds: eid 1002 demanded 14626 clamped 4096
[kinematics-ws] K clamp binds: eid 1003 demanded 7155 clamped 4096
[kinematics-ws] K clamp binds: eid 1001 demanded 29827 clamped 4096
[kinematics-ws] K clamp binds: eid 1003 demanded 7172 clamped 4096
[kinematics-ws] K clamp binds: eid 1001 demanded 29824 clamped 4096
[kinematics-ws] K clamp binds: eid 1002 demanded 14624 clamped 4096
[kinematics-ws] K clamp binds: eid 1001 demanded 29834 clamped 4096
[kinematics-ws] K clamp binds: eid 1002 demanded 14627 clamped 4096
[kinematics-ws] K clamp binds: eid 1003 demanded 7155 clamped 4096
[kinematics-ws] K clamp binds: eid 1002 demanded 14631 clamped 4096
[kinematics-ws] K clamp binds: eid 1003 demanded 7168 clamped 4096
[kinematics-ws] K clamp binds: eid 1001 demanded 29840 clamped 4096
[kinematics-ws] K clamp binds: eid 1002 demanded 14626 clamped 4096
[kinematics-ws] K clamp binds: eid 1003 demanded 7161 clamped 4096
[kinematics-ws] K clamp binds: eid 1001 demanded 29841 clamped 4096
[kinematics-ws] K clamp binds: eid 1003 demanded 7164 clamped 4096
[kinematics-ws] K clamp binds: eid 1002 demanded 14620 clamped 4096
[kinematics-ws] K clamp binds: eid 1001 demanded 29842 clamped 4096
[kinematics-ws] K clamp binds: eid 1001 demanded 29844 clamped 4096
[kinematics-ws] K clamp binds: eid 1003 demanded 7164 clamped 4096
[kinematics-ws] K clamp binds: eid 1002 demanded 14627 clamped 4096
[kinematics-ws] K clamp binds: eid 1003 demanded 7164 clamped 4096
[kinematics-ws] K clamp binds: eid 1002 demanded 14623 clamped 4096
[kinematics-ws] K clamp binds: eid 1001 demanded 29844 clamped 4096
[kinematics-ws] K clamp binds: eid 1003 demanded 7163 clamped 4096
[kinematics-ws] K clamp binds: eid 1002 demanded 14621 clamped 4096
[kinematics-ws] K clamp binds: eid 1001 demanded 29846 clamped 4096
[kinematics-ws] K clamp binds: eid 1002 demanded 14626 clamped 4096
[kinematics-ws] K clamp binds: eid 1001 demanded 29851 clamped 4096
[kinematics-ws] K clamp binds: eid 1003 demanded 7168 clamped 4096
[kinematics-ws] K clamp binds: eid 1002 demanded 14620 clamped 4096
[kinematics-ws] K clamp binds: eid 1001 demanded 29850 clamped 4096
[kinematics-ws] K clamp binds: eid 1003 demanded 7159 clamped 4096
[kinematics-ws] K clamp binds: eid 1002 demanded 14627 clamped 4096
[kinematics-ws] K clamp binds: eid 1003 demanded 7174 clamped 4096
[kinematics-ws] K clamp binds: eid 1001 demanded 29839 clamped 4096
[kinematics-ws] K clamp binds: eid 1002 demanded 14624 clamped 4096
[kinematics-ws] K clamp binds: eid 1003 demanded 7158 clamped 4096
[kinematics-ws] K clamp binds: eid 1001 demanded 29848 clamped 4096
[kinematics-ws] K clamp binds: eid 1002 demanded 14626 clamped 4096
[kinematics-ws] K clamp binds: eid 1003 demanded 7173 clamped 4096
[kinematics-ws] K clamp binds: eid 1001 demanded 29840 clamped 4096
[kinematics-ws] K clamp binds: eid 1002 demanded 14633 clamped 4096
[kinematics-ws] K clamp binds: eid 1001 demanded 29851 clamped 4096
[kinematics-ws] K clamp binds: eid 1003 demanded 7170 clamped 4096
[kinematics-ws] K clamp binds: eid 1002 demanded 14627 clamped 4096
[kinematics-ws] K clamp binds: eid 1001 demanded 29844 clamped 4096
[kinematics-ws] K clamp binds: eid 1003 demanded 7161 clamped 4096
[kinematics-ws] K clamp binds: eid 1001 demanded 29853 clamped 4096
[kinematics-ws] K clamp binds: eid 1002 demanded 14632 clamped 4096
[kinematics-ws] K clamp binds: eid 1003 demanded 7178 clamped 4096
[kinematics-ws] K clamp binds: eid 1002 demanded 14639 clamped 4096
[kinematics-ws] K clamp binds: eid 1001 demanded 29863 clamped 4096
[kinematics-ws] K clamp binds: eid 1003 demanded 7172 clamped 4096
[kinematics-ws] K clamp binds: eid 1002 demanded 14639 clamped 4096
[kinematics-ws] K clamp binds: eid 1003 demanded 7164 clamped 4096
[kinematics-ws] K clamp binds: eid 1001 demanded 29867 clamped 4096
[kinematics-ws] K clamp binds: eid 1003 demanded 7177 clamped 4096
[kinematics-ws] K clamp binds: eid 1002 demanded 14636 clamped 4096
[kinematics-ws] K clamp binds: eid 1001 demanded 29868 clamped 4096
[kinematics-ws] K clamp binds: eid 1002 demanded 14637 clamped 4096
[kinematics-ws] K clamp binds: eid 1001 demanded 29869 clamped 4096
[kinematics-ws] K clamp binds: eid 1003 demanded 7183 clamped 4096
[kinematics-ws] K clamp binds: eid 1001 demanded 29870 clamped 4096
[kinematics-ws] K clamp binds: eid 1002 demanded 14641 clamped 4096
[kinematics-ws] K clamp binds: eid 1003 demanded 7172 clamped 4096
[kinematics-ws] K clamp binds: eid 1001 demanded 29871 clamped 4096
[kinematics-ws] K clamp binds: eid 1003 demanded 7169 clamped 4096
[kinematics-ws] K clamp binds: eid 1002 demanded 14645 clamped 4096
[kinematics-ws] K clamp binds: eid 1002 demanded 14647 clamped 4096
[kinematics-ws] K clamp binds: eid 1003 demanded 7179 clamped 4096
[kinematics-ws] K clamp binds: eid 1001 demanded 29869 clamped 4096
[kinematics-ws] K clamp binds: eid 1001 demanded 29864 clamped 4096
[kinematics-ws] K clamp binds: eid 1003 demanded 7188 clamped 4096
[kinematics-ws] K clamp binds: eid 1002 demanded 14648 clamped 4096
[kinematics-ws] K clamp binds: eid 1003 demanded 7186 clamped 4096
[kinematics-ws] K clamp binds: eid 1001 demanded 29864 clamped 4096
[kinematics-ws] K clamp binds: eid 1002 demanded 14648 clamped 4096
[kinematics-ws] K clamp binds: eid 1001 demanded 29864 clamped 4096
[kinematics-ws] K clamp binds: eid 1002 demanded 14646 clamped 4096
[kinematics-ws] K clamp binds: eid 1003 demanded 7179 clamped 4096
[kinematics-ws] K clamp binds: eid 1002 demanded 14644 clamped 4096
[kinematics-ws] K clamp binds: eid 1003 demanded 7174 clamped 4096
[kinematics-ws] K clamp binds: eid 1001 demanded 29863 clamped 4096
[kinematics-ws] K clamp binds: eid 1003 demanded 7175 clamped 4096
[kinematics-ws] K clamp binds: eid 1002 demanded 14643 clamped 4096
[kinematics-ws] K clamp binds: eid 1001 demanded 29866 clamped 4096
[kinematics-ws] K clamp binds: eid 1003 demanded 7180 clamped 4096
[kinematics-ws] K clamp binds: eid 1002 demanded 14646 clamped 4096
[kinematics-ws] K clamp binds: eid 1001 demanded 29871 clamped 4096
[kinematics-ws] K clamp binds: eid 1001 demanded 29871 clamped 4096
[kinematics-ws] K clamp binds: eid 1002 demanded 14652 clamped 4096
[kinematics-ws] K clamp binds: eid 1003 demanded 7185 clamped 4096
[kinematics-ws] K clamp binds: eid 1003 demanded 7190 clamped 4096
[kinematics-ws] K clamp binds: eid 1001 demanded 29876 clamped 4096
[kinematics-ws] K clamp binds: eid 1002 demanded 14651 clamped 4096
[kinematics-ws] K clamp binds: eid 1002 demanded 14641 clamped 4096
[kinematics-ws] K clamp binds: eid 1001 demanded 29883 clamped 4096
[kinematics-ws] K clamp binds: eid 1003 demanded 7193 clamped 4096
[kinematics-ws] K clamp binds: eid 1001 demanded 29887 clamped 4096
[kinematics-ws] K clamp binds: eid 1003 demanded 7195 clamped 4096
[kinematics-ws] K clamp binds: eid 1002 demanded 14642 clamped 4096
[kinematics-ws] K clamp binds: eid 1003 demanded 7195 clamped 4096
[kinematics-ws] K clamp binds: eid 1001 demanded 29888 clamped 4096
[kinematics-ws] K clamp binds: eid 1002 demanded 14650 clamped 4096
[kinematics-ws] K clamp binds: eid 1002 demanded 14639 clamped 4096
[kinematics-ws] K clamp binds: eid 1001 demanded 29887 clamped 4096
[kinematics-ws] K clamp binds: eid 1003 demanded 7196 clamped 4096
[kinematics-ws] K clamp binds: eid 1002 demanded 14644 clamped 4096
[kinematics-ws] K clamp binds: eid 1003 demanded 7196 clamped 4096
[kinematics-ws] K clamp binds: eid 1001 demanded 29885 clamped 4096
[kinematics-ws] K clamp binds: eid 1003 demanded 7195 clamped 4096
[kinematics-ws] K clamp binds: eid 1002 demanded 14644 clamped 4096
[kinematics-ws] K clamp binds: eid 1001 demanded 29886 clamped 4096
[kinematics-ws] K clamp binds: eid 1002 demanded 14641 clamped 4096
[kinematics-ws] K clamp binds: eid 1001 demanded 29890 clamped 4096
[kinematics-ws] K clamp binds: eid 1003 demanded 7193 clamped 4096
[kinematics-ws] K clamp binds: eid 1003 demanded 7190 clamped 4096
[kinematics-ws] K clamp binds: eid 1001 demanded 29884 clamped 4096
[kinematics-ws] K clamp binds: eid 1002 demanded 14646 clamped 4096
[kinematics-ws] K clamp binds: eid 1002 demanded 14643 clamped 4096
[kinematics-ws] K clamp binds: eid 1001 demanded 29882 clamped 4096
[kinematics-ws] K clamp binds: eid 1003 demanded 7186 clamped 4096
[kinematics-ws] K clamp binds: eid 1002 demanded 14645 clamped 4096
[kinematics-ws] K clamp binds: eid 1001 demanded 29886 clamped 4096
[kinematics-ws] K clamp binds: eid 1003 demanded 7182 clamped 4096
[kinematics-ws] K clamp binds: eid 1002 demanded 14652 clamped 4096
[kinematics-ws] K clamp binds: eid 1003 demanded 7180 clamped 4096
[kinematics-ws] K clamp binds: eid 1001 demanded 29884 clamped 4096
[kinematics-ws] K clamp binds: eid 1001 demanded 29886 clamped 4096
[kinematics-ws] K clamp binds: eid 1002 demanded 14643 clamped 4096
[kinematics-ws] K clamp binds: eid 1003 demanded 7183 clamped 4096
[kinematics-ws] K clamp binds: eid 1001 demanded 29897 clamped 4096
[kinematics-ws] K clamp binds: eid 1003 demanded 7189 clamped 4096
[kinematics-ws] K clamp binds: eid 1002 demanded 14653 clamped 4096
[kinematics-ws] K clamp binds: eid 1002 demanded 14658 clamped 4096
[kinematics-ws] K clamp binds: eid 1003 demanded 7195 clamped 4096
[kinematics-ws] K clamp binds: eid 1001 demanded 29896 clamped 4096
[kinematics-ws] K clamp binds: eid 1002 demanded 14651 clamped 4096
[kinematics-ws] K clamp binds: eid 1001 demanded 29896 clamped 4096
[kinematics-ws] K clamp binds: eid 1003 demanded 7194 clamped 4096
[kinematics-ws] K clamp binds: eid 1002 demanded 14652 clamped 4096
[kinematics-ws] K clamp binds: eid 1001 demanded 29900 clamped 4096
[kinematics-ws] K clamp binds: eid 1003 demanded 7184 clamped 4096
[kinematics-ws] K clamp binds: eid 1003 demanded 7178 clamped 4096
[kinematics-ws] K clamp binds: eid 1002 demanded 14661 clamped 4096
[kinematics-ws] K clamp binds: eid 1001 demanded 29902 clamped 4096
[kinematics-ws] K clamp binds: eid 1003 demanded 7186 clamped 4096
[kinematics-ws] K clamp binds: eid 1002 demanded 14667 clamped 4096
[kinematics-ws] K clamp binds: eid 1001 demanded 29902 clamped 4096
[kinematics-ws] K clamp binds: eid 1002 demanded 14669 clamped 4096
[kinematics-ws] K clamp binds: eid 1001 demanded 29901 clamped 4096
[kinematics-ws] K clamp binds: eid 1003 demanded 7194 clamped 4096
[kinematics-ws] K clamp binds: eid 1002 demanded 14668 clamped 4096
[kinematics-ws] K clamp binds: eid 1001 demanded 29905 clamped 4096
[kinematics-ws] K clamp binds: eid 1003 demanded 7186 clamped 4096
[kinematics-ws] K clamp binds: eid 1001 demanded 29914 clamped 4096
[kinematics-ws] K clamp binds: eid 1002 demanded 14667 clamped 4096
[kinematics-ws] K clamp binds: eid 1003 demanded 7177 clamped 4096
[kinematics-ws] K clamp binds: eid 1003 demanded 7187 clamped 4096
[kinematics-ws] K clamp binds: eid 1002 demanded 14666 clamped 4096
[kinematics-ws] K clamp binds: eid 1001 demanded 29908 clamped 4096
[kinematics-ws] K clamp binds: eid 1001 demanded 29896 clamped 4096
[kinematics-ws] K clamp binds: eid 1002 demanded 14667 clamped 4096
[kinematics-ws] K clamp binds: eid 1003 demanded 7191 clamped 4096
[kinematics-ws] K clamp binds: eid 1002 demanded 14668 clamped 4096
[kinematics-ws] K clamp binds: eid 1003 demanded 7177 clamped 4096
[kinematics-ws] K clamp binds: eid 1001 demanded 29912 clamped 4096
[kinematics-ws] K clamp binds: eid 1002 demanded 14670 clamped 4096
[kinematics-ws] K clamp binds: eid 1003 demanded 7184 clamped 4096
[kinematics-ws] K clamp binds: eid 1001 demanded 29896 clamped 4096
[kinematics-ws] K clamp binds: eid 1003 demanded 7190 clamped 4096
[kinematics-ws] K clamp binds: eid 1002 demanded 14673 clamped 4096
[kinematics-ws] K clamp binds: eid 1001 demanded 29914 clamped 4096
[kinematics-ws] K clamp binds: eid 1001 demanded 29906 [kinematics-ws] K clamp binds: eidclamped  40961002 
demanded 14673 clamped 4096[kinematics-ws] K clamp binds: eid 1003 demanded 7175 clamped 4096

[kinematics-ws] K clamp binds: eid 1003 demanded 7189 clamped 4096
[kinematics-ws] K clamp binds: eid 1002 demanded 14669 clamped 4096
[kinematics-ws] K clamp binds: eid 1001 demanded 29906 clamped 4096
[kinematics-ws] K clamp binds: eid 1003 demanded 7182 clamped 4096
[kinematics-ws] K clamp binds: eid 1001 demanded 29922 clamped 4096
[kinematics-ws] K clamp binds: eid 1002 demanded 14663 clamped 4096
[kinematics-ws] K clamp binds: eid[kinematics-ws] K clamp binds: eid  1002 1003demanded  demanded 14663 7179 clamped clamped 40964096

[kinematics-ws] K clamp binds: eid 1001 demanded 29930 clamped 4096
[kinematics-ws] K clamp binds: eid 1001 demanded 29931 clamped 4096
[kinematics-ws] K clamp binds: eid 1003 demanded 7189 clamped 4096
[kinematics-ws] K clamp binds: eid 1002 demanded 14670 clamped 4096
[kinematics-ws] K clamp binds: eid 1002 demanded 14666 clamped 4096
[kinematics-ws] K clamp binds: eid 1001 demanded 29932 clamped 4096
[kinematics-ws] K clamp binds: eid 1003 demanded 7175 clamped 4096
[kinematics-ws] K clamp binds: eid 1003 demanded 7191 clamped 4096
[kinematics-ws] K clamp binds: eid 1001 demanded 29933 clamped 4096
[kinematics-ws] K clamp binds: eid 1002 demanded 14660 clamped 4096
[kinematics-ws] K clamp binds: eid 1002 demanded 14668 clamped 4096
[kinematics-ws] K clamp binds: eid 1001 demanded 29934 clamped 4096
[kinematics-ws] K clamp binds: eid 1003 demanded 7175 clamped 4096
[kinematics-ws] K clamp binds: eid 1001 demanded 29931 clamped 4096
[kinematics-ws] K clamp binds: eid 1003 demanded 7192 clamped 4096
[kinematics-ws] K clamp binds: eid 1002 demanded 14661 clamped 4096
[kinematics-ws] K clamp binds: eid[kinematics-ws] K clamp binds: eid  1003 1002demanded  demanded 7175 14663clamped  clamped 40964096

[kinematics-ws] K clamp binds: eid 1001 demanded 29923 clamped 4096
[kinematics-ws] K clamp binds: eid 1001 demanded 29924 clamped 4096
[kinematics-ws] K clamp binds: eid 1002 demanded 14664 clamped 4096
[kinematics-ws] K clamp binds: eid 1003 demanded 7192 clamped 4096
[kinematics-ws] K clamp binds: eid 1001 demanded 29928 clamped 4096
[kinematics-ws] K clamp binds: eid 1003 demanded 7177 clamped 4096
[kinematics-ws] K clamp binds: eid 1002 demanded 14662 clamped 4096
[kinematics-ws] K clamp binds: eid 1001 demanded 29919 clamped 4096
[kinematics-ws] K clamp binds: eid 1003 demanded 7191 clamped 4096
[kinematics-ws] K clamp binds: eid 1002 demanded 14665 clamped 4096
[kinematics-ws] K clamp binds: eid 1002 demanded 14667 clamped 4096
[kinematics-ws] K clamp binds: eid 1001 demanded 29929 clamped 4096
[kinematics-ws] K clamp binds: eid 1003 demanded 7183 clamped 4096
[kinematics-ws] K clamp binds: eid 1003 demanded 7185 clamped 4096
[kinematics-ws] K clamp binds: eid 1001 demanded 29922 clamped 4096
[kinematics-ws] K clamp binds: eid 1002 demanded 14663 clamped 4096
[kinematics-ws] K clamp binds: eid 1003 demanded 7193 clamped 4096
[kinematics-ws] K clamp binds: eid 1002 demanded 14673 clamped 4096
[kinematics-ws] K clamp binds: eid 1001 demanded 29931 clamped 4096
[kinematics-ws] K clamp binds: eid 1003 demanded 7180 clamped 4096
[kinematics-ws] K clamp binds: eid 1001 demanded 29936 clamped 4096
[kinematics-ws] K clamp binds: eid 1002 demanded 14668 clamped 4096
[kinematics-ws] K clamp binds: eid 1002 demanded 14669 clamped 4096
[kinematics-ws] K clamp binds: eid 1001 demanded 29934 clamped 4096
[kinematics-ws] K clamp binds: eid 1003 demanded 7194 clamped 4096
[kinematics-ws] K clamp binds: eid 1001 demanded 29936 clamped 4096
[kinematics-ws] K clamp binds: eid 1003 demanded 7192 clamped 4096
[kinematics-ws] K clamp binds: eid 1002 demanded 14678 clamped 4096
[kinematics-ws] K clamp binds: eid 1002 demanded 14678 clamped 4096
[kinematics-ws] K clamp binds: eid 1003 demanded 7183 clamped 4096
[kinematics-ws] K clamp binds: eid 1001 demanded 29941 clamped 4096
[kinematics-ws] K clamp binds: eid 1002 demanded 14675 clamped 4096
[kinematics-ws] K clamp binds: eid 1001 demanded 29944 clamped 4096
[kinematics-ws] K clamp binds: eid 1003 demanded 7197 clamped 4096
[kinematics-ws] K clamp binds: eid 1003 demanded 7197 clamped 4096
[kinematics-ws] K clamp binds: eid 1002 demanded 14676 clamped 4096
[kinematics-ws] K clamp binds: eid 1001 demanded 29944 clamped 4096
[kinematics-ws] K clamp binds: eid 1001 demanded 29942 clamped 4096
[kinematics-ws] K clamp binds: eid 1002 demanded 14681 clamped 4096
[kinematics-ws] K clamp binds: eid 1003 demanded 7186 clamped 4096
[kinematics-ws] K clamp binds: eid 1002 demanded 14686 clamped 4096
[kinematics-ws] K clamp binds: eid 1001 demanded 29942 clamped 4096
[kinematics-ws] K clamp binds: eid 1003 demanded 7192 clamped 4096
[kinematics-ws] K clamp binds: eid 1002 demanded 14689 clamped 4096
[kinematics-ws] K clamp binds: eid 1003 demanded 7204 clamped 4096
[kinematics-ws] K clamp binds: eid 1001 demanded 29950 clamped 4096
[kinematics-ws] K clamp binds: eid 1003 demanded 7200 clamped 4096
[kinematics-ws] K clamp binds: eid 1001 demanded 29953 clamped 4096
[kinematics-ws] K clamp binds: eid 1002 demanded 14691 clamped 4096
[kinematics-ws] K clamp binds: eid 1003 demanded 7191 clamped 4096
[kinematics-ws] K clamp binds: eid 1002 demanded 14691 clamped 4096
[kinematics-ws] K clamp binds: eid 1001 demanded 29937 clamped 4096
[kinematics-ws] K clamp binds: eid 1002 demanded 14692 clamped 4096
[kinematics-ws] K clamp binds: eid 1001 demanded 29948 clamped 4096
[kinematics-ws] K clamp binds: eid 1003 demanded 7192 clamped 4096
[kinematics-ws] K clamp binds: eid 1003 demanded 7202 clamped 4096
[kinematics-ws] K clamp binds: eid 1001 demanded 29941 clamped 4096
[kinematics-ws] K clamp binds: eid 1002 demanded 14691 clamped 4096
[kinematics-ws] K clamp binds: eid 1002 demanded 14690 clamped 4096
[kinematics-ws] K clamp binds: eid 1003 demanded 7209 clamped 4096
[kinematics-ws] K clamp binds: eid 1001 demanded 29949 clamped 4096
[kinematics-ws] K clamp binds: eid 1003 demanded 7208 clamped 4096
[kinematics-ws] K clamp binds: eid 1002 demanded 14688 clamped 4096
[kinematics-ws] K clamp binds: eid 1001 demanded 29940 clamped 4096
[kinematics-ws] K clamp binds: eid 1002 demanded 14685 clamped 4096
[kinematics-ws] K clamp binds: eid 1003 demanded 7202 clamped 4096
[kinematics-ws] K clamp binds: eid 1001 demanded 29958 clamped 4096
[kinematics-ws] K clamp binds: eid 1001 demanded 29958 clamped 4096
[kinematics-ws] K clamp binds: eid 1002 demanded 14685 clamped 4096
[kinematics-ws] K clamp binds: eid 1003 demanded 7197 clamped 4096
[kinematics-ws] K clamp binds: eid 1003 demanded 7196 clamped 4096
[kinematics-ws] K clamp binds: eid 1002 demanded 14688 clamped 4096
[kinematics-ws] K clamp binds: eid 1001 demanded 29952 clamped 4096
[kinematics-ws] K clamp binds: eid 1001 demanded 29954 clamped 4096
[kinematics-ws] K clamp binds: eid 1002 demanded 14690 clamped 4096
[kinematics-ws] K clamp binds: eid 1003 demanded 7198 clamped 4096
[kinematics-ws] K clamp binds: eid 1002 demanded 14685 clamped 4096
[kinematics-ws] K clamp binds: eid 1003 demanded 7201 clamped 4096
[kinematics-ws] K clamp binds: eid 1001 demanded 29959 clamped 4096
[kinematics-ws] K clamp binds: eid 1003 demanded 7205 clamped 4096
[kinematics-ws] K clamp binds: eid 1002 demanded 14682 clamped 4096
[kinematics-ws] K clamp binds: eid 1001 demanded 29962 clamped 4096
[kinematics-ws] K clamp binds: eid 1002 demanded 14687 clamped 4096
[kinematics-ws] K clamp binds: eid 1001 demanded 29960 clamped 4096
[kinematics-ws] K clamp binds: eid 1003 demanded 7208 clamped 4096
[kinematics-ws] K clamp binds: eid 1002 demanded 14684 clamped 4096
[kinematics-ws] K clamp binds: eid 1003 demanded 7210 clamped 4096
[kinematics-ws] K clamp binds: eid 1001 demanded 29957 clamped 4096
[kinematics-ws] K clamp binds: eid 1001 demanded 29962 clamped 4096
[kinematics-ws] K clamp binds: eid 1003 demanded 7211 clamped 4096
[kinematics-ws] K clamp binds: eid 1002 demanded 14681 clamped 4096
[kinematics-ws] K clamp binds: eid 1002 demanded 14686 clamped 4096
[kinematics-ws] K clamp binds: eid 1003 demanded 7211 clamped 4096
[kinematics-ws] K clamp binds: eid 1001 demanded 29976 clamped 4096
[kinematics-ws] K clamp binds: eid 1003 demanded 7211 clamped 4096
[kinematics-ws] K clamp binds: eid 1002 demanded 14680 clamped 4096
[kinematics-ws] K clamp binds: eid 1001 demanded 29970 clamped 4096
[kinematics-ws] K clamp binds: eid 1003 demanded 7209 clamped 4096
[kinematics-ws] K clamp binds: eid 1002 demanded 14686 clamped 4096
[kinematics-ws] K clamp binds: eid 1001 demanded 29952 clamped 4096
[kinematics-ws] K clamp binds: eid 1001 demanded 29975 clamped 4096
[kinematics-ws] K clamp binds: eid 1002 demanded 14681 clamped 4096
[kinematics-ws] K clamp binds: eid 1003 demanded 7207 clamped 4096
[kinematics-ws] K clamp binds: eid 1002 demanded 14688 clamped 4096
[kinematics-ws] K clamp binds: eid 1001 demanded 29953 clamped 4096
[kinematics-ws] K clamp binds: eid 1003 demanded 7204 clamped 4096
[kinematics-ws] K clamp binds: eid 1001 demanded 29977 clamped 4096
[kinematics-ws] K clamp binds: eid 1002 demanded 14682 clamped 4096
[kinematics-ws] K clamp binds: eid 1003 demanded 7201 clamped 4096
[kinematics-ws] K clamp binds: eid 1002 demanded 14689 clamped 4096
[kinematics-ws] K clamp binds: eid 1003 demanded 7200 clamped 4096
[kinematics-ws] K clamp binds: eid 1001 demanded 29957 clamped 4096
[kinematics-ws] K clamp binds: eid 1002 demanded 14688 clamped 4096
[kinematics-ws] K clamp binds: eid 1003 demanded 7201 clamped 4096
[kinematics-ws] K clamp binds: eid 1001 demanded 29971 clamped 4096
[kinematics-ws] K clamp binds: eid 1002 demanded 14687 clamped 4096
[kinematics-ws] K clamp binds: eid 1001 demanded 29986 clamped 4096
[kinematics-ws] K clamp binds: eid 1003 demanded 7206 clamped 4096
[kinematics-ws] K clamp binds: eid 1003 demanded 7213 clamped 4096
[kinematics-ws] K clamp binds: eid 1002 demanded 14695 clamped 4096
[kinematics-ws] K clamp binds: eid 1001 demanded 29979 clamped 4096
[kinematics-ws] K clamp binds: eid 1002 demanded 14694 clamped 4096
[kinematics-ws] K clamp binds: eid 1003 demanded 7217 clamped 4096
[kinematics-ws] K clamp binds: eid 1001 demanded 29973 clamped 4096
[kinematics-ws] K clamp binds: eid 1002 demanded 14692 clamped 4096
[kinematics-ws] K clamp binds: eid 1001 demanded 29973 clamped 4096
[kinematics-ws] K clamp binds: eid 1003 demanded 7213 clamped 4096
[kinematics-ws] K clamp binds: eid 1003 demanded 7204 clamped 4096
[kinematics-ws] K clamp binds: eid 1002 demanded 14696 clamped 4096
[kinematics-ws] K clamp binds: eid 1001 demanded 29974 clamped 4096
[kinematics-ws] K clamp binds: eid 1003 demanded 7198 clamped 4096
[kinematics-ws] K clamp binds: eid 1002 demanded 14702 clamped 4096
[kinematics-ws] K clamp binds: eid 1001 demanded 29975 clamped 4096
[kinematics-ws] K clamp binds: eid 1001 demanded 29977 clamped 4096
[kinematics-ws] K clamp binds: eid 1002 demanded 14704 clamped 4096
[kinematics-ws] K clamp binds: eid 1003 demanded 7205 clamped 4096
[kinematics-ws] K clamp binds: eid 1001 demanded 29988 clamped 4096
[kinematics-ws] K clamp binds: eid 1002 demanded 14704 clamped 4096
[kinematics-ws] K clamp binds: eid 1003 demanded 7215 clamped 4096
[kinematics-ws] K clamp binds: eid 1002 demanded 14703 clamped 4096
[kinematics-ws] K clamp binds: eid 1003 demanded 7211 clamped 4096
[kinematics-ws] K clamp binds: eid 1001 demanded 30002 clamped 4096
[kinematics-ws] K clamp binds: eid 1001 demanded 29986 clamped 4096
[kinematics-ws] K clamp binds: eid 1002 demanded 14703 clamped 4096
[kinematics-ws] K clamp binds: eid 1003 demanded 7198 clamped 4096
[kinematics-ws] K clamp binds: eid 1003 demanded 7201 clamped 4096
[kinematics-ws] K clamp binds: eid 1001 demanded 29971 clamped 4096
[kinematics-ws] K clamp binds: eid 1002 demanded 14703 clamped 4096
[kinematics-ws] K clamp binds: eid 1002 demanded 14704 clamped 4096
[kinematics-ws] K clamp binds: eid 1003 demanded 7214 clamped 4096
[kinematics-ws] K clamp binds: eid 1001 demanded 29998 clamped 4096
[kinematics-ws] K clamp binds: eid 1001 demanded 29970 clamped 4096
[kinematics-ws] K clamp binds: eid 1002 demanded 14704 clamped 4096
[kinematics-ws] K clamp binds: eid 1003 demanded 7205 clamped 4096
[kinematics-ws] K clamp binds: eid 1001 demanded 29999 clamped 4096
[kinematics-ws] K clamp binds: eid 1002 demanded 14704 clamped 4096
[kinematics-ws] K clamp binds: eid 1003 demanded 7196 clamped 4096
[kinematics-ws] K clamp binds: eid 1001 demanded 29972 clamped 4096
[kinematics-ws] K clamp binds: eid 1002 demanded 14705 clamped 4096
[kinematics-ws] K clamp binds: eid 1003 demanded 7210 clamped 4096
[kinematics-ws] K clamp binds: eid 1001 demanded 29996 clamped 4096
[kinematics-ws] K clamp binds: eid 1003 demanded 7207 clamped 4096
[kinematics-ws] K clamp binds: eid 1002 demanded 14708 clamped 4096
[kinematics-ws] K clamp binds: eid 1001 demanded 30004 clamped 4096
[kinematics-ws] K clamp binds: eid 1003 demanded 7195 clamped 4096
[kinematics-ws] K clamp binds: eid 1002 demanded 14711 clamped 4096
[kinematics-ws] K clamp binds: eid 1001 demanded 29987 clamped 4096
[kinematics-ws] K clamp binds: eid 1002 demanded 14713 clamped 4096
[kinematics-ws] K clamp binds: eid 1003 demanded 7210 clamped 4096
[kinematics-ws] K clamp binds: eid 1001 demanded 29986 clamped 4096
[kinematics-ws] K clamp binds: eid 1002 demanded 14709 clamped 4096
[kinematics-ws] K clamp binds: eid 1003 demanded 7202 clamped 4096
[kinematics-ws] K clamp binds: eid 1003 demanded 7198 clamped 4096
[kinematics-ws] K clamp binds: eid 1002 demanded 14702 clamped 4096
[kinematics-ws] K clamp binds: eid 1001 demanded 29996 clamped 4096
[kinematics-ws] K clamp binds: eid 1003 demanded 7211 clamped 4096
[kinematics-ws] K clamp binds: eid 1001 demanded 30004 clamped 4096
[kinematics-ws] K clamp binds: eid 1002 demanded 14704 clamped 4096
[kinematics-ws] K clamp binds: eid 1002 demanded 14710 clamped 4096
[kinematics-ws] K clamp binds: eid 1003 demanded 7194 clamped 4096
[kinematics-ws] K clamp binds: eid 1001 demanded 30005 clamped 4096
[kinematics-ws] K clamp binds: eid 1001 demanded 29999 clamped 4096
[kinematics-ws] K clamp binds: eid 1003 demanded 7210 clamped 4096
[kinematics-ws] K clamp binds: eid 1002 demanded 14704 clamped 4096
[kinematics-ws] K clamp binds: eid 1001 demanded 29992 clamped 4096
[kinematics-ws] K clamp binds: eid 1002 demanded 14700 clamped 4096
[kinematics-ws] K clamp binds: eid 1003 demanded 7198 clamped 4096
[kinematics-ws] K clamp binds: eid 1001 demanded 29997 clamped 4096
[kinematics-ws] K clamp binds: eid 1002 demanded 14708 clamped 4096
[kinematics-ws] K clamp binds: eid 1003 demanded 7205 clamped 4096
[kinematics-ws] K clamp binds: eid 1003 demanded 7202 clamped 4096[kinematics-ws] K clamp binds: eid 
1002 demanded 14700 clamped 4096
[kinematics-ws] K clamp binds: eid 1001 demanded 30020 clamped 4096
[kinematics-ws] K clamp binds: eid 1001 demanded 30013 clamped 4096
[kinematics-ws] K clamp binds: eid 1002 demanded 14704 clamped 4096
[kinematics-ws] K clamp binds: eid 1003 demanded 7203 clamped 4096
[kinematics-ws] K clamp binds: eid 1001 demanded 29986 clamped 4096
[kinematics-ws] K clamp binds: eid 1003 demanded 7204 [kinematics-ws] K clamp binds: eidclamped  40961002 
demanded 14704 clamped 4096
[kinematics-ws] K clamp binds: eid 1003 demanded 7204 clamped 4096
[kinematics-ws] K clamp binds: eid 1002 demanded 14702 clamped 4096
[kinematics-ws] K clamp binds: eid 1001 demanded 30020 clamped 4096
[kinematics-ws] K clamp binds: eid 1002 demanded 14705 clamped 4096
[kinematics-ws] K clamp binds: eid 1001 demanded 29988 clamped 4096
[kinematics-ws] K clamp binds: eid 1003 demanded 7202 clamped 4096
[kinematics-ws] K clamp binds: eid 1001 demanded 30021 clamped 4096
[kinematics-ws] K clamp binds: eid 1002 demanded 14704 clamped 4096
[kinematics-ws] K clamp binds: eid 1003 demanded 7208 clamped 4096
[kinematics-ws] K clamp binds: eid [kinematics-ws] K clamp binds: eid 10011002 demanded 14704  clamped demanded 29989 clamped 40964096

[kinematics-ws] K clamp binds: eid 1003 demanded 7199 clamped 4096
[kinematics-ws] K clamp binds: eid 1003 demanded 7214 clamped 4096
[kinematics-ws] K clamp binds: eid 1002 demanded 14711 clamped 4096
[kinematics-ws] K clamp binds: eid 1001 demanded 30018 clamped 4096
[kinematics-ws] K clamp binds: eid 1001 demanded 30026 clamped 4096
[kinematics-ws] K clamp binds: eid 1003 demanded 7197 clamped 4096
[kinematics-ws] K clamp binds: eid 1002 demanded 14703 clamped 4096
[kinematics-ws] K clamp binds: eid 1002 demanded 14712 clamped 4096
[kinematics-ws] K clamp binds: eid 1001 demanded 30005 clamped 4096
[kinematics-ws] K clamp binds: eid 1003 demanded 7213 clamped 4096
[kinematics-ws] K clamp binds: eid 1002 demanded 14714 clamped 4096
[kinematics-ws] K clamp binds: eid 1001 demanded 30003 clamped 4096
[kinematics-ws] K clamp binds: eid 1003 demanded 7207 clamped 4096
[kinematics-ws] K clamp binds: eid 1001 demanded 30014 clamped 4096
[kinematics-ws] K clamp binds: eid 1002 demanded 14709 clamped 4096
[kinematics-ws] K clamp binds: eid 1003 demanded 7202 clamped 4096
[kinematics-ws] K clamp binds: eid 1002 demanded 14713 clamped 4096
[kinematics-ws] K clamp binds: eid 1001 demanded 30023 clamped 4096
[kinematics-ws] K clamp binds: eid 1003 demanded 7218 clamped 4096
[kinematics-ws] K clamp binds: eid 1003 demanded 7205 clamped 4096
[kinematics-ws] K clamp binds: eid 1002 demanded 14721 clamped 4096
[kinematics-ws] K clamp binds: eid 1001 demanded 30025 clamped 4096
[kinematics-ws] K clamp binds: eid 1003 demanded 7206 clamped 4096
[kinematics-ws] K clamp binds: eid 1001 demanded 30019 clamped 4096
[kinematics-ws] K clamp binds: eid 1002 demanded 14722 clamped 4096
[kinematics-ws] K clamp binds: eid 1001 demanded 30010 clamped 4096
[kinematics-ws] K clamp binds: eid 1002 demanded 14719 clamped 4096
[kinematics-ws] K clamp binds: eid 1003 demanded 7220 clamped 4096
[kinematics-ws] K clamp binds: eid 1002 demanded 14717 clamped 4096
[kinematics-ws] K clamp binds: eid 1003 demanded 7210 clamped 4096
[kinematics-ws] K clamp binds: eid 1001 demanded 30012 clamped 4096
[kinematics-ws] K clamp binds: eid 1002 demanded 14719 clamped 4096
[kinematics-ws] K clamp binds: eid 1003 demanded 7205 clamped 4096
[kinematics-ws] K clamp binds: eid 1001 demanded 30038 clamped 4096
[kinematics-ws] K clamp binds: eid[kinematics-ws] K clamp binds: eid  10021003  demandeddemanded  7220 14723 clamped clamped 40964096

[kinematics-ws] K clamp binds: eid 1001 demanded 30041 clamped 4096
[kinematics-ws] K clamp binds: eid 1002 demanded 14725 clamped 4096
[kinematics-ws] K clamp binds: eid 1001 demanded 30004 clamped 4096
[kinematics-ws] K clamp binds: eid 1003 demanded 7222 clamped 4096
[kinematics-ws] K clamp binds: eid 1003 demanded 7210 clamped 4096
[kinematics-ws] K clamp binds: eid 1002 demanded 14727 clamped 4096
[kinematics-ws] K clamp binds: eid 1001 demanded 30036 clamped 4096
[kinematics-ws] K clamp binds: eid 1001 demanded 30017 clamped 4096
[kinematics-ws] K clamp binds: eid 1002 demanded 14728 clamped 4096
[kinematics-ws] K clamp binds: eid 1003 demanded 7209 clamped 4096
[kinematics-ws] K clamp binds: eid 1001 demanded 30032 clamped 4096
[kinematics-ws] K clamp binds: eid 1002 demanded 14727 clamped 4096
[kinematics-ws] K clamp binds: eid 1003 demanded 7221 clamped 4096
[kinematics-ws] K clamp binds: eid 1003 demanded 7228 clamped 4096
[kinematics-ws] K clamp binds: eid 1002 demanded 14726 clamped 4096
[kinematics-ws] K clamp binds: eid 1001 demanded 30011 clamped 4096
[kinematics-ws] K clamp binds: eid 1001 demanded 30049 clamped 4096
[kinematics-ws] K clamp binds: eid 1002 demanded 14723 clamped 4096
[kinematics-ws] K clamp binds: eid 1003 demanded 7223 clamped 4096
[kinematics-ws] K clamp binds: eid 1001 demanded 30022 clamped 4096
[kinematics-ws] K clamp binds: eid 1002 demanded 14722 clamped 4096
[kinematics-ws] K clamp binds: eid 1003 demanded 7214 clamped 4096
[kinematics-ws] K clamp binds: eid 1002 demanded 14724 clamped [kinematics-ws] K clamp binds: eid 4096
1003 demanded 7212 clamped 4096
[kinematics-ws] K clamp binds: eid 1001 demanded 30018 clamped 4096
[kinematics-ws] K clamp binds: eid 1001 demanded 30045 clamped 4096
[kinematics-ws] K clamp binds: eid 1002 demanded 14730 clamped 4096
[kinematics-ws] K clamp binds: eid 1003 demanded 7218 clamped 4096
[kinematics-ws] K clamp binds: eid 1003 demanded 7226 clamped 4096
[kinematics-ws] K clamp binds: eid 1001 demanded 30062 clamped 4096
[kinematics-ws] K clamp binds: eid 1002 demanded 14734 clamped 4096
[kinematics-ws] K clamp binds: eid 1003 demanded 7232 clamped 4096
[kinematics-ws] K clamp binds: eid 1001 demanded 30064 clamped 4096
[kinematics-ws] K clamp binds: eid 1002 demanded 14729 clamped 4096
[kinematics-ws] K clamp binds: eid 1003 demanded 7233 clamped 4096
[kinematics-ws] K clamp binds: eid 1002 demanded 14720 clamped 4096
[kinematics-ws] K clamp binds: eid 1001 demanded 30064 clamped 4096
[kinematics-ws] K clamp binds: eid 1001 demanded 30065 clamped 4096
[kinematics-ws] K clamp binds: eid 1003 demanded 7231 clamped 4096
[kinematics-ws] K clamp binds: eid 1002 demanded 14724 clamped 4096
[kinematics-ws] K clamp binds: eid 1003 demanded 7228 clamped 4096
[kinematics-ws] K clamp binds: eid 1002 demanded 14731 clamped 4096
[kinematics-ws] K clamp binds: eid 1001 demanded 30067 clamped 4096
[kinematics-ws] K clamp binds: eid 1001 demanded 30061 clamped 4096
[kinematics-ws] K clamp binds: eid 1002 demanded 14721 clamped 4096
[kinematics-ws] K clamp binds: eid 1003 demanded 7224 clamped 4096
[kinematics-ws] K clamp binds: eid [kinematics-ws] K clamp binds: eid 10031002  demanded demanded 14721 7222 clamped clamped 40964096

[kinematics-ws] K clamp binds: eid 1001 demanded 30041 clamped 4096
[kinematics-ws] K clamp binds: eid 1003 demanded 7221 clamped 4096
[kinematics-ws] K clamp binds: eid 1002 demanded 14730 clamped 4096
[kinematics-ws] K clamp binds: eid 1001 demanded 30030 clamped 4096
[kinematics-ws] K clamp binds: eid 1001 demanded 30055 clamped 4096
[kinematics-ws] K clamp binds: eid 1002 demanded 14717 clamped 4096
[kinematics-ws] K clamp binds: eid 1003 demanded 7220 clamped 4096
[kinematics-ws] K clamp binds: eid 1002 demanded 14728 clamped 4096
[kinematics-ws] K clamp binds: eid 1003 demanded 7220 clamped 4096
[kinematics-ws] K clamp binds: eid 1001 demanded 30050 clamped 4096
[kinematics-ws] K clamp binds: eid 1001 demanded 30029 clamped 4096
[kinematics-ws] K clamp binds: eid 1003 demanded 7220 clamped 4096
[kinematics-ws] K clamp binds: eid 1002 demanded 14719 clamped 4096
[kinematics-ws] K clamp binds: eid 1002 demanded 14726 clamped 4096
[kinematics-ws] K clamp binds: eid 1001 demanded 30060 clamped 4096
[kinematics-ws] K clamp binds: eid 1003 demanded 7220 clamped 4096
[kinematics-ws] K clamp binds: eid 1003 demanded 7221 clamped 4096
[kinematics-ws] K clamp binds: eid 1001 demanded 30029 clamped 4096
[kinematics-ws] K clamp binds: eid 1002 demanded 14721 clamped 4096
[kinematics-ws] K clamp binds: eid 1001 demanded 30057 clamped 4096
[kinematics-ws] K clamp binds: eid 1002 demanded 14729 clamped 4096
[kinematics-ws] K clamp binds: eid 1003 demanded 7223 clamped 4096
[kinematics-ws] K clamp binds: eid 1001 demanded 30050 clamped 4096
[kinematics-ws] K clamp binds: eid 1002 demanded 14719 clamped 4096
[kinematics-ws] K clamp binds: eid 1003 demanded 7226 clamped 4096
[kinematics-ws] K clamp binds: eid 1003 demanded 7230 clamped 4096
[kinematics-ws] K clamp binds: eid 1001 demanded 30036 clamped 4096
[kinematics-ws] K clamp binds: eid 1002 demanded 14733 clamped 4096
[kinematics-ws] K clamp binds: eid 1002 demanded 14724 clamped 4096
[kinematics-ws] K clamp binds: eid 1001 demanded 30063 clamped 4096
[kinematics-ws] K clamp binds: eid 1003 demanded 7234 clamped 4096
[kinematics-ws] K clamp binds: eid 1002 demanded 14728 clamped 4096
[kinematics-ws] K clamp binds: eid 1003 demanded 7237 clamped 4096
[kinematics-ws] K clamp binds: eid 1001 demanded 30075 clamped 4096
[kinematics-ws] K clamp binds: eid 1002 demanded 14737 clamped 4096
[kinematics-ws] K clamp binds: eid 1003 demanded 7238 clamped 4096
[kinematics-ws] K clamp binds: eid 1001 demanded 30067 clamped 4096
[kinematics-ws] K clamp binds: eid 1001 demanded 30059 clamped 4096
[kinematics-ws] K clamp binds: eid 1003 demanded 7233 clamped 4096
[kinematics-ws] K clamp binds: eid 1002 demanded 14729 clamped 4096
[kinematics-ws] K clamp binds: eid 1002 demanded 14729 clamped 4096
[kinematics-ws] K clamp binds: eid 1001 demanded 30056 clamped 4096
[kinematics-ws] K clamp binds: eid 1003 demanded 7225 clamped 4096
[kinematics-ws] K clamp binds: eid 1003 demanded 7219 clamped 4096
[kinematics-ws] K clamp binds: eid 1001 demanded 30057 clamped 4096
[kinematics-ws] K clamp binds: eid 1002 demanded 14740 clamped 4096
[kinematics-ws] K clamp binds: eid 1002 demanded 14744 clamped 4096
[kinematics-ws] K clamp binds: eid 1003 demanded 7220 clamped 4096
[kinematics-ws] K clamp binds: eid 1001 demanded 30062 clamped 4096
[kinematics-ws] K clamp binds: eid 1003 demanded 7229 clamped 4096
[kinematics-ws] K clamp binds: eid 1002 demanded 14739 clamped 4096
[kinematics-ws] K clamp binds: eid 1001 demanded 30074 clamped 4096
[kinematics-ws] K clamp binds: eid 1003 demanded 7236 clamped 4096
[kinematics-ws] K clamp binds: eid 1002 demanded 14735 clamped 4096
[kinematics-ws] K clamp binds: eid 1001 demanded 30085 clamped 4096
[kinematics-ws] K clamp binds: eid 1002 demanded 14737 clamped 4096
[kinematics-ws] K clamp binds: eid 1001 demanded 30074 clamped 4096
[kinematics-ws] K clamp binds: eid 1003 demanded 7233 clamped 4096
[kinematics-ws] K clamp binds: eid 1003 demanded 7221 clamped 4096
[kinematics-ws] K clamp binds: eid 1002 demanded 14741 clamped 4096
[kinematics-ws] K clamp binds: eid 1001 demanded 30049 clamped 4096
[kinematics-ws] K clamp binds: eid 1001 demanded 30068 clamped 4096
[kinematics-ws] K clamp binds: eid 1002 demanded 14746 clamped 4096
[kinematics-ws] K clamp binds: eid 1003 demanded 7218 clamped 4096
[kinematics-ws] K clamp binds: eid 1003 demanded 7230 clamped 4096
[kinematics-ws] K clamp binds: eid 1002 demanded 14749 clamped 4096
[kinematics-ws] K clamp binds: eid 1001 demanded 30072 clamped 4096
[kinematics-ws] K clamp binds: eid 1001 demanded 30049 clamped 4096
[kinematics-ws] K clamp binds: eid 1003 demanded 7235 clamped 4096
[kinematics-ws] K clamp binds: eid 1002 demanded 14751 clamped 4096
[kinematics-ws] K clamp binds: eid 1001 demanded 30078 clamped 4096
[kinematics-ws] K clamp binds: eid 1003 demanded 7221 clamped 4096
[kinematics-ws] K clamp binds: eid 1002 demanded 14752 clamped 4096
[kinematics-ws] K clamp binds: eid 1003 demanded 7217 clamped 4096
[kinematics-ws] K clamp binds: eid 1002 demanded 14751 clamped 4096
[kinematics-ws] K clamp binds: eid 1001 demanded 30053 clamped 4096
[kinematics-ws] K clamp binds: eid 1003 demanded 7232 clamped 4096
[kinematics-ws] K clamp binds: eid 1001 demanded 30070 clamped 4096
[kinematics-ws] K clamp binds: eid 1002 demanded 14750 clamped 4096
[kinematics-ws] K clamp binds: eid 1003 demanded 7229 clamped 4096
[kinematics-ws] K clamp binds: eid 1002 demanded 14747 clamped 4096
[kinematics-ws] K clamp binds: eid 1001 demanded 30081 clamped 4096
[kinematics-ws] K clamp binds: eid 1002 demanded 14743 clamped 4096
[kinematics-ws] K clamp binds: eid 1003 demanded 7215 clamped 4096
[kinematics-ws] K clamp binds: eid 1001 demanded 30057 clamped 4096
[kinematics-ws] K clamp binds: eid 1001 demanded 30069 clamped 4096
[kinematics-ws] K clamp binds: eid 1003 demanded 7227 clamped 4096
[kinematics-ws] K clamp binds: eid 1002 demanded 14742 clamped 4096
[kinematics-ws] K clamp binds: eid 1002 demanded 14745 clamped 4096
[kinematics-ws] K clamp binds: eid 1003 demanded 7230 clamped 4096
[kinematics-ws] K clamp binds: eid 1001 demanded 30092 clamped 4096
[kinematics-ws] K clamp binds: eid 1003 demanded 7214 clamped 4096
[kinematics-ws] K clamp binds: eid 1001 demanded 30100 clamped 4096
[kinematics-ws] K clamp binds: eid 1002 demanded 14751 clamped 4096
[kinematics-ws] K clamp binds: eid 1002 demanded 14754 clamped 4096
[kinematics-ws] K clamp binds: eid 1003 demanded 7228 clamped 4096
[kinematics-ws] K clamp binds: eid 1001 demanded 30098 clamped 4096
[kinematics-ws] K clamp binds: eid 1003 demanded 7226 clamped 4096
[kinematics-ws] K clamp binds: eid 1001 demanded 30097 clamped 4096
[kinematics-ws] K clamp binds: eid 1002 demanded 14746 clamped 4096
[kinematics-ws] K clamp binds: eid 1003 demanded 7215 clamped 4096
[kinematics-ws] K clamp binds: eid 1001 demanded 30099 clamped 4096
[kinematics-ws] K clamp binds: eid 1002 demanded 14739 clamped 4096
[kinematics-ws] K clamp binds: eid 1002 demanded 14747 clamped 4096
[kinematics-ws] K clamp binds: eid 1001 demanded 30102 clamped 4096
[kinematics-ws] K clamp binds: eid 1003 demanded 7232 clamped 4096
[kinematics-ws] K clamp binds: eid 1003 demanded 7216 clamped 4096
[kinematics-ws] K clamp binds: eid 1001 demanded 30102 clamped 4096
[kinematics-ws] K clamp binds: eid 1002 demanded 14751 clamped 4096
[kinematics-ws] K clamp binds: eid 1001 demanded 30090 clamped 4096
[kinematics-ws] K clamp binds: eid 1002 demanded 14738 clamped 4096
[kinematics-ws] K clamp binds: eid 1003 demanded 7225 clamped 4096
[kinematics-ws] K clamp binds: eid 1001 demanded 30074 clamped 4096
[kinematics-ws] K clamp binds: eid 1002 demanded 14744 clamped 4096
[kinematics-ws] K clamp binds: eid 1003 demanded 7224 clamped 4096
[kinematics-ws] K clamp binds: eid 1002 demanded 14748 clamped 4096
[kinematics-ws] K clamp binds: eid 1003 demanded 7218 clamped 4096
[kinematics-ws] K clamp binds: eid 1001 demanded 30084 clamped 4096
[kinematics-ws] K clamp binds: eid 1001 demanded 30097 clamped 4096
[kinematics-ws] K clamp binds: eid 1002 demanded 14736 clamped 4096
[kinematics-ws] K clamp binds: eid 1003 demanded 7230 clamped 4096
[kinematics-ws] K clamp binds: eid 1001 demanded 30071 clamped 4096
[kinematics-ws] K clamp binds: eid 1002 demanded 14750 clamped 4096
[kinematics-ws] K clamp binds: eid 1003 demanded 7215 clamped 4096
[kinematics-ws] K clamp binds: eid 1003 demanded 7232 clamped 4096
[kinematics-ws] K clamp binds: eid 1002 demanded 14737 clamped 4096
[kinematics-ws] K clamp binds: eid 1001 demanded 30093 clamped 4096
[kinematics-ws] K clamp binds: eid 1002 demanded 14749 clamped 4096
[kinematics-ws] K clamp binds: eid 1001 demanded 30076 clamped 4096
[kinematics-ws] K clamp binds: eid 1003 demanded 7214 clamped 4096
[kinematics-ws] K clamp binds: eid 1003 demanded 7232 clamped 4096
[kinematics-ws] K clamp binds: eid 1001 demanded 30095 clamped 4096
[kinematics-ws] K clamp binds: eid 1002 demanded 14738 clamped 4096
[kinematics-ws] K clamp binds: eid 1003 demanded 7215 clamped 4096
[kinematics-ws] K clamp binds: eid 1002 demanded 14750 clamped 4096
[kinematics-ws] K clamp binds: eid 1001 demanded 30073 clamped 4096
[kinematics-ws] K clamp binds: eid 1002 demanded 14738 clamped 4096
[kinematics-ws] K clamp binds: eid 1001 demanded 30100 clamped 4096
[kinematics-ws] K clamp binds: eid 1003 demanded 7232 clamped 4096
[kinematics-ws] K clamp binds: eid 1002 demanded 14753 clamped 4096
[kinematics-ws] K clamp binds: eid 1003 demanded 7218 clamped 4096
[kinematics-ws] K clamp binds: eid 1001 demanded 30096 clamped 4096
[kinematics-ws] K clamp binds: eid 1002 demanded 14743 clamped 4096
[kinematics-ws] K clamp binds: eid 1001 demanded 30082 clamped 4096
[kinematics-ws] K clamp binds: eid 1003 demanded 7229 clamped 4096
[kinematics-ws] K clamp binds: eid 1001 demanded 30093 clamped 4096
[kinematics-ws] K clamp binds: eid 1002 demanded 14747 clamped 4096
[kinematics-ws] K clamp binds: eid 1003 demanded 7225 clamped 4096
[kinematics-ws] K clamp binds: eid 1003 demanded 7221 clamped 4096
[kinematics-ws] K clamp binds: eid 1002 demanded 14756 clamped 4096
[kinematics-ws] K clamp binds: eid 1001 demanded 30109 clamped 4096
[kinematics-ws] K clamp binds: eid 1001 demanded 30117 clamped 4096
[kinematics-ws] K clamp binds: eid 1003 demanded 7235 clamped 4096
[kinematics-ws] K clamp binds: eid 1002 demanded 14746 clamped 4096
[kinematics-ws] K clamp binds: eid 1003 demanded 7218 clamped 4096
[kinematics-ws] K clamp binds: eid 1002 demanded 14750 clamped 4096
[kinematics-ws] K clamp binds: eid 1001 demanded 30120 clamped 4096
[kinematics-ws] K clamp binds: eid 1003 demanded 7234 clamped 4096
[kinematics-ws] K clamp binds: eid 1002 demanded 14761 clamped 4096
[kinematics-ws] K clamp binds: eid 1001 demanded 30120 clamped 4096
[kinematics-ws] K clamp binds: eid 1001 demanded 30120 clamped 4096
[kinematics-ws] K clamp binds: eid 1002 demanded 14758 clamped 4096
[kinematics-ws] K clamp binds: eid 1003 demanded 7229 clamped 4096
[kinematics-ws] K clamp binds: eid 1003 demanded 7221 clamped 4096
[kinematics-ws] K clamp binds: eid 1001 demanded 30115 clamped 4096
[kinematics-ws] K clamp binds: eid 1002 demanded 14751 clamped 4096
[kinematics-ws] K clamp binds: eid 1003 demanded 7239 clamped 4096
[kinematics-ws] K clamp binds: eid 1002 demanded 14754 clamped 4096
[kinematics-ws] K clamp binds: eid 1001 demanded 30105 clamped 4096
[kinematics-ws] K clamp binds: eid 1002 demanded 14763 clamped 4096
[kinematics-ws] K clamp binds: eid 1003 demanded 7228 clamped 4096
[kinematics-ws] K clamp binds: eid 1001 demanded 30096 clamped 4096
[kinematics-ws] K clamp binds: eid 1002 demanded 14769 clamped 4096
[kinematics-ws] K clamp binds: eid 1001 demanded 30106 clamped 4096
[kinematics-ws] K clamp binds: eid 1003 demanded 7224 clamped 4096
[kinematics-ws] K clamp binds: eid 1002 demanded 14770 clamped 4096
[kinematics-ws] K clamp binds: eid 1001 demanded 30116 clamped 4096
[kinematics-ws] K clamp binds: eid 1003 demanded 7240 clamped 4096
[kinematics-ws] K clamp binds: eid 1002 demanded 14768 clamped 4096
[kinematics-ws] K clamp binds: eid 1001 demanded 30095 clamped 4096
[kinematics-ws] K clamp binds: eid 1003 demanded 7235 clamped 4096
[kinematics-ws] K clamp binds: eid 1002 demanded 14766 clamped 4096
[kinematics-ws] K clamp binds: eid 1003 demanded 7224 clamped 4096
[kinematics-ws] K clamp binds: eid 1001 demanded 30106 clamped 4096
[kinematics-ws] K clamp binds: eid 1001 demanded 30105 clamped 4096
[kinematics-ws] K clamp binds: eid 1003 demanded 7235 clamped 4096
[kinematics-ws] K clamp binds: eid 1002 demanded 14765 clamped 4096
[kinematics-ws] K clamp binds: eid 1002 demanded 14764 clamped 4096
[kinematics-ws] K clamp binds: eid 1001 demanded 30102 clamped 4096
[kinematics-ws] K clamp binds: eid 1003 demanded 7244 clamped 4096
[kinematics-ws] K clamp binds: eid 1002 demanded 14764 clamped 4096
[kinematics-ws] K clamp binds: eid 1003 demanded 7234 clamped 4096
[kinematics-ws] K clamp binds: eid 1001 demanded 30104 clamped 4096
[kinematics-ws] K clamp binds: eid 1001 demanded 30114 clamped 4096
[kinematics-ws] K clamp binds: eid 1003 demanded 7227 clamped 4096
[kinematics-ws] K clamp binds: eid 1002 demanded 14765 clamped 4096
[kinematics-ws] K clamp binds: eid 1002 demanded 14767 clamped 4096
[kinematics-ws] K clamp binds: eid 1003 demanded 7236 clamped 4096
[kinematics-ws] K clamp binds: eid 1001 demanded 30098 clamped 4096
[kinematics-ws] K clamp binds: eid 1003 demanded 7247 clamped 4096
[kinematics-ws] K clamp binds: eid 1002 demanded 14770 clamped 4096
[kinematics-ws] K clamp binds: eid 1001 demanded 30116 clamped 4096
[kinematics-ws] K clamp binds: eid 1002 demanded 14773 clamped 4096
[kinematics-ws] K clamp binds: eid 1003 demanded 7245 clamped 4096
[kinematics-ws] K clamp binds: eid 1001 demanded 30126 clamped 4096
[kinematics-ws] K clamp binds: eid 1003 demanded 7235 clamped 4096
[kinematics-ws] K clamp binds: eid 1002 demanded 14775 clamped 4096
[kinematics-ws] K clamp binds: eid 1001 demanded 30117 clamped 4096
[kinematics-ws] K clamp binds: eid 1001 demanded 30111 clamped 4096
[kinematics-ws] K clamp binds: eid 1003 demanded 7231 clamped 4096
[kinematics-ws] K clamp binds: eid 1002 demanded 14772 clamped 4096
[kinematics-ws] K clamp binds: eid 1001 demanded 30113 clamped 4096
[kinematics-ws] K clamp binds: eid 1003 demanded 7236 clamped 4096
[kinematics-ws] K clamp binds: eid 1002 demanded 14765 clamped 4096
[kinematics-ws] K clamp binds: eid 1001 demanded 30117 clamped 4096
[kinematics-ws] K clamp binds: eid 1003 demanded 7246 clamped 4096
[kinematics-ws] K clamp binds: eid 1002 demanded 14761 clamped 4096
[kinematics-ws] K clamp binds: eid 1001 demanded 30118 clamped 4096
[kinematics-ws] K clamp binds: eid 1003 demanded 7252 clamped 4096
[kinematics-ws] K clamp binds: eid 1002 demanded 14765 clamped 4096
[kinematics-ws] K clamp binds: eid 1001 demanded 30117 clamped 4096
[kinematics-ws] K clamp binds: eid 1002 demanded 14772 clamped 4096
[kinematics-ws] K clamp binds: eid 1003 demanded 7251 clamped 4096
[kinematics-ws] K clamp binds: eid 1003 demanded 7247 clamped 4096
[kinematics-ws] K clamp binds: eid 1002 demanded 14766 clamped 4096
[kinematics-ws] K clamp binds: eid 1001 demanded 30115 clamped 4096
[kinematics-ws] K clamp binds: eid 1003 demanded 7242 clamped 4096
[kinematics-ws] K clamp binds: eid 1002 demanded 14759 clamped 4096
[kinematics-ws] K clamp binds: eid 1001 demanded 30119 clamped 4096
[kinematics-ws] K clamp binds: eid 1001 demanded 30134 clamped 4096
[kinematics-ws] K clamp binds: eid 1002 demanded 14767 clamped 4096
[kinematics-ws] K clamp binds: eid 1003 demanded 7238 clamped 4096
[kinematics-ws] K clamp binds: eid 1002 demanded 14767 clamped 4096
[kinematics-ws] K clamp binds: eid 1001 demanded 30141 clamped 4096
[kinematics-ws] K clamp binds: eid 1003 demanded 7236 clamped 4096
[kinematics-ws] K clamp binds: eid 1003 demanded 7236 clamped 4096
[kinematics-ws] K clamp binds: eid 1001 demanded 30119 clamped 4096
[kinematics-ws] K clamp binds: eid 1002 demanded 14757 clamped 4096
[kinematics-ws] K clamp binds: eid 1001 demanded 30116 clamped 4096
[kinematics-ws] K clamp binds: eid 1002 demanded 14768 clamped 4096
[kinematics-ws] K clamp binds: eid 1003 demanded 7238 clamped 4096
[kinematics-ws] K clamp binds: eid 1003 demanded 7240 clamped 4096
[kinematics-ws] K clamp binds: eid 1002 demanded 14761 clamped 4096
[kinematics-ws] K clamp binds: eid 1001 demanded 30138 clamped 4096
[kinematics-ws] K clamp binds: eid 1001 demanded 30109 clamped 4096
[kinematics-ws] K clamp binds: eid 1002 demanded 14762 clamped 4096
[kinematics-ws] K clamp binds: eid 1003 demanded 7242 clamped 4096
[kinematics-ws] K clamp binds: eid 1001 demanded 30136 clamped 4096
[kinematics-ws] K clamp binds: eid 1003 demanded 7243 clamped 4096
[kinematics-ws] K clamp binds: eid 1002 demanded 14766 clamped 4096
[kinematics-ws] K clamp binds: eid 1001 demanded 30111 clamped 4096
[kinematics-ws] K clamp binds: eid 1002 demanded 14760 clamped 4096
[kinematics-ws] K clamp binds: eid 1003 demanded 7244 clamped 4096
[kinematics-ws] K clamp binds: eid 1001 demanded 30141 clamped 4096
[kinematics-ws] K clamp binds: eid 1003 demanded 7244 clamped 4096
[kinematics-ws] K clamp binds: eid 1002 demanded 14767 clamped 4096
[kinematics-ws] K clamp binds: eid 1001 demanded 30117 [kinematics-ws] K clamp binds: eidclamped  40961003 demanded 7243 clamped 
4096
[kinematics-ws] K clamp binds: eid 1002 demanded 14761 clamped 4096
[kinematics-ws] K clamp binds: eid 1003 demanded 7242 clamped 4096
[kinematics-ws] K clamp binds: eid 1002 demanded 14766 clamped 4096
[kinematics-ws] K clamp binds: eid 1001 demanded 30128 clamped 4096
[kinematics-ws] K clamp binds: eid 1001 demanded 30148 clamped 4096
[kinematics-ws] K clamp binds: eid 1002 demanded 14767 clamped 4096
[kinematics-ws] K clamp binds: eid 1003 demanded 7240 clamped 4096
[kinematics-ws] K clamp binds: eid 1003 demanded 7239 clamped 4096
[kinematics-ws] K clamp binds: eid 1002 demanded 14762 clamped 4096
[kinematics-ws] K clamp binds: eid 1001 demanded 30136 clamped 4096
[kinematics-ws] K clamp binds: eid 1001 demanded 30126 clamped 4096
[kinematics-ws] K clamp binds: eid 1003 demanded 7238 clamped 4096
[kinematics-ws] K clamp binds: eid 1002 demanded 14774 clamped 4096
[kinematics-ws] K clamp binds: eid 1001 demanded 30130 clamped 4096
[kinematics-ws] K clamp binds: eid 1002 demanded 14765 clamped 4096
[kinematics-ws] K clamp binds: eid 1003 demanded 7239 clamped 4096
[kinematics-ws] K clamp binds: eid 1001 demanded 30140 clamped 4096
[kinematics-ws] K clamp binds: eid 1002 demanded 14768 clamped 4096
[kinematics-ws] K clamp binds: eid 1003 demanded 7242 clamped 4096
[kinematics-ws] K clamp binds: eid 1003 demanded 7248 clamped 4096
[kinematics-ws] K clamp binds: eid 1002 demanded 14778 clamped 4096
[kinematics-ws] K clamp binds: eid 1001 demanded 30146 clamped 4096
[kinematics-ws] K clamp binds: eid 1001 demanded 30147 clamped 4096
[kinematics-ws] K clamp binds: eid 1003 demanded 7254 clamped 4096
[kinematics-ws] K clamp binds: eid 1002 demanded 14771 clamped 4096
[kinematics-ws] K clamp binds: eid 1002 demanded 14769 clamped 4096
[kinematics-ws] K clamp binds: eid 1001 demanded 30144 clamped 4096
[kinematics-ws] K clamp binds: eid 1003 demanded 7259 clamped 4096
[kinematics-ws] K clamp binds: eid 1002 demanded 14779 clamped 4096
[kinematics-ws] K clamp binds: eid 1001 demanded 30136 clamped 4096
[kinematics-ws] K clamp binds: eid 1003 demanded 7258 clamped 4096
[kinematics-ws] K clamp binds: eid 1003 demanded 7250 clamped 4096
[kinematics-ws] K clamp binds: eid 1001 demanded 30132 clamped 4096
[kinematics-ws] K clamp binds: eid 1002 demanded 14784 clamped 4096
[kinematics-ws] K clamp binds: eid 1001 demanded 30143 clamped 4096
[kinematics-ws] K clamp binds: eid 1003 demanded 7240 clamped 4096
[kinematics-ws] K clamp binds: eid 1002 demanded 14780 clamped 4096
[kinematics-ws] K clamp binds: eid 1003 demanded 7237 clamped 4096
[kinematics-ws] K clamp binds: eid 1002 demanded 14775 clamped 4096
[kinematics-ws] K clamp binds: eid 1001 demanded 30162 clamped 4096
[kinematics-ws] K clamp binds: eid 1001 demanded 30150 clamped 4096
[kinematics-ws] K clamp binds: eid 1003 demanded 7244 clamped 4096
[kinematics-ws] K clamp binds: eid 1002 demanded 14776 clamped 4096
[kinematics-ws] K clamp binds: eid 1001 demanded 30128 clamped 4096
[kinematics-ws] K clamp binds: eid 1002 demanded 14781 clamped 4096
[kinematics-ws] K clamp binds: eid 1003 demanded 7255 clamped 4096
[kinematics-ws] K clamp binds: eid 1002 demanded 14786 clamped 4096
[kinematics-ws] K clamp binds: eid 1001 demanded 30157 clamped 4096
[kinematics-ws] K clamp binds: eid 1003 demanded 7257 clamped 4096
[kinematics-ws] K clamp binds: eid 1002 demanded 14790 clamped 4096
[kinematics-ws] K clamp binds: eid 1001 demanded 30137 clamped 4096
[kinematics-ws] K clamp binds: eid 1003 demanded 7245 clamped 4096
[kinematics-ws] K clamp binds: eid 1001 demanded 30145 clamped 4096
[kinematics-ws] K clamp binds: eid 1003 demanded 7236 clamped 4096
[kinematics-ws] K clamp binds: eid 1002 demanded 14792 clamped 4096
[kinematics-ws] K clamp binds: eid 1002 demanded 14793 clamped 4096
[kinematics-ws] K clamp binds: eid 1003 demanded 7244 clamped 4096
[kinematics-ws] K clamp binds: eid 1001 demanded 30142 clamped 4096
[kinematics-ws] K clamp binds: eid 1001 demanded 30152 clamped 4096
[kinematics-ws] K clamp binds: eid 1003 demanded 7257 clamped 4096
[kinematics-ws] K clamp binds: eid 1002 demanded 14793 clamped 4096
[kinematics-ws] K clamp binds: eid 1001 demanded 30132 clamped 4096
[kinematics-ws] K clamp binds: eid 1003 demanded 7249 clamped 4096
[kinematics-ws] K clamp binds: eid 1002 demanded 14793 clamped 4096
[kinematics-ws] K clamp binds: eid 1001 demanded 30165 clamped 4096
[kinematics-ws] K clamp binds: eid 1002 demanded 14793 clamped 4096
[kinematics-ws] K clamp binds: eid 1003 demanded 7235 clamped 4096
[kinematics-ws] K clamp binds: eid 1001 demanded 30152 clamped 4096
[kinematics-ws] K clamp binds: eid 1003 demanded 7244 clamped 4096
[kinematics-ws] K clamp binds: eid 1002 demanded 14792 clamped 4096
[kinematics-ws] K clamp binds: eid 1001 demanded 30138 clamped 4096
[kinematics-ws] K clamp binds: eid 1002 demanded 14790 clamped 4096
[kinematics-ws] K clamp binds: eid 1003 demanded 7256 clamped 4096
[kinematics-ws] K clamp binds: eid 1003 demanded 7242 clamped 4096
[kinematics-ws] K clamp binds: eid 1002 demanded 14787 clamped 4096
[kinematics-ws] K clamp binds: eid 1001 demanded 30157 clamped 4096
[kinematics-ws] K clamp binds: eid 1002 demanded 14784 clamped 4096
[kinematics-ws] K clamp binds: eid 1003 demanded 7235 clamped 4096
[kinematics-ws] K clamp binds: eid 1001 demanded 30175 clamped 4096
[kinematics-ws] K clamp binds: eid 1002 demanded 14784 clamped 4096
[kinematics-ws] K clamp binds: eid 1003 demanded 7253 clamped 4096
[kinematics-ws] K clamp binds: eid 1001 demanded 30180 clamped 4096
[kinematics-ws] K clamp binds: eid 1003 demanded 7246 clamped 4096
[kinematics-ws] K clamp binds: eid 1002 demanded 14787 clamped 4096
[kinematics-ws] K clamp binds: eid 1001 demanded 30177 clamped 4096
[kinematics-ws] K clamp binds: eid[kinematics-ws] K clamp binds: eid  1003 1001demanded  7234 clamped demanded 409630175 clamped 
4096[kinematics-ws] K clamp binds: eid 1002 demanded 14792 clamped 4096

[kinematics-ws] K clamp binds: eid 1002 demanded 14790 clamped 4096
[kinematics-ws] K clamp binds: eid 1003 demanded 7252 clamped 4096
[kinematics-ws] K clamp binds: eid 1001 demanded 30176 clamped 4096
[kinematics-ws] K clamp binds: eid 1001 demanded 30180 clamped 4096
[kinematics-ws] K clamp binds: eid 1002 demanded 14783 clamped 4096
[kinematics-ws] K clamp binds: eid 1003 demanded 7243 clamped 4096
[kinematics-ws] K clamp binds: eid 1001 demanded 30183 clamped 4096
[kinematics-ws] K clamp binds: eid 1002 demanded 14782 clamped 4096
[kinematics-ws] K clamp binds: eid 1003 demanded 7235 clamped 4096
[kinematics-ws] K clamp binds: eid 1001 demanded 30178 clamped 4096
[kinematics-ws] K clamp binds: eid 1002 demanded 14789 clamped 4096
[kinematics-ws] K clamp binds: eid 1003 demanded 7254 clamped 4096
[kinematics-ws] K clamp binds: eid 1001 demanded 30162 clamped 4096
[kinematics-ws] K clamp binds: eid 1003 demanded 7236 clamped 4096
[kinematics-ws] K clamp binds: eid 1002 demanded 14787 clamped 4096
[kinematics-ws] K clamp binds: eid 1002 demanded 14779 clamped 4096
[kinematics-ws] K clamp binds: eid 1003 demanded 7243 clamped 4096
[kinematics-ws] K clamp binds: eid 1001 demanded 30153 clamped 4096
[kinematics-ws] K clamp binds: eid 1003 demanded 7249 clamped 4096
[kinematics-ws] K clamp binds: eid 1001 demanded 30172 clamped 4096
[kinematics-ws] K clamp binds: eid 1002 demanded 14786 clamped 4096
[kinematics-ws] K clamp binds: eid 1002 demanded 14785 clamped 4096
[kinematics-ws] K clamp binds: eid 1003 demanded 7233 clamped 4096
[kinematics-ws] K clamp binds: eid 1001 demanded 30173 clamped 4096
[kinematics-ws] K clamp binds: eid 1001 demanded 30150 clamped 4096
[kinematics-ws] K clamp binds: eid 1002 demanded 14779 clamped 4096
[kinematics-ws] K clamp binds: eid 1003 demanded 7254 clamped 4096
[kinematics-ws] K clamp binds: eid 1003 demanded 7233 clamped 4096
[kinematics-ws] K clamp binds: eid 1002 demanded 14788 clamped 4096
[kinematics-ws] K clamp binds: eid 1001 demanded 30175 clamped 4096
[kinematics-ws] K clamp binds: eid 1001 demanded 30154 clamped 4096
[kinematics-ws] K clamp binds: eid 1003 demanded 7250 clamped 4096
[kinematics-ws] K clamp binds: eid 1002 demanded 14779 clamped 4096
[kinematics-ws] K clamp binds: eid 1002 demanded 14786 clamped 4096
[kinematics-ws] K clamp binds: eid 1001 demanded 30173 clamped 4096
[kinematics-ws] K clamp binds: eid 1003 demanded 7238 clamped 4096
[kinematics-ws] K clamp binds: eid 1001 demanded 30153 clamped 4096
[kinematics-ws] K clamp binds: eid 1002 demanded 14781 clamped 4096
[kinematics-ws] K clamp binds: eid 1003 demanded 7246 clamped 4096
UI cursor : free
[kinematics-ws] K clamp binds: eid 1002 demanded 14785 clamped 4096
[kinematics-ws] K clamp binds: eid 1001 demanded 30181 clamped 4096
[kinematics-ws] K clamp binds: eid 1003 demanded 7242 clamped 4096
Dev window stopped.
