Dev window thread started on gates-of-truth-dev-window — sim thread on gates-of-truth-sim
Truth demo ready: nREPL 127.0.0.1:7898
Compiling body shaders...
Compiling particle shaders...
Compiling sprite shaders...
Compiling line shaders...
Compiling hud shaders...
Compiling volume shaders...
Camera reset
UI cursor : locked
[kinematics-ws] K clamp binds: eid 1014 demanded 9435 clamped 4096
[kinematics-ws] K clamp binds: eid 1013 demanded 19246 clamped 4096
[kinematics-ws] K clamp binds: eid 1015 demanded 4625 clamped 4096
[kinematics-ws] K clamp binds: eid 1001 demanded 21795 clamped 4096
[kinematics-ws] K clamp binds: eid 1003 demanded 5237 clamped 4096
[kinematics-ws] K clamp binds: eid 1002 demanded 10684 clamped 4096
[kinematics-ws] K clamp binds: eid 1014 demanded 9443 clamped 4096
[kinematics-ws] K clamp binds: eid 1015 demanded 4625 clamped 4096
[kinematics-ws] K clamp binds: eid 1013 demanded 19258 clamped 4096
[kinematics-ws] K clamp binds: eid 1002 demanded 10686 clamped 4096
[kinematics-ws] K clamp binds: eid 1003 demanded 5243 clamped 4096
[kinematics-ws] K clamp binds: eid 1001 demanded 21802 clamped 4096
[kinematics-ws] K clamp binds: eid 1001 demanded 21804 clamped 4096
[kinematics-ws] K clamp binds: eid 1002 demanded 10686 clamped 4096
[kinematics-ws] K clamp binds: eid 1015 demanded 4624 clamped 4096
[kinematics-ws] K clamp binds: eid 1014 demanded 9443 clamped 4096
[kinematics-ws] K clamp binds: eid 1013 demanded 19258 clamped 4096
[kinematics-ws] K clamp binds: eid 1003 demanded 5244 clamped 4096
[kinematics-ws] K clamp binds: eid 1013 demanded 19275 clamped [kinematics-ws] K clamp binds: eid 1014 demanded 9453 clamped 4096
[kinematics-ws] K clamp binds: eid 1015 demanded 4623 clamped 4096
[kinematics-ws] K clamp binds: eid 1001 demanded 21804 clamped 4096
4096
[kinematics-ws] K clamp binds: eid 1003 demanded 5245 clamped 4096
[kinematics-ws] K clamp binds: eid 1002 demanded 10683 clamped 4096
[kinematics-ws] K clamp binds: eid 1014 demanded 9443 clamped 4096
[kinematics-ws] K clamp binds: eid 1001 demanded 21807 clamped 4096
[kinematics-ws] K clamp binds: eid 1003 demanded 5246 clamped 4096
[kinematics-ws] K clamp binds: eid 1015 demanded 4626 clamped 4096
[kinematics-ws] K clamp binds: eid 1002 demanded 10682 clamped 4096
[kinematics-ws] K clamp binds: eid 1013 demanded 19267 clamped 4096
[kinematics-ws] K clamp binds: eid 1013 demanded 19269 clamped 4096
[kinematics-ws] K clamp binds: eid 1001 demanded 21812 clamped 4096
[kinematics-ws] K clamp binds: eid 1014 demanded 9441 clamped 4096
[kinematics-ws] K clamp binds: eid 1015 demanded 4627 clamped 4096
[kinematics-ws] K clamp binds: eid 1003 demanded 5247 clamped 4096
[kinematics-ws] K clamp binds: eid 1002 demanded 10685 clamped 4096
[kinematics-ws] K clamp binds: eid [kinematics-ws] K clamp binds: eid 10131003  demandeddemanded  5247 clamped 19274 clamped 40964096

[kinematics-ws] K clamp binds: eid 1001 demanded 21809 clamped 4096
[kinematics-ws] K clamp binds: eid 1002 demanded 10681 clamped 4096
[kinematics-ws] K clamp binds: eid 1015 demanded 4627 clamped 4096
[kinematics-ws] K clamp binds: eid 1014 demanded 9445 clamped 4096
[kinematics-ws] K clamp binds: eid[kinematics-ws] K clamp binds: eid[kinematics-ws] K clamp binds: eid   1014 1013demanded 9454 clamped  demanded 19277 4096
1003 demanded 5247 clamped clamped4096 
4096
[kinematics-ws] K clamp binds: eid 1015 demanded 4633 clamped 4096
[kinematics-ws] K clamp binds: eid 1001 demanded 21799 clamped 4096
[kinematics-ws] K clamp binds: eid 1002 demanded 10685 clamped 4096
[kinematics-ws] K clamp binds: eid 1001 demanded 21807 clamped 4096
[kinematics-ws] K clamp binds: eid 1013 demanded 19301 clamped 4096
[kinematics-ws] K clamp binds: eid 1015 demanded 4634 clamped 4096
[kinematics-ws] K clamp binds: eid 1014 demanded 9445 clamped 4096
[kinematics-ws] K clamp binds: eid 1002 demanded 10682 clamped 4096
[kinematics-ws] K clamp binds: eid 1003 demanded 5248 clamped 4096
[kinematics-ws] K clamp binds: eid 1001 demanded 21803 clamped 4096
[kinematics-ws] K clamp binds: eid 1003 demanded 5248 clamped 4096
[kinematics-ws] K clamp binds: eid 1013 demanded 19270 clamped 4096
[kinematics-ws] K clamp binds: eid 1015 demanded 4635 clamped 4096
[kinematics-ws] K clamp binds: eid 1014 demanded 9456 clamped 4096
[kinematics-ws] K clamp binds: eid 1002 demanded 10685 clamped 4096
[kinematics-ws] K clamp binds: eid 1013 demanded 19303 clamped 4096
[kinematics-ws] K clamp binds: eid 1002 demanded 10683 clamped 4096
[kinematics-ws] K clamp binds: eid 1001 demanded 21802 clamped 4096
[kinematics-ws] K clamp binds: eid 1003 demanded 5247 clamped 4096
[kinematics-ws] K clamp binds: eid 1015 demanded 4639 clamped 4096
[kinematics-ws] K clamp binds: eid 1014 demanded 9467 clamped 4096
[kinematics-ws] K clamp binds: eid 1001 demanded 21805 clamped 4096
[kinematics-ws] K clamp binds: eid 1015 demanded 4642 clamped 4096
[kinematics-ws] K clamp binds: eid 1014 demanded 9471 clamped 4096
[kinematics-ws] K clamp binds: eid 1003 demanded 5247 clamped 4096
[kinematics-ws] K clamp binds: eid 1002 demanded 10687 clamped 4096
[kinematics-ws] K clamp binds: eid 1013 demanded 19318 clamped 4096
[kinematics-ws] K clamp binds: eid 1015 demanded 4645 clamped 4096
[kinematics-ws] K clamp binds: eid 1013 demanded 19322 clamped 4096
[kinematics-ws] K clamp binds: eid 1014 demanded 9470 clamped 4096
[kinematics-ws] K clamp binds: eid 1003 demanded 5247 clamped 4096
[kinematics-ws] K clamp binds: eid 1001 demanded 21809 clamped 4096
[kinematics-ws] K clamp binds: eid 1002 demanded 10685 clamped 4096
[kinematics-ws] K clamp binds: eid 1002 demanded 10688 clamped 4096
[kinematics-ws] K clamp binds: eid 1014 demanded 9463 clamped 4096
[kinematics-ws] K clamp binds: eid 1003 demanded 5246 clamped 4096
[kinematics-ws] K clamp binds: eid 1001 demanded 21803 clamped 4096
[kinematics-ws] K clamp binds: eid 1013 demanded 19309 clamped 4096
[kinematics-ws] K clamp binds: eid 1015 demanded 4646 clamped 4096
[kinematics-ws] K clamp binds: eid 1002 demanded 10690 clamped 4096
[kinematics-ws] K clamp binds: eid 1001 demanded 21816 clamped 4096
[kinematics-ws] K clamp binds: eid 1014 demanded 9459 clamped 4096
[kinematics-ws] K clamp binds: eid 1015 demanded 4647 clamped 4096
[kinematics-ws] K clamp binds: eid 1013 demanded 19297 clamped 4096
[kinematics-ws] K clamp binds: eid 1003 demanded 5246 clamped 4096
[kinematics-ws] K clamp binds: eid 1003 demanded 5247 clamped 4096
[kinematics-ws] K clamp binds: eid 1001 demanded 21819 clamped 4096
[kinematics-ws] K clamp binds: eid 1015 demanded 4648 clamped 4096
[kinematics-ws] K clamp binds: eid 1014 demanded 9473 clamped 4096
[kinematics-ws] K clamp binds: eid 1013 demanded 19313 clamped 4096
[kinematics-ws] K clamp binds: eid 1002 demanded 10688 clamped 4096
[kinematics-ws] K clamp binds: eid 1003 demanded 5248 clamped 4096
[kinematics-ws] K clamp binds: eid 1014 demanded 9463 clamped 4096
[kinematics-ws] K clamp binds: eid 1001 demanded 21815 clamped 4096
[kinematics-ws] K clamp binds: eid 1015 demanded 4648[kinematics-ws] K clamp binds: eid 1013 demanded 19321 clamped 4096
 clamped 4096
[kinematics-ws] K clamp binds: eid 1002 demanded 10692 clamped 4096
[kinematics-ws] K clamp binds: eid 1015 demanded 4647 clamped 4096
[kinematics-ws] K clamp binds: eid 1001 demanded 21816 clamped 4096
[kinematics-ws] K clamp binds: eid 1013 demanded 19324 clamped 4096
[kinematics-ws] K clamp binds: eid 1014 demanded 9462 clamped 4096
[kinematics-ws] K clamp binds: eid 1003 demanded 5249 clamped 4096
[kinematics-ws] K clamp binds: eid 1002 demanded 10695 clamped 4096
[kinematics-ws] K clamp binds: eid 1001 demanded 21820 clamped 4096
[kinematics-ws] K clamp binds: eid 1002 demanded 10694 clamped 4096
[kinematics-ws] K clamp binds: eid 1003 demanded 5250 clamped 4096
[kinematics-ws] K clamp binds: eid 1014 demanded 9464 clamped 4096
[kinematics-ws] K clamp binds: eid 1013 demanded 19330 clamped 4096
[kinematics-ws] K clamp binds: eid 1015 demanded 4647 clamped 4096
[kinematics-ws] K clamp binds: eid 1001 demanded 21824 clamped 4096
[kinematics-ws] K clamp binds: eid 1003 demanded 5250 clamped 4096
[kinematics-ws] K clamp binds: eid 1015 demanded 4649 clamped 4096
[kinematics-ws] K clamp binds: eid 1013 demanded 19336 clamped 4096
[kinematics-ws] K clamp binds: eid 1014 demanded 9478 clamped 4096
[kinematics-ws] K clamp binds: eid 1002 demanded 10695 clamped 4096
[kinematics-ws] K clamp binds: eid 1001 demanded 21824 clamped 4096
[kinematics-ws] K clamp binds: eid 1013 demanded 19321 clamped 4096
[kinematics-ws] K clamp binds: eid 1014 demanded 9467 clamped 4096
[kinematics-ws] K clamp binds: eid 1015 demanded 4649 clamped 4096
[kinematics-ws] K clamp binds: eid 1003 demanded 5248 clamped 4096
[kinematics-ws] K clamp binds: eid 1002 demanded 10699 clamped 4096
[kinematics-ws] K clamp binds: eid 1003 demanded 5246 clamped 4096
[kinematics-ws] K clamp binds: eid 1015 demanded 4645 clamped 4096
[kinematics-ws] K clamp binds: eid 1013 demanded 19334 clamped 4096
[kinematics-ws] K clamp binds: eid 1001 demanded 21822 clamped 4096
[kinematics-ws] K clamp binds: eid 1002 demanded 10702 clamped 4096
[kinematics-ws] K clamp binds: eid 1014 demanded 9471 clamped 4096
[kinematics-ws] K clamp binds: eid 1001 demanded 21820 clamped 4096
[kinematics-ws] K clamp binds: eid 1014 demanded 9481 clamped 4096
[kinematics-ws] K clamp binds: eid 1013 demanded 19333 clamped 4096
[kinematics-ws] K clamp binds: eid 1003 demanded 5245 clamped 4096
[kinematics-ws] K clamp binds: eid 1015 demanded 4643 clamped 4096
[kinematics-ws] K clamp binds: eid 1002 demanded 10703 clamped 4096
[kinematics-ws] K clamp binds: eid 1014 demanded 9484 clamped 4096
[kinematics-ws] K clamp binds: eid 1002 demanded 10703 clamped 4096
[kinematics-ws] K clamp binds: eid 1003 demanded 5247 clamped 4096
[kinematics-ws] K clamp binds: eid 1013 demanded 19338 clamped 4096
[kinematics-ws] K clamp binds: eid 1015 demanded 4646 clamped 4096
[kinematics-ws] K clamp binds: eid 1001 demanded 21823 clamped 4096
[kinematics-ws] K clamp binds: eid 1002 demanded 10703 clamped 4096
[kinematics-ws] K clamp binds: eid 1001 demanded 21833 clamped 4096
[kinematics-ws] K clamp binds: eid 1014 demanded 9480 clamped 4096
[kinematics-ws] K clamp binds: eid 1013 demanded 19341 clamped 4096
[kinematics-ws] K clamp binds: eid 1003 demanded 5249 clamped 4096
[kinematics-ws] K clamp binds: eid 1015 demanded 4643 clamped 4096
[kinematics-ws] K clamp binds: eid 1001 demanded 21833 clamped 4096
[kinematics-ws] K clamp binds: eid 1002 demanded 10704 clamped 4096
[kinematics-ws] K clamp binds: eid 1003 demanded 5248 clamped 4096
[kinematics-ws] K clamp binds: eid [kinematics-ws] K clamp binds: eid 10141013 demanded 19352  demanded 9474clamped 4096
[kinematics-ws] K clamp binds: eid 1015 demanded 4643 clamped 4096
 clamped 4096
[kinematics-ws] K clamp binds: eid 1015 demanded 4644 clamped 4096
[kinematics-ws] K clamp binds: eid 1001 demanded 21817 clamped 4096
[kinematics-ws] K clamp binds: eid 1002 demanded 10704 clamped 4096
[kinematics-ws] K clamp binds: eid 1014 demanded 9485 clamped 4096
[kinematics-ws] K clamp binds: eid 1003 demanded 5245 clamped 4096
[kinematics-ws] K clamp binds: eid 1013 demanded 19343 clamped 4096
[kinematics-ws] K clamp binds: eid 1001 demanded 21826 clamped 4096
[kinematics-ws] K clamp binds: eid 1015 demanded 4643 clamped 4096
[kinematics-ws] K clamp binds: eid 1002 demanded 10705 clamped 4096
[kinematics-ws] K clamp binds: eid 1003 demanded 5244 clamped 4096
[kinematics-ws] K clamp binds: eid 1014 demanded 9499 clamped 4096
[kinematics-ws] K clamp binds: eid 1013 demanded 19358 clamped 4096
[kinematics-ws] K clamp binds: eid 1001 demanded 21826 clamped 4096
[kinematics-ws] K clamp binds: eid 1014 demanded 9471 clamped 4096
[kinematics-ws] K clamp binds: eid 1003 demanded 5247 clamped 4096
[kinematics-ws] K clamp binds: eid 1015 demanded 4645 clamped 4096
[kinematics-ws] K clamp binds: eid 1013 demanded 19353 clamped 4096
[kinematics-ws] K clamp binds: eid 1002 demanded 10705 clamped 4096
[kinematics-ws] K clamp binds: eid 1001 demanded 21819 clamped 4096
[kinematics-ws] K clamp binds: eid 1003 demanded 5247 clamped 4096
[kinematics-ws] K clamp binds: eid 1013 demanded 19358 clamped 4096
[kinematics-ws] K clamp binds: eid 1014 demanded 9497 clamped 4096
[kinematics-ws] K clamp binds: eid 1015 demanded 4647 clamped [kinematics-ws] K clamp binds: eid 1002 demanded 10705 clamped 4096
4096
[kinematics-ws] K clamp binds: eid 1014 demanded 9472 clamped 4096
[kinematics-ws] K clamp binds: eid [kinematics-ws] K clamp binds: eid 1001 demanded 1003 21828 clamped 4096demanded 5244 clamped 4096

[kinematics-ws] K clamp binds: eid 1015 demanded 4647 clamped 4096
[kinematics-ws] K clamp binds: eid 1013 demanded 19364 clamped 4096
[kinematics-ws] K clamp binds: eid 1002 demanded 10705 clamped 4096
[kinematics-ws] K clamp binds: eid 1001 demanded 21827 clamped 4096
[kinematics-ws] K clamp binds: eid 1014 demanded 9501 clamped 4096
[kinematics-ws] K clamp binds: eid 1002 demanded 10705 clamped 4096
[kinematics-ws] K clamp binds: eid 1003 demanded 5244 clamped 4096
[kinematics-ws] K clamp binds: eid 1013 demanded 19379 clamped 4096
[kinematics-ws] K clamp binds: eid 1015 demanded 4652 clamped 4096
[kinematics-ws] K clamp binds: eid 1013 demanded 19353 clamped 4096
[kinematics-ws] K clamp binds: eid 1014 demanded 9504 clamped 4096
[kinematics-ws] K clamp binds: eid 1003 demanded 5247 clamped 4096
[kinematics-ws] K clamp binds: eid 1002 demanded 10707 clamped 4096
[kinematics-ws] K clamp binds: eid 1015 demanded 4654 clamped 4096
[kinematics-ws] K clamp binds: eid 1001 demanded 21822 clamped 4096
[kinematics-ws] K clamp binds: eid 1014 demanded 9493 clamped 4096
[kinematics-ws] K clamp binds: eid 1003 demanded 5244 clamped 4096
[kinematics-ws] K clamp binds: eid 1015 demanded 4655 clamped 4096
[kinematics-ws] K clamp binds: eid 1013 demanded 19383 clamped 4096
[kinematics-ws] K clamp binds: eid 1001 demanded 21840 clamped 4096
[kinematics-ws] K clamp binds: eid 1002 demanded 10709 clamped 4096
[kinematics-ws] K clamp binds: eid 1001 demanded 21837 clamped 4096
[kinematics-ws] K clamp binds: eid 1013 demanded 19389 clamped 4096
[kinematics-ws] K clamp binds: eid 1014 demanded 9491 clamped 4096
[kinematics-ws] K clamp binds: eid 1015 demanded 4658 clamped 4096
[kinematics-ws] K clamp binds: eid 1002 demanded 10712 clamped 4096
[kinematics-ws] K clamp binds: eid 1003 demanded 5242 clamped 4096
[kinematics-ws] K clamp binds: eid 1001 demanded 21830 clamped 4096
[kinematics-ws] K clamp binds: eid 1015 demanded 4662 clamped 4096
[kinematics-ws] K clamp binds: eid 1002 demanded 10711 clamped 4096
[kinematics-ws] K clamp binds: eid 1003 demanded 5246 clamped 4096
[kinematics-ws] K clamp binds: eid 1014 demanded 9492 clamped 4096
[kinematics-ws] K clamp binds: eid 1013 demanded 19394 clamped 4096
[kinematics-ws] K clamp binds: eid 1015 demanded 4665 clamped 4096
[kinematics-ws] K clamp binds: eid 1013 demanded 19398 clamped 4096
[kinematics-ws] K clamp binds: eid 1014 demanded 9494 clamped 4096
[kinematics-ws] K clamp binds: eid 1002 demanded 10705 clamped 4096
[kinematics-ws] K clamp binds: eid 1003 demanded 5244 clamped 4096
[kinematics-ws] K clamp binds: eid 1001 demanded 21834 clamped 4096
[kinematics-ws] K clamp binds: eid 1015 demanded 4667 clamped 4096
[kinematics-ws] K clamp binds: eid 1013 demanded 19384 clamped 4096
[kinematics-ws] K clamp binds: eid 1002 demanded 10702 clamped 4096
[kinematics-ws] K clamp binds: eid 1003 demanded 5241 clamped 4096
[kinematics-ws] K clamp binds: eid 1014 demanded 9506 clamped 4096
[kinematics-ws] K clamp binds: eid 1001 demanded 21842 clamped 4096
[kinematics-ws] K clamp binds: eid 1013 demanded 19387 clamped 4096
[kinematics-ws] K clamp binds: eid 1001 demanded 21847 clamped 4096
[kinematics-ws] K clamp binds: eid 1014 demanded 9524 clamped 4096
[kinematics-ws] K clamp binds: eid 1003 demanded 5245 clamped 4096
[kinematics-ws] K clamp binds: eid 1015 demanded 4668 clamped 4096
[kinematics-ws] K clamp binds: eid 1002 demanded 10707 clamped 4096
[kinematics-ws] K clamp binds: eid 1003 demanded 5242 clamped 4096
[kinematics-ws] K clamp binds: eid 1002 demanded 10709 clamped 4096
[kinematics-ws] K clamp binds: eid 1014 demanded 9502 clamped 4096
[kinematics-ws] K clamp binds: eid 1015 demanded 4668 clamped 4096
[kinematics-ws] K clamp binds: eid 1013 demanded 19385 clamped 4096
[kinematics-ws] K clamp binds: eid 1001 demanded 21849 clamped 4096
[kinematics-ws] K clamp binds: eid 1003 demanded 5242 clamped 4096
[kinematics-ws] K clamp binds: eid 1013 demanded 19400 clamped 4096
[kinematics-ws] K clamp binds: eid 1001 demanded 21846 clamped 4096
[kinematics-ws] K clamp binds: eid 1015 demanded 4668 clamped 4096
[kinematics-ws] K clamp binds: eid 1014 demanded 9496 clamped 4096
[kinematics-ws] K clamp binds: eid 1002 demanded 10702 clamped 4096
[kinematics-ws] K clamp binds: eid 1013 demanded 19404 clamped 4096
[kinematics-ws] K clamp binds: eid 1002 demanded 10703 clamped 4096
[kinematics-ws] K clamp binds: eid 1015 demanded 4667 clamped 4096
[kinematics-ws] K clamp binds: eid 1014 demanded 9513 clamped 4096
[kinematics-ws] K clamp binds: eid 1003 demanded 5245 clamped 4096
[kinematics-ws] K clamp binds: eid 1001 demanded 21840 clamped 4096
[kinematics-ws] K clamp binds: eid 1001 demanded 21838 clamped 4096
[kinematics-ws] K clamp binds: eid 1002 demanded 10707 clamped 4096
[kinematics-ws] K clamp binds: eid 1003 demanded 5241 clamped 4096
[kinematics-ws] K clamp binds: eid 1015 demanded 4667 clamped 4096
[kinematics-ws] K clamp binds: eid 1013 demanded 19397 clamped 4096
[kinematics-ws] K clamp binds: eid 1014 demanded 9504 clamped 4096
[kinematics-ws] K clamp binds: eid 1001 demanded 21846 clamped 4096
[kinematics-ws] K clamp binds: eid 1014 demanded 9497 clamped 4096
[kinematics-ws] K clamp binds: eid 1013 demanded 19415 clamped 4096
[kinematics-ws] K clamp binds: eid 1015 demanded 4668 clamped 4096
[kinematics-ws] K clamp binds: eid 1003 demanded 5245 clamped 4096
[kinematics-ws] K clamp binds: eid 1002 demanded 10700 clamped 4096
[kinematics-ws] K clamp binds: eid 1003 demanded 5241 clamped 4096
[kinematics-ws] K clamp binds: eid 1013 demanded 19396 clamped 4096
[kinematics-ws] K clamp binds: eid 1015 demanded 4669 clamped 4096
[kinematics-ws] K clamp binds: eid 1002 demanded 10705 clamped 4096
[kinematics-ws] K clamp binds: eid 1014 demanded 9528 clamped 4096
[kinematics-ws] K clamp binds: eid 1001 demanded 21858 clamped 4096
[kinematics-ws] K clamp binds: eid 1001 demanded 21843 clamped 4096
[kinematics-ws] K clamp binds: eid 1003 demanded 5244 clamped 4096
[kinematics-ws] K clamp binds: eid 1013 demanded 19424 clamped 4096
[kinematics-ws] K clamp binds: eid 1015 demanded 4667 clamped 4096
[kinematics-ws] K clamp binds: eid 1014 demanded 9537 clamped 4096
[kinematics-ws] K clamp binds: eid 1002 demanded 10703 clamped 4096
[kinematics-ws] K clamp binds: eid 1013 demanded 19435 clamped 4096
[kinematics-ws] K clamp binds: eid 1001 demanded 21836 clamped 4096
[kinematics-ws] K clamp binds: eid 1003 demanded 5243 clamped 4096
[kinematics-ws] K clamp binds: eid 1014 demanded 9535 clamped 4096
[kinematics-ws] K clamp binds: eid 1002 demanded 10702 clamped 4096
[kinematics-ws] K clamp binds: eid 1015 demanded 4663 clamped 4096
[kinematics-ws] K clamp binds: eid[kinematics-ws] K clamp binds: eid  1003 1001demanded  5243 clamped demanded 4096
21855 clamped 4096
[kinematics-ws] K clamp binds: eid 1002 demanded 10705 clamped 4096
[kinematics-ws] K clamp binds: eid 1013 demanded 19439 clamped 4096
[kinematics-ws] K clamp binds: eid 1014 demanded 9536 clamped 4096
[kinematics-ws] K clamp binds: eid 1015 demanded 4665 clamped 4096
[kinematics-ws] K clamp binds: eid 1001 demanded 21832 clamped 4096
[kinematics-ws] K clamp binds: eid 1013 demanded 19430 clamped 4096
[kinematics-ws] K clamp binds: eid 1002 demanded 10702 clamped 4096
[kinematics-ws] K clamp binds: eid 1015 demanded 4665 clamped 4096
[kinematics-ws] K clamp binds: eid 1003 demanded 5244 clamped 4096
[kinematics-ws] K clamp binds: eid 1014 demanded 9541 clamped 4096
[kinematics-ws] K clamp binds: eid 1013 demanded 19420 clamped 4096
[kinematics-ws] K clamp binds: eid 1015 demanded 4661 clamped 4096
[kinematics-ws] K clamp binds: eid 1002 demanded 10705 clamped 4096
[kinematics-ws] K clamp binds: eid 1003 demanded 5243 clamped 4096
[kinematics-ws] K clamp binds: eid 1014 demanded 9542 clamped 4096
[kinematics-ws] K clamp binds: eid 1001 demanded 21855 clamped 4096
[kinematics-ws] K clamp binds: eid 1001 demanded 21835 clamped 4096
[kinematics-ws] K clamp binds: eid 1003 demanded 5244 clamped 4096
[kinematics-ws] K clamp binds: eid 1013 demanded 19430 clamped 4096
[kinematics-ws] K clamp binds: eid 1015 demanded 4665 clamped 4096
[kinematics-ws] K clamp binds: eid 1014 demanded 9524 clamped 4096
[kinematics-ws] K clamp binds: eid 1002 demanded 10706 clamped 4096
[kinematics-ws] K clamp binds: eid 1013 demanded 19440 clamped 4096
[kinematics-ws] K clamp binds: eid 1003 demanded 5244 clamped 4096
[kinematics-ws] K clamp binds: eid 1015 demanded 4661 clamped 4096
[kinematics-ws] K clamp binds: eid 1001 demanded 21854 clamped 4096
[kinematics-ws] K clamp binds: eid 1014 demanded 9514 clamped 4096
[kinematics-ws] K clamp binds: eid 1002 demanded 10704 clamped 4096
[kinematics-ws] K clamp binds: eid 1003 demanded 5244 clamped 4096
[kinematics-ws] K clamp binds: eid 1002 demanded 10711 clamped 4096
[kinematics-ws] K clamp binds: eid 1001 demanded 21855 clamped 4096
[kinematics-ws] K clamp binds: eid 1013 demanded 19444 clamped 4096
[kinematics-ws] K clamp binds: eid 1014 demanded 9538 clamped 4096
[kinematics-ws] K clamp binds: eid 1015 demanded 4667 clamped 4096
[kinematics-ws] K clamp binds: eid 1003 demanded 5246 clamped 4096
[kinematics-ws] K clamp binds: eid 1001 demanded 21842 clamped 4096
[kinematics-ws] K clamp binds: eid 1013 demanded 19448 clamped 4096
[kinematics-ws] K clamp binds: eid 1015 demanded 4664 clamped 4096
[kinematics-ws] K clamp binds: eid 1002 demanded 10705 clamped 4096
[kinematics-ws] K clamp binds: eid 1014 demanded 9511 clamped 4096
[kinematics-ws] K clamp binds: eid 1001 demanded 21854 clamped 4096
[kinematics-ws] K clamp binds: eid 1002 demanded 10710 clamped 4096
[kinematics-ws] K clamp binds: eid 1015 demanded 4669 clamped 4096
[kinematics-ws] K clamp binds: eid 1013 demanded 19452 clamped 4096
[kinematics-ws] K clamp binds: eid 1014 demanded 9539 clamped 4096
[kinematics-ws] K clamp binds: eid 1003 demanded 5243 clamped 4096
[kinematics-ws] K clamp binds: eid 1015 demanded 4671 clamped 4096
[kinematics-ws] K clamp binds: eid 1014 demanded 9528 clamped 4096
[kinematics-ws] K clamp binds: eid 1001 demanded 21869 clamped 4096
[kinematics-ws] K clamp binds: eid 1002 demanded 10715 clamped 4096
[kinematics-ws] K clamp binds: eid 1013 demanded 19445 clamped 4096
[kinematics-ws] K clamp binds: eid 1003 demanded 5248 clamped 4096
[kinematics-ws] K clamp binds: eid 1001 demanded 21874 clamped 4096
[kinematics-ws] K clamp binds: eid 1014 demanded 9522 clamped 4096
[kinematics-ws] K clamp binds: eid 1003 demanded 5244 clamped 4096
[kinematics-ws] K clamp binds: eid 1013 demanded 19449 clamped 4096
[kinematics-ws] K clamp binds: eid 1015 demanded 4670 clamped 4096
[kinematics-ws] K clamp binds: eid 1002 demanded 10710 clamped 4096
[kinematics-ws] K clamp binds: eid 1014 demanded 9538 clamped 4096
[kinematics-ws] K clamp binds: eid 1013 demanded 19451 clamped 4096
[kinematics-ws] K clamp binds: eid 1003 demanded 5248 clamped 4096
[kinematics-ws] K clamp binds: eid 1015 demanded 4675 clamped 4096
[kinematics-ws] K clamp binds: eid 1001 demanded 21873 clamped 4096
[kinematics-ws] K clamp binds: eid 1002 demanded 10712 clamped 4096
[kinematics-ws] K clamp binds: eid 1003 demanded 5247 clamped 4096
[kinematics-ws] K clamp binds: eid 1001 demanded 21873 clamped 4096
[kinematics-ws] K clamp binds: eid 1014 demanded 9550 clamped 4096
[kinematics-ws] K clamp binds: eid 1013 demanded 19460 clamped 4096
[kinematics-ws] K clamp binds: eid 1015 demanded 4680 clamped 4096
[kinematics-ws] K clamp binds: eid 1002 demanded 10719 clamped 4096
[kinematics-ws] K clamp binds: eid 1001 demanded 21874 clamped 4096
[kinematics-ws] K clamp binds: eid 1003 demanded 5247 clamped 4096
[kinematics-ws] K clamp binds: eid 1013 demanded 19460 clamped 4096
[kinematics-ws] K clamp binds: eid 1014 demanded 9553 clamped 4096
[kinematics-ws] K clamp binds: eid 1015 demanded 4681 clamped 4096
[kinematics-ws] K clamp binds: eid 1002 demanded 10721 clamped 4096
[kinematics-ws] K clamp binds: eid 1014 demanded 9546 clamped 4096
[kinematics-ws] K clamp binds: eid 1003 demanded 5251 clamped 4096
[kinematics-ws] K clamp binds: eid 1015 demanded 4682 clamped 4096
[kinematics-ws] K clamp binds: eid 1013 demanded 19466 clamped 4096
[kinematics-ws] K clamp binds: eid 1001 demanded 21876 clamped 4096
[kinematics-ws] K clamp binds: eid 1002 demanded 10718 clamped 4096
[kinematics-ws] K clamp binds: eid 1003 demanded 5248 clamped 4096
[kinematics-ws] K clamp binds: eid 1013 demanded 19472 clamped 4096
[kinematics-ws] K clamp binds: eid 1002 demanded 10717 clamped 4096
[kinematics-ws] K clamp binds: eid 1015 demanded 4683 clamped 4096
[kinematics-ws] K clamp binds: eid 1001 demanded 21877 clamped 4096
[kinematics-ws] K clamp binds: eid 1014 demanded 9535 clamped 4096
[kinematics-ws] K clamp binds: eid 1001 demanded 21870 clamped 4096
[kinematics-ws] K clamp binds: eid 1002 demanded 10719 clamped 4096
[kinematics-ws] K clamp binds: eid 1003 demanded 5250 clamped 4096
[kinematics-ws] K clamp binds: eid 1014 demanded 9541 clamped 4096
[kinematics-ws] K clamp binds: eid 1015 demanded 4684 clamped 4096
[kinematics-ws] K clamp binds: eid 1013 demanded 19466 clamped 4096
[kinematics-ws] K clamp binds: eid [kinematics-ws] K clamp binds: eid 1015 1014 demanded demanded 46849561 clamped 4096
[kinematics-ws] K clamp binds: eid 1001 demanded 21859 clamped 4096
[kinematics-ws] K clamp binds: eid 1013 demanded 19466 clamped 4096
 clamped 4096
[kinematics-ws] K clamp binds: eid 1003 demanded 5253 clamped 4096
[kinematics-ws] K clamp binds: eid 1002 demanded 10723 clamped 4096
[kinematics-ws] K clamp binds: eid 1015 demanded 4685 clamped 4096
[kinematics-ws] K clamp binds: eid 1014 demanded 9531 clamped 4096
[kinematics-ws] K clamp binds: eid 1013 demanded 19478 clamped 4096
[kinematics-ws] K clamp binds: eid 1001 demanded 21864 clamped 4096
[kinematics-ws] K clamp binds: eid 1003 demanded 5250 clamped 4096
[kinematics-ws] K clamp binds: eid 1002 demanded 10727 clamped 4096
[kinematics-ws] K clamp binds: eid 1013 demanded 19475 clamped 4096
[kinematics-ws] K clamp binds: eid 1003 demanded 5251 clamped 4096
[kinematics-ws] K clamp binds: eid[kinematics-ws] K clamp binds: eid  1001 demanded 21873 clamped 40961014
 demanded 9556 clamped 4096
[kinematics-ws] K clamp binds: eid 1002 demanded 10729 clamped 4096
[kinematics-ws] K clamp binds: eid 1015 demanded 4685 clamped 4096
[kinematics-ws] K clamp binds: eid 1003 demanded 5255 clamped 4096
[kinematics-ws] K clamp binds: eid 1001 demanded 21857 clamped 4096
[kinematics-ws] K clamp binds: eid 1002 demanded 10730 clamped 4096
[kinematics-ws] K clamp binds: eid 1015 demanded 4685 clamped 4096
[kinematics-ws] K clamp binds: eid 1014 demanded 9532 clamped 4096
[kinematics-ws] K clamp binds: eid 1013 demanded 19485 clamped 4096
[kinematics-ws] K clamp binds: eid 1003 demanded 5254 clamped 4096
[kinematics-ws] K clamp binds: eid 1015 demanded 4689 clamped 4096
[kinematics-ws] K clamp binds: eid 1002 demanded 10731 clamped 4096
[kinematics-ws] K clamp binds: eid 1001 demanded 21868 clamped 4096
[kinematics-ws] K clamp binds: eid 1014 demanded 9563 clamped 4096
[kinematics-ws] K clamp binds: eid 1013 demanded 19495 clamped 4096
[kinematics-ws] K clamp binds: eid 1015 demanded 4692 clamped 4096
[kinematics-ws] K clamp binds: eid 1003 demanded 5252 clamped 4096
[kinematics-ws] K clamp binds: eid 1014 demanded 9563 clamped 4096
[kinematics-ws] K clamp binds: eid 1013 demanded 19487 clamped 4096
[kinematics-ws] K clamp binds: eid 1002 demanded 10731 clamped 4096
[kinematics-ws] K clamp binds: eid 1001 demanded 21860 clamped 4096
[kinematics-ws] K clamp binds: eid 1003 demanded 5256 clamped 4096
[kinematics-ws] K clamp binds: eid 1001 demanded 21869 clamped 4096
[kinematics-ws] K clamp binds: eid 1015 demanded 4689 clamped 4096
[kinematics-ws] K clamp binds: eid 1013 demanded 19481 clamped 4096
[kinematics-ws] K clamp binds: eid 1014 demanded 9552 clamped 4096
[kinematics-ws] K clamp binds: eid 1002 demanded 10730 clamped 4096
[kinematics-ws] K clamp binds: eid 1002 demanded 10729 clamped 4096
[kinematics-ws] K clamp binds: eid 1001 demanded 21859 clamped 4096
[kinematics-ws] K clamp binds: eid 1013 demanded 19490 clamped 4096
[kinematics-ws] K clamp binds: eid 1003 demanded 5259 clamped 4096
[kinematics-ws] K clamp binds: eid 1014 demanded 9550 clamped 4096
[kinematics-ws] K clamp binds: eid 1015 demanded 4681 clamped 4096
[kinematics-ws] K clamp binds: eid 1001 demanded 21877 clamped 4096
[kinematics-ws] K clamp binds: eid 1003 demanded 5258 clamped 4096
[kinematics-ws] K clamp binds: eid 1002 demanded 10727 clamped 4096
[kinematics-ws] K clamp binds: eid 1015 demanded 4684 clamped 4096
[kinematics-ws] K clamp binds: eid 1014 demanded 9551 clamped 4096
[kinematics-ws] K clamp binds: eid 1013 demanded 19489 clamped 4096
[kinematics-ws] K clamp binds: eid 1001 demanded 21870 clamped 4096
[kinematics-ws] K clamp binds: eid 1002 demanded 10725 clamped 4096
[kinematics-ws] K clamp binds: eid 1015 demanded 4688 clamped 4096
[kinematics-ws] K clamp binds: eid 1013 demanded 19512 clamped 4096
[kinematics-ws] K clamp binds: eid 1003 demanded 5256 clamped 4096
[kinematics-ws] K clamp binds: eid 1014 demanded 9554 clamped 4096
[kinematics-ws] K clamp binds: eid 1001 demanded 21867 clamped 4096
[kinematics-ws] K clamp binds: eid [kinematics-ws] K clamp binds: eid1003  demanded 1013 5257 demanded 19508 clamped 4096
[kinematics-ws] K clamp binds: eid 1015 demanded 4679 clamped 4096
clamped 4096
[kinematics-ws] K clamp binds: eid 1002 demanded 10725 clamped 4096
[kinematics-ws] K clamp binds: eid 1014 demanded 9565 clamped 4096
[kinematics-ws] K clamp binds: eid 1001 demanded 21879 clamped 4096
[kinematics-ws] K clamp binds: eid 1013 demanded 19519 clamped 4096
[kinematics-ws] K clamp binds: eid 1014 demanded 9584 clamped 4096
[kinematics-ws] K clamp binds: eid 1015 demanded 4687 clamped 4096
[kinematics-ws] K clamp binds: eid 1003 demanded 5261 clamped 4096
[kinematics-ws] K clamp binds: eid 1002 demanded 10727 clamped 4096
[kinematics-ws] K clamp binds: eid 1014 demanded 9565 clamped 4096
[kinematics-ws] K clamp binds: eid 1003 demanded 5263 clamped 4096
[kinematics-ws] K clamp binds: eid 1013 demanded 19500 clamped 4096
[kinematics-ws] K clamp binds: eid 1001 demanded 21889 clamped 4096
[kinematics-ws] K clamp binds: eid 1015 demanded 4681 clamped 4096
[kinematics-ws] K clamp binds: eid 1002 demanded 10731 clamped 4096
[kinematics-ws] K clamp binds: eid 1014 demanded 9553 clamped 4096
[kinematics-ws] K clamp binds: eid 1003 demanded 5263 clamped 4096
[kinematics-ws] K clamp binds: eid 1013 demanded 19504 clamped 4096
[kinematics-ws] K clamp binds: eid 1001 demanded 21892 clamped 4096
[kinematics-ws] K clamp binds: eid 1015 demanded 4686 clamped 4096
[kinematics-ws] K clamp binds: eid 1002 demanded 10730 clamped 4096
[kinematics-ws] K clamp binds: eid 1013 demanded 19511 clamped 4096
[kinematics-ws] K clamp binds: eid 1014 demanded 9577 clamped 4096
[kinematics-ws] K clamp binds: eid 1002 demanded 10724 clamped 4096
[kinematics-ws] K clamp binds: eid 1003 demanded 5261 clamped 4096
[kinematics-ws] K clamp binds: eid 1015 demanded 4681 clamped 4096
[kinematics-ws] K clamp binds: eid 1001 demanded 21892 clamped 4096
[kinematics-ws] K clamp binds: eid[kinematics-ws] K clamp binds: eid  10141013  demanded demanded 9558 clamped 19548 clamped 40964096

[kinematics-ws] K clamp binds: eid 1003 demanded 5260 clamped 4096
[kinematics-ws] K clamp binds: eid 1015 demanded 4691 clamped 4096
[kinematics-ws] K clamp binds: eid 1001 demanded 21892 clamped 4096
[kinematics-ws] K clamp binds: eid 1002 demanded 10722 clamped 4096
[kinematics-ws] K clamp binds: eid 1015 demanded 4684 clamped 4096
[kinematics-ws] K clamp binds: eid 1014 demanded 9562 clamped 4096
[kinematics-ws] K clamp binds: eid 1013 demanded 19511 clamped 4096
[kinematics-ws] K clamp binds: eid 1003 demanded 5261 clamped 4096
[kinematics-ws] K clamp binds: eid 1001 demanded 21893 clamped 4096
[kinematics-ws] K clamp binds: eid 1002 demanded 10728 clamped 4096
[kinematics-ws] K clamp binds: eid 1002 demanded 10726 clamped 4096
[kinematics-ws] K clamp binds: eid 1015 demanded 4691 clamped 4096
[kinematics-ws] K clamp binds: eid 1001 demanded 21894 clamped 4096
[kinematics-ws] K clamp binds: eid 1014 demanded 9592 clamped 4096
[kinematics-ws] K clamp binds: eid 1013 demanded 19554 clamped 4096
[kinematics-ws] K clamp binds: eid 1003 demanded 5263 clamped 4096
[kinematics-ws] K clamp binds: eid 1001 demanded 21892 clamped 4096
[kinematics-ws] K clamp binds: eid 1003 demanded 5265 clamped 4096
[kinematics-ws] K clamp binds: eid 1002 demanded 10720 clamped 4096
[kinematics-ws] K clamp binds: eid 1014 demanded 9591 clamped 4096
[kinematics-ws] K clamp binds: eid 1015 demanded 4698 clamped 4096
[kinematics-ws] K clamp binds: eid 1013 demanded 19536 clamped 4096
[kinematics-ws] K clamp binds: eid 1001 demanded 21886 clamped 4096
[kinematics-ws] K clamp binds: eid 1003 demanded 5266 clamped 4096
[kinematics-ws] K clamp binds: eid 1013 demanded 19534 clamped 4096
[kinematics-ws] K clamp binds: eid 1015 demanded 4694 clamped 4096
[kinematics-ws] K clamp binds: eid 1014 demanded 9583 clamped 4096
[kinematics-ws] K clamp binds: eid 1002 demanded 10726 clamped 4096
[kinematics-ws] K clamp binds: eid 1001 demanded 21882 clamped 4096
[kinematics-ws] K clamp binds: eid 1014 demanded 9582 clamped 4096
[kinematics-ws] K clamp binds: eid 1002 demanded 10724 clamped 4096
[kinematics-ws] K clamp binds: eid 1003 demanded 5268 clamped 4096
[kinematics-ws] K clamp binds: eid 1015 demanded 4693 clamped 4096
[kinematics-ws] K clamp binds: eid 1013 demanded 19552 clamped 4096
[kinematics-ws] K clamp binds: eid 1002 demanded 10720 clamped 4096
[kinematics-ws] K clamp binds: eid 1001 demanded 21887 clamped 4096
[kinematics-ws] K clamp binds: eid 1003 demanded 5268 clamped 4096
[kinematics-ws] K clamp binds: eid 1015 demanded 4699 clamped 4096
[kinematics-ws] K clamp binds: eid 1013 demanded 19570 clamped 4096
[kinematics-ws] K clamp binds: eid 1014 demanded 9588 clamped 4096
[kinematics-ws] K clamp binds: eid 1003 demanded 5269 clamped 4096
[kinematics-ws] K clamp binds: eid 1015 demanded 4705 clamped 4096
[kinematics-ws] K clamp binds: eid 1001 demanded 21887 clamped 4096
[kinematics-ws] K clamp binds: eid 1002 demanded 10726 clamped 4096
[kinematics-ws] K clamp binds: eid 1014 demanded 9600 clamped 4096
[kinematics-ws] K clamp binds: eid 1013 demanded 19520 clamped 4096
[kinematics-ws] K clamp binds: eid 1001 demanded 21879 clamped 4096
[kinematics-ws] K clamp binds: eid 1002 demanded 10719 clamped 4096
[kinematics-ws] K clamp binds: eid 1014 demanded 9602 clamped 4096
[kinematics-ws] K clamp binds: eid 1013 demanded 19569 clamped 4096
[kinematics-ws] K clamp binds: eid 1015 demanded 4709 clamped 4096
[kinematics-ws] K clamp binds: eid 1003 demanded 5269 clamped 4096
[kinematics-ws] K clamp binds: eid 1015 demanded 4711 clamped 4096
[kinematics-ws] K clamp binds: eid 1001 demanded 21888 clamped 4096
[kinematics-ws] K clamp binds: eid 1014 demanded 9574 clamped 4096[kinematics-ws] K clamp binds: eid
 1003 demanded 5269 clamped 4096
[kinematics-ws] K clamp binds: eid 1002 demanded 10727 clamped 4096
[kinematics-ws] K clamp binds: eid 1013 demanded 19578 clamped 4096
[kinematics-ws] K clamp binds: eid 1003 demanded 5269 clamped 4096
[kinematics-ws] K clamp binds: eid 1014 demanded 9585 clamped 4096
[kinematics-ws] K clamp binds: eid 1002 demanded 10720 clamped 4096
[kinematics-ws] K clamp binds: eid 1001 demanded 21879 clamped 4096
[kinematics-ws] K clamp binds: eid 1013 demanded 19580 clamped 4096
[kinematics-ws] K clamp binds: eid 1015 demanded 4712 clamped 4096
[kinematics-ws] K clamp binds: eid 1001 demanded 21890 clamped 4096
[kinematics-ws] K clamp binds: eid 1003 demanded 5269 clamped 4096
[kinematics-ws] K clamp binds: eid 1013 demanded 19589 clamped 4096
[kinematics-ws] K clamp binds: eid 1015 demanded 4711 clamped 4096
[kinematics-ws] K clamp binds: eid 1014 demanded 9587 clamped 4096
[kinematics-ws] K clamp binds: eid 1002 demanded 10728 clamped 4096
[kinematics-ws] K clamp binds: eid 1001 demanded 21882 clamped 4096
[kinematics-ws] K clamp binds: eid 1013 demanded 19567 clamped 4096
[kinematics-ws] K clamp binds: eid 1015 demanded 4710 clamped 4096
[kinematics-ws] K clamp binds: eid 1003 demanded 5269 clamped 4096
[kinematics-ws] K clamp binds: eid 1002 demanded 10721 clamped 4096
[kinematics-ws] K clamp binds: eid 1014 demanded 9586 clamped 4096
[kinematics-ws] K clamp binds: eid[kinematics-ws] K clamp binds: eid  10011015 demanded 21890 clamped  demanded 4707 clamped 40964096

[kinematics-ws] K clamp binds: eid 1003 demanded 5269 clamped 4096
[kinematics-ws] K clamp binds: eid 1014 demanded 9577 clamped 4096
[kinematics-ws] K clamp binds: eid 1013 demanded 19560 clamped 4096
[kinematics-ws] K clamp binds: eid 1002 demanded 10729 clamped 4096
[kinematics-ws] K clamp binds: eid 1002 demanded 10726 clamped 4096
[kinematics-ws] K clamp binds: eid 1001 demanded 21896 clamped 4096
[kinematics-ws] K clamp binds: eid 1003 demanded 5269 clamped 4096
[kinematics-ws] K clamp binds: eid 1014 demanded 9607 clamped 4096
[kinematics-ws] K clamp binds: eid 1015 demanded 4704 clamped 4096
[kinematics-ws] K clamp binds: eid 1013 demanded 19561 clamped 4096
[kinematics-ws] K clamp binds: eid 1001 demanded 21892 clamped 4096
[kinematics-ws] K clamp binds: eid 1002 demanded 10726 clamped 4096
[kinematics-ws] K clamp binds: eid 1014 demanded 9611 clamped 4096
[kinematics-ws] K clamp binds: eid 1003 demanded 5269 clamped 4096
[kinematics-ws] K clamp binds: eid 1015 demanded 4706 clamped 4096
[kinematics-ws] K clamp binds: eid 1013 demanded 19594 clamped 4096
[kinematics-ws] K clamp binds: eid 1014 demanded 9604 clamped 4096
[kinematics-ws] K clamp binds: eid 1001 demanded 21894 clamped 4096
[kinematics-ws] K clamp binds: eid 1015 demanded 4710 clamped 4096
[kinematics-ws] K clamp binds: eid 1003 demanded 5269 clamped 4096
[kinematics-ws] K clamp binds: eid 1002 demanded 10733 clamped 4096
[kinematics-ws] K clamp binds: eid 1013 demanded 19603 clamped 4096
[kinematics-ws] K clamp binds: eid 1001 demanded 21901 clamped 4096
[kinematics-ws] K clamp binds: eid 1002 demanded 10729 clamped 4096
[kinematics-ws] K clamp binds: eid 1003 demanded 5269 clamped 4096
[kinematics-ws] K clamp binds: eid 1015 demanded 4707 clamped 4096
[kinematics-ws] K clamp binds: eid 1013 demanded 19591 clamped 4096
[kinematics-ws] K clamp binds: eid 1014 demanded 9602 clamped 4096
[kinematics-ws] K clamp binds: eid 1013 demanded 19570 clamped 4096
[kinematics-ws] K clamp binds: eid 1001 demanded 21907 clamped 4096
[kinematics-ws] K clamp binds: eid 1014 demanded 9606 clamped 4096
[kinematics-ws] K clamp binds: eid 1015 demanded 4700 clamped 4096
[kinematics-ws] K clamp binds: eid 1003 demanded 5269 clamped 4096
[kinematics-ws] K clamp binds: eid 1002 demanded 10730 clamped 4096
[kinematics-ws] K clamp binds: eid 1001 demanded 21910 clamped 4096
[kinematics-ws] K clamp binds: eid 1014 demanded 9616 clamped 4096
[kinematics-ws] K clamp binds: eid 1002 demanded 10737 clamped 4096
[kinematics-ws] K clamp binds: eid 1013 demanded 19602 clamped 4096
[kinematics-ws] K clamp binds: eid 1003 demanded 5268 clamped 4096
[kinematics-ws] K clamp binds: eid 1015 demanded 4706 clamped 4096
[kinematics-ws] K clamp binds: eid 1014 demanded 9622 clamped 4096
[kinematics-ws] K clamp binds: eid 1015 demanded 4704 clamped 4096
[kinematics-ws] K clamp binds: eid 1013 demanded 19577 clamped 4096
[kinematics-ws] K clamp binds: eid 1001 demanded 21911 clamped 4096
[kinematics-ws] K clamp binds: eid 1003 demanded 5268 clamped 4096
[kinematics-ws] K clamp binds: eid 1002 demanded 10737 clamped 4096
[kinematics-ws] K clamp binds: eid 1015 demanded 4701 clamped 4096
[kinematics-ws] K clamp binds: eid 1002 demanded 10734 clamped 4096
[kinematics-ws] K clamp binds: eid 1013 demanded 19586 clamped 4096
[kinematics-ws] K clamp binds: eid 1014 demanded 9601 clamped 4096
[kinematics-ws] K clamp binds: eid 1003 demanded 5268 clamped 4096
[kinematics-ws] K clamp binds: eid 1001 demanded 21911 clamped 4096
[kinematics-ws] K clamp binds: eid 1001 demanded 21908 clamped 4096
[kinematics-ws] K clamp binds: eid 1002 demanded 10736 clamped 4096
[kinematics-ws] K clamp binds: eid 1014 demanded 9597 clamped [kinematics-ws] K clamp binds: eid[kinematics-ws] K clamp binds: eid  409610131003  demanded
 19596 clamped 4096demanded 5268 clamped 4096

[kinematics-ws] K clamp binds: eid 1015 demanded 4706 clamped 4096
[kinematics-ws] K clamp binds: eid 1014 demanded 9615 clamped 4096
[kinematics-ws] K clamp binds: eid 1015 demanded 4701 clamped 4096
[kinematics-ws] K clamp binds: eid 1001 demanded 21905 clamped 4096
[kinematics-ws] K clamp binds: eid 1002 demanded 10741 clamped 4096
[kinematics-ws] K clamp binds: eid 1003 demanded 5268 clamped 4096
[kinematics-ws] K clamp binds: eid 1013 demanded 19588 clamped 4096
[kinematics-ws] K clamp binds: eid 1002 demanded 10745 clamped 4096
[kinematics-ws] K clamp binds: eid 1003 demanded 5269 clamped 4096
[kinematics-ws] K clamp binds: eid 1001 demanded 21904 clamped 4096
[kinematics-ws] K clamp binds: eid 1015 demanded 4707 clamped 4096
[kinematics-ws] K clamp binds: eid 1014 demanded 9594 clamped 4096
[kinematics-ws] K clamp binds: eid 1013 demanded 19608 clamped 4096
[kinematics-ws] K clamp binds: eid 1001 demanded 21909 clamped 4096
[kinematics-ws] K clamp binds: eid 1014 demanded 9609 clamped 4096
[kinematics-ws] K clamp binds: eid 1003 demanded 5268 clamped 4096
[kinematics-ws] K clamp binds: eid 1015 demanded 4707 clamped 4096
[kinematics-ws] K clamp binds: eid 1002 demanded 10746 clamped 4096
[kinematics-ws] K clamp binds: eid 1013 demanded 19609 clamped 4096
[kinematics-ws] K clamp binds: eid 1001 demanded 21909 clamped 4096
[kinematics-ws] K clamp binds: eid 1002 demanded 10745 clamped 4096
[kinematics-ws] K clamp binds: eid 1014 demanded 9624 clamped 4096
[kinematics-ws] K clamp binds: eid 1013 demanded 19620 clamped 4096
[kinematics-ws] K clamp binds: eid 1003 demanded 5267 clamped 4096
[kinematics-ws] K clamp binds: eid 1015 demanded 4706 clamped 4096
[kinematics-ws] K clamp binds: eid 1003 demanded 5266 clamped 4096
[kinematics-ws] K clamp binds: eid 1013 demanded 19602 clamped 4096
[kinematics-ws] K clamp binds: eid 1014 demanded 9612 clamped 4096
[kinematics-ws] K clamp binds: eid 1002 demanded 10744 clamped 4096
[kinematics-ws] K clamp binds: eid 1015 demanded 4715 clamped 4096
[kinematics-ws] K clamp binds: eid 1001 demanded 21900 clamped 4096
[kinematics-ws] K clamp binds: eid 1001 demanded 21905 clamped 4096
[kinematics-ws] K clamp binds: eid [kinematics-ws] K clamp binds: eid1003  demanded 5266 clamped 1014 demanded 9608 clamped4096[kinematics-ws] K clamp binds: eid  
1013 demanded4096 [kinematics-ws] K clamp binds: eid 1015 demanded 4713 clamped 4096
[kinematics-ws] K clamp binds: eid 1002 demanded 10744 clamped 4096
19605 clamped 4096

[kinematics-ws] K clamp binds: eid [kinematics-ws] K clamp binds: eid1003 demanded  5267 clamped 1013 demanded 196154096 clamped 4096

[kinematics-ws] K clamp binds: eid 1001 demanded 21904 clamped 4096
[kinematics-ws] K clamp binds: eid 1014 demanded 9612 clamped 4096
[kinematics-ws] K clamp binds: eid 1015 demanded 4712 clamped 4096
[kinematics-ws] K clamp binds: eid 1002 demanded 10744 clamped 4096
[kinematics-ws] K clamp binds: eid 1001 demanded 21903 clamped 4096
[kinematics-ws] K clamp binds: eid 1014 demanded 9613 clamped 4096
[kinematics-ws] K clamp binds: eid 1013 demanded 19648 clamped 4096
[kinematics-ws] K clamp binds: eid 1003 demanded 5267 clamped 4096
[kinematics-ws] K clamp binds: eid 1002 demanded 10744 clamped 4096
[kinematics-ws] K clamp binds: eid 1015 demanded 4718 clamped 4096
[kinematics-ws] K clamp binds: eid 1001 demanded 21905 clamped 4096
[kinematics-ws] K clamp binds: eid 1002 demanded 10744 clamped 4096
[kinematics-ws] K clamp binds: eid 1013 demanded 19607 clamped 4096
[kinematics-ws] K clamp binds: eid 1015 demanded 4724 clamped 4096
[kinematics-ws] K clamp binds: eid 1014 demanded 9613 clamped 4096
[kinematics-ws] K clamp binds: eid 1003 demanded 5266 clamped 4096
[kinematics-ws] K clamp binds: eid 1013 demanded 19654 clamped 4096
[kinematics-ws] K clamp binds: eid 1001 demanded 21908 clamped 4096
[kinematics-ws] K clamp binds: eid 1015 demanded 4727 clamped 4096
[kinematics-ws] K clamp binds: eid 1003 demanded 5265 clamped 4096
[kinematics-ws] K clamp binds: eid 1014 demanded 9624 clamped 4096
[kinematics-ws] K clamp binds: eid 1002 demanded 10745 clamped 4096
[kinematics-ws] K clamp binds: eid 1013 demanded 19638 clamped 4096
[kinematics-ws] K clamp binds: eid 1003 demanded 5266 clamped 4096
[kinematics-ws] K clamp binds: eid 1015 demanded 4727 clamped 4096
[kinematics-ws] K clamp binds: eid 1002 demanded 10746 clamped 4096
[kinematics-ws] K clamp binds: eid 1001 demanded 21904 clamped 4096
[kinematics-ws] K clamp binds: eid 1014 demanded 9645 clamped 4096
[kinematics-ws] K clamp binds: eid 1001 demanded 21915 clamped 4096
[kinematics-ws] K clamp binds: eid 1003 demanded 5266 clamped 4096
[kinematics-ws] K clamp binds: eid 1014 demanded 9618 clamped 4096
[kinematics-ws] K clamp binds: eid [kinematics-ws] K clamp binds: eid 1013 1002demanded 19636 clamped 4096
 demanded 10748 clamped [kinematics-ws] K clamp binds: eid 1015 demanded 4727 clamped 4096
4096
[kinematics-ws] K clamp binds: eid 1014 demanded 9620 clamped 4096
[kinematics-ws] K clamp binds: eid 1015 demanded 4727 clamped 4096
[kinematics-ws] K clamp binds: eid 1001 demanded 21917 clamped 4096
[kinematics-ws] K clamp binds: eid 1002 demanded 10751 clamped 4096
[kinematics-ws] K clamp binds: eid 1013 demanded 19652 clamped 4096
[kinematics-ws] K clamp binds: eid 1003 demanded 5265 clamped 4096
[kinematics-ws] K clamp binds: eid 1014 demanded 9627 clamped 4096
[kinematics-ws] K clamp binds: eid 1015 demanded 4728 clamped 4096
[kinematics-ws] K clamp binds: eid 1002 demanded 10753 clamped 4096
[kinematics-ws] K clamp binds: eid 1003 demanded 5264 clamped 4096
[kinematics-ws] K clamp binds: eid 1001 demanded 21914 clamped 4096
[kinematics-ws] K clamp binds: eid 1013 demanded 19669 clamped 4096
[kinematics-ws] K clamp binds: eid 1001 demanded 21916 clamped 4096
[kinematics-ws] K clamp binds: eid 1002 demanded 10751 clamped 4096
[kinematics-ws] K clamp binds: eid 1013 demanded 19622 clamped 4096
[kinematics-ws] K clamp binds: eid [kinematics-ws] K clamp binds: eid1015  1003demanded  demanded 4729 5265clamped  clamped 40964096

[kinematics-ws] K clamp binds: eid 1014 demanded 9633 clamped 4096
[kinematics-ws] K clamp binds: eid 1002 demanded 10746 clamped 4096
[kinematics-ws] K clamp binds: eid 1003 demanded 5264 [kinematics-ws] K clamp binds: eid clamped 1015 demanded 4730 4096clamped 4096

[kinematics-ws] K clamp binds: eid 1013 demanded 19669 clamped 4096
[kinematics-ws] K clamp binds: eid 1001 demanded 21922 clamped 4096
[kinematics-ws] K clamp binds: eid 1014 demanded 9613 clamped 4096
[kinematics-ws] K clamp binds: eid [kinematics-ws] K clamp binds: eid1003 demanded 5263  clamped 1013 demanded 19670 clamped 40964096

[kinematics-ws] K clamp binds: eid 1002 demanded 10742 clamped 4096
[kinematics-ws] K clamp binds: eid 1014 demanded 9642 clamped 4096
[kinematics-ws] K clamp binds: eid 1001 demanded 21926 clamped 4096
[kinematics-ws] K clamp binds: eid 1015 demanded 4731 clamped 4096
[kinematics-ws] K clamp binds: eid 1015 demanded 4729 clamped 4096
[kinematics-ws] K clamp binds: eid 1001 demanded 21928 clamped 4096
[kinematics-ws] K clamp binds: eid 1003 demanded 5264 clamped 4096
[kinematics-ws] K clamp binds: eid 1014 demanded 9658 clamped 4096
[kinematics-ws] K clamp binds: eid 1013 demanded 19668 clamped 4096
[kinematics-ws] K clamp binds: eid 1002 demanded 10746 clamped 4096
[kinematics-ws] K clamp binds: eid 1001 demanded 21928 clamped 4096
[kinematics-ws] K clamp binds: eid 1002 demanded 10751 clamped 4096
[kinematics-ws] K clamp binds: eid 1003 demanded 5264 clamped 4096
[kinematics-ws] K clamp binds: eid 1013 demanded 19680 clamped 4096
[kinematics-ws] K clamp binds: eid 1015 demanded 4725 clamped 4096
[kinematics-ws] K clamp binds: eid 1014 demanded 9660 clamped 4096
[kinematics-ws] K clamp binds: eid 1001 demanded 21925 clamped 4096
[kinematics-ws] K clamp binds: eid 1003 demanded 5263 clamped 4096
[kinematics-ws] K clamp binds: eid [kinematics-ws] K clamp binds: eid1013 demanded 1015 demanded 4724 clamped  196804096
 clamped 4096
[kinematics-ws] K clamp binds: eid 1002 demanded 10745 clamped 4096
[kinematics-ws] K clamp binds: eid 1014 demanded 9661 clamped 4096
[kinematics-ws] K clamp binds: eid 1001 demanded 21922 clamped 4096
[kinematics-ws] K clamp binds: eid 1015 demanded 4727 clamped 4096
[kinematics-ws] K clamp binds: eid 1002 demanded 10740 clamped 4096
[kinematics-ws] K clamp binds: eid 1014 demanded 9663 clamped 4096
[kinematics-ws] K clamp binds: eid 1013 demanded 19648 clamped 4096
[kinematics-ws] K clamp binds: eid 1003 demanded 5264 clamped 4096
[kinematics-ws] K clamp binds: eid 1003 demanded 5263 clamped 4096
[kinematics-ws] K clamp binds: eid 1015 demanded 4724 clamped 4096
[kinematics-ws] K clamp binds: eid 1014 demanded 9658 clamped 4096
[kinematics-ws] K clamp binds: eid 1002 demanded 10748 clamped 4096
[kinematics-ws] K clamp binds: eid 1001 demanded 21924 clamped 4096
[kinematics-ws] K clamp binds: eid 1013 demanded 19680 clamped 4096
[kinematics-ws] K clamp binds: eid 1003 [kinematics-ws] K clamp binds: eiddemanded 5263 clamped 1002  4096demanded 10744 clamped 
4096[kinematics-ws] K clamp binds: eid 1015 demanded 4722 clamped 4096

[kinematics-ws] K clamp binds: eid 1014 demanded 9640 clamped 4096
[kinematics-ws] K clamp binds: eid 1001 demanded 21931 clamped 4096
[kinematics-ws] K clamp binds: eid 1013 demanded 19689 clamped 4096
[kinematics-ws] K clamp binds: eid 1014 demanded 9639 clamped 4096
[kinematics-ws] K clamp binds: eid 1001 demanded 21931 clamped 4096
[kinematics-ws] K clamp binds: eid 1015 demanded 4725 clamped 4096
[kinematics-ws] K clamp binds: eid 1003 demanded 5263 clamped 4096
[kinematics-ws] K clamp binds: eid 1002 demanded 10740 clamped 4096
[kinematics-ws] K clamp binds: eid 1013 demanded 19691 clamped 4096
[kinematics-ws] K clamp binds: eid 1001 demanded 21919 clamped 4096
[kinematics-ws] K clamp binds: eid 1002 demanded 10748 clamped 4096
[kinematics-ws] K clamp binds: eid 1003 demanded 5262 clamped 4096
[kinematics-ws] K clamp binds: eid 1014 demanded 9656 clamped 4096
[kinematics-ws] K clamp binds: eid 1015 demanded 4721 clamped 4096
[kinematics-ws] K clamp binds: eid 1013 demanded 19698 clamped 4096
[kinematics-ws] K clamp binds: eid 1003 demanded 5264 clamped 4096
[kinematics-ws] K clamp binds: eid 1015 demanded 4726 clamped 4096
[kinematics-ws] K clamp binds: eid 1001 demanded 21925 clamped 4096
[kinematics-ws] K clamp binds: eid 1014 demanded 9631 clamped 4096
[kinematics-ws] K clamp binds: eid 1002 demanded 10739 clamped 4096
[kinematics-ws] K clamp binds: eid 1013 demanded 19697 clamped 4096
[kinematics-ws] K clamp binds: eid 1001 demanded 21926 clamped 4096
[kinematics-ws] K clamp binds: eid 1015 demanded 4722 clamped 4096
[kinematics-ws] K clamp binds: eid 1003 demanded 5262 clamped 4096
[kinematics-ws] K clamp binds: eid 1014 demanded 9658 clamped 4096
[kinematics-ws] K clamp binds: eid 1002 demanded 10746 clamped 4096
[kinematics-ws] K clamp binds: eid 1013 demanded 19674 clamped 4096
[kinematics-ws] K clamp binds: eid 1002 demanded 10741 clamped 4096
[kinematics-ws] K clamp binds: eid 1003 demanded 5263 clamped 4096
[kinematics-ws] K clamp binds: eid 1015 demanded 4727 clamped 4096
[kinematics-ws] K clamp binds: eid 1001 demanded 21919 clamped 4096
[kinematics-ws] K clamp binds: eid 1014 demanded 9646 clamped 4096
[kinematics-ws] K clamp binds: eid 1013 demanded 19693 clamped 4096
[kinematics-ws] K clamp binds: eid 1001 demanded 21928 clamped 4096
[kinematics-ws] K clamp binds: eid 1002 demanded 10745 clamped 4096
[kinematics-ws] K clamp binds: eid 1014 demanded 9644 clamped 4096
[kinematics-ws] K clamp binds: eid 1015 demanded 4727 clamped 4096
[kinematics-ws] K clamp binds: eid 1003 demanded 5263 clamped 4096
[kinematics-ws] K clamp binds: eid 1013 demanded 19702 clamped 4096
[kinematics-ws] K clamp binds: eid 1001 demanded 21923 clamped 4096
[kinematics-ws] K clamp binds: eid 1003 demanded 5263 clamped 4096
[kinematics-ws] K clamp binds: eid 1015 demanded 4730 clamped 4096
[kinematics-ws] K clamp binds: eid 1014 demanded 9661 clamped 4096
[kinematics-ws] K clamp binds: eid 1002 demanded 10742 clamped 4096
[kinematics-ws] K clamp binds: eid 1013 demanded 19706 clamped 4096
[kinematics-ws] K clamp binds: eid 1003 demanded 5263 clamped 4096
[kinematics-ws] K clamp binds: eid 1001 demanded 21925 clamped 4096
[kinematics-ws] K clamp binds: eid 1014 demanded 9673 clamped 4096
[kinematics-ws] K clamp binds: eid 1015 demanded 4734 clamped 4096
[kinematics-ws] K clamp binds: eid 1002 demanded 10747 clamped 4096
[kinematics-ws] K clamp binds: eid 1013 demanded 19710 clamped 4096
[kinematics-ws] K clamp binds: eid 1001 demanded 21937 clamped 4096
[kinematics-ws] K clamp binds: eid 1015 demanded 4735 clamped 4096
[kinematics-ws] K clamp binds: eid 1003 demanded 5263 clamped 4096
[kinematics-ws] K clamp binds: eid 1014 demanded 9678 clamped 4096
[kinematics-ws] K clamp binds: eid 1002 demanded 10741 clamped 4096
[kinematics-ws] K clamp binds: eid 1013 demanded 19713 clamped 4096
[kinematics-ws] K clamp binds: eid 1001 demanded 21928 clamped 4096
[kinematics-ws] K clamp binds: eid 1003 demanded 5264 clamped 4096
[kinematics-ws] K clamp binds: eid 1015 demanded 4736 clamped 4096
[kinematics-ws] K clamp binds: eid 1014 demanded 9677 clamped 4096
[kinematics-ws] K clamp binds: eid 1002 demanded 10751 clamped 4096
[kinematics-ws] K clamp binds: eid 1013 demanded 19703 clamped 4096
[kinematics-ws] K clamp binds: eid 1001 demanded 21930 clamped 4096
[kinematics-ws] K clamp binds: eid 1015 demanded 4740 clamped 4096
[kinematics-ws] K clamp binds: eid 1003 demanded 5264 clamped 4096
[kinematics-ws] K clamp binds: eid 1014 demanded 9671 clamped 4096
[kinematics-ws] K clamp binds: eid 1002 demanded 10744 clamped 4096
[kinematics-ws] K clamp binds: eid 1013 demanded 19711 clamped 4096
[kinematics-ws] K clamp binds: eid 1015 demanded 4743 clamped 4096
[kinematics-ws] K clamp binds: eid 1002 demanded 10749 clamped 4096
[kinematics-ws] K clamp binds: eid 1003 demanded 5264 clamped 4096
[kinematics-ws] K clamp binds: eid 1014 demanded 9659 clamped 4096
[kinematics-ws] K clamp binds: eid 1001 demanded 21942 clamped 4096
[kinematics-ws] K clamp binds: eid 1013 demanded 19713 clamped 4096
[kinematics-ws] K clamp binds: eid 1014 demanded 9664 clamped 4096
[kinematics-ws] K clamp binds: eid 1015 demanded 4745 clamped 4096
[kinematics-ws] K clamp binds: eid 1003 demanded 5265 clamped 4096
[kinematics-ws] K clamp binds: eid 1002 demanded 10753 clamped 4096
[kinematics-ws] K clamp binds: eid 1001 demanded 21949 clamped 4096
[kinematics-ws] K clamp binds: eid 1013 demanded 19721 clamped 4096
[kinematics-ws] K clamp binds: eid 1001 demanded 21950 clamped 4096
[kinematics-ws] K clamp binds: eid 1014 demanded 9673 clamped 4096
[kinematics-ws] K clamp binds: eid 1002 demanded 10747 clamped 4096
[kinematics-ws] K clamp binds: eid 1015 demanded 4747 clamped 4096
[kinematics-ws] K clamp binds: eid 1003 demanded 5264 clamped 4096
[kinematics-ws] K clamp binds: eid 1013 demanded 19722 clamped 4096
[kinematics-ws] K clamp binds: eid 1015 demanded 4748 clamped 4096
[kinematics-ws] K clamp binds: eid 1001 demanded 21950 clamped 4096
[kinematics-ws] K clamp binds: eid 1014 demanded 9655 clamped 4096
[kinematics-ws] K clamp binds: eid 1002 demanded 10752 clamped 4096
[kinematics-ws] K clamp binds: eid 1003 demanded 5266 clamped 4096
[kinematics-ws] K clamp binds: eid 1013 demanded 19724 clamped 4096
[kinematics-ws] K clamp binds: eid 1002 demanded 10759 clamped 4096
[kinematics-ws] K clamp binds: eid 1015 demanded 4748 clamped 4096
[kinematics-ws] K clamp binds: eid 1014 demanded 9673 clamped 4096
[kinematics-ws] K clamp binds: eid 1001 demanded 21951 clamped 4096
[kinematics-ws] K clamp binds: eid 1003 demanded 5265 clamped 4096
[kinematics-ws] K clamp binds: eid 1013 demanded 19733 clamped 4096
[kinematics-ws] K clamp binds: eid 1014 demanded 9660 clamped 4096
[kinematics-ws] K clamp binds: eid 1001 demanded 21952 clamped 4096
[kinematics-ws] K clamp binds: eid 1015 demanded 4747 clamped 4096
[kinematics-ws] K clamp binds: eid 1002 demanded 10756 clamped 4096
[kinematics-ws] K clamp binds: eid 1003 demanded 5267 clamped 4096
[kinematics-ws] K clamp binds: eid 1013 demanded 19719 clamped 4096
[kinematics-ws] K clamp binds: eid 1001 demanded 21953 clamped 4096
[kinematics-ws] K clamp binds: eid [kinematics-ws] K clamp binds: eid 1003 demanded 5266 clamped 1015 demanded 4747 clamped 40964096

[kinematics-ws] K clamp binds: eid 1014 demanded 9671 clamped 4096
[kinematics-ws] K clamp binds: eid 1002 demanded 10753 clamped 4096
[kinematics-ws] K clamp binds: eid 1013 demanded 19731 clamped 4096
[kinematics-ws] K clamp binds: eid 1001 demanded 21953 clamped 4096
[kinematics-ws] K clamp binds: eid 1014 demanded 9685 clamped 4096
[kinematics-ws] K clamp binds: eid 1015 demanded 4747 clamped 4096
[kinematics-ws] K clamp binds: eid 1002 demanded 10757 clamped 4096
[kinematics-ws] K clamp binds: eid 1003 demanded 5267 clamped 4096
[kinematics-ws] K clamp binds: eid 1013 demanded 19748 clamped 4096
[kinematics-ws] K clamp binds: eid 1014 demanded 9687 clamped 4096
[kinematics-ws] K clamp binds: eid 1015 demanded 4749 clamped 4096
[kinematics-ws] K clamp binds: eid 1001 demanded 21948 clamped 4096
[kinematics-ws] K clamp binds: eid 1002 demanded 10763 clamped 4096
[kinematics-ws] K clamp binds: eid 1003 demanded 5269 clamped 4096
[kinematics-ws] K clamp binds: eid 1013 demanded 19751 clamped 4096
[kinematics-ws] K clamp binds: eid 1001 demanded 21942 clamped 4096
[kinematics-ws] K clamp binds: eid 1014 demanded 9687 clamped 4096
[kinematics-ws] K clamp binds: eid 1003 demanded 5267 clamped 4096
[kinematics-ws] K clamp binds: eid 1015 demanded 4748 clamped 4096
[kinematics-ws] K clamp binds: eid 1002 demanded 10766 clamped 4096
[kinematics-ws] K clamp binds: eid 1013 demanded 19740 clamped 4096
[kinematics-ws] K clamp binds: eid 1001 demanded 21946 clamped 4096
[kinematics-ws] K clamp binds: eid 1014 demanded 9688 clamped 4096
[kinematics-ws] K clamp binds: eid 1015 demanded 4745 clamped 4096
[kinematics-ws] K clamp binds: eid 1002 demanded 10766 clamped 4096
[kinematics-ws] K clamp binds: eid 1003 demanded 5270 clamped 4096
[kinematics-ws] K clamp binds: eid 1013 demanded 19748 clamped 4096
[kinematics-ws] K clamp binds: eid 1003 demanded 5270 clamped 4096
[kinematics-ws] K clamp binds: eid 1002 demanded 10765 clamped 4096
[kinematics-ws] K clamp binds: eid 1001 demanded 21948 clamped 4096
[kinematics-ws] K clamp binds: eid 1015 demanded 4744 clamped 4096
[kinematics-ws] K clamp binds: eid 1014 demanded 9691 clamped 4096
[kinematics-ws] K clamp binds: eid 1013 demanded 19741 clamped 4096
[kinematics-ws] K clamp binds: eid 1015 demanded 4745 clamped 4096
[kinematics-ws] K clamp binds: eid 1014 demanded 9694 clamped 4096
[kinematics-ws] K clamp binds: eid 1002 demanded 10763 clamped 4096
[kinematics-ws] K clamp binds: eid 1001 demanded 21940 clamped 4096
[kinematics-ws] K clamp binds: eid 1003 demanded 5269 clamped 4096
[kinematics-ws] K clamp binds: eid 1013 demanded 19763 clamped 4096
[kinematics-ws] K clamp binds: eid 1001 demanded 21946 clamped 4096
[kinematics-ws] K clamp binds: eid 1014 demanded 9691 clamped 4096
[kinematics-ws] K clamp binds: eid 1003 demanded 5272 clamped 4096
[kinematics-ws] K clamp binds: eid 1002 demanded 10762 clamped 4096
[kinematics-ws] K clamp binds: eid 1015 demanded 4743 clamped 4096
[kinematics-ws] K clamp binds: eid 1013 demanded 19768 clamped 4096
[kinematics-ws] K clamp binds: eid 1001 demanded 21942 clamped 4096
[kinematics-ws] K clamp binds: eid 1002 demanded 10762 clamped 4096
[kinematics-ws] K clamp binds: eid 1014 demanded 9680 clamped 4096
[kinematics-ws] K clamp binds: eid 1015 demanded 4743 clamped 4096
[kinematics-ws] K clamp binds: eid 1003 demanded 5272 clamped 4096
[kinematics-ws] K clamp binds: eid 1013 demanded 19772 clamped 4096
[kinematics-ws] K clamp binds: eid 1003 demanded 5272 clamped 4096
[kinematics-ws] K clamp binds: eid 1015 demanded 4743 clamped 4096
[kinematics-ws] K clamp binds: eid 1001 demanded 21946 clamped 4096
[kinematics-ws] K clamp binds: eid 1014 demanded 9686 clamped 4096
[kinematics-ws] K clamp binds: eid 1002 demanded 10762 clamped 4096
[kinematics-ws] K clamp binds: eid 1013 demanded 19775 clamped 4096
[kinematics-ws] K clamp binds: eid 1014 demanded 9682 clamped 4096
[kinematics-ws] K clamp binds: eid 1003 demanded 5274 clamped 4096
[kinematics-ws] K clamp binds: eid 1001 demanded 21942 clamped 4096
[kinematics-ws] K clamp binds: eid 1002 demanded 10763 clamped 4096
[kinematics-ws] K clamp binds: eid 1013 demanded 19765 clamped 4096
[kinematics-ws] K clamp binds: eid 1015 demanded 4743 clamped 4096
[kinematics-ws] K clamp binds: eid 1001 demanded 21952 clamped 4096
[kinematics-ws] K clamp binds: eid 1015 demanded 4745 clamped 4096
[kinematics-ws] K clamp binds: eid 1002 demanded 10763 clamped 4096
[kinematics-ws] K clamp binds: eid 1014 demanded 9688 clamped 4096
[kinematics-ws] K clamp binds: eid 1013 demanded 19766 clamped 4096
[kinematics-ws] K clamp binds: eid 1003 demanded 5275 clamped 4096
[kinematics-ws] K clamp binds: eid 1013 demanded 19766 clamped 4096
[kinematics-ws] K clamp binds: eid 1015 demanded 4745 clamped 4096
[kinematics-ws] K clamp binds: eid 1001 demanded 21948 clamped 4096
[kinematics-ws] K clamp binds: eid 1002 demanded 10764 clamped 4096
[kinematics-ws] K clamp binds: eid 1003 demanded 5275 clamped 4096
[kinematics-ws] K clamp binds: eid 1014 demanded 9684 clamped 4096
[kinematics-ws] K clamp binds: eid 1014 demanded 9695 clamped 4096
[kinematics-ws] K clamp binds: eid 1002 demanded 10767 clamped 4096
[kinematics-ws] K clamp binds: eid 1015 demanded 4746 clamped [kinematics-ws] K clamp binds: eid4096
[kinematics-ws] K clamp binds: eid 1013 demanded 19783 [kinematics-ws] K clamp binds: eidclamped 4096
  1001 1003 demanded demanded 5275 clamped 219504096 clamped 
4096
[kinematics-ws] K clamp binds: eid 1013 demanded 19788 clamped 4096
[kinematics-ws] K clamp binds: eid 1001 demanded 21960 clamped 4096
[kinematics-ws] K clamp binds: eid 1015 demanded 4750 clamped 4096
[kinematics-ws] K clamp binds: eid 1014 demanded 9703 clamped 4096
[kinematics-ws] K clamp binds: eid 1003 demanded 5277 clamped 4096
[kinematics-ws] K clamp binds: eid 1002 demanded 10770 clamped 4096
[kinematics-ws] K clamp binds: eid 1003 demanded 5279 clamped 4096
[kinematics-ws] K clamp binds: eid 1002 demanded 10774 clamped 4096
[kinematics-ws] K clamp binds: eid 1001 demanded 21963 clamped 4096
[kinematics-ws] K clamp binds: eid 1013 demanded 19781 clamped 4096
[kinematics-ws] K clamp binds: eid 1014 demanded 9706 clamped 4096
[kinematics-ws] K clamp binds: eid 1015 demanded 4750 clamped 4096
[kinematics-ws] K clamp binds: eid 1015 demanded 4753 clamped 4096
[kinematics-ws] K clamp binds: eid 1013 demanded 19786 clamped 4096
[kinematics-ws] K clamp binds: eid 1001 demanded 21962 clamped 4096
[kinematics-ws] K clamp binds: eid 1002 demanded 10774 clamped 4096
[kinematics-ws] K clamp binds: eid 1003 demanded 5278 clamped 4096
[kinematics-ws] K clamp binds: eid 1014 demanded 9707 clamped 4096
[kinematics-ws] K clamp binds: eid 1003 demanded 5278 clamped 4096
[kinematics-ws] K clamp binds: eid 1014 demanded 9708 clamped 4096
[kinematics-ws] K clamp binds: eid 1015 demanded 4757 clamped 4096
[kinematics-ws] K clamp binds: eid 1002 demanded 10768 clamped 4096
[kinematics-ws] K clamp binds: eid 1013 demanded 19787 clamped 4096
[kinematics-ws] K clamp binds: eid 1001 demanded 21962 clamped 4096
[kinematics-ws] K clamp binds: eid 1002 demanded 10762 clamped 4096
[kinematics-ws] K clamp binds: eid 1013 demanded 19795 clamped 4096
[kinematics-ws] K clamp binds: eid 1001 demanded 21962 clamped 4096
[kinematics-ws] K clamp binds: eid 1003 demanded 5279 clamped 4096
[kinematics-ws] K clamp binds: eid 1015 demanded 4759 clamped 4096
[kinematics-ws] K clamp binds: eid 1014 demanded 9710 clamped 4096
[kinematics-ws] K clamp binds: eid 1003 demanded 5281 clamped 4096
[kinematics-ws] K clamp binds: eid 1001 demanded 21963 clamped 4096
[kinematics-ws] K clamp binds: eid 1002 demanded 10763 clamped 4096
[kinematics-ws] K clamp binds: eid 1013 demanded 19792 clamped 4096
[kinematics-ws] K clamp binds: eid 1014 demanded 9711 clamped 4096
[kinematics-ws] K clamp binds: eid 1015 demanded 4761 clamped 4096
[kinematics-ws] K clamp binds: eid 1015 demanded 4762 clamped 4096
[kinematics-ws] K clamp binds: eid 1001 demanded 21964 clamped 4096
[kinematics-ws] K clamp binds: eid 1014 demanded 9707 clamped 4096
[kinematics-ws] K clamp binds: eid 1013 demanded 19796 clamped 4096
[kinematics-ws] K clamp binds: eid 1003 demanded 5282 clamped 4096
[kinematics-ws] K clamp binds: eid 1002 demanded 10771 clamped 4096
[kinematics-ws] K clamp binds: eid 1002 demanded 10769 clamped 4096
[kinematics-ws] K clamp binds: eid [kinematics-ws] K clamp binds: eid 1015 1003 demanded demanded4764  5283 clamped clamped 40964096

[kinematics-ws] K clamp binds: eid 1014 demanded 9701 clamped 4096
[kinematics-ws] K clamp binds: eid 1001 demanded 21965 clamped 4096
[kinematics-ws] K clamp binds: eid 1013 demanded 19801 clamped 4096
[kinematics-ws] K clamp binds: eid 1003 demanded 5282 clamped 4096
[kinematics-ws] K clamp binds: eid 1013 demanded 19819 clamped 4096
[kinematics-ws] K clamp binds: eid 1001 demanded 21969 clamped 4096
[kinematics-ws] K clamp binds: eid 1015 demanded 4766 clamped 4096
[kinematics-ws] K clamp binds: eid 1014 demanded 9707 clamped 4096
[kinematics-ws] K clamp binds: eid 1002 demanded 10759 clamped 4096
[kinematics-ws] K clamp binds: eid 1001 demanded 21973 clamped 4096
[kinematics-ws] K clamp binds: eid [kinematics-ws] K clamp binds: eid 1015 demanded 4766 clamped 4096
1003 demanded 5282 clamped 4096
[kinematics-ws] K clamp binds: eid 1013 demanded 19798 clamped 4096
[kinematics-ws] K clamp binds: eid 1014 demanded 9701 clamped [kinematics-ws] K clamp binds: eid4096
 1002 demanded 10765 clamped 4096
[kinematics-ws] K clamp binds: eid 1001 demanded 21970 clamped 4096
[kinematics-ws] K clamp binds: eid 1003 demanded 5282 clamped 4096
[kinematics-ws] K clamp binds: eid 1014 demanded 9710 clamped 4096
[kinematics-ws] K clamp binds: eid 1015 demanded 4766 clamped 4096
[kinematics-ws] K clamp binds: eid 1013 demanded 19821 clamped 4096
[kinematics-ws] K clamp binds: eid 1002 demanded 10769 clamped 4096
[kinematics-ws] K clamp binds: eid 1013 demanded 19811 clamped 4096
[kinematics-ws] K clamp binds: eid 1015 demanded 4765 clamped 4096[kinematics-ws] K clamp binds: eid
 1003 demanded 5283 clamped 4096
[kinematics-ws] K clamp binds: eid 1002 demanded 10758 clamped 4096
[kinematics-ws] K clamp binds: eid 1014 demanded 9709 clamped 4096
[kinematics-ws] K clamp binds: eid 1001 demanded 21960 clamped 4096
[kinematics-ws] K clamp binds: eid 1003 demanded 5284 clamped 4096
[kinematics-ws] K clamp binds: eid 1015 demanded 4765 clamped 4096
[kinematics-ws] K clamp binds: eid 1013 demanded 19813 clamped 4096
[kinematics-ws] K clamp binds: eid 1014 demanded 9712 clamped 4096
[kinematics-ws] K clamp binds: eid 1001 demanded 21965 clamped 4096
[kinematics-ws] K clamp binds: eid 1002 demanded 10766 clamped 4096
[kinematics-ws] K clamp binds: eid 1013 demanded 19818 clamped 4096
[kinematics-ws] K clamp binds: eid 1003 demanded 5285 clamped 4096
[kinematics-ws] K clamp binds: eid 1015 demanded 4767 clamped 4096
[kinematics-ws] K clamp binds: eid 1014 demanded 9721 clamped 4096
[kinematics-ws] K clamp binds: eid 1001 demanded 21968 clamped 4096
[kinematics-ws] K clamp binds: eid 1002 demanded 10764 clamped 4096
[kinematics-ws] K clamp binds: eid 1014 demanded 9727 clamped 4096
[kinematics-ws] K clamp binds: eid 1013 demanded 19838 clamped 4096
[kinematics-ws] K clamp binds: eid 1001 demanded 21958 clamped 4096
[kinematics-ws] K clamp binds: eid 1015 demanded 4771 clamped 4096
[kinematics-ws] K clamp binds: eid 1003 demanded 5286 clamped 4096
[kinematics-ws] K clamp binds: eid 1002 demanded 10760 clamped 4096
[kinematics-ws] K clamp binds: eid 1003 demanded 5287 clamped 4096
[kinematics-ws] K clamp binds: eid 1015 demanded 4767 clamped 4096
[kinematics-ws] K clamp binds: eid 1013 demanded 19833 clamped 4096
[kinematics-ws] K clamp binds: eid 1001 demanded 21969 clamped 4096
[kinematics-ws] K clamp binds: eid 1014 demanded 9733 clamped 4096
[kinematics-ws] K clamp binds: eid 1002 demanded 10768 clamped 4096
[kinematics-ws] K clamp binds: eid 1001 demanded 21958 clamped 4096
[kinematics-ws] K clamp binds: eid 1003 demanded 5287 clamped 4096
[kinematics-ws] K clamp binds: eid 1015 demanded 4767 clamped 4096
[kinematics-ws] K clamp binds: eid 1013 demanded 19828 clamped 4096
[kinematics-ws] K clamp binds: eid 1014 demanded 9734 clamped 4096
[kinematics-ws] K clamp binds: eid 1002 demanded 10758 clamped 4096
[kinematics-ws] K clamp binds: eid 1002 demanded 10769 clamped 4096
[kinematics-ws] K clamp binds: eid 1001 demanded 21971 clamped 4096
[kinematics-ws] K clamp binds: eid 1015 demanded 4764 clamped 4096
[kinematics-ws] K clamp binds: eid 1003 demanded 5288 clamped 4096
[kinematics-ws] K clamp binds: eid 1014 demanded 9732 clamped 4096
[kinematics-ws] K clamp binds: eid 1013 demanded 19808 clamped 4096
[kinematics-ws] K clamp binds: eid 1015 demanded 4763 clamped 4096
[kinematics-ws] K clamp binds: eid 1013 demanded 19826 clamped 4096
[kinematics-ws] K clamp binds: eid 1014 demanded 9726 clamped 4096
[kinematics-ws] K clamp binds: eid 1001 demanded 21964 clamped 4096
[kinematics-ws] K clamp binds: eid 1003 demanded 5288 clamped 4096
[kinematics-ws] K clamp binds: eid 1002 demanded 10759 clamped 4096
[kinematics-ws] K clamp binds: eid 1003 demanded 5288 clamped 4096
[kinematics-ws] K clamp binds: eid 1013 demanded 19822 clamped 4096
[kinematics-ws] K clamp binds: eid 1001 demanded 21968 clamped 4096
[kinematics-ws] K clamp binds: eid 1015 demanded 4765 clamped 4096
[kinematics-ws] K clamp binds: eid 1014 demanded 9722 clamped 4096
[kinematics-ws] K clamp binds: eid 1002 demanded 10769 clamped 4096
[kinematics-ws] K clamp binds: eid 1013 demanded 19821 clamped 4096
[kinematics-ws] K clamp binds: eid 1001 demanded 21978 clamped 4096
[kinematics-ws] K clamp binds: eid 1014 demanded 9728 clamped 4096
[kinematics-ws] K clamp binds: eid 1002 demanded 10763 clamped 4096
[kinematics-ws] K clamp binds: eid 1015 demanded 4762 clamped 4096
[kinematics-ws] K clamp binds: eid 1003 demanded 5288 clamped 4096
[kinematics-ws] K clamp binds: eid 1003 demanded 5288 clamped 4096
[kinematics-ws] K clamp binds: eid 1001 demanded 21976 clamped 4096
[kinematics-ws] K clamp binds: eid 1014 demanded 9721 clamped 4096
[kinematics-ws] K clamp binds: eid 1013 demanded 19878 clamped 4096
[kinematics-ws] K clamp binds: eid 1002 demanded 10766 clamped 4096
[kinematics-ws] K clamp binds: eid 1015 demanded 4764 clamped 4096
[kinematics-ws] K clamp binds: eid 1015 demanded 4763 clamped 4096
[kinematics-ws] K clamp binds: eid 1001 demanded 21973 clamped 4096
[kinematics-ws] K clamp binds: eid 1013 demanded 19812 clamped 4096
[kinematics-ws] K clamp binds: eid [kinematics-ws] K clamp binds: eid 1002 demanded 10772 clamped 4096
1003 demanded 5288 clamped 4096
[kinematics-ws] K clamp binds: eid 1014 demanded 9728 clamped 4096
[kinematics-ws] K clamp binds: eid 1003 demanded 5288 clamped 4096
[kinematics-ws] K clamp binds: eid 1002 demanded 10763 clamped 4096
[kinematics-ws] K clamp binds: eid 1014 demanded 9724 clamped 4096
[kinematics-ws] K clamp binds: eid 1015 demanded 4765 clamped 4096
[kinematics-ws] K clamp binds: eid 1013 demanded 19870 clamped 4096
[kinematics-ws] K clamp binds: eid 1001 demanded 21977 clamped 4096
[kinematics-ws] K clamp binds: eid 1013 demanded 19896 clamped 4096
[kinematics-ws] K clamp binds: eid 1001 demanded 21983 clamped 4096
[kinematics-ws] K clamp binds: eid 1014 demanded 9733 clamped 4096
[kinematics-ws] K clamp binds: eid 1015 demanded 4764 clamped 4096
[kinematics-ws] K clamp binds: eid 1003 demanded 5288 clamped 4096
[kinematics-ws] K clamp binds: eid 1002 demanded 10773 clamped 4096
[kinematics-ws] K clamp binds: eid 1001 demanded 21988 clamped 4096
[kinematics-ws] K clamp binds: eid 1002 demanded 10774 clamped 4096
[kinematics-ws] K clamp binds: eid 1015 demanded 4770 clamped 4096
[kinematics-ws] K clamp binds: eid 1013 demanded 19903 clamped 4096
[kinematics-ws] K clamp binds: eid 1014 demanded 9741 clamped 4096
[kinematics-ws] K clamp binds: eid 1003 demanded 5288 clamped 4096
[kinematics-ws] K clamp binds: eid 1003 demanded 5288 clamped 4096
[kinematics-ws] K clamp binds: eid 1015 demanded 4767 clamped 4096
[kinematics-ws] K clamp binds: eid 1002 demanded 10767 clamped 4096
[kinematics-ws] K clamp binds: eid 1001 demanded 21989 clamped 4096
[kinematics-ws] K clamp binds: eid 1014 demanded 9740 clamped 4096
[kinematics-ws] K clamp binds: eid 1013 demanded 19887 clamped 4096
[kinematics-ws] K clamp binds: eid 1003 demanded 5288 clamped 4096
[kinematics-ws] K clamp binds: eid 1014 demanded 9741 clamped 4096
[kinematics-ws] K clamp binds: eid 1002 demanded 10774 clamped 4096
[kinematics-ws] K clamp binds: eid 1015 demanded 4772 clamped 4096
[kinematics-ws] K clamp binds: eid 1013 demanded 19835 clamped 4096
[kinematics-ws] K clamp binds: eid 1001 demanded 21989 clamped 4096
[kinematics-ws] K clamp binds: eid 1001 demanded 21986 clamped 4096
[kinematics-ws] K clamp binds: eid 1015 demanded 4776 clamped 4096
[kinematics-ws] K clamp binds: eid 1013 demanded 19896 clamped 4096
[kinematics-ws] K clamp binds: eid 1014 demanded 9743 clamped 4096
[kinematics-ws] K clamp binds: eid 1002 demanded 10782 clamped 4096
[kinematics-ws] K clamp binds: eid 1003 demanded 5288 clamped 4096
[kinematics-ws] K clamp binds: eid 1015 demanded 4776 clamped 4096
[kinematics-ws] K clamp binds: eid 1002 demanded 10779 clamped 4096
[kinematics-ws] K clamp binds: eid 1001 demanded 21982 clamped 4096
[kinematics-ws] K clamp binds: eid 1014 demanded 9744 clamped 4096
[kinematics-ws] K clamp binds: eid 1003 demanded 5288 clamped 4096
[kinematics-ws] K clamp binds: eid 1013 demanded 19845 clamped 4096
[kinematics-ws] K clamp binds: eid 1001 demanded 21983 clamped 4096
[kinematics-ws] K clamp binds: eid 1013 demanded 19854 clamped 4096
[kinematics-ws] K clamp binds: eid 1002 demanded 10773 clamped 4096
[kinematics-ws] K clamp binds: eid 1015 demanded 4777 clamped 4096
[kinematics-ws] K clamp binds: eid 1014 demanded 9749 clamped 4096
[kinematics-ws] K clamp binds: eid 1003 demanded 5289 clamped 4096
[kinematics-ws] K clamp binds: eid 1001 demanded 21990 clamped 4096
[kinematics-ws] K clamp binds: eid 1015 demanded 4779 clamped 4096
[kinematics-ws] K clamp binds: eid 1014 demanded 9754 clamped 4096
[kinematics-ws] K clamp binds: eid 1013 demanded 19864 clamped 4096
[kinematics-ws] K clamp binds: eid 1003 demanded 5289 clamped 4096
[kinematics-ws] K clamp binds: eid 1002 demanded 10775 clamped 4096
[kinematics-ws] K clamp binds: eid 1003 demanded 5289 clamped 4096
[kinematics-ws] K clamp binds: eid 1015 demanded 4784 clamped 4096
[kinematics-ws] K clamp binds: eid 1013 demanded 19852 clamped 4096
[kinematics-ws] K clamp binds: eid 1014 demanded 9743 clamped 4096
[kinematics-ws] K clamp binds: eid 1001 demanded 21992 clamped 4096
[kinematics-ws] K clamp binds: eid 1002 demanded 10782 clamped 4096
[kinematics-ws] K clamp binds: eid 1001 demanded 21980 clamped 4096
[kinematics-ws] K clamp binds: eid 1015 demanded 4787 clamped 4096
[kinematics-ws] K clamp binds: eid 1013 demanded 19888 clamped 4096
[kinematics-ws] K clamp binds: eid 1014 demanded 9740 clamped 4096
[kinematics-ws] K clamp binds: eid 1003 demanded 5288 clamped 4096
[kinematics-ws] K clamp binds: eid 1002 demanded 10787 clamped 4096
[kinematics-ws] K clamp binds: eid 1015 demanded 4789 clamped 4096
[kinematics-ws] K clamp binds: eid 1013 demanded 19899 clamped 4096
[kinematics-ws] K clamp binds: eid 1014 demanded 9749 clamped 4096
[kinematics-ws] K clamp binds: eid 1002 demanded 10790 clamped 4096
[kinematics-ws] K clamp binds: eid 1001 demanded 21983 clamped 4096
[kinematics-ws] K clamp binds: eid 1003 demanded 5287 clamped 4096
[kinematics-ws] K clamp binds: eid 1001 demanded 21988 clamped 4096
[kinematics-ws] K clamp binds: eid 1002 demanded 10789 clamped 4096
[kinematics-ws] K clamp binds: eid 1013 demanded 19897 clamped 4096
[kinematics-ws] K clamp binds: eid 1014 demanded 9742 clamped 4096
[kinematics-ws] K clamp binds: eid 1003 demanded 5287 clamped 4096
[kinematics-ws] K clamp binds: eid 1015 demanded 4789 clamped 4096
[kinematics-ws] K clamp binds: eid [kinematics-ws] K clamp binds: eid 10011014 demanded  9747 demanded[kinematics-ws] K clamp binds: eid  21977 clamped 1013 4096demanded 19860 clamped 
4096[kinematics-ws] K clamp binds: eid 1015 demanded 4789 clamped 4096
[kinematics-ws] K clamp binds: eid 1003 demanded 5287 clamped 4096
[kinematics-ws] K clamp binds: eid 1002 demanded 10788 clamped 4096

clamped 4096
[kinematics-ws] K clamp binds: eid 1001 demanded 21991 clamped 4096
[kinematics-ws] K clamp binds: eid 1003 demanded 5288 clamped 4096
[kinematics-ws] K clamp binds: eid 1014 demanded 9760 clamped 4096
[kinematics-ws] K clamp binds: eid 1015 demanded 4787 clamped 4096
[kinematics-ws] K clamp binds: eid 1002 demanded 10788 clamped 4096
[kinematics-ws] K clamp binds: eid 1013 demanded 19868 clamped 4096
[kinematics-ws] K clamp binds: eid 1014 demanded 9758 clamped 4096
[kinematics-ws] K clamp binds: eid 1015 demanded 4785 clamped 4096
[kinematics-ws] K clamp binds: eid 1013 demanded 19867 clamped 4096
[kinematics-ws] K clamp binds: eid 1001 demanded 21979 clamped 4096
[kinematics-ws] K clamp binds: eid 1002 demanded 10787 clamped 4096
[kinematics-ws] K clamp binds: eid 1003 demanded 5288 clamped 4096
[kinematics-ws] K clamp binds: eid 1001 demanded 21990 clamped 4096
[kinematics-ws] K clamp binds: eid 1013 demanded 19909 clamped 4096
[kinematics-ws] K clamp binds: eid 1014 demanded 9757 clamped 4096
[kinematics-ws] K clamp binds: eid 1003 demanded 5287 clamped 4096
[kinematics-ws] K clamp binds: eid 1002 demanded 10787 clamped 4096
[kinematics-ws] K clamp binds: eid 1015 demanded 4785 clamped 4096
[kinematics-ws] K clamp binds: eid 1001 demanded 21990 clamped 4096
[kinematics-ws] K clamp binds: eid 1014 demanded 9758 clamped 4096
[kinematics-ws] K clamp binds: eid 1015 demanded 4788 clamped 4096
[kinematics-ws] K clamp binds: eid 1013 demanded 19934 clamped 4096
[kinematics-ws] K clamp binds: eid 1003 demanded 5286 clamped 4096
[kinematics-ws] K clamp binds: eid 1002 demanded 10788 clamped 4096
[kinematics-ws] K clamp binds: eid 1001 demanded 21984 clamped 4096
[kinematics-ws] K clamp binds: eid 1002 demanded 10789 clamped 4096
[kinematics-ws] K clamp binds: eid 1015 demanded 4791 clamped 4096
[kinematics-ws] K clamp binds: eid 1013 demanded 19889 clamped 4096
[kinematics-ws] K clamp binds: eid 1003 demanded 5286 clamped 4096
[kinematics-ws] K clamp binds: eid 1014 demanded 9760 clamped 4096
[kinematics-ws] K clamp binds: eid 1003 demanded 5287 clamped 4096
[kinematics-ws] K clamp binds: eid 1002 demanded 10791 clamped 4096
[kinematics-ws] K clamp binds: eid 1001 demanded 21997 clamped 4096
[kinematics-ws] K clamp binds: eid 1014 demanded 9761 clamped 4096
[kinematics-ws] K clamp binds: eid [kinematics-ws] K clamp binds: eid 1015 demanded 1013 4786 demandedclamped 4096
 19878 clamped 4096
[kinematics-ws] K clamp binds: eid 1003 demanded 5286 clamped 4096
[kinematics-ws] K clamp binds: eid 1002 demanded 10793 clamped 4096
[kinematics-ws] K clamp binds: eid 1015 demanded 4781 clamped 4096
[kinematics-ws] K clamp binds: eid 1013 demanded 19921 clamped 4096
[kinematics-ws] K clamp binds: eid 1014 demanded 9769 clamped 4096
[kinematics-ws] K clamp binds: eid 1001 demanded 22004 clamped 4096
[kinematics-ws] K clamp binds: eid 1001 demanded 22000 clamped 4096
[kinematics-ws] K clamp binds: eid 1015 demanded 4787 clamped 4096[kinematics-ws] K clamp binds: eid 
1003 demanded 5285 clamped 4096
[kinematics-ws] K clamp binds: eid 1013 demanded 19917 clamped 4096
[kinematics-ws] K clamp binds: eid 1014 demanded 9777 clamped 4096
[kinematics-ws] K clamp binds: eid 1002 demanded 10793 clamped 4096
[kinematics-ws] K clamp binds: eid 1001 demanded 21997 clamped 4096
[kinematics-ws] K clamp binds: eid 1002 demanded 10790 clamped 4096
[kinematics-ws] K clamp binds: eid[kinematics-ws] K clamp binds: eid 1014 demanded 9761 clamped 4096
[kinematics-ws] K clamp binds: eid 1003 demanded 5285 clamped 4096
 1015 demanded 4784 clamped 4096
[kinematics-ws] K clamp binds: eid 1013 demanded 19880 clamped 4096
[kinematics-ws] K clamp binds: eid 1013 demanded 19945 clamped 4096
[kinematics-ws] K clamp binds: eid 1002 demanded 10786 clamped 4096
[kinematics-ws] K clamp binds: eid 1014 demanded 9761 clamped 4096
[kinematics-ws] K clamp binds: eid 1015 demanded 4780 clamped 4096
[kinematics-ws] K clamp binds: eid 1001 demanded 21997 clamped 4096
[kinematics-ws] K clamp binds: eid 1003 demanded 5286 clamped 4096
[kinematics-ws] K clamp binds: eid 1013 demanded 19906 clamped 4096
[kinematics-ws] K clamp binds: eid 1003 demanded 5284 clamped 4096
[kinematics-ws] K clamp binds: eid 1014 demanded 9768 clamped 4096
[kinematics-ws] K clamp binds: eid 1001 demanded 21999 clamped 4096
[kinematics-ws] K clamp binds: eid 1015 demanded 4787 clamped 4096
[kinematics-ws] K clamp binds: eid 1002 demanded 10783 clamped 4096
[kinematics-ws] K clamp binds: eid 1003 demanded 5284 clamped 4096
[kinematics-ws] K clamp binds: eid 1002 demanded 10786 clamped 4096
[kinematics-ws] K clamp binds: eid 1013 demanded 19980 clamped 4096
[kinematics-ws] K clamp binds: eid 1014 demanded 9765 clamped 4096
[kinematics-ws] K clamp binds: eid 1015 demanded 4780 clamped 4096
[kinematics-ws] K clamp binds: eid 1001 demanded 22000 clamped 4096
[kinematics-ws] K clamp binds: eid 1014 demanded 9763 clamped 4096
[kinematics-ws] K clamp binds: eid 1002 demanded 10791 clamped 4096
[kinematics-ws] K clamp binds: eid 1013 demanded 19950 clamped 4096
[kinematics-ws] K clamp binds: eid 1015 demanded 4788 clamped 4096
[kinematics-ws] K clamp binds: eid 1001 demanded 21999 clamped 4096
[kinematics-ws] K clamp binds: eid 1003 demanded 5285 clamped 4096
[kinematics-ws] K clamp binds: eid 1014 demanded 9782 clamped 4096
[kinematics-ws] K clamp binds: eid 1015 demanded 4783 clamped 4096
[kinematics-ws] K clamp binds: eid 1001 demanded 22000 clamped 4096
[kinematics-ws] K clamp binds: eid 1003 demanded 5284 clamped 4096
[kinematics-ws] K clamp binds: eid 1013 demanded 19947 clamped 4096
[kinematics-ws] K clamp binds: eid 1002 demanded 10788 clamped 4096
[kinematics-ws] K clamp binds: eid 1001 demanded 22005 clamped 4096
[kinematics-ws] K clamp binds: eid 1013 demanded 19982 clamped 4096
[kinematics-ws] K clamp binds: eid 1003 demanded 5283 clamped 4096
[kinematics-ws] K clamp binds: eid 1015 demanded 4788 clamped 4096
[kinematics-ws] K clamp binds: eid 1014 demanded 9785 clamped 4096
[kinematics-ws] K clamp binds: eid 1002 demanded 10781 clamped 4096
[kinematics-ws] K clamp binds: eid 1003 demanded 5284 clamped 4096
[kinematics-ws] K clamp binds: eid 1002 demanded 10785 clamped 4096
[kinematics-ws] K clamp binds: eid 1001 demanded 22015 clamped 4096
[kinematics-ws] K clamp binds: eid 1015 demanded 4792 clamped 4096
[kinematics-ws] K clamp binds: eid 1013 demanded 19974 clamped 4096
[kinematics-ws] K clamp binds: eid 1014 demanded 9781 clamped 4096
[kinematics-ws] K clamp binds: eid 1015 demanded 4786 clamped 4096
[kinematics-ws] K clamp binds: eid 1003 demanded 5283 clamped 4096
[kinematics-ws] K clamp binds: eid 1013 demanded 19906 clamped 4096
[kinematics-ws] K clamp binds: eid 1002 demanded 10789 clamped 4096
[kinematics-ws] K clamp binds: eid 1001 demanded 22015 clamped 4096
[kinematics-ws] K clamp binds: eid 1014 demanded 9780 clamped 4096
[kinematics-ws] K clamp binds: eid 1013 demanded 19963 clamped 4096
[kinematics-ws] K clamp binds: eid 1002 demanded 10780 clamped 4096
[kinematics-ws] K clamp binds: eid 1015 demanded 4794 clamped 4096
[kinematics-ws] K clamp binds: eid 1014 demanded 9782 clamped 4096
[kinematics-ws] K clamp binds: eid 1001 demanded 21999 clamped 4096
[kinematics-ws] K clamp binds: eid 1003 demanded 5283 clamped 4096
[kinematics-ws] K clamp binds: eid 1001 demanded 22000 clamped 4096
[kinematics-ws] K clamp binds: eid 1015 demanded 4801 clamped 4096
[kinematics-ws] K clamp binds: eid 1003 demanded 5284 clamped 4096
[kinematics-ws] K clamp binds: eid 1002 demanded 10783 clamped 4096
[kinematics-ws] K clamp binds: eid 1014 demanded 9787 clamped 4096
[kinematics-ws] K clamp binds: eid 1013 demanded 20003 clamped 4096
[kinematics-ws] K clamp binds: eid 1014 demanded 9795 clamped 4096
[kinematics-ws] K clamp binds: eid 1015 demanded 4799 clamped 4096
[kinematics-ws] K clamp binds: eid 1002 demanded 10786 clamped 4096
[kinematics-ws] K clamp binds: eid 1001 demanded 22014 clamped 4096
[kinematics-ws] K clamp binds: eid 1013 demanded 19999 clamped 4096
[kinematics-ws] K clamp binds: eid 1003 demanded 5282 clamped 4096
[kinematics-ws] K clamp binds: eid 1001 demanded 21994 clamped 4096
[kinematics-ws] K clamp binds: eid 1003 demanded 5283 clamped 4096
[kinematics-ws] K clamp binds: eid 1002 demanded 10779 clamped 4096
[kinematics-ws] K clamp binds: eid 1014 demanded 9794 clamped 4096
[kinematics-ws] K clamp binds: eid 1013 demanded 20011 clamped 4096
[kinematics-ws] K clamp binds: eid 1015 demanded 4797 clamped 4096
[kinematics-ws] K clamp binds: eid 1014 demanded 9776 clamped 4096
[kinematics-ws] K clamp binds: eid 1001 demanded 22011 clamped 4096
[kinematics-ws] K clamp binds: eid[kinematics-ws] K clamp binds: eid[kinematics-ws] K clamp binds: eid 1002 demanded 10787 clamped 4096
[kinematics-ws] K clamp binds: eid 1015 demanded 4798 clamped 4096
 1003 demanded 5283 clamped 4096
 1013 demanded 19983 clamped 4096
[kinematics-ws] K clamp binds: eid 1013 demanded 19929 clamped 4096
[kinematics-ws] K clamp binds: eid 1002 demanded 10779 clamped 4096
[kinematics-ws] K clamp binds: eid 1003 demanded 5282 clamped 4096
[kinematics-ws] K clamp binds: eid 1015 demanded 4801 clamped 4096
[kinematics-ws] K clamp binds: eid 1001 demanded 21996 clamped 4096
[kinematics-ws] K clamp binds: eid 1014 demanded 9789 clamped 4096
[kinematics-ws] K clamp binds: eid 1014 demanded 9780 clamped 4096
[kinematics-ws] K clamp binds: eid 1002 demanded 10786 clamped 4096
[kinematics-ws] K clamp binds: eid 1013 demanded 19995 clamped 4096
[kinematics-ws] K clamp binds: eid 1001 demanded 22014 clamped 4096
[kinematics-ws] K clamp binds: eid 1003 demanded 5284 clamped 4096
[kinematics-ws] K clamp binds: eid 1015 demanded 4804 clamped 4096
[kinematics-ws] K clamp binds: eid 1001 demanded 21997 clamped 4096
[kinematics-ws] K clamp binds: eid 1013 demanded 19994 clamped 4096
[kinematics-ws] K clamp binds: eid 1003 demanded 5282 clamped 4096
[kinematics-ws] K clamp binds: eid 1015 demanded 4805 clamped 4096
[kinematics-ws] K clamp binds: eid 1014 demanded 9792 clamped 4096
[kinematics-ws] K clamp binds: eid 1002 demanded 10781 clamped 4096
[kinematics-ws] K clamp binds: eid 1003 demanded 5284 clamped 4096
[kinematics-ws] K clamp binds: eid 1014 demanded 9780 clamped 4096[kinematics-ws] K clamp binds: eid
 1015 demanded 4805 clamped 4096
[kinematics-ws] K clamp binds: eid 1013 demanded 19968 clamped 4096
[kinematics-ws] K clamp binds: eid 1002 demanded 10787 clamped 4096
[kinematics-ws] K clamp binds: eid 1001 demanded 22015 clamped 4096
[kinematics-ws] K clamp binds: eid 1013 demanded 19976 clamped 4096[kinematics-ws] K clamp binds: eid
 1014 demanded 9796 [kinematics-ws] K clamp binds: eid 1002 demanded 10781 clamped 4096
clamped 4096
[kinematics-ws] K clamp binds: eid 1003 demanded 5282 clamped 4096
[kinematics-ws] K clamp binds: eid 1001 demanded 22016 clamped 4096
[kinematics-ws] K clamp binds: eid 1015 demanded 4803 clamped 4096
[kinematics-ws] K clamp binds: eid 1003 demanded 5283 clamped 4096
[kinematics-ws] K clamp binds: eid 1015 demanded 4801 clamped 4096
[kinematics-ws] K clamp binds: eid 1002 demanded 10789 clamped 4096
[kinematics-ws] K clamp binds: eid 1001 demanded 22005 clamped 4096
[kinematics-ws] K clamp binds: eid 1014 demanded 9808 clamped 4096
[kinematics-ws] K clamp binds: eid 1013 demanded 20015 clamped 4096
[kinematics-ws] K clamp binds: eid 1014 demanded 9809 clamped [kinematics-ws] K clamp binds: eid4096 
[kinematics-ws] K clamp binds: eid 1013 demanded 19999 clamped 4096
1001 demanded 22013 clamped 4096
[kinematics-ws] K clamp binds: eid 1015 demanded 4803 clamped 4096
[kinematics-ws] K clamp binds: eid 1003 demanded 5283 clamped 4096
[kinematics-ws] K clamp binds: eid 1002 demanded 10782 clamped 4096
[kinematics-ws] K clamp binds: eid 1013 demanded 19969 clamped 4096
[kinematics-ws] K clamp binds: eid 1002 demanded 10790 clamped 4096
[kinematics-ws] K clamp binds: eid 1003 demanded 5283 clamped 4096
[kinematics-ws] K clamp binds: eid 1015 demanded 4809 clamped 4096
[kinematics-ws] K clamp binds: eid 1014 demanded 9809 clamped 4096
[kinematics-ws] K clamp binds: eid 1001 demanded 22027 clamped 4096
[kinematics-ws] K clamp binds: eid 1003 demanded 5283 clamped 4096
[kinematics-ws] K clamp binds: eid 1001 demanded 22033 clamped 4096
[kinematics-ws] K clamp binds: eid 1014 demanded 9810 clamped 4096
[kinematics-ws] K clamp binds: eid 1002 demanded 10788 clamped 4096
[kinematics-ws] K clamp binds: eid 1015 demanded 4815 clamped 4096
[kinematics-ws] K clamp binds: eid 1013 demanded 19972 clamped 4096
[kinematics-ws] K clamp binds: eid 1001 demanded 22033 clamped 4096
[kinematics-ws] K clamp binds: eid 1003 demanded 5284 clamped 4096
[kinematics-ws] K clamp binds: eid 1013 demanded 20027 clamped 4096
[kinematics-ws] K clamp binds: eid 1015 demanded 4808 clamped 4096
[kinematics-ws] K clamp binds: eid 1014 demanded 9813 clamped 4096
[kinematics-ws] K clamp binds: eid 1002 demanded 10786 clamped 4096
[kinematics-ws] K clamp binds: eid 1001 demanded 22032 clamped 4096
[kinematics-ws] K clamp binds: eid 1003 demanded 5284 clamped 4096
[kinematics-ws] K clamp binds: eid 1002 demanded 10795 clamped 4096
[kinematics-ws] K clamp binds: eid 1014 demanded 9814 clamped 4096
[kinematics-ws] K clamp binds: eid 1013 demanded 20040 clamped 4096
[kinematics-ws] K clamp binds: eid 1015 demanded 4797 clamped 4096
[kinematics-ws] K clamp binds: eid 1002 demanded 10792 clamped 4096
[kinematics-ws] K clamp binds: eid 1001 demanded 22032 clamped 4096
[kinematics-ws] K clamp binds: eid 1003 demanded 5285 clamped 4096
[kinematics-ws] K clamp binds: eid 1014 demanded 9805 clamped 4096
[kinematics-ws] K clamp binds: eid 1013 demanded 20017 clamped 4096
[kinematics-ws] K clamp binds: eid 1015 demanded 4807 clamped 4096
[kinematics-ws] K clamp binds: eid 1013 demanded 19968 clamped 4096
[kinematics-ws] K clamp binds: eid 1001 demanded 22034 clamped 4096
[kinematics-ws] K clamp binds: eid 1003 demanded 5284 clamped 4096
[kinematics-ws] K clamp binds: eid 1002 demanded 10789 clamped 4096
[kinematics-ws] K clamp binds: eid 1014 demanded 9800 clamped 4096
[kinematics-ws] K clamp binds: eid 1015 demanded 4808 clamped 4096
[kinematics-ws] K clamp binds: eid 1001 demanded 22036 clamped 4096
[kinematics-ws] K clamp binds: eid 1003 demanded 5286 clamped 4096
[kinematics-ws] K clamp binds: eid 1002 demanded 10796 clamped 4096
[kinematics-ws] K clamp binds: eid 1014 demanded 9810 clamped 4096
[kinematics-ws] K clamp binds: eid 1013 demanded 20038 clamped 4096
[kinematics-ws] K clamp binds: eid 1015 demanded 4796 clamped 4096
[kinematics-ws] K clamp binds: eid 1014 demanded 9798 clamped 4096
[kinematics-ws] K clamp binds: eid 1013 demanded 19969 clamped 4096
[kinematics-ws] K clamp binds: eid 1015 demanded 4811 clamped 4096
[kinematics-ws] K clamp binds: eid 1003 demanded 5284 clamped 4096
[kinematics-ws] K clamp binds: eid 1001 demanded 22035 clamped 4096
[kinematics-ws] K clamp binds: eid 1002 demanded 10801 clamped 4096
[kinematics-ws] K clamp binds: eid 1015 demanded 4796 clamped 4096
[kinematics-ws] K clamp binds: eid 1014 demanded 9812 clamped 4096
[kinematics-ws] K clamp binds: eid 1001 demanded 22028 clamped 4096
[kinematics-ws] K clamp binds: eid 1002 demanded 10798 clamped 4096
[kinematics-ws] K clamp binds: eid 1013 demanded 20018 clamped 4096
[kinematics-ws] K clamp binds: eid 1003 demanded 5287 clamped 4096
[kinematics-ws] K clamp binds: eid 1003 demanded 5286 clamped 4096
[kinematics-ws] K clamp binds: eid 1001 demanded 22020 clamped 4096
[kinematics-ws] K clamp binds: eid 1002 demanded 10795 clamped 4096
[kinematics-ws] K clamp binds: eid 1013 demanded 20049 clamped 4096
[kinematics-ws] K clamp binds: eid 1015 demanded 4811 clamped 4096
[kinematics-ws] K clamp binds: eid 1014 demanded 9805 clamped 4096
[kinematics-ws] K clamp binds: eid 1003 demanded 5287 clamped 4096
[kinematics-ws] K clamp binds: eid 1001 demanded 22025 clamped 4096
[kinematics-ws] K clamp binds: eid 1015 demanded 4797 clamped 4096
[kinematics-ws] K clamp binds: eid 1013 demanded 20040 clamped 4096
[kinematics-ws] K clamp binds: eid 1014 demanded 9810 clamped 4096
[kinematics-ws] K clamp binds: eid 1002 demanded 10797 clamped 4096
[kinematics-ws] K clamp binds: eid 1001 demanded 22031 clamped 4096
[kinematics-ws] K clamp binds: eid 1003 demanded 5288 clamped 4096
[kinematics-ws] K clamp binds: eid 1015 demanded 4814 clamped 4096
[kinematics-ws] K clamp binds: eid 1013 demanded 19994 clamped 4096
[kinematics-ws] K clamp binds: eid 1002 demanded 10803 clamped 4096
[kinematics-ws] K clamp binds: eid 1014 demanded 9822 clamped 4096
[kinematics-ws] K clamp binds: eid 1003 demanded [kinematics-ws] K clamp binds: eid5287  clamped 40961014 demanded 9828 
clamped 4096
[kinematics-ws] K clamp binds: eid 1013 demanded 20034 clamped 4096
[kinematics-ws] K clamp binds: eid 1001 demanded 22018 clamped 4096
[kinematics-ws] K clamp binds: eid 1015 demanded 4803 clamped 4096
[kinematics-ws] K clamp binds: eid 1002 demanded 10807 clamped 4096
[kinematics-ws] K clamp binds: eid 1002 demanded 10808 clamped 4096
[kinematics-ws] K clamp binds: eid 1015 demanded 4808 clamped 4096
[kinematics-ws] K clamp binds: eid 1013 demanded 20012 clamped 4096
[kinematics-ws] K clamp binds: eid 1014 demanded 9830 clamped 4096
[kinematics-ws] K clamp binds: eid 1003 demanded 5289 clamped 4096
[kinematics-ws] K clamp binds: eid 1001 demanded 22026 clamped 4096
[kinematics-ws] K clamp binds: eid 1001 demanded 22023 clamped 4096
[kinematics-ws] K clamp binds: eid 1003 demanded 5289 clamped 4096
[kinematics-ws] K clamp binds: eid[kinematics-ws] K clamp binds: eid 1013 demanded 20072 clamped 4096
[kinematics-ws] K clamp binds: eid 1002 demanded 10808 clamped 4096
 1014 demanded 9832 clamped 4096
[kinematics-ws] K clamp binds: eid 1015 demanded 4820 clamped 4096
[kinematics-ws] K clamp binds: eid 1003 demanded 5289 clamped 4096
[kinematics-ws] K clamp binds: eid 1001 demanded 22023 clamped 4096
[kinematics-ws] K clamp binds: eid 1002 demanded 10808 clamped 4096
[kinematics-ws] K clamp binds: eid 1014 demanded 9838 clamped 4096
[kinematics-ws] K clamp binds: eid 1013 demanded 20046 clamped 4096
[kinematics-ws] K clamp binds: eid 1015 demanded 4815 clamped 4096
[kinematics-ws] K clamp binds: eid 1015 demanded 4814 clamped 4096
[kinematics-ws] K clamp binds: eid 1013 demanded 20048 clamped 4096
[kinematics-ws] K clamp binds: eid 1003 demanded 5291 clamped 4096
[kinematics-ws] K clamp binds: eid 1014 demanded 9837 clamped [kinematics-ws] K clamp binds: eid 40961001 demanded 22024 clamped 
4096
[kinematics-ws] K clamp binds: eid 1002 demanded 10807 clamped 4096
[kinematics-ws] K clamp binds: eid 1001 demanded 22030 clamped 4096
[kinematics-ws] K clamp binds: eid 1003 demanded 5291 clamped 4096
[kinematics-ws] K clamp binds: eid 1014 demanded 9823 clamped 4096
[kinematics-ws] K clamp binds: eid 1015 demanded 4817 clamped 4096
[kinematics-ws] K clamp binds: eid 1013 demanded 20065 clamped 4096
[kinematics-ws] K clamp binds: eid 1002 demanded 10807 clamped 4096
[kinematics-ws] K clamp binds: eid 1002 demanded 10807 clamped 4096
[kinematics-ws] K clamp binds: eid 1015 demanded 4822 clamped 4096
[kinematics-ws] K clamp binds: eid 1001 demanded 22022 clamped 4096
[kinematics-ws] K clamp binds: eid 1003 demanded 5291 clamped 4096
[kinematics-ws] K clamp binds: eid 1014 demanded 9818 clamped 4096
[kinematics-ws] K clamp binds: eid 1013 demanded 20057 clamped 4096
[kinematics-ws] K clamp binds: eid 1001 demanded 22035 clamped 4096
[kinematics-ws] K clamp binds: eid 1014 demanded 9833 clamped 4096
[kinematics-ws] K clamp binds: eid 1002 demanded 10808 clamped 4096
[kinematics-ws] K clamp binds: eid 1003 demanded 5293 clamped 4096
[kinematics-ws] K clamp binds: eid 1013 demanded 20029 clamped 4096
[kinematics-ws] K clamp binds: eid 1015 demanded 4826 clamped 4096
[kinematics-ws] K clamp binds: eid 1001 demanded 22038 clamped 4096
[kinematics-ws] K clamp binds: eid 1013 demanded 20052 clamped 4096
[kinematics-ws] K clamp binds: eid 1015 demanded 4829 clamped 4096
[kinematics-ws] K clamp binds: eid 1014 demanded 9815 clamped 4096
[kinematics-ws] K clamp binds: eid 1003 demanded 5294 clamped 4096
[kinematics-ws] K clamp binds: eid 1002 demanded 10809 clamped 4096
[kinematics-ws] K clamp binds: eid 1013 demanded 20082 clamped 4096
[kinematics-ws] K clamp binds: eid 1001 demanded 22031 clamped 4096
[kinematics-ws] K clamp binds: eid 1003 demanded 5293 clamped 4096
[kinematics-ws] K clamp binds: eid 1015 demanded 4829 clamped 4096
[kinematics-ws] K clamp binds: eid 1002 demanded 10810 clamped 4096
[kinematics-ws] K clamp binds: eid 1014 demanded 9833 clamped 4096
[kinematics-ws] K clamp binds: eid 1003 demanded 5294 clamped 4096
[kinematics-ws] K clamp binds: eid 1013 demanded 20084 clamped 4096
[kinematics-ws] K clamp binds: eid 1015 demanded 4829 clamped 4096
[kinematics-ws] K clamp binds: eid 1014 demanded 9824 clamped 4096
[kinematics-ws] K clamp binds: eid 1001 demanded 22034 clamped 4096
[kinematics-ws] K clamp binds: eid 1002 demanded 10811 clamped 4096
[kinematics-ws] K clamp binds: eid 1001 demanded 22042 clamped 4096
[kinematics-ws] K clamp binds: eid 1002 demanded 10812 clamped 4096
[kinematics-ws] K clamp binds: eid 1015 demanded 4830 clamped 4096
[kinematics-ws] K clamp binds: eid 1003 demanded 5296 clamped 4096
[kinematics-ws] K clamp binds: eid 1013 demanded 20089 clamped 4096
[kinematics-ws] K clamp binds: eid 1014 demanded 9827 clamped 4096
[kinematics-ws] K clamp binds: eid 1001 demanded 22048 clamped 4096
[kinematics-ws] K clamp binds: eid 1014 demanded 9844 clamped 4096
[kinematics-ws] K clamp binds: eid 1003 demanded 5296 clamped 4096
[kinematics-ws] K clamp binds: eid 1002 demanded 10810 clamped 4096
[kinematics-ws] K clamp binds: eid 1015 demanded 4830 clamped 4096
[kinematics-ws] K clamp binds: eid 1013 demanded 20074 clamped 4096
[kinematics-ws] K clamp binds: eid 1003 demanded 5296 clamped 4096
[kinematics-ws] K clamp binds: eid 1001 demanded 22052 clamped 4096
[kinematics-ws] K clamp binds: eid 1013 demanded 20049 clamped 4096
[kinematics-ws] K clamp binds: eid 1014 demanded 9851 clamped 4096
[kinematics-ws] K clamp binds: eid 1002 demanded 10807 clamped 4096
[kinematics-ws] K clamp binds: eid 1015 demanded 4829 clamped 4096
[kinematics-ws] K clamp binds: eid 1002 demanded 10804 clamped 4096
[kinematics-ws] K clamp binds: eid 1003 demanded 5297 clamped 4096
[kinematics-ws] K clamp binds: eid 1013 demanded 20079 clamped 4096
[kinematics-ws] K clamp binds: eid 1014 demanded 9852 clamped 4096
[kinematics-ws] K clamp binds: eid[kinematics-ws] K clamp binds: eid  1015 1001 demanded 22053 demanded 4828 clamped clamped 40964096

[kinematics-ws] K clamp binds: eid 1013 demanded 20080 clamped 4096
[kinematics-ws] K clamp binds: eid 1014 demanded 9852 clamped 4096
[kinematics-ws] K clamp binds: eid 1015 demanded 4827 clamped 4096
[kinematics-ws] K clamp binds: eid 1003 demanded 5299 clamped 4096
[kinematics-ws] K clamp binds: eid 1002 demanded 10806 clamped 4096
[kinematics-ws] K clamp binds: eid 1001 demanded 22053 clamped 4096
[kinematics-ws] K clamp binds: eid 1013 demanded 20069 clamped 4096
[kinematics-ws] K clamp binds: eid 1015 demanded 4826 clamped 4096
[kinematics-ws] K clamp binds: eid 1001 demanded 22050 clamped 4096
[kinematics-ws] K clamp binds: eid 1002 demanded 10809 clamped 4096
[kinematics-ws] K clamp binds: eid 1003 demanded 5300 clamped 4096
[kinematics-ws] K clamp binds: eid 1014 demanded 9854 clamped 4096
[kinematics-ws] K clamp binds: eid 1015 demanded 4826 clamped 4096
[kinematics-ws] K clamp binds: eid 1003 demanded 5300 clamped 4096
[kinematics-ws] K clamp binds: eid 1001 demanded 22046 clamped 4096
[kinematics-ws] K clamp binds: eid 1013 demanded 20073 clamped 4096
[kinematics-ws] K clamp binds: eid 1002 demanded 10808 clamped 4096
[kinematics-ws] K clamp binds: eid 1014 demanded 9851 clamped 4096
[kinematics-ws] K clamp binds: eid 1003 demanded 5299 clamped 4096
[kinematics-ws] K clamp binds: eid 1014 demanded 9843 clamped 4096
[kinematics-ws] K clamp binds: eid 1002 demanded 10803 clamped 4096
[kinematics-ws] K clamp binds: eid 1001 demanded 22042 clamped 4096
[kinematics-ws] K clamp binds: eid 1015 demanded 4826 clamped 4096
[kinematics-ws] K clamp binds: eid 1013 demanded 20088 clamped 4096
[kinematics-ws] K clamp binds: eid 1003 demanded 5300 clamped 4096
[kinematics-ws] K clamp binds: eid 1014 demanded 9844 clamped 4096
[kinematics-ws] K clamp binds: eid 1013 demanded 20106 clamped 4096
[kinematics-ws] K clamp binds: eid 1001 demanded 22045 clamped 4096
[kinematics-ws] K clamp binds: eid 1015 demanded 4824 clamped 4096
[kinematics-ws] K clamp binds: eid 1002 demanded 10803 clamped 4096
[kinematics-ws] K clamp binds: eid 1015 demanded 4824 clamped 4096
[kinematics-ws] K clamp binds: eid 1002 demanded 10808 clamped 4096
[kinematics-ws] K clamp binds: eid 1013 demanded 20064 clamped 4096
[kinematics-ws] K clamp binds: eid 1001 demanded 22052 clamped 4096
[kinematics-ws] K clamp binds: eid 1003 demanded 5302 clamped 4096
[kinematics-ws] K clamp binds: eid 1014 demanded 9848 clamped 4096
[kinematics-ws] K clamp binds: eid[kinematics-ws] K clamp binds: eid  1001 1013demanded  demanded 22046 20104 clamped clamped 40964096

[kinematics-ws] K clamp binds: eid 1003 demanded 5303 clamped 4096
[kinematics-ws] K clamp binds: eid 1002 demanded 10803 clamped 4096
[kinematics-ws] K clamp binds: eid 1015 demanded 4824 clamped 4096
[kinematics-ws] K clamp binds: eid 1014 demanded 9840 clamped 4096
[kinematics-ws] K clamp binds: eid 1002 demanded 10802 clamped 4096
[kinematics-ws] K clamp binds: eid 1001 demanded 22038 clamped 4096
[kinematics-ws] K clamp binds: eid 1015 demanded 4822 clamped 4096
[kinematics-ws] K clamp binds: eid 1014 demanded 9848 clamped 4096
[kinematics-ws] K clamp binds: eid 1013 demanded 20115 clamped 4096
[kinematics-ws] K clamp binds: eid 1003 demanded 5304 clamped 4096
[kinematics-ws] K clamp binds: eid 1015 demanded 4824 clamped 4096
[kinematics-ws] K clamp binds: eid 1013 demanded 20113 clamped 4096
[kinematics-ws] K clamp binds: eid 1002 demanded 10806 clamped 4096
[kinematics-ws] K clamp binds: eid 1003 demanded 5304 clamped 4096
[kinematics-ws] K clamp binds: eid 1001 demanded 22049 clamped 4096
[kinematics-ws] K clamp binds: eid 1014 demanded 9846 clamped 4096
[kinematics-ws] K clamp binds: eid 1015 demanded 4823 clamped 4096
[kinematics-ws] K clamp binds: eid 1013 demanded 20122 clamped 4096
[kinematics-ws] K clamp binds: eid 1003 demanded 5304 clamped 4096
[kinematics-ws] K clamp binds: eid 1014 demanded 9850 clamped 4096
[kinematics-ws] K clamp binds: eid 1002 demanded 10801 clamped 4096
[kinematics-ws] K clamp binds: eid 1001 demanded 22039 clamped 4096
[kinematics-ws] K clamp binds: eid 1001 demanded 22046 clamped 4096
[kinematics-ws] K clamp binds: eid 1014 demanded 9860 clamped 4096
[kinematics-ws] K clamp binds: eid 1015 demanded 4826 clamped 4096
[kinematics-ws] K clamp binds: eid 1002 demanded 10804 clamped 4096
[kinematics-ws] K clamp binds: eid 1003 demanded 5304 clamped 4096
[kinematics-ws] K clamp binds: eid 1013 demanded 20121 clamped 4096
[kinematics-ws] K clamp binds: eid 1013 demanded 20089 clamped 4096
[kinematics-ws] K clamp binds: eid 1015 demanded 4826 clamped 4096
[kinematics-ws] K clamp binds: eid 1003 demanded 5304 clamped 4096
[kinematics-ws] K clamp binds: eid 1014 demanded 9864 clamped 4096
[kinematics-ws] K clamp binds: eid 1001 demanded 22041 clamped 4096
[kinematics-ws] K clamp binds: eid 1002 demanded 10803 clamped 4096
[kinematics-ws] K clamp binds: eid 1014 demanded 9866 clamped 4096
[kinematics-ws] K clamp binds: eid 1003 demanded 5304 clamped 4096
[kinematics-ws] K clamp binds: eid 1013 demanded 20122 clamped 4096
[kinematics-ws] K clamp binds: eid 1015 demanded 4828 clamped 4096
[kinematics-ws] K clamp binds: eid 1002 demanded 10802 clamped 4096
[kinematics-ws] K clamp binds: eid 1001 demanded 22050 clamped 4096
[kinematics-ws] K clamp binds: eid 1001 demanded 22041 clamped 4096
[kinematics-ws] K clamp binds: eid 1013 demanded 20110 clamped 4096
[kinematics-ws] K clamp binds: eid 1014 demanded 9867 clamped 4096
[kinematics-ws] K clamp binds: eid 1015 demanded 4831 clamped 4096
[kinematics-ws] K clamp binds: eid 1003 demanded 5305 clamped 4096
[kinematics-ws] K clamp binds: eid 1002 demanded 10805 clamped 4096
[kinematics-ws] K clamp binds: eid [kinematics-ws] K clamp binds: eid1014  demanded 9868 clamped 1015 demanded 4830 clamped 40964096

[kinematics-ws] K clamp binds: eid 1003 demanded 5305 clamped 4096
[kinematics-ws] K clamp binds: eid 1002 demanded 10802 clamped 4096
[kinematics-ws] K clamp binds: eid 1001 demanded 22054 clamped 4096
[kinematics-ws] K clamp binds: eid 1013 demanded 20106 clamped 4096
[kinematics-ws] K clamp binds: eid 1001 demanded 22054 clamped 4096
[kinematics-ws] K clamp binds: eid 1013 demanded 20110 clamped 4096
[kinematics-ws] K clamp binds: eid 1002 demanded 10805 clamped 4096
[kinematics-ws] K clamp binds: eid 1015 demanded 4834 clamped 4096
[kinematics-ws] K clamp binds: eid 1003 demanded 5306 clamped 4096
[kinematics-ws] K clamp binds: eid 1014 demanded 9868 clamped 4096
[kinematics-ws] K clamp binds: eid 1014 demanded 9868 clamped 4096
[kinematics-ws] K clamp binds: eid 1015 demanded 4839 clamped 4096
[kinematics-ws] K clamp binds: eid 1002 demanded 10804 clamped 4096
[kinematics-ws] K clamp binds: eid 1001 demanded 22049 clamped 4096
[kinematics-ws] K clamp binds: eid 1003 demanded 5307 clamped 4096
[kinematics-ws] K clamp binds: eid 1013 demanded 20121 clamped 4096
[kinematics-ws] K clamp binds: eid 1001 demanded 22055 clamped 4096
[kinematics-ws] K clamp binds: eid 1013 demanded 20147 clamped 4096
[kinematics-ws] K clamp binds: eid 1002 demanded 10805 clamped 4096
[kinematics-ws] K clamp binds: eid 1003 demanded 5307 clamped 4096
[kinematics-ws] K clamp binds: eid 1014 demanded 9867 clamped 4096
[kinematics-ws] K clamp binds: eid 1015 demanded 4840 clamped 4096
[kinematics-ws] K clamp binds: eid 1001 demanded 22065 clamped 4096
[kinematics-ws] K clamp binds: eid 1002 demanded 10808 clamped 4096
[kinematics-ws] K clamp binds: eid 1003 demanded 5307 clamped 4096
[kinematics-ws] K clamp binds: eid 1014 demanded 9863 clamped 4096
[kinematics-ws] K clamp binds: eid 1015 demanded 4841 clamped 4096
[kinematics-ws] K clamp binds: eid 1013 demanded 20105 clamped 4096
[kinematics-ws] K clamp binds: eid[kinematics-ws] K clamp binds: eid  1014 1015 demanded 4842 clamped demanded 9865 4096clamped 4096

[kinematics-ws] K clamp binds: eid 1013 demanded 20149 clamped 4096
[kinematics-ws] K clamp binds: eid 1002 demanded 10804 clamped 4096
[kinematics-ws] K clamp binds: eid 1001 demanded 22069 clamped 4096
[kinematics-ws] K clamp binds: eid 1003 demanded 5307 clamped 4096
[kinematics-ws] K clamp binds: eid 1001 demanded 22069 clamped 4096
[kinematics-ws] K clamp binds: eid[kinematics-ws] K clamp binds: eid  1013 1014 demanded demanded 20146 clamped 9863 clamped 40964096

[kinematics-ws] K clamp binds: eid 1015 demanded 4843 clamped 4096
[kinematics-ws] K clamp binds: eid 1002 demanded 10811 clamped 4096
[kinematics-ws] K clamp binds: eid 1003 demanded 5307 clamped 4096
[kinematics-ws] K clamp binds: eid 1014 demanded 9867 clamped 4096
[kinematics-ws] K clamp binds: eid 1013 demanded 20142 clamped 4096
[kinematics-ws] K clamp binds: eid 1001 demanded 22069 clamped 4096
[kinematics-ws] K clamp binds: eid 1003 demanded 5307 clamped 4096
[kinematics-ws] K clamp binds: eid 1015 demanded 4844 clamped 4096
[kinematics-ws] K clamp binds: eid 1002 demanded 10809 clamped 4096
[kinematics-ws] K clamp binds: eid 1013 demanded 20153 clamped 4096
[kinematics-ws] K clamp binds: eid 1003 demanded 5307 clamped 4096
[kinematics-ws] K clamp binds: eid 1001 demanded 22069 clamped 4096
[kinematics-ws] K clamp binds: eid 1015 demanded 4845 clamped 4096
[kinematics-ws] K clamp binds: eid 1002 demanded 10808 clamped 4096
[kinematics-ws] K clamp binds: eid 1014 demanded 9869 clamped 4096
[kinematics-ws] K clamp binds: eid 1003 demanded 5307 clamped 4096
[kinematics-ws] K clamp binds: eid 1014 demanded 9876 clamped 4096
[kinematics-ws] K clamp binds: eid 1015 demanded 4844 clamped 4096
[kinematics-ws] K clamp binds: eid 1001 demanded 22070 clamped 4096
[kinematics-ws] K clamp binds: eid 1002 demanded 10815 clamped 4096
[kinematics-ws] K clamp binds: eid 1013 demanded 20169 clamped 4096
[kinematics-ws] K clamp binds: eid 1001 demanded 22072 clamped 4096
[kinematics-ws] K clamp binds: eid 1003 demanded 5306 clamped 4096
[kinematics-ws] K clamp binds: eid 1002 demanded 10814 clamped 4096
[kinematics-ws] K clamp binds: eid 1015 demanded 4844 clamped 4096
[kinematics-ws] K clamp binds: eid 1014 demanded 9881 clamped 4096
[kinematics-ws] K clamp binds: eid 1013 demanded 20133 clamped 4096
[kinematics-ws] K clamp binds: eid 1013 demanded 20160 clamped 4096
[kinematics-ws] K clamp binds: eid 1002 demanded 10812 clamped 4096
[kinematics-ws] K clamp binds: eid 1014 demanded 9885 clamped 4096
[kinematics-ws] K clamp binds: eid 1015 demanded 4844 clamped 4096
[kinematics-ws] K clamp binds: eid 1001 demanded 22072 clamped 4096
[kinematics-ws] K clamp binds: eid 1003 demanded 5306 clamped 4096
[kinematics-ws] K clamp binds: eid 1014 demanded 9887 clamped 4096
[kinematics-ws] K clamp binds: eid 1003 demanded 5306 clamped 4096
[kinematics-ws] K clamp binds: eid 1001 demanded 22070 clamped 4096
[kinematics-ws] K clamp binds: eid 1015 demanded 4847 clamped 4096
[kinematics-ws] K clamp binds: eid 1013 demanded 20134 clamped 4096
[kinematics-ws] K clamp binds: eid 1002 demanded 10815 clamped 4096
[kinematics-ws] K clamp binds: eid 1003 demanded 5307 clamped 4096
[kinematics-ws] K clamp binds: eid 1001 demanded 22065 clamped 4096
[kinematics-ws] K clamp binds: eid 1015 demanded 4852 clamped 4096
[kinematics-ws] K clamp binds: eid 1014 demanded 9888 clamped 4096
[kinematics-ws] K clamp binds: eid 1013 demanded 20146 clamped 4096
[kinematics-ws] K clamp binds: eid 1002 demanded 10820 clamped 4096
[kinematics-ws] K clamp binds: eid 1003 demanded 5308 clamped 4096
[kinematics-ws] K clamp binds: eid 1001 demanded 22064 clamped 4096
[kinematics-ws] K clamp binds: eid 1002 demanded 10821 clamped 4096
[kinematics-ws] K clamp binds: eid 1014 demanded 9888 clamped 4096
[kinematics-ws] K clamp binds: eid 1013 demanded 20149 clamped 4096
[kinematics-ws] K clamp binds: eid 1015 demanded 4853 clamped 4096
[kinematics-ws] K clamp binds: eid 1013 demanded 20143 clamped 4096
[kinematics-ws] K clamp binds: eid 1015 demanded 4844 clamped 4096
[kinematics-ws] K clamp binds: eid 1014 demanded 9890 clamped 4096
[kinematics-ws] K clamp binds: eid 1002 demanded 10819 clamped 4096
[kinematics-ws] K clamp binds: eid 1001 demanded 22068 clamped 4096
[kinematics-ws] K clamp binds: eid 1003 demanded 5309 clamped 4096
[kinematics-ws] K clamp binds: eid 1001 demanded 22064 clamped 4096
[kinematics-ws] K clamp binds: eid 1003 demanded 5310 clamped 4096
[kinematics-ws] K clamp binds: eid 1015 demanded 4839 clamped 4096
[kinematics-ws] K clamp binds: eid 1013 demanded 20177 clamped 4096
[kinematics-ws] K clamp binds: eid 1014 demanded 9889 clamped 4096
[kinematics-ws] K clamp binds: eid 1002 demanded 10818 clamped 4096
[kinematics-ws] K clamp binds: eid 1003 demanded 5310 clamped 4096
[kinematics-ws] K clamp binds: eid 1002 demanded 10820 clamped 4096
[kinematics-ws] K clamp binds: eid 1001 demanded 22061 clamped 4096
[kinematics-ws] K clamp binds: eid 1015 demanded 4850 clamped 4096
[kinematics-ws] K clamp binds: eid 1014 demanded 9882 clamped 4096
[kinematics-ws] K clamp binds: eid 1013 demanded 20165 clamped 4096
[kinematics-ws] K clamp binds: eid 1001 demanded 22066 clamped 4096
[kinematics-ws] K clamp binds: eid 1003 demanded 5309 clamped 4096
[kinematics-ws] K clamp binds: eid 1014 demanded 9885 clamped 4096
[kinematics-ws] K clamp binds: eid 1002 demanded 10823 clamped 4096
[kinematics-ws] K clamp binds: eid 1015 demanded 4844 clamped 4096
[kinematics-ws] K clamp binds: eid 1013 demanded 20183 clamped 4096
[kinematics-ws] K clamp binds: eid 1003 demanded 5307 clamped 4096
[kinematics-ws] K clamp binds: eid 1001 demanded 22060 clamped 4096
[kinematics-ws] K clamp binds: eid 1014 demanded 9883 clamped 4096
[kinematics-ws] K clamp binds: eid 1013 demanded 20152 clamped 4096
[kinematics-ws] K clamp binds: eid 1015 demanded 4839 clamped 4096
[kinematics-ws] K clamp binds: eid 1002 demanded 10826 clamped 4096
[kinematics-ws] K clamp binds: eid 1013 demanded 20157 clamped 4096
[kinematics-ws] K clamp binds: eid 1001 demanded 22067 clamped 4096
[kinematics-ws] K clamp binds: eid 1014 demanded 9887 clamped 4096
[kinematics-ws] K clamp binds: eid 1003 demanded 5306 clamped 4096
[kinematics-ws] K clamp binds: eid 1015 demanded 4850 clamped 4096
[kinematics-ws] K clamp binds: eid 1002 demanded 10828 clamped 4096
[kinematics-ws] K clamp binds: eid 1001 demanded 22063 clamped 4096
[kinematics-ws] K clamp binds: eid 1015 demanded 4836 clamped 4096
[kinematics-ws] K clamp binds: eid 1003 demanded 5306 clamped 4096
[kinematics-ws] K clamp binds: eid 1014 demanded 9886 clamped 4096
[kinematics-ws] K clamp binds: eid 1013 demanded 20159 clamped 4096
[kinematics-ws] K clamp binds: eid 1002 demanded 10829 clamped 4096
[kinematics-ws] K clamp binds: eid 1013 demanded 20178 clamped 4096
[kinematics-ws] K clamp binds: eid 1015 demanded 4851 clamped 4096
[kinematics-ws] K clamp binds: eid 1014 demanded 9895 clamped 4096
[kinematics-ws] K clamp binds: eid 1001 demanded 22068 clamped 4096
[kinematics-ws] K clamp binds: eid 1003 demanded 5308 clamped 4096
[kinematics-ws] K clamp binds: eid 1002 demanded 10830 clamped 4096
[kinematics-ws] K clamp binds: eid 1001 demanded 22071 clamped 4096
[kinematics-ws] K clamp binds: eid 1003 demanded 5310 clamped 4096
[kinematics-ws] K clamp binds: eid 1002 demanded 10830 clamped 4096
[kinematics-ws] K clamp binds: eid 1015 demanded 4837 clamped 4096
[kinematics-ws] K clamp binds: eid 1014 demanded 9902 clamped 4096
[kinematics-ws] K clamp binds: eid 1013 demanded 20219 clamped 4096
[kinematics-ws] K clamp binds: eid 1001 demanded 22069 clamped 4096
[kinematics-ws] K clamp binds: eid 1015 demanded 4852 clamped 4096
[kinematics-ws] K clamp binds: eid 1014 demanded 9904 clamped 4096
[kinematics-ws] K clamp binds: eid 1013 demanded 20151 clamped 4096
[kinematics-ws] K clamp binds: eid 1003 demanded 5308 clamped 4096
[kinematics-ws] K clamp binds: eid 1002 demanded 10830 clamped 4096
[kinematics-ws] K clamp binds: eid 1001 demanded 22075 clamped 4096
[kinematics-ws] K clamp binds: eid 1003 demanded 5305 clamped 4096
[kinematics-ws] K clamp binds: eid 1002 demanded 10830 clamped 4096
[kinematics-ws] K clamp binds: eid 1013 demanded 20202 clamped 4096
[kinematics-ws] K clamp binds: eid 1015 demanded 4844 clamped 4096
[kinematics-ws] K clamp binds: eid 1014 demanded 9904 clamped 4096
[kinematics-ws] K clamp binds: eid 1001 demanded 22080 clamped 4096
[kinematics-ws] K clamp binds: eid 1003 demanded 5304 clamped 4096
[kinematics-ws] K clamp binds: eid 1014 demanded 9906 clamped 4096
[kinematics-ws] K clamp binds: eid 1002 demanded 10829 clamped 4096
[kinematics-ws] K clamp binds: eid 1015 demanded 4846 clamped 4096
[kinematics-ws] K clamp binds: eid 1013 demanded 20235 clamped 4096
[kinematics-ws] K clamp binds: eid 1014 demanded 9907 clamped 4096
[kinematics-ws] K clamp binds: eid 1015 demanded 4859 clamped 4096
[kinematics-ws] K clamp binds: eid 1001 demanded 22081 clamped 4096
[kinematics-ws] K clamp binds: eid 1002 demanded 10828 clamped 4096
[kinematics-ws] K clamp binds: eid 1003 demanded 5307 clamped 4096
[kinematics-ws] K clamp binds: eid 1013 demanded 20240 clamped 4096
[kinematics-ws] K clamp binds: eid 1015 demanded 4852 clamped 4096
[kinematics-ws] K clamp binds: eid 1003 demanded 5309 clamped 4096
[kinematics-ws] K clamp binds: eid 1014 demanded 9910 clamped 4096
[kinematics-ws] K clamp binds: eid 1013 demanded 20236 clamped 4096
[kinematics-ws] K clamp binds: eid 1001 demanded 22081 clamped 4096
[kinematics-ws] K clamp binds: eid 1002 demanded 10827 clamped 4096
[kinematics-ws] K clamp binds: eid 1001 demanded 22082 clamped 4096
[kinematics-ws] K clamp binds: eid 1003 demanded 5306 clamped 4096
[kinematics-ws] K clamp binds: eid 1002 demanded 10826 clamped 4096
[kinematics-ws] K clamp binds: eid 1015 demanded 4848 clamped 4096
[kinematics-ws] K clamp binds: eid 1013 demanded 20188 clamped 4096
[kinematics-ws] K clamp binds: eid 1014 demanded 9910 clamped 4096
[kinematics-ws] K clamp binds: eid 1013 demanded 20206 clamped 4096
[kinematics-ws] K clamp binds: eid 1002 demanded 10827 clamped 4096
[kinematics-ws] K clamp binds: eid 1003 demanded 5303 clamped 4096
[kinematics-ws] K clamp binds: eid 1014 demanded 9903 clamped 4096
[kinematics-ws] K clamp binds: eid 1001 demanded 22083 clamped 4096
[kinematics-ws] K clamp binds: eid 1015 demanded 4859 clamped 4096
[kinematics-ws] K clamp binds: eid 1002 demanded 10828 clamped 4096
[kinematics-ws] K clamp binds: eid 1003 demanded 5306 clamped 4096
[kinematics-ws] K clamp binds: eid 1001 demanded 22084 clamped 4096
[kinematics-ws] K clamp binds: eid 1015 demanded 4868 clamped 4096
[kinematics-ws] K clamp binds: eid 1013 demanded 20194 clamped 4096
[kinematics-ws] K clamp binds: eid 1014 demanded 9904 clamped 4096
[kinematics-ws] K clamp binds: eid 1002 demanded 10829 clamped 4096
[kinematics-ws] K clamp binds: eid 1015 demanded 4870 clamped 4096
[kinematics-ws] K clamp binds: eid 1014 demanded 9905 clamped 4096
[kinematics-ws] K clamp binds: eid 1001 demanded 22084 clamped 4096
[kinematics-ws] K clamp binds: eid 1003 demanded 5308 clamped 4096
[kinematics-ws] K clamp binds: eid 1013 demanded 20247 clamped 4096
[kinematics-ws] K clamp binds: eid 1002 demanded 10828 clamped 4096
[kinematics-ws] K clamp binds: eid 1003 demanded 5304 clamped 4096
[kinematics-ws] K clamp binds: eid 1013 demanded 20247 clamped 4096
[kinematics-ws] K clamp binds: eid 1015 demanded 4868 clamped 4096
[kinematics-ws] K clamp binds: eid 1001 demanded 22084 clamped 4096
[kinematics-ws] K clamp binds: eid 1014 demanded 9903 clamped 4096
[kinematics-ws] K clamp binds: eid[kinematics-ws] K clamp binds: eid  1015 demanded 1014 demanded 9907 4866clamped  clamped 40964096

[kinematics-ws] K clamp binds: eid 1013 demanded 20252 clamped 4096
[kinematics-ws] K clamp binds: eid 1002 demanded 10825 clamped 4096
[kinematics-ws] K clamp binds: eid 1001 demanded 22086 clamped 4096
[kinematics-ws] K clamp binds: eid 1003 demanded 5303 clamped 4096
[kinematics-ws] K clamp binds: eid 1003 demanded 5307 clamped 4096
[kinematics-ws] K clamp binds: eid 1014 demanded 9914 clamped 4096
[kinematics-ws] K clamp binds: eid 1015 demanded 4866 clamped 4096
[kinematics-ws] K clamp binds: eid 1001 demanded 22090 clamped 4096
[kinematics-ws] K clamp binds: eid 1002 demanded 10825 clamped 4096
[kinematics-ws] K clamp binds: eid 1013 demanded 20254 clamped 4096
[kinematics-ws] K clamp binds: eid 1001 demanded 22093 clamped 4096
[kinematics-ws] K clamp binds: eid 1015 demanded 4867 clamped 4096
[kinematics-ws] K clamp binds: eid 1013 demanded 20206 clamped 4096
[kinematics-ws] K clamp binds: eid 1002 demanded 10827 clamped 4096
[kinematics-ws] K clamp binds: eid 1014 demanded 9915 clamped 4096
[kinematics-ws] K clamp binds: eid 1003 demanded 5305 clamped 4096
[kinematics-ws] K clamp binds: eid 1001 demanded 22087 clamped 4096
[kinematics-ws] K clamp binds: eid 1003 demanded 5302 clamped 4096
[kinematics-ws] K clamp binds: eid 1002 demanded 10826 clamped 4096
[kinematics-ws] K clamp binds: eid 1015 demanded 4868 clamped 4096
[kinematics-ws] K clamp binds: eid 1013 demanded 20241 clamped 4096
[kinematics-ws] K clamp binds: eid 1014 demanded 9915 clamped 4096
[kinematics-ws] K clamp binds: eid 1001 demanded 22080 clamped 4096
[kinematics-ws] K clamp binds: eid [kinematics-ws] K clamp binds: eid 10141015 demanded  demanded 48729919  clampedclamped  40964096

[kinematics-ws] K clamp binds: eid 1003 demanded 5305 clamped 4096
[kinematics-ws] K clamp binds: eid 1002 demanded 10822 clamped 4096
[kinematics-ws] K clamp binds: eid 1013 demanded 20200 clamped 4096
[kinematics-ws] K clamp binds: eid 1003 demanded 5305 clamped 4096
[kinematics-ws] K clamp binds: eid 1001 demanded 22087 clamped 4096
[kinematics-ws] K clamp binds: eid 1015 demanded 4876 clamped 4096
[kinematics-ws] K clamp binds: eid 1014 demanded 9922 clamped 4096
[kinematics-ws] K clamp binds: eid 1002 demanded 10825 clamped 4096
[kinematics-ws] K clamp binds: eid 1013 demanded 20243 clamped 4096
[kinematics-ws] K clamp binds: eid 1001 demanded 22085 clamped 4096
[kinematics-ws] K clamp binds: eid 1003 demanded 5301 clamped 4096
[kinematics-ws] K clamp binds: eid 1013 demanded 20265 clamped 4096
[kinematics-ws] K clamp binds: eid 1014 demanded 9922 clamped 4096
[kinematics-ws] K clamp binds: eid 1015 demanded 4876 clamped [kinematics-ws] K clamp binds: eid4096 
1002 demanded 10825 clamped 4096
[kinematics-ws] K clamp binds: eid 1013 demanded 20254 clamped 4096
[kinematics-ws] K clamp binds: eid 1014 demanded 9921 clamped 4096
[kinematics-ws] K clamp binds: eid 1003 demanded 5305 clamped 4096
[kinematics-ws] K clamp binds: eid 1001 demanded 22080 clamped 4096
[kinematics-ws] K clamp binds: eid 1015 demanded 4867 clamped 4096
[kinematics-ws] K clamp binds: eid 1002 demanded 10821 clamped 4096
[kinematics-ws] K clamp binds: eid 1013 demanded 20220 clamped 4096
[kinematics-ws] K clamp binds: eid 1001 demanded 22088 clamped 4096
[kinematics-ws] K clamp binds: eid 1003 demanded 5303 clamped 4096
[kinematics-ws] K clamp binds: eid 1015 demanded 4858 clamped 4096
[kinematics-ws] K clamp binds: eid 1014 demanded 9925 clamped 4096
[kinematics-ws] K clamp binds: eid 1002 demanded 10825 clamped 4096
[kinematics-ws] K clamp binds: eid 1003 demanded 5301 clamped 4096
[kinematics-ws] K clamp binds: eid 1015 demanded 4865 clamped 4096
[kinematics-ws] K clamp binds: eid 1014 demanded 9935 clamped 4096
[kinematics-ws] K clamp binds: eid 1001 demanded 22079 clamped 4096
[kinematics-ws] K clamp binds: eid 1013 demanded 20257 clamped 4096
[kinematics-ws] K clamp binds: eid 1002 demanded 10822 clamped 4096
[kinematics-ws] K clamp binds: eid 1014 demanded 9923 clamped 4096
[kinematics-ws] K clamp binds: eid 1002 demanded 10822 clamped 4096
[kinematics-ws] K clamp binds: eid 1015 demanded 4873 clamped 4096
[kinematics-ws] K clamp binds: eid 1001 demanded 22089 clamped 4096
[kinematics-ws] K clamp binds: eid 1013 demanded 20230 clamped 4096
[kinematics-ws] K clamp binds: eid 1003 demanded 5306 clamped 4096
[kinematics-ws] K clamp binds: eid 1013 demanded 20284 clamped 4096
[kinematics-ws] K clamp binds: eid 1003 demanded 5301 clamped 4096
[kinematics-ws] K clamp binds: eid 1014 demanded 9921 clamped 4096
[kinematics-ws] K clamp binds: eid 1001 demanded 22085 clamped 4096
[kinematics-ws] K clamp binds: eid 1015 demanded 4858 clamped 4096
[kinematics-ws] K clamp binds: eid 1002 demanded 10824 clamped 4096
[kinematics-ws] K clamp binds: eid 1003 demanded 5304 clamped 4096
[kinematics-ws] K clamp binds: eid 1015 demanded 4862 clamped 4096
[kinematics-ws] K clamp binds: eid 1014 demanded 9928 clamped 4096
[kinematics-ws] K clamp binds: eid 1002 demanded 10822 clamped 4096
[kinematics-ws] K clamp binds: eid 1001 demanded 22086 clamped 4096
[kinematics-ws] K clamp binds: eid 1013 demanded 20274 clamped 4096
[kinematics-ws] K clamp binds: eid [kinematics-ws] K clamp binds: eid 1001 1003 demanded 5303 clamped demanded 22096 clamped 40964096

[kinematics-ws] K clamp binds: eid 1015 demanded 4870 clamped 4096
[kinematics-ws] K clamp binds: eid 1013 demanded 20272 clamped 4096
[kinematics-ws] K clamp binds: eid 1014 demanded 9923 clamped 4096
[kinematics-ws] K clamp binds: eid 1002 demanded 10825 clamped 4096
[kinematics-ws] K clamp binds: eid 1001 demanded 22091 clamped 4096
[kinematics-ws] K clamp binds: eid 1002 demanded 10822 clamped 4096
[kinematics-ws] K clamp binds: eid 1003 demanded 5301 clamped 4096
[kinematics-ws] K clamp binds: eid 1015 demanded 4855 clamped 4096
[kinematics-ws] K clamp binds: eid 1013 demanded 20290 clamped 4096
[kinematics-ws] K clamp binds: eid 1014 demanded 9924 clamped 4096
[kinematics-ws] K clamp binds: eid 1002 demanded 10825 clamped 4096
[kinematics-ws] K clamp binds: eid 1001 demanded 22091 clamped 4096
[kinematics-ws] K clamp binds: eid 1015 demanded 4872 clamped 4096
[kinematics-ws] K clamp binds: eid 1003 demanded 5305 clamped 4096
[kinematics-ws] K clamp binds: eid 1013 demanded 20285 clamped 4096
[kinematics-ws] K clamp binds: eid 1014 demanded 9942 clamped 4096
[kinematics-ws] K clamp binds: eid 1003 demanded 5300 clamped 4096
[kinematics-ws] K clamp binds: eid 1015 demanded 4855 clamped 4096
[kinematics-ws] K clamp binds: eid 1013 demanded 20238 clamped 4096
[kinematics-ws] K clamp binds: eid 1014 demanded 9939 clamped 4096
[kinematics-ws] K clamp binds: eid 1001 demanded 22099 clamped 4096
[kinematics-ws] K clamp binds: eid 1002 demanded 10824 clamped 4096
[kinematics-ws] K clamp binds: eid 1001 demanded 22106 clamped 4096
[kinematics-ws] K clamp binds: eid 1015 demanded 4873 clamped 4096
[kinematics-ws] K clamp binds: eid 1013 demanded 20288 clamped 4096
[kinematics-ws] K clamp binds: eid 1014 demanded 9935 clamped 4096
[kinematics-ws] K clamp binds: eid 1003 demanded 5305 clamped 4096
[kinematics-ws] K clamp binds: eid 1002 demanded 10826 clamped 4096
[kinematics-ws] K clamp binds: eid 1015 demanded 4861 clamped 4096
[kinematics-ws] K clamp binds: eid 1003 demanded 5301 clamped 4096
[kinematics-ws] K clamp binds: eid 1013 demanded 20288 clamped 4096
[kinematics-ws] K clamp binds: eid 1014 demanded 9936 clamped 4096
[kinematics-ws] K clamp binds: eid 1002 demanded 10828 clamped 4096
[kinematics-ws] K clamp binds: eid 1001 demanded 22108 clamped 4096
[kinematics-ws] K clamp binds: eid 1015 demanded 4866 clamped 4096
[kinematics-ws] K clamp binds: eid 1003 demanded 5305 clamped 4096
[kinematics-ws] K clamp binds: eid 1001 demanded 22108 clamped 4096
[kinematics-ws] K clamp binds: eid 1014 demanded 9938 clamped 4096
[kinematics-ws] K clamp binds: eid 1013 demanded 20273 clamped 4096
[kinematics-ws] K clamp binds: eid 1002 demanded 10826 clamped 4096
[kinematics-ws] K clamp binds: eid 1001 demanded 22109 clamped 4096
[kinematics-ws] K clamp binds: eid 1015 demanded 4879 clamped 4096
[kinematics-ws] K clamp binds: eid 1003 demanded 5301 clamped 4096
[kinematics-ws] K clamp binds: eid 1013 demanded 20278 clamped 4096
[kinematics-ws] K clamp binds: eid 1014 demanded 9938 clamped 4096
[kinematics-ws] K clamp binds: eid 1002 demanded 10830 clamped 4096
[kinematics-ws] K clamp binds: eid 1002 demanded 10830 clamped 4096
[kinematics-ws] K clamp binds: eid 1001 demanded 22109 clamped 4096
[kinematics-ws] K clamp binds: eid 1003 demanded 5305 clamped 4096
[kinematics-ws] K clamp binds: eid 1014 demanded 9943 clamped 4096
[kinematics-ws] K clamp binds: eid 1015 demanded 4864 clamped 4096
[kinematics-ws] K clamp binds: eid 1013 demanded 20303 clamped 4096
[kinematics-ws] K clamp binds: eid 1001 demanded 22110 clamped 4096
[kinematics-ws] K clamp binds: eid 1014 demanded 9956 clamped 4096
[kinematics-ws] K clamp binds: eid 1015 demanded 4870 clamped 4096
[kinematics-ws] K clamp binds: eid 1003 demanded 5302 clamped 4096
[kinematics-ws] K clamp binds: eid 1013 demanded 20304 clamped 4096
[kinematics-ws] K clamp binds: eid 1002 demanded 10829 clamped 4096
[kinematics-ws] K clamp binds: eid 1002 demanded 10834 clamped 4096
[kinematics-ws] K clamp binds: eid 1003 demanded 5306 clamped 4096
[kinematics-ws] K clamp binds: eid 1013 demanded 20262 clamped 4096
[kinematics-ws] K clamp binds: eid 1015 demanded 4885 clamped 4096
[kinematics-ws] K clamp binds: eid 1014 demanded 9953 clamped 4096
[kinematics-ws] K clamp binds: eid 1001 demanded 22111 clamped 4096
[kinematics-ws] K clamp binds: eid 1003 demanded 5302 clamped 4096
[kinematics-ws] K clamp binds: eid 1002 demanded 10835 clamped 4096
[kinematics-ws] K clamp binds: eid 1001 demanded 22111 clamped 4096
[kinematics-ws] K clamp binds: eid 1015 demanded 4886 clamped 4096
[kinematics-ws] K clamp binds: eid 1014 demanded 9932 clamped 4096
[kinematics-ws] K clamp binds: eid 1013 demanded 20297 clamped 4096
[kinematics-ws] K clamp binds: eid 1002 demanded 10833[kinematics-ws] K clamp binds: eid 1003 demanded 5307 clamped 4096
[kinematics-ws] K clamp binds: eid 1013 demanded 20323 clamped 4096
 clamped 4096
[kinematics-ws] K clamp binds: eid 1014 demanded 9954 clamped 4096
[kinematics-ws] K clamp binds: eid 1001 demanded 22109 clamped 4096
[kinematics-ws] K clamp binds: eid 1015 demanded 4879 clamped 4096
[kinematics-ws] K clamp binds: eid 1001 demanded 22105 clamped 4096
[kinematics-ws] K clamp binds: eid 1013 demanded 20322 clamped 4096
[kinematics-ws] K clamp binds: eid 1015 demanded 4875 clamped 4096
[kinematics-ws] K clamp binds: eid 1002 demanded 10835 clamped 4096
[kinematics-ws] K clamp binds: eid 1014 demanded 9934 clamped 4096
[kinematics-ws] K clamp binds: eid 1003 demanded 5302 clamped 4096
[kinematics-ws] K clamp binds: eid 1001 demanded 22104 clamped 4096
[kinematics-ws] K clamp binds: eid 1003 demanded 5308 clamped 4096
[kinematics-ws] K clamp binds: eid 1002 demanded 10839 clamped 4096
[kinematics-ws] K clamp binds: eid 1015 demanded 4875 clamped 4096
[kinematics-ws] K clamp binds: eid 1014 demanded 9958 clamped 4096
[kinematics-ws] K clamp binds: eid 1013 demanded 20329 clamped 4096
[kinematics-ws] K clamp binds: eid 1014 demanded 9942 clamped 4096
[kinematics-ws] K clamp binds: eid 1015 demanded 4877 clamped 4096
[kinematics-ws] K clamp binds: eid 1013 demanded 20325 clamped 4096
[kinematics-ws] K clamp binds: eid 1003 demanded 5303 clamped 4096
[kinematics-ws] K clamp binds: eid 1001 demanded 22107 clamped 4096
[kinematics-ws] K clamp binds: eid 1002 demanded 10841 clamped 4096
[kinematics-ws] K clamp binds: eid 1001 demanded 22103 clamped 4096
[kinematics-ws] K clamp binds: eid 1014 demanded 9947 clamped 4096
[kinematics-ws] K clamp binds: eid 1013 demanded 20284 clamped 4096
[kinematics-ws] K clamp binds: eid 1015 demanded 4878 clamped 4096
[kinematics-ws] K clamp binds: eid 1002 demanded 10840 clamped 4096
[kinematics-ws] K clamp binds: eid 1003 demanded 5307 clamped 4096
[kinematics-ws] K clamp binds: eid 1001 demanded 22102 clamped 4096
[kinematics-ws] K clamp binds: eid 1013 demanded 20326 clamped 4096
[kinematics-ws] K clamp binds: eid 1002 demanded 10840 clamped 4096
[kinematics-ws] K clamp binds: eid 1015 demanded 4878 clamped 4096
[kinematics-ws] K clamp binds: eid 1003 demanded 5306 clamped 4096
[kinematics-ws] K clamp binds: eid 1014 demanded 9968 clamped 4096
[kinematics-ws] K clamp binds: eid 1013 demanded 20292 clamped 4096
[kinematics-ws] K clamp binds: eid 1003 demanded 5305 clamped 4096
[kinematics-ws] K clamp binds: eid 1014 demanded 9975 clamped 4096
[kinematics-ws] K clamp binds: eid 1001 demanded 22105 clamped 4096
[kinematics-ws] K clamp binds: eid 1015 demanded 4877 clamped 4096
[kinematics-ws] K clamp binds: eid 1002 demanded 10841 clamped 4096
[kinematics-ws] K clamp binds: eid 1003 demanded 5309 clamped 4096
[kinematics-ws] K clamp binds: eid 1013 demanded 20302 clamped 4096
[kinematics-ws] K clamp binds: eid 1014 demanded 9976 clamped 4096
[kinematics-ws] K clamp binds: eid 1001 demanded 22101 clamped 4096
[kinematics-ws] K clamp binds: eid 1015 demanded 4877 clamped 4096
[kinematics-ws] K clamp binds: eid 1002 demanded 10843 clamped 4096
[kinematics-ws] K clamp binds: eid 1015 demanded 4881 clamped 4096
[kinematics-ws] K clamp binds: eid 1013 demanded 20314 clamped 4096
[kinematics-ws] K clamp binds: eid 1003 demanded 5305 clamped 4096
[kinematics-ws] K clamp binds: eid 1001 demanded 22106 clamped 4096
[kinematics-ws] K clamp binds: eid 1014 demanded 9977 clamped 4096
[kinematics-ws] K clamp binds: eid 1002 demanded 10845 clamped 4096
[kinematics-ws] K clamp binds: eid 1014 demanded 9978 clamped 4096
[kinematics-ws] K clamp binds: eid 1013 demanded 20305 clamped 4096
[kinematics-ws] K clamp binds: eid 1015 demanded 4893 clamped 4096
[kinematics-ws] K clamp binds: eid 1003 demanded 5309 clamped 4096
[kinematics-ws] K clamp binds: eid 1002 demanded 10846 clamped 4096
[kinematics-ws] K clamp binds: eid 1001 demanded 22103 clamped 4096
[kinematics-ws] K clamp binds: eid 1001 demanded 22108 clamped 4096
[kinematics-ws] K clamp binds: eid 1013 demanded 20315 clamped 4096
[kinematics-ws] K clamp binds: eid 1002 demanded 10848 clamped 4096
[kinematics-ws] K clamp binds: eid 1014 demanded 9973 clamped 4096
[kinematics-ws] K clamp binds: eid 1015 demanded 4900 clamped 4096
[kinematics-ws] K clamp binds: eid 1003 demanded 5309 clamped 4096
[kinematics-ws] K clamp binds: eid 1013 demanded 20351 clamped 4096
[kinematics-ws] K clamp binds: eid 1015 demanded 4889 clamped 4096
[kinematics-ws] K clamp binds: eid 1014 demanded 9961 clamped 4096
[kinematics-ws] K clamp binds: eid 1003 demanded 5307 clamped 4096
[kinematics-ws] K clamp binds: eid 1001 demanded 22109 clamped 4096
[kinematics-ws] K clamp binds: eid 1002 demanded 10848 clamped 4096
[kinematics-ws] K clamp binds: eid 1003 demanded 5312 clamped 4096
[kinematics-ws] K clamp binds: eid 1001 demanded 22109 clamped 4096
[kinematics-ws] K clamp binds: eid 1013 demanded 20303 clamped 4096
[kinematics-ws] K clamp binds: eid 1002 demanded 10849 clamped 4096
[kinematics-ws] K clamp binds: eid 1015 demanded 4873 clamped 4096
[kinematics-ws] K clamp binds: eid 1014 demanded 9962 clamped 4096
[kinematics-ws] K clamp binds: eid 1001 demanded 22114 clamped 4096
[kinematics-ws] K clamp binds: eid 1015 demanded 4887 clamped 4096
[kinematics-ws] K clamp binds: eid 1014 demanded 9972 clamped 4096
[kinematics-ws] K clamp binds: eid 1013 demanded 20328 clamped 4096
[kinematics-ws] K clamp binds: eid 1002 demanded 10849 clamped 4096
[kinematics-ws] K clamp binds: eid 1003 demanded 5311 clamped 4096
[kinematics-ws] K clamp binds: eid 1003 demanded 5309 clamped 4096
[kinematics-ws] K clamp binds: eid 1001 demanded 22118 clamped 4096
[kinematics-ws] K clamp binds: eid 1014 demanded 9955 clamped 4096
[kinematics-ws] K clamp binds: eid 1002 demanded 10848 clamped 4096
[kinematics-ws] K clamp binds: eid 1013 demanded 20364 clamped 4096
[kinematics-ws] K clamp binds: eid 1015 demanded 4895 clamped 4096
[kinematics-ws] K clamp binds: eid 1013 demanded 20372 clamped 4096
[kinematics-ws] K clamp binds: eid 1014 demanded 9973 clamped 4096
[kinematics-ws] K clamp binds: eid 1015 demanded 4871 clamped 4096
[kinematics-ws] K clamp binds: eid 1001 demanded 22119 clamped 4096
[kinematics-ws] K clamp binds: eid 1003 demanded 5313 clamped 4096
[kinematics-ws] K clamp binds: eid 1002 demanded 10848 clamped 4096
[kinematics-ws] K clamp binds: eid 1001 demanded 22119 clamped 4096
[kinematics-ws] K clamp binds: eid 1003 demanded 5314 clamped 4096
[kinematics-ws] K clamp binds: eid 1014 demanded 9959 clamped 4096
[kinematics-ws] K clamp binds: eid 1013 demanded 20354 clamped 4096
[kinematics-ws] K clamp binds: eid 1002 demanded 10847 clamped 4096
[kinematics-ws] K clamp binds: eid 1015 demanded 4891 clamped 4096
[kinematics-ws] K clamp binds: eid[kinematics-ws] K clamp binds: eid  1014 demanded 9972 clamped 4096
1015 demanded 4880 clamped 4096
[kinematics-ws] K clamp binds: eid 1001 demanded 22121 clamped 4096
[kinematics-ws] K clamp binds: eid 1013 demanded 20320 clamped 4096
[kinematics-ws] K clamp binds: eid 1002 demanded 10847 clamped 4096
[kinematics-ws] K clamp binds: eid 1003 demanded 5311 clamped 4096
[kinematics-ws] K clamp binds: eid[kinematics-ws] K clamp binds: eid  1003 demanded 5313 clamped 1014 demanded 40969983 clamped 4096
[kinematics-ws] K clamp binds: eid 1002 demanded 10847 clamped 4096

[kinematics-ws] K clamp binds: eid 1001 demanded 22124 clamped 4096
[kinematics-ws] K clamp binds: eid 1015 demanded 4884 clamped 4096
[kinematics-ws] K clamp binds: eid 1013 demanded 20368 clamped 4096
[kinematics-ws] K clamp binds: eid 1003 demanded 5317 clamped 4096
[kinematics-ws] K clamp binds: eid 1015 demanded 4883 clamped 4096
[kinematics-ws] K clamp binds: eid 1002 demanded 10848 clamped 4096
[kinematics-ws] K clamp binds: eid 1001 demanded 22125 clamped 4096
[kinematics-ws] K clamp binds: eid 1013 demanded 20320 clamped 4096
[kinematics-ws] K clamp binds: eid 1014 demanded 9980 clamped 4096
[kinematics-ws] K clamp binds: eid 1013 demanded 20363 clamped 4096
[kinematics-ws] K clamp binds: eid 1014 demanded 9978 clamped 4096
[kinematics-ws] K clamp binds: eid 1015 demanded 4888 clamped 4096
[kinematics-ws] K clamp binds: eid 1003 demanded 5315 clamped 4096
[kinematics-ws] K clamp binds: eid 1001 demanded 22126 clamped 4096
[kinematics-ws] K clamp binds: eid 1002 demanded 10849 clamped 4096
[kinematics-ws] K clamp binds: eid 1001 demanded 22125 clamped 4096
[kinematics-ws] K clamp binds: eid 1002 demanded 10850 clamped 4096
[kinematics-ws] K clamp binds: eid 1003 demanded 5313 clamped 4096
[kinematics-ws] K clamp binds: eid 1015 demanded 4877 clamped 4096
[kinematics-ws] K clamp binds: eid 1014 demanded 9978 clamped 4096
[kinematics-ws] K clamp binds: eid 1013 demanded 20388 clamped 4096
[kinematics-ws] K clamp binds: eid 1002 demanded 10848 clamped 4096
[kinematics-ws] K clamp binds: eid 1001 demanded 22124 clamped 4096
[kinematics-ws] K clamp binds: eid 1013 demanded 20391 clamped 4096
[kinematics-ws] K clamp binds: eid 1003 demanded 5316 clamped 4096
[kinematics-ws] K clamp binds: eid 1014 demanded 9980 clamped 4096
[kinematics-ws] K clamp binds: eid 1015 demanded 4901 clamped 4096
[kinematics-ws] K clamp binds: eid [kinematics-ws] K clamp binds: eid 1014 demanded 9983 1002clamped  demanded 10845 clamped 40964096

[kinematics-ws] K clamp binds: eid 1015 demanded 4880 clamped 4096
[kinematics-ws] K clamp binds: eid 1003 demanded 5320 clamped 4096
[kinematics-ws] K clamp binds: eid 1013 demanded 20369 clamped 4096
[kinematics-ws] K clamp binds: eid 1001 demanded 22125 clamped 4096
[kinematics-ws] K clamp binds: eid 1001 demanded 22129 clamped 4096
[kinematics-ws] K clamp binds: eid 1013 demanded 20342 clamped 4096
[kinematics-ws] K clamp binds: eid 1015 demanded 4887 clamped 4096
[kinematics-ws] K clamp binds: eid 1003 demanded 5319 clamped 4096
[kinematics-ws] K clamp binds: eid 1014 demanded 9992 clamped 4096
[kinematics-ws] K clamp binds: eid 1002 demanded 10845 clamped 4096
[kinematics-ws] K clamp binds: eid 1001 demanded 22132 clamped 4096
[kinematics-ws] K clamp binds: eid 1002 demanded 10847 clamped 4096
[kinematics-ws] K clamp binds: eid 1015 demanded 4907 clamped 4096
[kinematics-ws] K clamp binds: eid 1003 demanded 5316 clamped 4096
[kinematics-ws] K clamp binds: eid 1013 demanded 20390 clamped 4096
[kinematics-ws] K clamp binds: eid 1014 demanded 9998 clamped 4096
[kinematics-ws] K clamp binds: eid 1013 demanded 20346 clamped 4096
[kinematics-ws] K clamp binds: eid 1014 demanded 9980 clamped 4096
[kinematics-ws] K clamp binds: eid 1015 demanded 4897 clamped 4096
[kinematics-ws] K clamp binds: eid 1003 demanded 5317 clamped 4096
[kinematics-ws] K clamp binds: eid 1002 demanded 10847 clamped 4096
[kinematics-ws] K clamp binds: eid 1001 demanded 22126 clamped 4096
[kinematics-ws] K clamp binds: eid 1003 demanded 5320 clamped 4096
[kinematics-ws] K clamp binds: eid 1001 demanded 22120 clamped 4096
[kinematics-ws] K clamp binds: eid 1014 demanded 9980 clamped 4096
[kinematics-ws] K clamp binds: eid 1013 demanded 20365 clamped 4096
[kinematics-ws] K clamp binds: eid 1015 demanded 4886 clamped 4096
[kinematics-ws] K clamp binds: eid 1002 demanded 10843 clamped 4096
[kinematics-ws] K clamp binds: eid 1002 demanded 10844 clamped 4096
[kinematics-ws] K clamp binds: eid 1001 demanded 22128 clamped 4096
[kinematics-ws] K clamp binds: eid 1015 demanded 4891 clamped 4096
[kinematics-ws] K clamp binds: eid 1014 demanded 9990 clamped 4096
[kinematics-ws] K clamp binds: eid 1003 demanded 5323 clamped 4096
[kinematics-ws] K clamp binds: eid 1013 demanded 20390 clamped 4096
[kinematics-ws] K clamp binds: eid 1014 demanded 9979 clamped 4096
[kinematics-ws] K clamp binds: eid 1015 demanded 4904 clamped 4096
[kinematics-ws] K clamp binds: eid 1003 demanded 5323 clamped 4096
[kinematics-ws] K clamp binds: eid 1002 demanded 10846 clamped 4096
[kinematics-ws] K clamp binds: eid 1013 demanded 20387 clamped 4096
[kinematics-ws] K clamp binds: eid 1001 demanded 22124 clamped 4096
[kinematics-ws] K clamp binds: eid 1014 demanded 9987 clamped 4096
[kinematics-ws] K clamp binds: eid 1013 demanded 20362 clamped 4096
[kinematics-ws] K clamp binds: eid 1001 demanded 22120 clamped 4096
[kinematics-ws] K clamp binds: eid 1003 demanded 5321 clamped 4096
[kinematics-ws] K clamp binds: eid 1015 demanded 4913 clamped 4096
[kinematics-ws] K clamp binds: eid 1002 demanded 10842 clamped 4096
[kinematics-ws] K clamp binds: eid 1014 demanded 10000 clamped 4096
[kinematics-ws] K clamp binds: eid 1002 demanded 10844 clamped 4096
[kinematics-ws] K clamp binds: eid 1015 demanded 4918 clamped 4096
[kinematics-ws] K clamp binds: eid 1013 demanded 20391 clamped 4096
[kinematics-ws] K clamp binds: eid 1001 demanded 22127 clamped 4096
[kinematics-ws] K clamp binds: eid 1003 demanded 5320 clamped 4096
[kinematics-ws] K clamp binds: eid 1003 demanded 5320 clamped 4096
[kinematics-ws] K clamp binds: eid 1001 demanded 22119 clamped 4096
[kinematics-ws] K clamp binds: eid 1014 demanded 9989 clamped 4096
[kinematics-ws] K clamp binds: eid 1002 demanded 10844 clamped 4096
[kinematics-ws] K clamp binds: eid 1013 demanded 20384 clamped 4096
[kinematics-ws] K clamp binds: eid 1015 demanded 4920 clamped 4096
[kinematics-ws] K clamp binds: eid 1001 demanded 22128 clamped 4096
[kinematics-ws] K clamp binds: eid 1014 demanded 9990 clamped 4096
[kinematics-ws] K clamp binds: eid 1003 demanded 5322 clamped 4096
[kinematics-ws] K clamp binds: eid 1015 demanded 4920 clamped 4096
[kinematics-ws] K clamp binds: eid 1013 demanded 20409 clamped 4096
[kinematics-ws] K clamp binds: eid 1002 demanded 10841 clamped 4096
[kinematics-ws] K clamp binds: eid 1003 demanded 5324 clamped 4096
[kinematics-ws] K clamp binds: eid 1002 demanded 10845 clamped 4096
[kinematics-ws] K clamp binds: eid 1014 demanded 9998 clamped 4096
[kinematics-ws] K clamp binds: eid 1013 demanded 20378 clamped 4096
[kinematics-ws] K clamp binds: eid 1015 demanded 4919 clamped 4096
[kinematics-ws] K clamp binds: eid 1001 demanded 22125 clamped 4096
[kinematics-ws] K clamp binds: eid 1001 demanded 22126 clamped 4096
[kinematics-ws] K clamp binds: eid[kinematics-ws] K clamp binds: eid  1014 1013demanded  demanded 10003 20375clamped  clamped 40964096[kinematics-ws] K clamp binds: eid 
1003
 demanded 5326 clamped 4096
[kinematics-ws] K clamp binds: eid 1015 demanded 4915 clamped 4096
[kinematics-ws] K clamp binds: eid 1002 demanded 10841 clamped 4096
[kinematics-ws] K clamp binds: eid 1001 demanded 22136 clamped 4096
[kinematics-ws] K clamp binds: eid 1014 demanded 10003 clamped 4096
[kinematics-ws] K clamp binds: eid 1015 demanded 4907 clamped 4096
[kinematics-ws] K clamp binds: eid 1002 demanded 10845 clamped 4096
[kinematics-ws] K clamp binds: eid 1003 demanded 5327 clamped 4096
[kinematics-ws] K clamp binds: eid 1013 demanded 20381 clamped 4096
[kinematics-ws] K clamp binds: eid 1001 demanded 22130 clamped 4096
[kinematics-ws] K clamp binds: eid 1014 demanded 9992 clamped 4096
[kinematics-ws] K clamp binds: eid 1013 demanded 20426 clamped 4096
[kinematics-ws] K clamp binds: eid 1015 demanded 4891 clamped 4096
[kinematics-ws] K clamp binds: eid 1003 demanded 5328 clamped 4096
[kinematics-ws] K clamp binds: eid 1002 demanded 10842 clamped 4096
[kinematics-ws] K clamp binds: eid 1002 demanded 10845 clamped 4096
[kinematics-ws] K clamp binds: eid 1014 demanded 10002 clamped 4096
[kinematics-ws] K clamp binds: eid 1013 demanded 20432 clamped 4096
[kinematics-ws] K clamp binds: eid 1015 demanded 4894 clamped 4096
[kinematics-ws] K clamp binds: eid 1001 demanded 22131 clamped 4096
[kinematics-ws] K clamp binds: eid 1003 demanded 5327 clamped 4096
[kinematics-ws] K clamp binds: eid 1015 demanded 4915 clamped 4096
[kinematics-ws] K clamp binds: eid 1014 demanded 10023 clamped 4096
[kinematics-ws] K clamp binds: eid 1002 demanded 10842 clamped 4096
[kinematics-ws] K clamp binds: eid 1003 demanded 5327 clamped 4096
[kinematics-ws] K clamp binds: eid 1013 demanded 20376 clamped 4096
[kinematics-ws] K clamp binds: eid 1001 demanded 22140 clamped 4096
[kinematics-ws] K clamp binds: eid 1015 demanded 4923 clamped 4096
[kinematics-ws] K clamp binds: eid 1001 demanded 22146 clamped 4096
[kinematics-ws] K clamp binds: eid 1014 demanded 10007 clamped 4096
[kinematics-ws] K clamp binds: eid 1013 demanded 20400 clamped 4096
[kinematics-ws] K clamp binds: eid 1003 demanded 5326 clamped 4096
[kinematics-ws] K clamp binds: eid 1002 demanded 10847 clamped 4096
[kinematics-ws] K clamp binds: eid 1001 demanded 22147 clamped 4096
[kinematics-ws] K clamp binds: eid 1015 demanded 4894 clamped 4096
[kinematics-ws] K clamp binds: eid 1013 demanded 20462 clamped 4096
[kinematics-ws] K clamp binds: eid 1014 demanded 9990 clamped 4096
[kinematics-ws] K clamp binds: eid 1003 demanded 5325 clamped 4096
[kinematics-ws] K clamp binds: eid 1002 demanded 10843 clamped 4096
[kinematics-ws] K clamp binds: eid 1014 demanded 10020 clamped 4096
[kinematics-ws] K clamp binds: eid 1015 demanded 4895 clamped 4096
[kinematics-ws] K clamp binds: eid 1002 demanded 10848 clamped 4096
[kinematics-ws] K clamp binds: eid 1013 demanded 20473 clamped 4096
[kinematics-ws] K clamp binds: eid 1003 demanded 5325 clamped 4096
[kinematics-ws] K clamp binds: eid 1001 demanded 22146 clamped 4096
[kinematics-ws] K clamp binds: eid 1001 demanded 22145 clamped 4096
[kinematics-ws] K clamp binds: eid 1003 demanded 5325 clamped 4096
[kinematics-ws] K clamp binds: eid 1013 demanded 20469 clamped 4096
[kinematics-ws] K clamp binds: eid 1002 demanded 10847 clamped 4096
[kinematics-ws] K clamp binds: eid 1015 demanded 4923 clamped 4096
[kinematics-ws] K clamp binds: eid 1014 demanded 9989 clamped 4096
[kinematics-ws] K clamp binds: eid 1001 demanded 22146 clamped 4096
[kinematics-ws] K clamp binds: eid 1015 demanded 4888 clamped 4096
[kinematics-ws] K clamp binds: eid 1013 demanded 20414 clamped 4096
[kinematics-ws] K clamp binds: eid 1014 demanded 10016 clamped 4096
[kinematics-ws] K clamp binds: eid 1003 demanded 5325 clamped 4096
[kinematics-ws] K clamp binds: eid 1002 demanded 10847 clamped 4096
[kinematics-ws] K clamp binds: eid 1001 demanded 22146 clamped 4096
[kinematics-ws] K clamp binds: eid 1015 demanded 4910 clamped 4096
[kinematics-ws] K clamp binds: eid 1013 demanded 20401 clamped 4096
[kinematics-ws] K clamp binds: eid 1003 demanded 5325 clamped 4096
[kinematics-ws] K clamp binds: eid 1014 demanded 10019 clamped 4096
[kinematics-ws] K clamp binds: eid 1002 demanded 10851 clamped 4096
[kinematics-ws] K clamp binds: eid 1001 demanded 22148 clamped 4096
[kinematics-ws] K clamp binds: eid 1003 demanded 5325 clamped 4096
[kinematics-ws] K clamp binds: eid 1013 demanded 20447 clamped [kinematics-ws] K clamp binds: eid4096 1015
[kinematics-ws] K clamp binds: eid 1014 demanded 9997 clamped 4096
 demanded 4902 clamped 4096
[kinematics-ws] K clamp binds: eid 1002 demanded 10849 clamped 4096
[kinematics-ws] K clamp binds: eid 1014 demanded 10008 clamped 4096
[kinematics-ws] K clamp binds: eid 1015 demanded 4902 clamped 4096
[kinematics-ws] K clamp binds: eid 1013 demanded 20451 clamped 4096
[kinematics-ws] K clamp binds: eid 1001 demanded 22151 clamped 4096
[kinematics-ws] K clamp binds: eid 1003 demanded 5325 clamped 4096
[kinematics-ws] K clamp binds: eid 1002 demanded 10850 clamped 4096
[kinematics-ws] K clamp binds: eid 1014 demanded 10025 clamped 4096
[kinematics-ws] K clamp binds: eid 1013 demanded 20408 clamped 4096
[kinematics-ws] K clamp binds: eid 1003 demanded 5325 clamped 4096
[kinematics-ws] K clamp binds: eid 1015 demanded 4903 clamped 4096
[kinematics-ws] K clamp binds: eid 1001 demanded 22153 clamped 4096
[kinematics-ws] K clamp binds: eid 1002 demanded 10855 clamped 4096
[kinematics-ws] K clamp binds: eid 1015 demanded 4913 clamped 4096
[kinematics-ws] K clamp binds: eid 1003 demanded 5326 clamped 4096
[kinematics-ws] K clamp binds: eid 1013 demanded 20405 clamped 4096
[kinematics-ws] K clamp binds: eid 1002 demanded 10855 clamped 4096
[kinematics-ws] K clamp binds: eid 1014 demanded 10034 clamped 4096
[kinematics-ws] K clamp binds: eid 1001 demanded 22150 clamped 4096
[kinematics-ws] K clamp binds: eid 1001 demanded 22144 clamped 4096
[kinematics-ws] K clamp binds: eid 1002 demanded 10853 clamped 4096
[kinematics-ws] K clamp binds: eid 1003 demanded 5326 clamped 4096
[kinematics-ws] K clamp binds: eid 1013 demanded 20420 clamped 4096
[kinematics-ws] K clamp binds: eid 1014 demanded 10032 clamped 4096
[kinematics-ws] K clamp binds: eid 1015 demanded 4891 clamped 4096
[kinematics-ws] K clamp binds: eid 1003 demanded 5327 clamped 4096
[kinematics-ws] K clamp binds: eid 1015 demanded 4927 clamped 4096
[kinematics-ws] K clamp binds: eid 1013 demanded 20480 clamped 4096
[kinematics-ws] K clamp binds: eid 1001 demanded 22143 clamped 4096
[kinematics-ws] K clamp binds: eid 1014 demanded 10021 clamped 4096
[kinematics-ws] K clamp binds: eid 1002 demanded 10856 clamped 4096
[kinematics-ws] K clamp binds: eid 1015 demanded 4903 clamped 4096
[kinematics-ws] K clamp binds: eid 1013 demanded 20446 clamped 4096
[kinematics-ws] K clamp binds: eid 1003 demanded 5329 clamped 4096
[kinematics-ws] K clamp binds: eid 1014 demanded 10008 clamped 4096
[kinematics-ws] K clamp binds: eid 1001 demanded 22149 clamped 4096
[kinematics-ws] K clamp binds: eid 1002 demanded 10860 clamped 4096
[kinematics-ws] K clamp binds: eid 1015 demanded 4898 clamped 4096
[kinematics-ws] K clamp binds: eid 1013 demanded 20451 clamped 4096
[kinematics-ws] K clamp binds: eid 1014 demanded 10022 clamped 4096
[kinematics-ws] K clamp binds: eid 1001 demanded 22143 clamped 4096
[kinematics-ws] K clamp binds: eid 1003 demanded 5330 clamped 4096
[kinematics-ws] K clamp binds: eid 1002 demanded 10861 clamped 4096
[kinematics-ws] K clamp binds: eid 1003 demanded 5331 clamped 4096
[kinematics-ws] K clamp binds: eid 1001 demanded 22141 clamped 4096
[kinematics-ws] K clamp binds: eid 1013 demanded 20408 clamped 4096
[kinematics-ws] K clamp binds: eid 1015 demanded 4929 clamped 4096
[kinematics-ws] K clamp binds: eid 1002 demanded 10860 clamped 4096
[kinematics-ws] K clamp binds: eid 1014 demanded 10046 clamped 4096
[kinematics-ws] K clamp binds: eid 1001 demanded 22147 clamped 4096
[kinematics-ws] K clamp binds: eid 1013 demanded 20463 clamped 4096
[kinematics-ws] K clamp binds: eid 1003 demanded 5332 clamped 4096
[kinematics-ws] K clamp binds: eid 1015 demanded 4931 clamped 4096
[kinematics-ws] K clamp binds: eid 1014 demanded 10008 clamped 4096
[kinematics-ws] K clamp binds: eid 1002 demanded 10860 clamped 4096
[kinematics-ws] K clamp binds: eid 1001 demanded 22139 clamped 4096
[kinematics-ws] K clamp binds: eid 1015 demanded 4911 clamped 4096
[kinematics-ws] K clamp binds: eid 1003 demanded 5331 clamped 4096
[kinematics-ws] K clamp binds: eid 1013 demanded 20483 clamped 4096
[kinematics-ws] K clamp binds: eid 1014 demanded 10032 clamped 4096
[kinematics-ws] K clamp binds: eid 1002 demanded 10861 clamped 4096
[kinematics-ws] K clamp binds: eid 1014 demanded 10015 clamped 4096
[kinematics-ws] K clamp binds: eid 1003 demanded 5329 clamped 4096
[kinematics-ws] K clamp binds: eid 1002 demanded 10863 clamped 4096
[kinematics-ws] K clamp binds: eid 1015 demanded 4902 clamped 4096
[kinematics-ws] K clamp binds: eid 1013 demanded 20454 clamped 4096
[kinematics-ws] K clamp binds: eid 1001 demanded 22148 clamped 4096
[kinematics-ws] K clamp binds: eid 1015 demanded 4909 clamped 4096
[kinematics-ws] K clamp binds: eid 1002 demanded 10865 clamped 4096
[kinematics-ws] K clamp binds: eid 1013 demanded 20420 clamped 4096
[kinematics-ws] K clamp binds: eid 1001 demanded 22142 clamped 4096
[kinematics-ws] K clamp binds: eid 1014 demanded 10044 clamped 4096
[kinematics-ws] K clamp binds: eid 1003 demanded 5327 clamped 4096
[kinematics-ws] K clamp binds: eid 1014 demanded 10011 clamped 4096
[kinematics-ws] K clamp binds: eid 1003 demanded 5325 clamped 4096
[kinematics-ws] K clamp binds: eid 1015 demanded 4920 clamped 4096
[kinematics-ws] K clamp binds: eid 1013 demanded 20510 clamped 4096
[kinematics-ws] K clamp binds: eid 1001 demanded 22148 clamped 4096
[kinematics-ws] K clamp binds: eid 1002 demanded 10867 clamped 4096
[kinematics-ws] K clamp binds: eid 1003 demanded 5325 clamped 4096
[kinematics-ws] K clamp binds: eid 1001 demanded 22151 clamped 4096
[kinematics-ws] K clamp binds: eid 1014 demanded 10030 clamped 4096
[kinematics-ws] K clamp binds: eid 1002 demanded 10868 clamped 4096
[kinematics-ws] K clamp binds: eid 1015 demanded 4928 clamped 4096
[kinematics-ws] K clamp binds: eid 1013 demanded 20417 clamped 4096
[kinematics-ws] K clamp binds: eid 1003 demanded 5328 clamped 4096
[kinematics-ws] K clamp binds: eid 1014 demanded 10058 clamped 4096
[kinematics-ws] K clamp binds: eid 1013 demanded 20506 clamped 4096
[kinematics-ws] K clamp binds: eid 1001 demanded 22146 clamped 4096
[kinematics-ws] K clamp binds: eid 1015 demanded 4932 clamped 4096
[kinematics-ws] K clamp binds: eid 1002 demanded 10868 clamped 4096
[kinematics-ws] K clamp binds: eid 1001 demanded 22154 clamped 4096
[kinematics-ws] K clamp binds: eid 1014 demanded 10063 clamped 4096
[kinematics-ws] K clamp binds: eid 1013 demanded 20529 clamped 4096
[kinematics-ws] K clamp binds: eid 1003 demanded 5330 clamped 4096
[kinematics-ws] K clamp binds: eid 1002 demanded 10869 clamped 4096
[kinematics-ws] K clamp binds: eid 1015 demanded 4931 clamped 4096
[kinematics-ws] K clamp binds: eid 1015 demanded 4925 clamped 4096
[kinematics-ws] K clamp binds: eid 1002 demanded 10869 clamped 4096
[kinematics-ws] K clamp binds: eid 1013 demanded 20529 clamped 4096
[kinematics-ws] K clamp binds: eid 1001 demanded 22160 clamped 4096
[kinematics-ws] K clamp binds: eid 1003 demanded 5331 clamped 4096
[kinematics-ws] K clamp binds: eid 1014 demanded 10061 clamped 4096
[kinematics-ws] K clamp binds: eid 1003 demanded 5328 clamped 4096
[kinematics-ws] K clamp binds: eid 1002 demanded 10869 clamped 4096
[kinematics-ws] K clamp binds: eid 1001 demanded 22158 clamped 4096
[kinematics-ws] K clamp binds: eid 1015 demanded 4915 clamped 4096
[kinematics-ws] K clamp binds: eid 1014 demanded 10063 clamped 4096
[kinematics-ws] K clamp binds: eid 1013 demanded 20536 clamped 4096
[kinematics-ws] K clamp binds: eid 1003 demanded 5324 clamped 4096
[kinematics-ws] K clamp binds: eid 1013 demanded 20482 clamped 4096
[kinematics-ws] K clamp binds: eid 1001 demanded 22157 clamped 4096
[kinematics-ws] K clamp binds: eid 1015 demanded 4908 clamped 4096
[kinematics-ws] K clamp binds: eid 1002 demanded 10868 clamped 4096
[kinematics-ws] K clamp binds: eid 1014 demanded 10067 clamped 4096
[kinematics-ws] K clamp binds: eid 1001 demanded 22159 clamped 4096
[kinematics-ws] K clamp binds: eid 1013 demanded 20460 clamped 4096
[kinematics-ws] K clamp binds: eid 1002 demanded 10868 clamped 4096
[kinematics-ws] K clamp binds: eid 1014 demanded 10063 clamped 4096
[kinematics-ws] K clamp binds: eid 1015 demanded 4913 clamped 4096
[kinematics-ws] K clamp binds: eid 1003 demanded 5324 clamped 4096
[kinematics-ws] K clamp binds: eid 1001 demanded 22162 clamped 4096
[kinematics-ws] K clamp binds: eid 1003 demanded 5328 clamped 4096
[kinematics-ws] K clamp binds: eid 1013 demanded 20502 clamped 4096
[kinematics-ws] K clamp binds: eid 1014 demanded 10040 clamped 4096
[kinematics-ws] K clamp binds: eid 1015 demanded 4934 clamped 4096
[kinematics-ws] K clamp binds: eid 1002 demanded 10867 clamped 4096
[kinematics-ws] K clamp binds: eid 1002 demanded 10867 clamped 4096
[kinematics-ws] K clamp binds: eid 1003 demanded 5330 clamped 4096
[kinematics-ws] K clamp binds: eid 1001 demanded 22165 clamped 4096
[kinematics-ws] K clamp binds: eid 1013 demanded 20523 clamped 4096
[kinematics-ws] K clamp binds: eid 1014 demanded 10032 clamped 4096
[kinematics-ws] K clamp binds: eid 1015 demanded 4948 clamped 4096
[kinematics-ws] K clamp binds: eid 1013 demanded 20485 clamped 4096
[kinematics-ws] K clamp binds: eid 1003 demanded 5326 clamped 4096
[kinematics-ws] K clamp binds: eid 1015 demanded 4924 clamped 4096
[kinematics-ws] K clamp binds: eid 1001 demanded 22166 clamped 4096
[kinematics-ws] K clamp binds: eid 1002 demanded 10867 clamped 4096
[kinematics-ws] K clamp binds: eid 1014 demanded 10061 clamped 4096
[kinematics-ws] K clamp binds: eid 1003 demanded 5323 clamped 4096
[kinematics-ws] K clamp binds: eid[kinematics-ws] K clamp binds: eid  1013 1015 demanded demanded 204814905  clampedclamped  40964096

[kinematics-ws] K clamp binds: eid 1002 demanded 10869 clamped 4096
[kinematics-ws] K clamp binds: eid 1001 demanded 22165 clamped 4096
[kinematics-ws] K clamp binds: eid 1014 demanded 10030 clamped 4096
[kinematics-ws] K clamp binds: eid 1015 demanded 4939 clamped 4096
[kinematics-ws] K clamp binds: eid 1001 demanded 22163 clamped 4096
[kinematics-ws] K clamp binds: eid 1014 demanded 10058 clamped 4096
[kinematics-ws] K clamp binds: eid 1002 demanded 10870 clamped 4096
[kinematics-ws] K clamp binds: eid 1013 demanded 20510 clamped 4096
[kinematics-ws] K clamp binds: eid 1003 demanded 5325 clamped 4096
[kinematics-ws] K clamp binds: eid 1003 demanded 5329 clamped 4096
[kinematics-ws] K clamp binds: eid 1001 demanded 22162 clamped 4096
[kinematics-ws] K clamp binds: eid 1014 demanded 10029 clamped 4096
[kinematics-ws] K clamp binds: eid 1002 demanded 10869 clamped 4096
[kinematics-ws] K clamp binds: eid 1013 demanded 20552 clamped 4096
[kinematics-ws] K clamp binds: eid 1015 demanded 4928 clamped 4096
[kinematics-ws] K clamp binds: eid 1015 demanded 4906 clamped 4096
[kinematics-ws] K clamp binds: eid 1001 demanded 22165 clamped 4096
[kinematics-ws] K clamp binds: eid 1002 demanded 10866 clamped 4096
[kinematics-ws] K clamp binds: eid 1003 demanded 5326 clamped 4096
[kinematics-ws] K clamp binds: eid 1014 demanded 10064 clamped 4096
[kinematics-ws] K clamp binds: eid 1013 demanded 20469 clamped 4096
[kinematics-ws] K clamp binds: eid 1001 demanded 22172 clamped 4096
[kinematics-ws] K clamp binds: eid 1013 demanded 20548 clamped 4096
[kinematics-ws] K clamp binds: eid 1002 demanded 10865 clamped 4096
[kinematics-ws] K clamp binds: eid 1015 demanded 4945 clamped 4096
[kinematics-ws] K clamp binds: eid 1014 demanded 10060 clamped 4096
[kinematics-ws] K clamp binds: eid 1003 demanded 5322 clamped 4096
[kinematics-ws] K clamp binds: eid 1001 demanded 22173 clamped 4096
[kinematics-ws] K clamp binds: eid 1015 demanded 4902 clamped 4096
[kinematics-ws] K clamp binds: eid 1002 demanded 10867 clamped 4096
[kinematics-ws] K clamp binds: eid 1003 demanded 5325 clamped 4096
[kinematics-ws] K clamp binds: eid 1014 demanded 10042 clamped 4096
[kinematics-ws] K clamp binds: eid 1013 demanded 20476 clamped 4096
[kinematics-ws] K clamp binds: eid 1002 demanded 10868 clamped 4096
[kinematics-ws] K clamp binds: eid 1015 demanded 4944 clamped 4096
[kinematics-ws] K clamp binds: eid 1003 demanded 5328 clamped 4096
[kinematics-ws] K clamp binds: eid 1013 demanded 20480 clamped 4096
[kinematics-ws] K clamp binds: eid 1001 demanded 22162 clamped 4096
[kinematics-ws] K clamp binds: eid 1014 demanded 10046 clamped 4096
[kinematics-ws] K clamp binds: eid 1013 demanded 20491 clamped 4096
[kinematics-ws] K clamp binds: eid 1015 demanded 4903 clamped 4096
[kinematics-ws] K clamp binds: eid 1001 demanded 22161 clamped 4096
[kinematics-ws] K clamp binds: eid 1002 demanded 10864 clamped 4096
[kinematics-ws] K clamp binds: eid 1003 demanded 5323 clamped 4096
[kinematics-ws] K clamp binds: eid 1014 demanded 10055 clamped 4096
[kinematics-ws] K clamp binds: eid 1015 demanded 4946 clamped 4096
[kinematics-ws] K clamp binds: eid 1013 demanded 20479 clamped 4096
[kinematics-ws] K clamp binds: eid 1003 demanded 5322 clamped 4096
[kinematics-ws] K clamp binds: eid 1014 demanded 10058 clamped 4096
[kinematics-ws] K clamp binds: eid 1001 demanded 22171 clamped 4096
[kinematics-ws] K clamp binds: eid 1002 demanded 10863 clamped 4096
[kinematics-ws] K clamp binds: eid 1001 demanded 22158 clamped 4096
[kinematics-ws] K clamp binds: eid 1003 demanded 5327 clamped 4096
[kinematics-ws] K clamp binds: eid 1015 demanded 4911 clamped 4096
[kinematics-ws] K clamp binds: eid 1014 demanded 10052 clamped 4096
[kinematics-ws] K clamp binds: eid 1002 demanded 10866 clamped 4096
[kinematics-ws] K clamp binds: eid 1013 demanded 20524 clamped 4096
[kinematics-ws] K clamp binds: eid 1002 demanded 10864 clamped 4096
[kinematics-ws] K clamp binds: eid 1001 demanded 22165 clamped 4096
[kinematics-ws] K clamp binds: eid 1015 demanded 4930 clamped 4096
[kinematics-ws] K clamp binds: eid 1014 demanded 10048 clamped 4096
[kinematics-ws] K clamp binds: eid 1003 demanded 5323 clamped 4096
[kinematics-ws] K clamp binds: eid 1013 demanded 20560 clamped 4096
[kinematics-ws] K clamp binds: eid 1003 demanded 5321 clamped 4096
[kinematics-ws] K clamp binds: eid 1014 demanded 10064 clamped 4096
[kinematics-ws] K clamp binds: eid 1015 demanded 4947 clamped 4096
[kinematics-ws] K clamp binds: eid 1013 demanded 20499 clamped 4096
[kinematics-ws] K clamp binds: eid 1002 demanded 10862 clamped 4096
[kinematics-ws] K clamp binds: eid 1001 demanded 22163 clamped 4096
[kinematics-ws] K clamp binds: eid 1003 demanded 5327 clamped 4096
[kinematics-ws] K clamp binds: eid 1015 demanded 4914 clamped 4096
[kinematics-ws] K clamp binds: eid 1002 demanded 10865 clamped 4096
[kinematics-ws] K clamp binds: eid 1014 demanded 10088 clamped 4096
[kinematics-ws] K clamp binds: eid 1013 demanded 20505 clamped 4096
[kinematics-ws] K clamp binds: eid 1001 demanded 22164 clamped 4096
[kinematics-ws] K clamp binds: eid 1014 demanded 10054 clamped 4096
[kinematics-ws] K clamp binds: eid 1002 demanded 10862 clamped 4096
[kinematics-ws] K clamp binds: eid 1001 demanded 22163 clamped 4096
[kinematics-ws] K clamp binds: eid 1015 demanded 4925 clamped 4096
[kinematics-ws] K clamp binds: eid 1003 demanded 5323 clamped 4096
[kinematics-ws] K clamp binds: eid 1013 demanded 20570 clamped 4096
[kinematics-ws] K clamp binds: eid 1001 demanded 22171 clamped 4096
[kinematics-ws] K clamp binds: eid 1014 demanded 10061 clamped 4096
[kinematics-ws] K clamp binds: eid 1013 demanded 20586 clamped 4096
[kinematics-ws] K clamp binds: eid 1015 demanded 4956 clamped 4096
[kinematics-ws] K clamp binds: eid 1002 demanded 10863 clamped 4096
[kinematics-ws] K clamp binds: eid 1003 demanded 5321 clamped 4096
[kinematics-ws] K clamp binds: eid[kinematics-ws] K clamp binds: eid  1015 1013 demanded 4955 clamped demanded 20558 clamped 40964096

[kinematics-ws] K clamp binds: eid 1001 demanded 22161 clamped 4096
[kinematics-ws] K clamp binds: eid 1014 demanded 10070 clamped 4096
[kinematics-ws] K clamp binds: eid 1003 demanded 5327 clamped 4096
[kinematics-ws] K clamp binds: eid 1002 demanded 10863 clamped 4096
[kinematics-ws] K clamp binds: eid 1013 demanded 20496 clamped 4096
[kinematics-ws] K clamp binds: eid 1002 demanded 10862 clamped 4096
[kinematics-ws] K clamp binds: eid 1003 demanded 5321 clamped 4096
[kinematics-ws] K clamp binds: eid 1015 demanded 4935 clamped 4096
[kinematics-ws] K clamp binds: eid 1001 demanded 22174 clamped 4096
[kinematics-ws] K clamp binds: eid 1014 demanded 10065 clamped 4096
[kinematics-ws] K clamp binds: eid 1001 demanded 22177 clamped 4096
[kinematics-ws] K clamp binds: eid 1014 demanded 10054 clamped 4096
[kinematics-ws] K clamp binds: eid 1015 demanded 4923 clamped 4096
[kinematics-ws] K clamp binds: eid 1003 demanded 5323 clamped 4096
[kinematics-ws] K clamp binds: eid 1002 demanded 10865 clamped 4096
[kinematics-ws] K clamp binds: eid 1013 demanded 20577 clamped 4096
[kinematics-ws] K clamp binds: eid 1015 demanded 4923 clamped 4096
[kinematics-ws] K clamp binds: eid 1003 demanded 5325 clamped 4096
[kinematics-ws] K clamp binds: eid 1001 demanded 22169 clamped 4096
[kinematics-ws] K clamp binds: eid 1013 demanded 20508 clamped 4096
[kinematics-ws] K clamp binds: eid 1002 demanded 10862 clamped 4096
[kinematics-ws] K clamp binds: eid 1014 demanded 10094 clamped 4096
[kinematics-ws] K clamp binds: eid 1001 demanded 22173 clamped 4096
[kinematics-ws] K clamp binds: eid 1013 demanded 20602 clamped 4096
[kinematics-ws] K clamp binds: eid 1002 demanded 10865 clamped 4096
[kinematics-ws] K clamp binds: eid 1014 demanded 10083 clamped 4096
[kinematics-ws] K clamp binds: eid 1015 demanded 4927 clamped 4096
[kinematics-ws] K clamp binds: eid 1003 demanded 5320 clamped 4096
[kinematics-ws] K clamp binds: eid 1001 demanded 22183 clamped 4096
[kinematics-ws] K clamp binds: eid 1003 demanded 5326 clamped 4096
[kinematics-ws] K clamp binds: eid 1002 demanded 10863 clamped 4096
[kinematics-ws] K clamp binds: eid 1013 demanded 20593 clamped 4096
[kinematics-ws] K clamp binds: eid 1015 demanded 4931 clamped 4096
[kinematics-ws] K clamp binds: eid 1014 demanded 10064 clamped 4096
[kinematics-ws] K clamp binds: eid 1002 demanded 10866 clamped 4096
[kinematics-ws] K clamp binds: eid 1003 demanded 5320 clamped 4096
[kinematics-ws] K clamp binds: eid 1013 demanded 20584 clamped 4096
[kinematics-ws] K clamp binds: eid 1014 demanded 10062 clamped 4096
[kinematics-ws] K clamp binds: eid 1015 demanded 4931 clamped 4096
[kinematics-ws] K clamp binds: eid 1001 demanded 22189 clamped 4096
[kinematics-ws] K clamp binds: eid 1001 demanded 22190 clamped 4096
[kinematics-ws] K clamp binds: eid 1003 demanded 5324 clamped 4096
[kinematics-ws] K clamp binds: eid 1002 demanded 10865 clamped 4096
[kinematics-ws] K clamp binds: eid 1014 demanded 10064 clamped 4096
[kinematics-ws] K clamp binds: eid 1013 demanded 20608 clamped 4096
[kinematics-ws] K clamp binds: eid 1015 demanded 4927 clamped 4096
[kinematics-ws] K clamp binds: eid 1001 demanded 22190 clamped 4096
[kinematics-ws] K clamp binds: eid 1015 demanded 4924 clamped 4096
[kinematics-ws] K clamp binds: eid 1014 demanded 10064 clamped [kinematics-ws] K clamp binds: eid 40961013 
demanded 20601 clamped 4096
[kinematics-ws] K clamp binds: eid 1003 demanded 5323 clamped 4096
[kinematics-ws] K clamp binds: eid 1002 demanded 10866 clamped 4096
[kinematics-ws] K clamp binds: eid 1001 demanded 22190 clamped 4096
[kinematics-ws] K clamp binds: eid 1014 demanded 10068 clamped 4096
[kinematics-ws] K clamp binds: eid 1003 demanded 5321 clamped 4096
[kinematics-ws] K clamp binds: eid 1015 demanded 4928 clamped 4096
[kinematics-ws] K clamp binds: eid 1002 demanded 10868 clamped 4096
[kinematics-ws] K clamp binds: eid 1013 demanded 20517 clamped 4096
[kinematics-ws] K clamp binds: eid 1002 demanded 10866 clamped 4096
[kinematics-ws] K clamp binds: eid 1014 demanded 10090 clamped 4096
[kinematics-ws] K clamp binds: eid [kinematics-ws] K clamp binds: eid1013  demanded 20614 clamped 10154096 demanded 
4945 clamped 4096
[kinematics-ws] K clamp binds: eid 1001 demanded 22190 clamped 4096
[kinematics-ws] K clamp binds: eid 1003 demanded 5325 clamped 4096
[kinematics-ws] K clamp binds: eid 1001 demanded 22192 clamped 4096
[kinematics-ws] K clamp binds: eid[kinematics-ws] K clamp binds: eid  1013 demanded 1015 demanded 20549 4968 clampedclamped  40964096

[kinematics-ws] K clamp binds: eid 1003 demanded 5320 clamped 4096
[kinematics-ws] K clamp binds: eid 1014 demanded 10113 clamped 4096
[kinematics-ws] K clamp binds: eid 1002 demanded 10870 clamped 4096
[kinematics-ws] K clamp binds: eid 1013 demanded 20532 clamped 4096
[kinematics-ws] K clamp binds: eid 1015 demanded 4967 clamped 4096
[kinematics-ws] K clamp binds: eid 1002 demanded 10871 clamped 4096
[kinematics-ws] K clamp binds: eid 1001 demanded 22193 clamped 4096
[kinematics-ws] K clamp binds: eid 1014 demanded 10077 clamped 4096
[kinematics-ws] K clamp binds: eid 1003 demanded 5326 clamped 4096
[kinematics-ws] K clamp binds: eid 1001 demanded 22192 clamped 4096
[kinematics-ws] K clamp binds: eid 1002 demanded 10869 clamped 4096
[kinematics-ws] K clamp binds: eid 1003 demanded 5320 clamped 4096
[kinematics-ws] K clamp binds: eid 1014 demanded 10072 clamped 4096
[kinematics-ws] K clamp binds: eid 1015 demanded 4932 clamped 4096
[kinematics-ws] K clamp binds: eid 1013 demanded 20545 clamped 4096
[kinematics-ws] K clamp binds: eid 1015 demanded 4927 clamped 4096
[kinematics-ws] K clamp binds: eid 1013 demanded 20537 clamped 4096
[kinematics-ws] K clamp binds: eid 1003 demanded 5327 clamped 4096
[kinematics-ws] K clamp binds: eid 1002 demanded 10873 clamped 4096
[kinematics-ws] K clamp binds: eid 1014 demanded 10103 clamped 4096
[kinematics-ws] K clamp binds: eid 1001 demanded 22188 clamped 4096
[kinematics-ws] K clamp binds: eid 1001 demanded 22183 clamped 4096
[kinematics-ws] K clamp binds: eid 1014 demanded 10067 clamped 4096
[kinematics-ws] K clamp binds: eid 1002 demanded 10875 clamped 4096
[kinematics-ws] K clamp binds: eid 1003 demanded 5320 clamped 4096
[kinematics-ws] K clamp binds: eid 1015 demanded 4967 clamped 4096
[kinematics-ws] K clamp binds: eid 1013 demanded 20573 clamped 4096
[kinematics-ws] K clamp binds: eid 1002 demanded 10873 clamped 4096
[kinematics-ws] K clamp binds: eid 1001 demanded 22185 clamped 4096
[kinematics-ws] K clamp binds: eid 1014 demanded 10092 clamped 4096
[kinematics-ws] K clamp binds: eid 1013 demanded 20635 clamped 4096
[kinematics-ws] K clamp binds: eid 1015 demanded 4942 clamped 4096
[kinematics-ws] K clamp binds: eid 1003 demanded 5327 clamped 4096
[kinematics-ws] K clamp binds: eid 1013 demanded 20536 clamped 4096
[kinematics-ws] K clamp binds: eid 1014 demanded 10108 clamped 4096
[kinematics-ws] K clamp binds: eid 1015 demanded 4926 clamped 4096
[kinematics-ws] K clamp binds: eid 1003 demanded 5320 clamped 4096
[kinematics-ws] K clamp binds: eid 1001 demanded 22189 clamped 4096
[kinematics-ws] K clamp binds: eid 1002 demanded 10875 clamped 4096
[kinematics-ws] K clamp binds: eid 1014 demanded 10072 clamped 4096
[kinematics-ws] K clamp binds: eid 1015 demanded 4968 clamped 4096
[kinematics-ws] K clamp binds: eid 1002 demanded 10878 clamped 4096
[kinematics-ws] K clamp binds: eid 1001 demanded 22183 clamped 4096
[kinematics-ws] K clamp binds: eid 1013 demanded 20605 clamped 4096
[kinematics-ws] K clamp binds: eid 1003 demanded 5327 clamped 4096
[kinematics-ws] K clamp binds: eid 1014 demanded 10079 clamped 4096
[kinematics-ws] K clamp binds: eid 1013 demanded 20654 clamped 4096
[kinematics-ws] K clamp binds: eid 1003 demanded 5321 clamped 4096
[kinematics-ws] K clamp binds: eid 1015 demanded 4918 clamped 4096
[kinematics-ws] K clamp binds: eid 1002 demanded 10880 clamped 4096
[kinematics-ws] K clamp binds: eid 1001 demanded 22181 clamped 4096
[kinematics-ws] K clamp binds: eid 1001 demanded 22187 clamped 4096
[kinematics-ws] K clamp binds: eid 1003 demanded 5327 clamped 4096
[kinematics-ws] K clamp binds: eid 1013 demanded 20652 clamped 4096
[kinematics-ws] K clamp binds: eid 1014 demanded 10105 clamped 4096
[kinematics-ws] K clamp binds: eid 1015 demanded 4967 clamped 4096
[kinematics-ws] K clamp binds: eid 1002 demanded 10880 clamped 4096
[kinematics-ws] K clamp binds: eid 1013 demanded 20660 clamped 4096
[kinematics-ws] K clamp binds: eid 1001 demanded 22179 clamped 4096
[kinematics-ws] K clamp binds: eid 1014 demanded 10120 clamped 4096
[kinematics-ws] K clamp binds: eid 1002 demanded 10879 clamped 4096
[kinematics-ws] K clamp binds: eid 1003 demanded 5324 clamped 4096
[kinematics-ws] K clamp binds: eid 1015 demanded 4920 clamped 4096
[kinematics-ws] K clamp binds: eid 1003 demanded 5325 clamped 4096
[kinematics-ws] K clamp binds: eid 1001 demanded 22187 clamped 4096
[kinematics-ws] K clamp binds: eid 1013 demanded 20631 clamped 4096
[kinematics-ws] K clamp binds: eid 1014 demanded 10122 clamped 4096
[kinematics-ws] K clamp binds: eid 1015 demanded 4970 clamped 4096
[kinematics-ws] K clamp binds: eid 1002 demanded 10880 clamped 4096
[kinematics-ws] K clamp binds: eid 1013 demanded 20556 clamped 4096
[kinematics-ws] K clamp binds: eid [kinematics-ws] K clamp binds: eid 10011015  demanded demanded 221804922 clamped  clamped 40964096

[kinematics-ws] K clamp binds: eid 1002 demanded 10882 clamped 4096
[kinematics-ws] K clamp binds: eid 1014 demanded 10111 clamped 4096
[kinematics-ws] K clamp binds: eid 1003 demanded 5327 clamped 4096
[kinematics-ws] K clamp binds: eid 1001 demanded 22189 clamped 4096
[kinematics-ws] K clamp binds: eid 1013 demanded 20654 clamped 4096
[kinematics-ws] K clamp binds: eid 1003 demanded 5323 clamped 4096
[kinematics-ws] K clamp binds: eid 1014 demanded 10089 clamped 4096
[kinematics-ws] K clamp binds: eid 1015 demanded 4961 clamped 4096
[kinematics-ws] K clamp binds: eid 1002 demanded 10884 clamped 4096
[kinematics-ws] K clamp binds: eid 1001 demanded 22184 clamped 4096
[kinematics-ws] K clamp binds: eid 1002 demanded 10886 clamped 4096
[kinematics-ws] K clamp binds: eid 1015 demanded 4957 clamped 4096
[kinematics-ws] K clamp binds: eid 1003 demanded 5330 clamped 4096
[kinematics-ws] K clamp binds: eid 1013 demanded 20575 clamped 4096
[kinematics-ws] K clamp binds: eid 1014 demanded 10083 clamped 4096
[kinematics-ws] K clamp binds: eid 1003 demanded 5324 clamped 4096
[kinematics-ws] K clamp binds: eid 1001 demanded 22189 clamped 4096
[kinematics-ws] K clamp binds: eid 1014 demanded 10122 clamped 4096
[kinematics-ws] K clamp binds: eid 1015 demanded 4926 clamped 4096
[kinematics-ws] K clamp binds: eid 1013 demanded 20579 clamped 4096
[kinematics-ws] K clamp binds: eid 1002 demanded 10887 clamped 4096
[kinematics-ws] K clamp binds: eid 1001 demanded 22194 clamped 4096
[kinematics-ws] K clamp binds: eid 1015 demanded 4964 clamped 4096
[kinematics-ws] K clamp binds: eid 1003 demanded 5328 clamped 4096
[kinematics-ws] K clamp binds: eid 1013 demanded 20611 clamped 4096
[kinematics-ws] K clamp binds: eid 1014 demanded 10115 clamped 4096
[kinematics-ws] K clamp binds: eid 1002 demanded 10888 clamped 4096
[kinematics-ws] K clamp binds: eid 1013 demanded 20600 clamped 4096
[kinematics-ws] K clamp binds: eid 1015 demanded 4979 clamped 4096
[kinematics-ws] K clamp binds: eid 1014 demanded 10080 clamped 4096
[kinematics-ws] K clamp binds: eid 1001 demanded 22190 clamped 4096
[kinematics-ws] K clamp binds: eid 1003 demanded 5330 clamped 4096
[kinematics-ws] K clamp binds: eid 1002 demanded 10888 clamped 4096
[kinematics-ws] K clamp binds: eid 1001 demanded 22193 clamped 4096
[kinematics-ws] K clamp binds: eid 1014 demanded 10130 clamped 4096
[kinematics-ws] K clamp binds: eid 1003 demanded 5325 clamped 4096
[kinematics-ws] K clamp binds: eid 1015 demanded 4950 clamped 4096
[kinematics-ws] K clamp binds: eid 1013 demanded 20574 clamped 4096
[kinematics-ws] K clamp binds: eid 1002 demanded 10889 clamped 4096
[kinematics-ws] K clamp binds: eid 1001 demanded 22201 clamped 4096
[kinematics-ws] K clamp binds: eid 1002 demanded 10889 clamped 4096
[kinematics-ws] K clamp binds: eid 1003 demanded 5332 clamped 4096
[kinematics-ws] K clamp binds: eid 1015 demanded 4934 clamped 4096
[kinematics-ws] K clamp binds: eid 1013 demanded 20656 clamped 4096
[kinematics-ws] K clamp binds: eid 1014 demanded 10082 clamped 4096
[kinematics-ws] K clamp binds: eid [kinematics-ws] K clamp binds: eid 10011002  demanded demanded 22204 clamped 10889 clamped 40964096

[kinematics-ws] K clamp binds: eid 1003 demanded 5330 clamped 4096
[kinematics-ws] K clamp binds: eid 1015 demanded 4946 clamped 4096
[kinematics-ws] K clamp binds: eid 1013 demanded 20607 clamped 4096
[kinematics-ws] K clamp binds: eid 1014 demanded 10114 clamped 4096
[kinematics-ws] K clamp binds: eid 1001 demanded 22204 clamped 4096
[kinematics-ws] K clamp binds: eid 1003 demanded 5327 clamped 4096
[kinematics-ws] K clamp binds: eid 1002 demanded 10889 clamped 4096
[kinematics-ws] K clamp binds: eid 1014 demanded 10135 clamped 4096
[kinematics-ws] K clamp binds: eid 1013 demanded 20673 clamped 4096
[kinematics-ws] K clamp binds: eid 1015 demanded 4967 clamped 4096
[kinematics-ws] K clamp binds: eid 1013 demanded 20600 clamped 4096
[kinematics-ws] K clamp binds: eid 1001 demanded 22204 clamped 4096
[kinematics-ws] K clamp binds: eid 1015 demanded 4981 clamped 4096
[kinematics-ws] K clamp binds: eid 1014 demanded 10098 clamped 4096
[kinematics-ws] K clamp binds: eid 1002 demanded 10888 clamped 4096
[kinematics-ws] K clamp binds: eid 1003 demanded 5334 clamped 4096
[kinematics-ws] K clamp binds: eid 1013 demanded 20589 clamped 4096
[kinematics-ws] K clamp binds: eid 1015 demanded 4988 clamped 4096
[kinematics-ws] K clamp binds: eid 1001 demanded 22204 clamped 4096
[kinematics-ws] K clamp binds: eid 1014 demanded 10093 clamped 4096
[kinematics-ws] K clamp binds: eid 1002 demanded 10888 clamped 4096
[kinematics-ws] K clamp binds: eid 1003 demanded 5332 clamped 4096
[kinematics-ws] K clamp binds: eid 1014 demanded 10107 clamped 4096
[kinematics-ws] K clamp binds: eid 1001 demanded 22204 clamped 4096
[kinematics-ws] K clamp binds: eid 1015 demanded 4990 clamped 4096
[kinematics-ws] K clamp binds: eid 1003 demanded 5328 clamped 4096
[kinematics-ws] K clamp binds: eid 1013 demanded 20592 clamped 4096
[kinematics-ws] K clamp binds: eid 1002 demanded 10888 clamped 4096
[kinematics-ws] K clamp binds: eid 1001 demanded 22205 clamped 4096
[kinematics-ws] K clamp binds: eid 1015 demanded 4989 clamped 4096
[kinematics-ws] K clamp binds: eid 1013 demanded 20624 clamped 4096
[kinematics-ws] K clamp binds: eid 1003 demanded 5334 clamped 4096
[kinematics-ws] K clamp binds: eid 1014 demanded 10117 clamped 4096
[kinematics-ws] K clamp binds: eid 1002 demanded 10888 clamped 4096
[kinematics-ws] K clamp binds: eid 1001 demanded 22205 clamped 4096
[kinematics-ws] K clamp binds: eid 1003 demanded 5336 clamped 4096
[kinematics-ws] K clamp binds: eid 1015 demanded 4984 clamped 4096
[kinematics-ws] K clamp binds: eid 1013 demanded 20705 clamped 4096
[kinematics-ws] K clamp binds: eid 1014 demanded 10113 clamped 4096
[kinematics-ws] K clamp binds: eid 1002 demanded 10888 clamped 4096
[kinematics-ws] K clamp binds: eid 1003 demanded 5331 clamped 4096
[kinematics-ws] K clamp binds: eid 1001 demanded 22207 clamped 4096
[kinematics-ws] K clamp binds: eid 1015 demanded 4973 clamped 4096
[kinematics-ws] K clamp binds: eid 1013 demanded 20594 clamped 4096
[kinematics-ws] K clamp binds: eid 1002 demanded 10888 clamped 4096
[kinematics-ws] K clamp binds: eid 1014 demanded 10100 clamped 4096
[kinematics-ws] K clamp binds: eid 1001 demanded 22211 clamped 4096
[kinematics-ws] K clamp binds: eid 1014 demanded 10100 clamped 4096
[kinematics-ws] K clamp binds: eid 1015 demanded 4955 clamped 4096
[kinematics-ws] K clamp binds: eid 1013 demanded 20708 clamped 4096
[kinematics-ws] K clamp binds: eid 1003 demanded 5333 clamped 4096
[kinematics-ws] K clamp binds: eid 1002 demanded 10888 clamped 4096
[kinematics-ws] K clamp binds: eid 1013 demanded 20631 clamped 4096
[kinematics-ws] K clamp binds: eid 1002 demanded 10887 clamped 4096
[kinematics-ws] K clamp binds: eid 1014 demanded 10137 clamped 4096
[kinematics-ws] K clamp binds: eid 1015 demanded 4943 clamped 4096
[kinematics-ws] K clamp binds: eid 1003 demanded 5338 clamped 4096
[kinematics-ws] K clamp binds: eid 1001 demanded 22213 clamped 4096
[kinematics-ws] K clamp binds: eid 1003 demanded 5337 clamped 4096
[kinematics-ws] K clamp binds: eid 1013 demanded 20604 clamped 4096
[kinematics-ws] K clamp binds: eid 1014 demanded 10153 clamped 4096
[kinematics-ws] K clamp binds: eid 1001 demanded 22209 clamped 4096
[kinematics-ws] K clamp binds: eid 1015 demanded 4954 clamped 4096
[kinematics-ws] K clamp binds: eid 1002 demanded 10886 clamped 4096
[kinematics-ws] K clamp binds: eid 1003 demanded 5333 clamped 4096
[kinematics-ws] K clamp binds: eid 1002 demanded 10886 clamped 4096
[kinematics-ws] K clamp binds: eid 1014 demanded 10093 clamped 4096
[kinematics-ws] K clamp binds: eid 1001 demanded 22202 clamped 4096
[kinematics-ws] K clamp binds: eid 1013 demanded 20607 clamped 4096
[kinematics-ws] K clamp binds: eid 1015 demanded 4985 clamped 4096
[kinematics-ws] K clamp binds: eid 1002 demanded 10887 clamped 4096
[kinematics-ws] K clamp binds: eid 1014 demanded 10148 clamped 4096
[kinematics-ws] K clamp binds: eid 1013 demanded 20629 clamped 4096
[kinematics-ws] K clamp binds: eid 1015 demanded 4985 clamped 4096
[kinematics-ws] K clamp binds: eid 1003 demanded 5335 clamped 4096
[kinematics-ws] K clamp binds: eid 1001 demanded 22204 clamped 4096
[kinematics-ws] K clamp binds: eid [kinematics-ws] K clamp binds: eid 10131014 demanded 10101  demandedclamped  20720 clamped 40964096

[kinematics-ws] K clamp binds: eid 1015 demanded 4945 clamped 4096
[kinematics-ws] K clamp binds: eid 1003 demanded 5340 clamped 4096
[kinematics-ws] K clamp binds: eid 1001 demanded 22209 clamped 4096
[kinematics-ws] K clamp binds: eid 1002 demanded 10886 clamped 4096
[kinematics-ws] K clamp binds: eid 1002 demanded 10884 clamped 4096
[kinematics-ws] K clamp binds: eid 1003 demanded 5341 clamped 4096
[kinematics-ws] K clamp binds: eid 1013 demanded 20642 clamped 4096
[kinematics-ws] K clamp binds: eid 1001 demanded 22200 clamped 4096
[kinematics-ws] K clamp binds: eid 1014 demanded 10157 clamped 4096
[kinematics-ws] K clamp binds: eid 1015 demanded 4958 clamped 4096
[kinematics-ws] K clamp binds: eid 1002 demanded 10885 clamped 4096
[kinematics-ws] K clamp binds: eid 1003 demanded 5338 clamped 4096
[kinematics-ws] K clamp binds: eid 1001 demanded 22204 clamped 4096
[kinematics-ws] K clamp binds: eid 1015 demanded 4988 clamped 4096
[kinematics-ws] K clamp binds: eid 1014 demanded 10100 clamped 4096
[kinematics-ws] K clamp binds: eid 1013 demanded 20703 clamped 4096
[kinematics-ws] K clamp binds: eid [kinematics-ws] K clamp binds: eid 10141013 demanded 20609 clamped  demanded 10128 clamped 40964096

[kinematics-ws] K clamp binds: eid 1001 demanded 22205 clamped 4096
[kinematics-ws] K clamp binds: eid 1003 demanded 5336 clamped 4096
[kinematics-ws] K clamp binds: eid 1002 demanded 10885 clamped 4096
[kinematics-ws] K clamp binds: eid 1015 demanded 4940 clamped 4096
[kinematics-ws] K clamp binds: eid 1001 demanded 22201 clamped 4096
[kinematics-ws] K clamp binds: eid 1014 demanded 10169 clamped 4096
[kinematics-ws] K clamp binds: eid 1002 demanded 10883 clamped 4096
[kinematics-ws] K clamp binds: eid 1003 demanded 5338 clamped 4096
[kinematics-ws] K clamp binds: eid 1015 demanded 4977 clamped 4096
[kinematics-ws] K clamp binds: eid 1013 demanded 20644 clamped 4096
[kinematics-ws] K clamp binds: eid 1001 demanded 22206 clamped 4096
[kinematics-ws] K clamp binds: eid 1002 demanded 10884 clamped 4096
[kinematics-ws] K clamp binds: eid 1014 demanded 10166 clamped 4096
[kinematics-ws] K clamp binds: eid 1003 demanded 5342 clamped 4096
[kinematics-ws] K clamp binds: eid 1015 demanded 4958 clamped 4096
[kinematics-ws] K clamp binds: eid 1013 demanded 20665 clamped 4096
[kinematics-ws] K clamp binds: eid 1003 demanded 5344 clamped 4096
[kinematics-ws] K clamp binds: eid 1002 demanded 10884 clamped 4096
[kinematics-ws] K clamp binds: eid 1001 demanded 22204 clamped 4096
[kinematics-ws] K clamp binds: eid 1015 demanded 4963 clamped 4096
[kinematics-ws] K clamp binds: eid 1013 demanded 20635 clamped 4096
[kinematics-ws] K clamp binds: eid 1014 demanded 10150 clamped 4096
[kinematics-ws] K clamp binds: eid 1002 demanded 10882 clamped 4096
[kinematics-ws] K clamp binds: eid 1013 demanded 20639 clamped 4096
[kinematics-ws] K clamp binds: eid 1001 demanded 22205 clamped 4096
[kinematics-ws] K clamp binds: eid 1014 demanded 10146 clamped 4096
[kinematics-ws] K clamp binds: eid 1015 demanded 4963 clamped 4096
[kinematics-ws] K clamp binds: eid 1003 demanded 5343 clamped 4096
[kinematics-ws] K clamp binds: eid 1015 demanded 4971 clamped 4096
[kinematics-ws] K clamp binds: eid 1003 demanded 5341 clamped 4096
[kinematics-ws] K clamp binds: eid 1014 demanded 10154 clamped 4096
[kinematics-ws] K clamp binds: eid 1013 demanded 20755 clamped 4096
[kinematics-ws] K clamp binds: eid 1001 demanded 22212 clamped 4096
[kinematics-ws] K clamp binds: eid 1002 demanded 10883 clamped 4096
[kinematics-ws] K clamp binds: eid 1001 demanded 22206 clamped 4096
[kinematics-ws] K clamp binds: eid 1013 demanded 20616 clamped 4096
[kinematics-ws] K clamp binds: eid 1014 demanded 10171 clamped 4096
[kinematics-ws] K clamp binds: eid 1015 demanded 4949 clamped 4096
[kinematics-ws] K clamp binds: eid 1002 demanded 10882 clamped 4096
[kinematics-ws] K clamp binds: eid 1003 demanded 5339 clamped 4096
[kinematics-ws] K clamp binds: eid 1003 demanded 5340 clamped 4096
[kinematics-ws] K clamp binds: eid 1014 demanded 10177 clamped 4096
[kinematics-ws] K clamp binds: eid 1015 demanded 4993 clamped 4096
[kinematics-ws] K clamp binds: eid 1001 demanded 22212 clamped 4096
[kinematics-ws] K clamp binds: eid 1002 demanded 10883 clamped 4096
[kinematics-ws] K clamp binds: eid 1013 demanded 20734 clamped 4096
[kinematics-ws] K clamp binds: eid [kinematics-ws] K clamp binds: eid 1001 1013 demandeddemanded  20761 clamped 22220 4096clamped 4096

[kinematics-ws] K clamp binds: eid 1015 demanded 4950 clamped 4096
[kinematics-ws] K clamp binds: eid 1014 demanded 10138 clamped 4096
[kinematics-ws] K clamp binds: eid 1003 demanded 5342 clamped 4096
[kinematics-ws] K clamp binds: eid 1002 demanded 10883 clamped 4096
[kinematics-ws] K clamp binds: eid 1013 demanded 20744 clamped 4096
[kinematics-ws] K clamp binds: eid 1015 demanded 4965 clamped 4096
[kinematics-ws] K clamp binds: eid 1014 demanded 10121 clamped 4096
[kinematics-ws] K clamp binds: eid 1002 demanded 10883 clamped 4096
[kinematics-ws] K clamp binds: eid 1003 demanded 5345 clamped 4096
[kinematics-ws] K clamp binds: eid 1001 demanded 22218 clamped 4096
[kinematics-ws] K clamp binds: eid 1001 demanded 22215 clamped 4096
[kinematics-ws] K clamp binds: eid 1002 demanded 10884 clamped 4096
[kinematics-ws] K clamp binds: eid 1013 demanded 20763 clamped 4096
[kinematics-ws] K clamp binds: eid 1014 demanded 10174 clamped 4096
[kinematics-ws] K clamp binds: eid 1015 demanded 4999 clamped 4096
[kinematics-ws] K clamp binds: eid 1003 demanded 5347 clamped 4096
[kinematics-ws] K clamp binds: eid 1001 demanded 22217 clamped 4096
[kinematics-ws] K clamp binds: eid 1002 demanded 10884 clamped 4096
[kinematics-ws] K clamp binds: eid 1015 demanded 4973 clamped 4096
[kinematics-ws] K clamp binds: eid 1014 demanded 10116 clamped 4096
[kinematics-ws] K clamp binds: eid 1003 demanded 5348 clamped 4096
[kinematics-ws] K clamp binds: eid 1013 demanded 20763 clamped 4096
[kinematics-ws] K clamp binds: eid 1001 demanded 22222 clamped 4096
[kinematics-ws] K clamp binds: eid 1015 demanded 4951 clamped 4096
[kinematics-ws] K clamp binds: eid 1013 demanded 20647 clamped 4096
[kinematics-ws] K clamp binds: eid 1014 demanded 10173 clamped 4096
[kinematics-ws] K clamp binds: eid 1003 demanded 5348 clamped 4096
[kinematics-ws] K clamp binds: eid 1002 demanded 10884 clamped 4096
[kinematics-ws] K clamp binds: eid 1001 demanded 22226 clamped 4096
[kinematics-ws] K clamp binds: eid 1013 demanded 20756 clamped 4096
[kinematics-ws] K clamp binds: eid 1014 demanded 10115 clamped 4096
[kinematics-ws] K clamp binds: eid 1015 demanded 4969 clamped 4096
[kinematics-ws] K clamp binds: eid 1003 demanded 5348 clamped 4096
[kinematics-ws] K clamp binds: eid 1002 demanded 10885 clamped 4096
[kinematics-ws] K clamp binds: eid 1014 demanded 10168 clamped 4096
[kinematics-ws] K clamp binds: eid 1001 demanded 22228 clamped 4096
[kinematics-ws] K clamp binds: eid 1013 demanded 20643 clamped 4096
[kinematics-ws] K clamp binds: eid 1015 demanded 4996 clamped 4096
[kinematics-ws] K clamp binds: eid 1003 demanded 5347 clamped 4096
[kinematics-ws] K clamp binds: eid 1002 demanded 10885 clamped 4096
[kinematics-ws] K clamp binds: eid 1001 demanded 22229 clamped 4096
[kinematics-ws] K clamp binds: eid 1003 demanded 5346 clamped 4096
[kinematics-ws] K clamp binds: eid 1015 demanded 5009 clamped 4096
[kinematics-ws] K clamp binds: eid 1013 demanded 20721 clamped 4096
[kinematics-ws] K clamp binds: eid 1014 demanded 10174 clamped 4096
[kinematics-ws] K clamp binds: eid 1002 demanded 10887 clamped 4096
[kinematics-ws] K clamp binds: eid 1001 demanded 22227 clamped 4096
[kinematics-ws] K clamp binds: eid 1015 demanded 5009 clamped 4096
[kinematics-ws] K clamp binds: eid 1014 demanded 10138 clamped 4096
[kinematics-ws] K clamp binds: eid 1002 demanded 10887 clamped 4096
[kinematics-ws] K clamp binds: eid 1003 demanded 5345 clamped 4096
[kinematics-ws] K clamp binds: eid 1013 demanded 20772 clamped 4096
[kinematics-ws] K clamp binds: eid 1001 demanded 22225 clamped 4096
[kinematics-ws] K clamp binds: eid 1003 demanded 5345 clamped 4096
[kinematics-ws] K clamp binds: eid 1015 demanded 5005 clamped 4096
[kinematics-ws] K clamp binds: eid 1013 demanded 20769 clamped 4096
[kinematics-ws] K clamp binds: eid 1014 demanded 10131 clamped 4096
[kinematics-ws] K clamp binds: eid 1002 demanded 10888 clamped 4096
[kinematics-ws] K clamp binds: eid 1002 demanded 10890 clamped 4096
[kinematics-ws] K clamp binds: eid 1001 demanded 22222 clamped 4096
[kinematics-ws] K clamp binds: eid 1014 demanded 10139 clamped 4096
[kinematics-ws] K clamp binds: eid 1015 demanded 5003 clamped 4096
[kinematics-ws] K clamp binds: eid 1013 demanded 20707 clamped 4096
[kinematics-ws] K clamp binds: eid 1003 demanded 5345 clamped 4096
[kinematics-ws] K clamp binds: eid[kinematics-ws] K clamp binds: eid  10031014 demanded  10143 demanded 5344 clamped clamped 40964096

[kinematics-ws] K clamp binds: eid 1015 demanded 5004 clamped 4096
[kinematics-ws] K clamp binds: eid 1001 demanded 22223 clamped 4096
[kinematics-ws] K clamp binds: eid 1013 demanded 20673 clamped 4096
[kinematics-ws] K clamp binds: eid 1002 demanded 10890 clamped 4096
[kinematics-ws] K clamp binds: eid 1014 demanded 10138 clamped 4096
[kinematics-ws] K clamp binds: eid 1002 demanded 10891 clamped 4096
[kinematics-ws] K clamp binds: eid 1015 demanded 5008 clamped 4096
[kinematics-ws] K clamp binds: eid 1001 demanded 22229 clamped 4096
[kinematics-ws] K clamp binds: eid 1013 demanded 20789 clamped 4096
[kinematics-ws] K clamp binds: eid 1003 demanded 5344 clamped 4096
[kinematics-ws] K clamp binds: eid 1001 demanded 22233 clamped 4096
[kinematics-ws] K clamp binds: eid 1003 demanded 5344 clamped 4096
[kinematics-ws] K clamp binds: eid 1013 demanded 20671 clamped 4096
[kinematics-ws] K clamp binds: eid 1014 demanded 10135 clamped 4096
[kinematics-ws] K clamp binds: eid 1002 demanded 10893 clamped 4096
[kinematics-ws] K clamp binds: eid 1015 demanded 5013 clamped 4096
[kinematics-ws] K clamp binds: eid 1001 demanded 22225 clamped 4096
[kinematics-ws] K clamp binds: eid 1003 demanded 5345 clamped 4096
[kinematics-ws] K clamp binds: eid 1014 demanded 10163 clamped 4096
[kinematics-ws] K clamp binds: eid 1015 demanded 5010 clamped 4096
[kinematics-ws] K clamp binds: eid 1002 demanded 10894 clamped 4096
[kinematics-ws] K clamp binds: eid 1013 demanded 20718 clamped 4096
[kinematics-ws] K clamp binds: eid 1002 demanded 10894 clamped 4096
[kinematics-ws] K clamp binds: eid 1013 demanded 20791 clamped 4096
[kinematics-ws] K clamp binds: eid 1014 demanded 10203 clamped 4096
[kinematics-ws] K clamp binds: eid 1015 demanded 4993 clamped 4096
[kinematics-ws] K clamp binds: eid 1001 demanded 22219 clamped 4096
[kinematics-ws] K clamp binds: eid 1003 demanded 5345 clamped 4096
[kinematics-ws] K clamp binds: eid 1013 demanded 20801 clamped 4096
[kinematics-ws] K clamp binds: eid 1002 demanded 10897 clamped 4096
[kinematics-ws] K clamp binds: eid 1014 demanded 10157 clamped 4096
[kinematics-ws] K clamp binds: eid 1001 demanded 22229 clamped 4096
[kinematics-ws] K clamp binds: eid 1015 demanded 4969 clamped 4096
[kinematics-ws] K clamp binds: eid 1003 demanded 5345 clamped 4096
[kinematics-ws] K clamp binds: eid 1001 demanded 22223 clamped 4096
[kinematics-ws] K clamp binds: eid 1014 demanded 10145 clamped 4096
[kinematics-ws] K clamp binds: eid 1002 demanded 10898 clamped 4096
[kinematics-ws] K clamp binds: eid 1015 demanded 4967 clamped 4096
[kinematics-ws] K clamp binds: eid 1003 demanded 5346 clamped 4096
[kinematics-ws] K clamp binds: eid 1013 demanded 20764 clamped 4096
[kinematics-ws] K clamp binds: eid 1001 demanded 22220 clamped 4096
[kinematics-ws] K clamp binds: eid 1003 demanded 5347 clamped 4096
[kinematics-ws] K clamp binds: eid 1002 demanded 10899 clamped 4096
[kinematics-ws] K clamp binds: eid 1014 demanded 10191 clamped 4096
[kinematics-ws] K clamp binds: eid 1013 demanded 20684 clamped 4096
[kinematics-ws] K clamp binds: eid 1015 demanded 4997 clamped 4096
[kinematics-ws] K clamp binds: eid 1002 demanded 10899 clamped 4096
[kinematics-ws] K clamp binds: eid 1001 demanded 22228 clamped 4096
[kinematics-ws] K clamp binds: eid 1015 demanded 5005 [kinematics-ws] K clamp binds: eid 1013 demanded 20781 clamped 4096
clamped 4096
[kinematics-ws] K clamp binds: eid 1014 demanded 10139 clamped 4096
[kinematics-ws] K clamp binds: eid 1003 demanded 5348 clamped 4096
[kinematics-ws] K clamp binds: eid 1003 demanded 5350 clamped 4096
[kinematics-ws] K clamp binds: eid 1013 demanded 20703 clamped 4096
[kinematics-ws] K clamp binds: eid 1001 demanded 22218 clamped 4096
[kinematics-ws] K clamp binds: eid 1014 demanded 10177 clamped 4096
[kinematics-ws] K clamp binds: eid 1002 demanded 10900 clamped 4096
[kinematics-ws] K clamp binds: eid 1015 demanded 4966 clamped 4096
[kinematics-ws] K clamp binds: eid 1001 demanded 22229 clamped 4096
[kinematics-ws] K clamp binds: eid 1013 demanded 20816 clamped 4096
[kinematics-ws] K clamp binds: eid 1003 demanded 5351 clamped 4096
[kinematics-ws] K clamp binds: eid 1014 demanded 10191 clamped 4096
[kinematics-ws] K clamp binds: eid 1015 demanded 4981 clamped 4096
[kinematics-ws] K clamp binds: eid 1002 demanded 10902 clamped 4096
[kinematics-ws] K clamp binds: eid 1001 demanded 22222 clamped 4096
[kinematics-ws] K clamp binds: eid 1014 demanded 10141 clamped 4096
[kinematics-ws] K clamp binds: eid 1013 demanded 20781 clamped 4096
[kinematics-ws] K clamp binds: eid 1003 demanded 5352 clamped 4096
[kinematics-ws] K clamp binds: eid 1002 demanded 10903 clamped 4096
[kinematics-ws] K clamp binds: eid 1015 demanded 5003 clamped 4096
[kinematics-ws] K clamp binds: eid 1001 demanded 22227 clamped 4096
[kinematics-ws] K clamp binds: eid 1003 demanded 5352 clamped 4096
[kinematics-ws] K clamp binds: eid 1015 demanded 4959 clamped 4096
[kinematics-ws] K clamp binds: eid 1014 demanded 10157 clamped 4096
[kinematics-ws] K clamp binds: eid 1002 demanded 10905 clamped 4096
[kinematics-ws] K clamp binds: eid 1013 demanded 20757 clamped 4096
[kinematics-ws] K clamp binds: eid 1013 demanded 20783 clamped 4096
[kinematics-ws] K clamp binds: eid 1002 demanded 10905 clamped 4096
[kinematics-ws] K clamp binds: eid 1014 demanded 10194 clamped 4096
[kinematics-ws] K clamp binds: eid 1001 demanded 22233 clamped 4096
[kinematics-ws] K clamp binds: eid 1003 demanded 5351 clamped 4096
[kinematics-ws] K clamp binds: eid 1015 demanded 5004 clamped 4096
[kinematics-ws] K clamp binds: eid 1013 demanded 20832 clamped 4096
[kinematics-ws] K clamp binds: eid 1015 demanded 4966 clamped 4096
[kinematics-ws] K clamp binds: eid 1002 demanded 10906 clamped 4096
[kinematics-ws] K clamp binds: eid 1001 demanded 22224 clamped 4096
[kinematics-ws] K clamp binds: eid 1014 demanded 10214 clamped 4096
[kinematics-ws] K clamp binds: eid 1003 demanded 5349 clamped 4096
[kinematics-ws] K clamp binds: eid 1001 demanded 22233 clamped 4096
[kinematics-ws] K clamp binds: eid 1013 demanded 20743 clamped 4096
[kinematics-ws] K clamp binds: eid 1015 demanded 5000 clamped 4096
[kinematics-ws] K clamp binds: eid 1003 demanded 5346 clamped 4096
[kinematics-ws] K clamp binds: eid 1002 demanded 10906 clamped 4096
[kinematics-ws] K clamp binds: eid 1014 demanded 10217 clamped 4096
[kinematics-ws] K clamp binds: eid 1003 demanded 5344 clamped 4096
[kinematics-ws] K clamp binds: eid 1014 demanded 10210 clamped 4096
[kinematics-ws] K clamp binds: eid [kinematics-ws] K clamp binds: eid 10011013  demanded 22242 clamped 4096demanded 20775 clamped 4096

[kinematics-ws] K clamp binds: eid 1002 demanded 10906 clamped 4096
[kinematics-ws] K clamp binds: eid 1015 demanded 4966 clamped 4096
[kinematics-ws] K clamp binds: eid 1001 demanded 22238 clamped 4096
[kinematics-ws] K clamp binds: eid 1014 demanded 10186 clamped 4096
[kinematics-ws] K clamp binds: eid 1013 demanded 20723 clamped 4096
[kinematics-ws] K clamp binds: eid 1003 demanded 5345 clamped 4096
[kinematics-ws] K clamp binds: eid 1015 demanded 5008 clamped 4096
[kinematics-ws] K clamp binds: eid 1002 demanded 10907 clamped 4096
[kinematics-ws] K clamp binds: eid 1001 demanded 22234 clamped 4096
[kinematics-ws] K clamp binds: eid 1014 demanded 10155 clamped 4096
[kinematics-ws] K clamp binds: eid 1003 demanded 5348 clamped 4096
[kinematics-ws] K clamp binds: eid 1015 demanded 4964 clamped 4096
[kinematics-ws] K clamp binds: eid 1013 demanded 20822 clamped 4096
[kinematics-ws] K clamp binds: eid 1002 demanded 10907 clamped 4096
[kinematics-ws] K clamp binds: eid 1014 demanded 10174 clamped 4096
[kinematics-ws] K clamp binds: eid 1015 demanded 5001 clamped 4096
[kinematics-ws] K clamp binds: eid 1003 demanded 5351 clamped 4096
[kinematics-ws] K clamp binds: eid 1013 demanded 20846 clamped 4096
[kinematics-ws] K clamp binds: eid 1001 demanded 22236 clamped 4096
[kinematics-ws] K clamp binds: eid 1002 demanded 10907 clamped 4096
[kinematics-ws] K clamp binds: eid 1001 demanded 22242 clamped 4096
[kinematics-ws] K clamp binds: eid 1003 demanded 5351 clamped 4096
[kinematics-ws] K clamp binds: eid 1013 demanded 20849 clamped 4096
[kinematics-ws] K clamp binds: eid 1015 demanded 5000 clamped 4096
[kinematics-ws] K clamp binds: eid 1002 demanded 10907 clamped 4096
[kinematics-ws] K clamp binds: eid 1014 demanded 10220 clamped 4096
[kinematics-ws] K clamp binds: eid 1002 demanded 10907 clamped 4096
[kinematics-ws] K clamp binds: eid 1001 demanded 22246 clamped 4096
[kinematics-ws] K clamp binds: eid 1013 demanded 20822 clamped 4096
[kinematics-ws] K clamp binds: eid 1003 demanded 5348 clamped 4096
[kinematics-ws] K clamp binds: eid 1014 demanded 10158 clamped 4096
[kinematics-ws] K clamp binds: eid 1015 demanded 4968 clamped 4096
[kinematics-ws] K clamp binds: eid 1014 demanded 10200 clamped 4096
[kinematics-ws] K clamp binds: eid 1003 demanded 5344 clamped [kinematics-ws] K clamp binds: eid 40961015 demanded 4997 
clamped 4096[kinematics-ws] K clamp binds: eid 1013 demanded 20732 clamped 4096
[kinematics-ws] K clamp binds: eid 1002 demanded 10907 clamped 4096

[kinematics-ws] K clamp binds: eid 1001 demanded 22249 clamped 4096
[kinematics-ws] K clamp binds: eid 1013 demanded 20820 clamped 4096
[kinematics-ws] K clamp binds: eid 1003 demanded 5344 clamped 4096
[kinematics-ws] K clamp binds: eid 1002 demanded 10908 clamped 4096
[kinematics-ws] K clamp binds: eid 1001 demanded 22249 clamped 4096
[kinematics-ws] K clamp binds: eid 1015 demanded 5021 clamped 4096
[kinematics-ws] K clamp binds: eid 1014 demanded 10166 clamped 4096
[kinematics-ws] K clamp binds: eid 1001 demanded 22248 clamped 4096
[kinematics-ws] K clamp binds: eid 1002 demanded 10909 clamped 4096
[kinematics-ws] K clamp binds: eid 1015 demanded 5002 clamped 4096
[kinematics-ws] K clamp binds: eid 1003 demanded 5348 clamped 4096
[kinematics-ws] K clamp binds: eid 1013 demanded 20737 clamped 4096
[kinematics-ws] K clamp binds: eid 1014 demanded 10217 clamped 4096
[kinematics-ws] K clamp binds: eid 1001 demanded 22245 clamped 4096
[kinematics-ws] K clamp binds: eid 1014 demanded 10155 clamped 4096
[kinematics-ws] K clamp binds: eid 1003 demanded 5351 clamped 4096
[kinematics-ws] K clamp binds: eid 1015 demanded 4980 clamped 4096
[kinematics-ws] K clamp binds: eid 1002 demanded 10910 clamped 4096
[kinematics-ws] K clamp binds: eid 1013 demanded 20844 clamped 4096
[kinematics-ws] K clamp binds: eid 1015 demanded 4979 clamped 4096
[kinematics-ws] K clamp binds: eid 1014 demanded 10192 clamped 4096
[kinematics-ws] K clamp binds: eid 1002 demanded 10910 clamped 4096
[kinematics-ws] K clamp binds: eid 1001 demanded 22241 clamped 4096
[kinematics-ws] K clamp binds: eid 1003 demanded 5348 clamped 4096
[kinematics-ws] K clamp binds: eid 1013 demanded 20849 clamped 4096
[kinematics-ws] K clamp binds: eid 1014 demanded 10233 clamped 4096
[kinematics-ws] K clamp binds: eid 1002 demanded 10908 clamped 4096
[kinematics-ws] K clamp binds: eid 1015 demanded 4992 clamped 4096
[kinematics-ws] K clamp binds: eid 1003 demanded 5343 clamped 4096
[kinematics-ws] K clamp binds: eid 1001 demanded 22242 clamped 4096
[kinematics-ws] K clamp binds: eid 1013 demanded 20842 clamped 4096
[kinematics-ws] K clamp binds: eid 1014 demanded 10226 clamped 4096
[kinematics-ws] K clamp binds: eid 1001 demanded 22248 clamped 4096
[kinematics-ws] K clamp binds: eid 1015 demanded 5005 clamped 4096
[kinematics-ws] K clamp binds: eid 1013 demanded 20861 clamped 4096
[kinematics-ws] K clamp binds: eid 1003 demanded 5344 clamped 4096
[kinematics-ws] K clamp binds: eid 1002 demanded 10906 clamped 4096
[kinematics-ws] K clamp binds: eid 1014 demanded 10211 clamped 4096
[kinematics-ws] K clamp binds: eid 1001 demanded 22255 clamped 4096
[kinematics-ws] K clamp binds: eid 1003 demanded 5349 clamped 4096
[kinematics-ws] K clamp binds: eid 1015 demanded 5013 clamped 4096
[kinematics-ws] K clamp binds: eid 1002 demanded 10905 clamped 4096
[kinematics-ws] K clamp binds: eid 1013 demanded 20835 clamped 4096
[kinematics-ws] K clamp binds: eid [kinematics-ws] K clamp binds: eid 10011014 demanded 10207 clamped 4096
[kinematics-ws] K clamp binds: eid 1003 demanded 5349 clamped 4096
[kinematics-ws] K clamp binds: eid 1015 demanded 5016 clamped 4096
 demanded 22247 clamped 4096
[kinematics-ws] K clamp binds: eid 1002 demanded 10907 clamped 4096
[kinematics-ws] K clamp binds: eid 1013 demanded 20752 clamped 4096
[kinematics-ws] K clamp binds: eid 1014 demanded 10216 clamped 4096
[kinematics-ws] K clamp binds: eid 1002 demanded 10908 clamped 4096
[kinematics-ws] K clamp binds: eid 1015 demanded 5013 clamped 4096
[kinematics-ws] K clamp binds: eid 1001 demanded 22237 clamped 4096
[kinematics-ws] K clamp binds: eid 1013 demanded 20858 clamped 4096
[kinematics-ws] K clamp binds: eid 1003 demanded 5343 clamped 4096
[kinematics-ws] K clamp binds: eid 1001 demanded 22249 clamped 4096
[kinematics-ws] K clamp binds: eid 1003 demanded 5343 clamped 4096
[kinematics-ws] K clamp binds: eid 1015 demanded 5005 clamped 4096
[kinematics-ws] K clamp binds: eid 1014 demanded 10234 clamped 4096
[kinematics-ws] K clamp binds: eid 1002 demanded 10906 clamped 4096
[kinematics-ws] K clamp binds: eid 1013 demanded 20776 clamped 4096
[kinematics-ws] K clamp binds: eid 1001 demanded 22246 clamped 4096
[kinematics-ws] K clamp binds: eid 1002 demanded 10904 clamped 4096
[kinematics-ws] K clamp binds: eid 1014 demanded 10240 clamped 4096
[kinematics-ws] K clamp binds: eid 1015 demanded 4993 clamped 4096
[kinematics-ws] K clamp binds: eid 1003 demanded 5348 clamped 4096
[kinematics-ws] K clamp binds: eid 1013 demanded 20772 clamped 4096
[kinematics-ws] K clamp binds: eid 1001 demanded 22237 clamped 4096
[kinematics-ws] K clamp binds: eid 1003 demanded 5347 clamped 4096
[kinematics-ws] K clamp binds: eid 1002 demanded 10905 clamped 4096
[kinematics-ws] K clamp binds: eid 1015 demanded 4983 clamped 4096
[kinematics-ws] K clamp binds: eid 1014 demanded 10198 clamped 4096
[kinematics-ws] K clamp binds: eid 1013 demanded 20807 clamped 4096
[kinematics-ws] K clamp binds: eid 1014 demanded 10176 clamped 4096
[kinematics-ws] K clamp binds: eid 1001 demanded 22251 clamped 4096
[kinematics-ws] K clamp binds: eid 1015 demanded 4988 clamped 4096
[kinematics-ws] K clamp binds: eid 1013 demanded 20801 clamped 4096
[kinematics-ws] K clamp binds: eid 1002 demanded 10906 clamped 4096
[kinematics-ws] K clamp binds: eid 1003 demanded 5341 clamped 4096
[kinematics-ws] K clamp binds: eid 1014 demanded 10237 clamped 4096
[kinematics-ws] K clamp binds: eid 1003 demanded 5344 clamped 4096
[kinematics-ws] K clamp binds: eid 1015 demanded 5013 clamped 4096
[kinematics-ws] K clamp binds: eid 1002 demanded 10903 clamped 4096
[kinematics-ws] K clamp binds: eid 1001 demanded 22235 clamped 4096
[kinematics-ws] K clamp binds: eid 1013 demanded 20770 clamped 4096
[kinematics-ws] K clamp binds: eid 1015 demanded 5033 clamped 4096
[kinematics-ws] K clamp binds: eid 1003 demanded 5348 clamped 4096
[kinematics-ws] K clamp binds: eid 1001 demanded 22252 clamped 4096
[kinematics-ws] K clamp binds: eid 1002 demanded 10904 clamped 4096
[kinematics-ws] K clamp binds: eid 1014 demanded 10177 clamped 4096
[kinematics-ws] K clamp binds: eid 1013 demanded 20841 clamped 4096
[kinematics-ws] K clamp binds: eid 1001 demanded 22237 clamped 4096
[kinematics-ws] K clamp binds: eid 1002 demanded 10905 clamped 4096
[kinematics-ws] K clamp binds: eid 1014 demanded 10230 clamped 4096
[kinematics-ws] K clamp binds: eid 1003 demanded 5342 clamped 4096
[kinematics-ws] K clamp binds: eid 1015 demanded 5009 clamped 4096
[kinematics-ws] K clamp binds: eid 1013 demanded 20836 clamped 4096
[kinematics-ws] K clamp binds: eid 1014 demanded 10174 clamped 4096
[kinematics-ws] K clamp binds: eid 1003 demanded 5342 clamped 4096
[kinematics-ws] K clamp binds: eid 1001 demanded 22252 clamped 4096
[kinematics-ws] K clamp binds: eid 1002 demanded 10902 clamped 4096
[kinematics-ws] K clamp binds: eid 1015 demanded 4980 clamped 4096
[kinematics-ws] K clamp binds: eid 1013 demanded 20839 clamped 4096
[kinematics-ws] K clamp binds: eid 1003 demanded 5348 clamped 4096
[kinematics-ws] K clamp binds: eid 1014 demanded 10239 clamped 4096
[kinematics-ws] K clamp binds: eid 1015 demanded 5014 clamped 4096
[kinematics-ws] K clamp binds: eid 1001 demanded 22247 clamped 4096
[kinematics-ws] K clamp binds: eid 1002 demanded 10904 clamped 4096
[kinematics-ws] K clamp binds: eid 1013 demanded 20775 clamped 4096
[kinematics-ws] K clamp binds: eid 1001 demanded 22244 clamped 4096
[kinematics-ws] K clamp binds: eid 1003 demanded 5342 clamped 4096
[kinematics-ws] K clamp binds: eid 1014 demanded 10218 clamped 4096
[kinematics-ws] K clamp binds: eid 1015 demanded 5020 clamped 4096
[kinematics-ws] K clamp binds: eid 1002 demanded 10903 clamped 4096
[kinematics-ws] K clamp binds: eid 1013 demanded 20820 clamped 4096
[kinematics-ws] K clamp binds: eid 1014 demanded 10184 clamped 4096
[kinematics-ws] K clamp binds: eid 1003 demanded 5342 clamped 4096
[kinematics-ws] K clamp binds: eid 1001 demanded 22259 clamped 4096
[kinematics-ws] K clamp binds: eid 1002 demanded 10902 clamped 4096
[kinematics-ws] K clamp binds: eid 1015 demanded 4977 clamped 4096
[kinematics-ws] K clamp binds: eid 1013 demanded 20837 clamped 4096
[kinematics-ws] K clamp binds: eid 1014 demanded 10199 clamped 4096
[kinematics-ws] K clamp binds: eid 1001 demanded 22256 clamped 4096
[kinematics-ws] K clamp binds: eid 1003 demanded 5347 clamped 4096
[kinematics-ws] K clamp binds: eid 1015 demanded 5025 clamped 4096
[kinematics-ws] K clamp binds: eid 1013 demanded 20804 clamped 4096
[kinematics-ws] K clamp binds: eid 1002 demanded 10904 clamped 4096
[kinematics-ws] K clamp binds: eid 1001 demanded 22249 clamped 4096
[kinematics-ws] K clamp binds: eid 1015 demanded 4989 clamped 4096
[kinematics-ws] K clamp binds: eid 1014 demanded 10224 clamped 4096
[kinematics-ws] K clamp binds: eid 1003 demanded 5341 clamped 4096
[kinematics-ws] K clamp binds: eid 1002 demanded 10901 clamped 4096
[kinematics-ws] K clamp binds: eid 1013 demanded 20797 clamped 4096
[kinematics-ws] K clamp binds: eid 1003 demanded 5343 clamped 4096
[kinematics-ws] K clamp binds: eid 1015 demanded 5011 clamped 4096
[kinematics-ws] K clamp binds: eid 1002 demanded 10905 clamped 4096
[kinematics-ws] K clamp binds: eid 1014 demanded 10235 clamped 4096
[kinematics-ws] K clamp binds: eid 1001 demanded 22254 clamped 4096
[kinematics-ws] K clamp binds: eid 1013 demanded 20910 clamped 4096
[kinematics-ws] K clamp binds: eid 1003 demanded 5346 clamped 4096
[kinematics-ws] K clamp binds: eid 1014 demanded 10231 clamped 4096
[kinematics-ws] K clamp binds: eid 1015 demanded 4997 clamped 4096
[kinematics-ws] K clamp binds: eid 1001 demanded 22264 clamped 4096
[kinematics-ws] K clamp binds: eid 1002 demanded 10902 clamped 4096
[kinematics-ws] K clamp binds: eid 1013 demanded 20782 clamped 4096
[kinematics-ws] K clamp binds: eid 1015 demanded 5014 clamped 4096
[kinematics-ws] K clamp binds: eid 1001 demanded 22271 clamped 4096
[kinematics-ws] K clamp binds: eid 1003 demanded 5339 clamped 4096
[kinematics-ws] K clamp binds: eid 1002 demanded 10906 clamped 4096
[kinematics-ws] K clamp binds: eid 1014 demanded 10212 clamped 4096
[kinematics-ws] K clamp binds: eid 1013 demanded 20904 clamped 4096
[kinematics-ws] K clamp binds: eid 1001 demanded 22272 clamped 4096
[kinematics-ws] K clamp binds: eid 1002 demanded 10902 clamped 4096
[kinematics-ws] K clamp binds: eid 1015 demanded 4988 clamped 4096
[kinematics-ws] K clamp binds: eid 1003 demanded 5346 clamped 4096
[kinematics-ws] K clamp binds: eid 1014 demanded 10193 clamped 4096
[kinematics-ws] K clamp binds: eid 1013 demanded 20896 clamped 4096
[kinematics-ws] K clamp binds: eid 1001 demanded 22272 clamped 4096
[kinematics-ws] K clamp binds: eid 1014 demanded 10215 clamped 4096
[kinematics-ws] K clamp binds: eid 1003 demanded 5343 clamped 4096
[kinematics-ws] K clamp binds: eid 1002 demanded 10906 clamped 4096
[kinematics-ws] K clamp binds: eid 1015 demanded 5032 clamped 4096
[kinematics-ws] K clamp binds: eid 1013 demanded 20863 clamped 4096
[kinematics-ws] K clamp binds: eid 1001 demanded 22272 clamped 4096
[kinematics-ws] K clamp binds: eid 1002 demanded 10904 clamped 4096
[kinematics-ws] K clamp binds: eid 1014 demanded 10262 clamped 4096
[kinematics-ws] K clamp binds: eid 1003 demanded 5341 clamped 4096
[kinematics-ws] K clamp binds: eid 1015 demanded 4985 clamped 4096
[kinematics-ws] K clamp binds: eid 1013 demanded 20876 clamped 4096
[kinematics-ws] K clamp binds: eid 1002 demanded 10906 clamped 4096
[kinematics-ws] K clamp binds: eid 1015 demanded 5013 clamped 4096
[kinematics-ws] K clamp binds: eid 1003 demanded 5346 clamped 4096
[kinematics-ws] K clamp binds: eid 1014 demanded 10207 clamped 4096
[kinematics-ws] K clamp binds: eid 1001 demanded 22272 clamped 4096
[kinematics-ws] K clamp binds: eid 1013 demanded 20924 clamped 4096
[kinematics-ws] K clamp binds: eid 1001 demanded 22273 clamped 4096
[kinematics-ws] K clamp binds: eid 1015 demanded 5035 clamped 4096
[kinematics-ws] K clamp binds: eid 1002 demanded 10908 clamped 4096
[kinematics-ws] K clamp binds: eid 1003 demanded 5339 clamped 4096
[kinematics-ws] K clamp binds: eid 1014 demanded 10221 clamped 4096
[kinematics-ws] K clamp binds: eid 1013 demanded 20878 clamped 4096
[kinematics-ws] K clamp binds: eid 1001 demanded 22274 clamped 4096
[kinematics-ws] K clamp binds: eid 1014 demanded 10232 clamped 4096
[kinematics-ws] K clamp binds: eid 1015 demanded 4996 clamped 4096
[kinematics-ws] K clamp binds: eid 1003 demanded 5346 clamped 4096
[kinematics-ws] K clamp binds: eid 1002 demanded 10906 clamped 4096
[kinematics-ws] K clamp binds: eid 1013 demanded 20826 clamped 4096
[kinematics-ws] K clamp binds: eid 1014 demanded 10226 clamped 4096
[kinematics-ws] K clamp binds: eid 1003 demanded 5340 clamped 4096
[kinematics-ws] K clamp binds: eid 1015 demanded 4996 clamped 4096
[kinematics-ws] K clamp binds: eid 1002 demanded 10910 clamped 4096
[kinematics-ws] K clamp binds: eid 1001 demanded 22272 clamped 4096
[kinematics-ws] K clamp binds: eid 1013 demanded 20885 clamped 4096
[kinematics-ws] K clamp binds: eid 1001 demanded 22267 clamped 4096
[kinematics-ws] K clamp binds: eid 1002 demanded 10909 clamped 4096
[kinematics-ws] K clamp binds: eid 1003 demanded 5344 clamped 4096
[kinematics-ws] K clamp binds: eid 1014 demanded 10204 clamped 4096
[kinematics-ws] K clamp binds: eid 1015 demanded 5032 clamped 4096
[kinematics-ws] K clamp binds: eid 1013 demanded 20922 clamped 4096
[kinematics-ws] K clamp binds: eid 1014 demanded 10268 clamped 4096
[kinematics-ws] K clamp binds: eid 1002 demanded 10909 clamped 4096
[kinematics-ws] K clamp binds: eid 1015 demanded 5047 clamped 4096
[kinematics-ws] K clamp binds: eid 1001 demanded 22263 clamped 4096
[kinematics-ws] K clamp binds: eid 1003 demanded 5343 clamped 4096
[kinematics-ws] K clamp binds: eid 1013 demanded 20866 clamped 4096
[kinematics-ws] K clamp binds: eid 1003 demanded 5342 clamped 4096
[kinematics-ws] K clamp binds: eid 1015 demanded 5034 clamped 4096
[kinematics-ws] K clamp binds: eid 1002 demanded 10913 clamped 4096
[kinematics-ws] K clamp binds: eid 1001 demanded 22265 clamped 4096
[kinematics-ws] K clamp binds: eid 1014 demanded 10238 clamped 4096
[kinematics-ws] K clamp binds: eid 1013 demanded 20855 clamped 4096
[kinematics-ws] K clamp binds: eid 1001 demanded 22270 clamped 4096
[kinematics-ws] K clamp binds: eid 1003 demanded 5345 clamped 4096
[kinematics-ws] K clamp binds: eid 1002 demanded 10913 clamped 4096
[kinematics-ws] K clamp binds: eid 1014 demanded 10205 clamped 4096
[kinematics-ws] K clamp binds: eid 1015 demanded 5016 clamped 4096
[kinematics-ws] K clamp binds: eid 1013 demanded 20887 clamped 4096
[kinematics-ws] K clamp binds: eid [kinematics-ws] K clamp binds: eid 1003 demanded 5341 clamped 1014 demanded 10210 4096clamped 4096

[kinematics-ws] K clamp binds: eid 1015 demanded 5005 clamped 4096
[kinematics-ws] K clamp binds: eid 1001 demanded 22265 clamped 4096
[kinematics-ws] K clamp binds: eid 1002 demanded 10912 clamped 4096
[kinematics-ws] K clamp binds: eid 1013 demanded 20947 clamped 4096
[kinematics-ws] K clamp binds: eid 1001 demanded 22260 clamped 4096
[kinematics-ws] K clamp binds: eid 1002 demanded 10915 clamped 4096
[kinematics-ws] K clamp binds: eid 1014 demanded 10222 clamped 4096
[kinematics-ws] K clamp binds: eid 1003 demanded 5346 clamped 4096
[kinematics-ws] K clamp binds: eid 1015 demanded 5002 clamped 4096
[kinematics-ws] K clamp binds: eid 1013 demanded 20862 clamped 4096
[kinematics-ws] K clamp binds: eid 1001 demanded 22268 clamped 4096
[kinematics-ws] K clamp binds: eid 1015 demanded 5001 clamped 4096
[kinematics-ws] K clamp binds: eid 1014 demanded 10224 clamped 4096
[kinematics-ws] K clamp binds: eid 1003 demanded 5341 clamped 4096
[kinematics-ws] K clamp binds: eid 1002 demanded 10918 clamped 4096
[kinematics-ws] K clamp binds: eid 1013 demanded 20902 clamped 4096
[kinematics-ws] K clamp binds: eid 1002 demanded 10918 clamped 4096
[kinematics-ws] K clamp binds: eid 1001 demanded 22260 clamped 4096
[kinematics-ws] K clamp binds: eid 1015 demanded 5001 clamped 4096
[kinematics-ws] K clamp binds: eid 1014 demanded 10214 clamped 4096
[kinematics-ws] K clamp binds: eid 1003 demanded 5346 clamped 4096
[kinematics-ws] K clamp binds: eid 1013 demanded 20837 clamped 4096
[kinematics-ws] K clamp binds: eid 1001 demanded 22264 clamped 4096
[kinematics-ws] K clamp binds: eid 1003 demanded 5341 clamped 4096
[kinematics-ws] K clamp binds: eid 1014 demanded 10210 clamped 4096
[kinematics-ws] K clamp binds: eid 1015 demanded 5004 clamped 4096
[kinematics-ws] K clamp binds: eid 1002 demanded 10917 clamped 4096
[kinematics-ws] K clamp binds: eid 1013 demanded 20929 clamped 4096
[kinematics-ws] K clamp binds: eid 1014 demanded 10243 clamped 4096
[kinematics-ws] K clamp binds: eid 1015 demanded 5011 clamped 4096
[kinematics-ws] K clamp binds: eid 1003 demanded 5346 clamped 4096
[kinematics-ws] K clamp binds: eid 1001 demanded 22263 clamped 4096
[kinematics-ws] K clamp binds: eid 1002 demanded 10918 clamped 4096
[kinematics-ws] K clamp binds: eid 1013 demanded 20963 clamped 4096
[kinematics-ws] K clamp binds: eid 1001 demanded 22264 clamped 4096
[kinematics-ws] K clamp binds: eid 1015 demanded 5027 clamped 4096
[kinematics-ws] K clamp binds: eid 1002 demanded 10921 clamped 4096
[kinematics-ws] K clamp binds: eid 1003 demanded 5343 clamped 4096
[kinematics-ws] K clamp binds: eid 1014 demanded 10288 clamped 4096
[kinematics-ws] K clamp binds: eid 1013 demanded 20965 clamped 4096
[kinematics-ws] K clamp binds: eid 1001 demanded 22263 clamped 4096
[kinematics-ws] K clamp binds: eid 1003 demanded 5345 clamped 4096
[kinematics-ws] K clamp binds: eid 1015 demanded 5049 clamped 4096
[kinematics-ws] K clamp binds: eid 1014 demanded 10232 clamped 4096
[kinematics-ws] K clamp binds: eid 1002 demanded 10923 clamped 4096
[kinematics-ws] K clamp binds: eid 1013 demanded 20927 clamped 4096
[kinematics-ws] K clamp binds: eid 1015 demanded 5055 clamped 4096
[kinematics-ws] K clamp binds: eid 1014 demanded 10226 clamped 4096
[kinematics-ws] K clamp binds: eid 1001 demanded 22270 clamped 4096
[kinematics-ws] K clamp binds: eid 1002 demanded 10924 clamped 4096
[kinematics-ws] K clamp binds: eid 1013 demanded 20850 clamped 4096
[kinematics-ws] K clamp binds: eid 1003 demanded 5345 clamped 4096
[kinematics-ws] K clamp binds: eid 1014 demanded 10272 clamped 4096
[kinematics-ws] K clamp binds: eid 1003 demanded 5343 clamped 4096
[kinematics-ws] K clamp binds: eid 1015 demanded 5030 clamped 4096
[kinematics-ws] K clamp binds: eid 1002 demanded 10924 clamped 4096
[kinematics-ws] K clamp binds: eid 1001 demanded 22263 clamped 4096
[kinematics-ws] K clamp binds: eid 1013 demanded 20947 clamped 4096
[kinematics-ws] K clamp binds: eid 1003 demanded 5348 clamped 4096
[kinematics-ws] K clamp binds: eid 1015 demanded 4999 clamped 4096
[kinematics-ws] K clamp binds: eid 1014 demanded 10217 clamped 4096
[kinematics-ws] K clamp binds: eid 1002 demanded 10924 clamped 4096
[kinematics-ws] K clamp binds: eid 1001 demanded 22273 clamped 4096
[kinematics-ws] K clamp binds: eid 1013 demanded 20855 clamped 4096
[kinematics-ws] K clamp binds: eid [kinematics-ws] K clamp binds: eid 1001 demanded 22274 clamped 1003 demanded 5342 clamped 40964096

[kinematics-ws] K clamp binds: eid 1015 demanded 5020 clamped 4096
[kinematics-ws] K clamp binds: eid 1002 demanded 10924 clamped 4096
[kinematics-ws] K clamp binds: eid 1014 demanded 10257 clamped 4096
[kinematics-ws] K clamp binds: eid 1013 demanded 20961 clamped 4096
[kinematics-ws] K clamp binds: eid 1001 demanded 22269 clamped 4096
[kinematics-ws] K clamp binds: eid 1002 demanded 10924 clamped 4096
[kinematics-ws] K clamp binds: eid [kinematics-ws] K clamp binds: eid 1015 1003 demanded demanded 5053 5350 clamped clamped 40964096

[kinematics-ws] K clamp binds: eid 1014 demanded 10272 clamped 4096
[kinematics-ws] K clamp binds: eid 1013 demanded 20964 clamped 4096
[kinematics-ws] K clamp binds: eid 1001 demanded 22275 clamped 4096
[kinematics-ws] K clamp binds: eid 1014 demanded 10215 clamped 4096
[kinematics-ws] K clamp binds: eid 1002 demanded 10924 clamped 4096
[kinematics-ws] K clamp binds: eid 1015 demanded 5011 clamped 4096
[kinematics-ws] K clamp binds: eid 1003 demanded 5344 clamped 4096
[kinematics-ws] K clamp binds: eid 1013 demanded 20950 clamped 4096
[kinematics-ws] K clamp binds: eid 1002 demanded 10925 clamped 4096
[kinematics-ws] K clamp binds: eid 1015 demanded 5012 clamped 4096
[kinematics-ws] K clamp binds: eid 1003 demanded 5347 clamped 4096
[kinematics-ws] K clamp binds: eid 1014 demanded 10240 clamped 4096
[kinematics-ws] K clamp binds: eid 1001 demanded 22283 clamped 4096
[kinematics-ws] K clamp binds: eid 1013 demanded 20969 clamped 4096
[kinematics-ws] K clamp binds: eid 1003 demanded 5349 clamped 4096
[kinematics-ws] K clamp binds: eid 1001 demanded 22285 clamped 4096
[kinematics-ws] K clamp binds: eid 1014 demanded 10286 clamped 4096
[kinematics-ws] K clamp binds: eid 1015 demanded 5050 clamped 4096
[kinematics-ws] K clamp binds: eid 1002 demanded 10925 clamped 4096
[kinematics-ws] K clamp binds: eid 1013 demanded 20977 clamped 4096
[kinematics-ws] K clamp binds: eid 1003 demanded 5344 clamped 4096
[kinematics-ws] K clamp binds: eid 1001 demanded 22284 clamped 4096
[kinematics-ws] K clamp binds: eid 1014 demanded 10304 clamped 4096
[kinematics-ws] K clamp binds: eid 1015 demanded 4995 clamped 4096
[kinematics-ws] K clamp binds: eid 1002 demanded 10925 clamped 4096
[kinematics-ws] K clamp binds: eid 1013 demanded 20883 clamped 4096
[kinematics-ws] K clamp binds: eid 1003 demanded 5352 clamped 4096
[kinematics-ws] K clamp binds: eid 1014 demanded 10308 clamped 4096
[kinematics-ws] K clamp binds: eid 1001 demanded 22282 clamped 4096
[kinematics-ws] K clamp binds: eid 1002 demanded 10925 clamped 4096
[kinematics-ws] K clamp binds: eid 1015 demanded 5048 clamped 4096
[kinematics-ws] K clamp binds: eid 1013 demanded 20956 clamped 4096
[kinematics-ws] K clamp binds: eid 1001 demanded 22282 clamped 4096
[kinematics-ws] K clamp binds: eid 1003 demanded 5348 clamped 4096
[kinematics-ws] K clamp binds: eid 1002 demanded 10925 clamped 4096
[kinematics-ws] K clamp binds: eid 1015 demanded 5002 clamped 4096
[kinematics-ws] K clamp binds: eid 1014 demanded 10308 clamped 4096
[kinematics-ws] K clamp binds: eid 1013 demanded 20879 clamped 4096
[kinematics-ws] K clamp binds: eid 1002 demanded 10925 clamped 4096
[kinematics-ws] K clamp binds: eid 1015 demanded 5046 clamped 4096
[kinematics-ws] K clamp binds: eid 1003 demanded 5347 clamped 4096
[kinematics-ws] K clamp binds: eid 1014 demanded 10297 clamped 4096
[kinematics-ws] K clamp binds: eid 1001 demanded 22282 clamped 4096
[kinematics-ws] K clamp binds: eid 1013 demanded 20968 clamped 4096
[kinematics-ws] K clamp binds: eid 1015 demanded 4999 clamped 4096
[kinematics-ws] K clamp binds: eid 1002 demanded 10925 clamped 4096
[kinematics-ws] K clamp binds: eid 1014 demanded 10261 clamped 4096
[kinematics-ws] K clamp binds: eid 1003 demanded 5354 clamped 4096
[kinematics-ws] K clamp binds: eid 1001 demanded 22283 clamped 4096
[kinematics-ws] K clamp binds: eid 1013 demanded 20997 clamped 4096
[kinematics-ws] K clamp binds: eid 1002 demanded 10927 clamped 4096
[kinematics-ws] K clamp binds: eid 1001 demanded 22283 clamped 4096
[kinematics-ws] K clamp binds: eid 1003 demanded 5348 clamped 4096
[kinematics-ws] K clamp binds: eid 1015 demanded 5054 clamped 4096
[kinematics-ws] K clamp binds: eid 1014 demanded 10228 clamped 4096
[kinematics-ws] K clamp binds: eid 1013 demanded 20999 clamped 4096
[kinematics-ws] K clamp binds: eid 1001 demanded 22285 clamped 4096
[kinematics-ws] K clamp binds: eid 1003 demanded 5348 clamped 4096
[kinematics-ws] K clamp binds: eid 1002 demanded 10929 clamped 4096
[kinematics-ws] K clamp binds: eid 1014 demanded 10272 clamped 4096
[kinematics-ws] K clamp binds: eid 1015 demanded 5003 clamped 4096
[kinematics-ws] K clamp binds: eid 1013 demanded 20993 clamped 4096
[kinematics-ws] K clamp binds: eid 1002 demanded 10931 clamped 4096
[kinematics-ws] K clamp binds: eid 1015 demanded 5033 clamped 4096
[kinematics-ws] K clamp binds: eid 1014 demanded 10292 clamped 4096
[kinematics-ws] K clamp binds: eid 1003 demanded 5355 clamped 4096
[kinematics-ws] K clamp binds: eid 1001 demanded 22288 clamped 4096
[kinematics-ws] K clamp binds: eid 1013 demanded 20925 clamped 4096
[kinematics-ws] K clamp binds: eid 1001 demanded 22293 clamped 4096
[kinematics-ws] K clamp binds: eid 1002 demanded 10932 clamped 4096
[kinematics-ws] K clamp binds: eid 1014 demanded 10225 clamped 4096
[kinematics-ws] K clamp binds: eid [kinematics-ws] K clamp binds: eid 1015 1003demanded 5052  clamped demanded 5351 clamped 40964096

[kinematics-ws] K clamp binds: eid 1013 demanded 20928 clamped 4096
[kinematics-ws] K clamp binds: eid 1015 demanded 5008 clamped 4096
[kinematics-ws] K clamp binds: eid 1014 demanded 10303 clamped 4096
[kinematics-ws] K clamp binds: eid 1003 demanded 5349 clamped 4096
[kinematics-ws] K clamp binds: eid 1002 demanded 10929 clamped 4096
[kinematics-ws] K clamp binds: eid 1001 demanded 22293 clamped 4096
[kinematics-ws] K clamp binds: eid 1013 demanded 20962 clamped 4096
[kinematics-ws] K clamp binds: eid 1001 demanded 22286 clamped 4096
[kinematics-ws] K clamp binds: eid 1014 demanded 10227 clamped 4096
[kinematics-ws] K clamp binds: eid 1003 demanded 5356 clamped 4096
[kinematics-ws] K clamp binds: eid 1002 demanded 10925 clamped 4096
[kinematics-ws] K clamp binds: eid 1015 demanded 5023 clamped 4096
[kinematics-ws] K clamp binds: eid 1013 demanded 20972 clamped 4096
[kinematics-ws] K clamp binds: eid 1001 demanded 22280 clamped 4096
[kinematics-ws] K clamp binds: eid 1015 demanded 5063 clamped 4096
[kinematics-ws] K clamp binds: eid 1002 demanded 10924 clamped 4096
[kinematics-ws] K clamp binds: eid 1003 demanded 5356 clamped 4096
[kinematics-ws] K clamp binds: eid 1014 demanded 10294 clamped 4096
[kinematics-ws] K clamp binds: eid 1013 demanded 20913 clamped 4096
[kinematics-ws] K clamp binds: eid 1014 demanded 10282 clamped 4096
[kinematics-ws] K clamp binds: eid 1003 demanded 5350 clamped 4096
[kinematics-ws] K clamp binds: eid 1002 demanded 10927 clamped 4096
[kinematics-ws] K clamp binds: eid 1001 demanded 22287 clamped 4096
[kinematics-ws] K clamp binds: eid 1015 demanded 5057 clamped 4096
[kinematics-ws] K clamp binds: eid 1013 demanded 20914 clamped 4096
[kinematics-ws] K clamp binds: eid 1015 demanded 5029 clamped 4096
[kinematics-ws] K clamp binds: eid 1003 demanded 5353 clamped 4096
[kinematics-ws] K clamp binds: eid 1014 demanded 10236 clamped 4096
[kinematics-ws] K clamp binds: eid 1001 demanded 22289 clamped 4096
[kinematics-ws] K clamp binds: eid 1002 demanded 10930 clamped 4096
[kinematics-ws] K clamp binds: eid 1013 demanded 20917 clamped 4096
[kinematics-ws] K clamp binds: eid 1015 demanded 5015 clamped 4096
[kinematics-ws] K clamp binds: eid 1014 demanded 10264 clamped 4096
[kinematics-ws] K clamp binds: eid 1001 demanded 22278 clamped 4096
[kinematics-ws] K clamp binds: eid 1002 demanded 10927 clamped 4096
[kinematics-ws] K clamp binds: eid 1003 demanded 5359 clamped 4096
[kinematics-ws] K clamp binds: eid 1013 demanded 20932 clamped 4096
[kinematics-ws] K clamp binds: eid 1001 demanded 22287 clamped 4096
[kinematics-ws] K clamp binds: eid 1015 demanded 5019 clamped 4096
[kinematics-ws] K clamp binds: eid 1002 demanded 10922 clamped 4096
[kinematics-ws] K clamp binds: eid 1003 demanded 5357 clamped 4096
[kinematics-ws] K clamp binds: eid 1014 demanded 10302 clamped 4096
[kinematics-ws] K clamp binds: eid 1013 demanded 21011 clamped 4096
[kinematics-ws] K clamp binds: eid 1015 demanded 5030 clamped 4096
[kinematics-ws] K clamp binds: eid 1002 demanded 10925 clamped 4096
[kinematics-ws] K clamp binds: eid 1001 demanded 22282 clamped 4096
[kinematics-ws] K clamp binds: eid 1003 demanded 5353 clamped 4096
[kinematics-ws] K clamp binds: eid 1014 demanded 10319 clamped 4096
[kinematics-ws] K clamp binds: eid 1013 demanded 20944 clamped 4096
[kinematics-ws] K clamp binds: eid 1015 demanded 5039 clamped 4096
[kinematics-ws] K clamp binds: eid 1002 demanded 10928 clamped 4096
[kinematics-ws] K clamp binds: eid 1001 demanded 22283 clamped 4096
[kinematics-ws] K clamp binds: eid 1014 demanded 10322 clamped 4096
[kinematics-ws] K clamp binds: eid 1003 demanded 5355 clamped 4096
[kinematics-ws] K clamp binds: eid 1013 demanded 20997 clamped 4096
[kinematics-ws] K clamp binds: eid 1014 demanded 10316 clamped 4096
[kinematics-ws] K clamp binds: eid 1015 demanded 5043 clamped 4096
[kinematics-ws] K clamp binds: eid 1003 demanded 5361 clamped 4096
[kinematics-ws] K clamp binds: eid 1001 demanded 22284 clamped 4096
[kinematics-ws] K clamp binds: eid 1002 demanded 10922 clamped 4096
[kinematics-ws] K clamp binds: eid 1013 demanded 20918 clamped 4096
[kinematics-ws] K clamp binds: eid 1001 demanded 22285 clamped 4096
[kinematics-ws] K clamp binds: eid 1014 demanded 10293 clamped 4096
[kinematics-ws] K clamp binds: eid 1003 demanded 5361 clamped 4096
[kinematics-ws] K clamp binds: eid 1002 demanded 10922 clamped 4096
[kinematics-ws] K clamp binds: eid 1015 demanded 5041 clamped 4096
[kinematics-ws] K clamp binds: eid 1013 demanded 20959 clamped 4096
[kinematics-ws] K clamp binds: eid 1001 demanded 22283 clamped 4096
[kinematics-ws] K clamp binds: eid 1014 demanded 10257 clamped 4096
[kinematics-ws] K clamp binds: eid 1003 demanded 5357 clamped 4096
[kinematics-ws] K clamp binds: eid 1002 demanded 10927 clamped 4096
[kinematics-ws] K clamp binds: eid 1015 demanded 5034 clamped 4096
[kinematics-ws] K clamp binds: eid 1013 demanded 20990 clamped 4096
[kinematics-ws] K clamp binds: eid 1015 demanded 5024 clamped 4096
[kinematics-ws] K clamp binds: eid[kinematics-ws] K clamp binds: eid 1002 demanded 10921 clamped 4096
 1003 demanded 5355 clamped 4096
[kinematics-ws] K clamp binds: eid 1014 demanded 10263 clamped 4096
[kinematics-ws] K clamp binds: eid 1001 demanded 22292 clamped 4096
[kinematics-ws] K clamp binds: eid 1013 demanded 20972 clamped 4096
[kinematics-ws] K clamp binds: eid 1001 demanded 22282 clamped 4096
[kinematics-ws] K clamp binds: eid 1014 demanded 10321 clamped 4096
[kinematics-ws] K clamp binds: eid 1015 demanded 5018 clamped 4096
[kinematics-ws] K clamp binds: eid 1002 demanded 10923 clamped 4096
[kinematics-ws] K clamp binds: eid 1003 demanded 5358 clamped 4096
[kinematics-ws] K clamp binds: eid 1013 demanded 20930 clamped 4096
[kinematics-ws] K clamp binds: eid[kinematics-ws] K clamp binds: eid  1014 demanded 10272 clamped 1001 demanded 22292 4096clamped 4096

[kinematics-ws] K clamp binds: eid 1003 demanded 5363 clamped 4096
[kinematics-ws] K clamp binds: eid 1015 demanded 5028 clamped 4096
[kinematics-ws] K clamp binds: eid 1002 demanded 10926 clamped 4096
[kinematics-ws] K clamp binds: eid 1013 demanded 21001 clamped 4096
[kinematics-ws] K clamp binds: eid 1001 demanded 22298 clamped 4096
[kinematics-ws] K clamp binds: eid 1015 demanded 5058 clamped 4096
[kinematics-ws] K clamp binds: eid 1014 demanded 10277 clamped 4096
[kinematics-ws] K clamp binds: eid 1003 demanded 5365 clamped 4096
[kinematics-ws] K clamp binds: eid 1013 demanded 20990 clamped 4096
[kinematics-ws] K clamp binds: eid 1002 demanded 10919 clamped 4096
[kinematics-ws] K clamp binds: eid[kinematics-ws] K clamp binds: eid  1003 1001demanded  demanded5363 clamped  22291 clamped 40964096

[kinematics-ws] K clamp binds: eid 1014 demanded 10293 clamped 4096
[kinematics-ws] K clamp binds: eid 1002 demanded 10926 clamped 4096
[kinematics-ws] K clamp binds: eid 1015 demanded 5079 clamped 4096
[kinematics-ws] K clamp binds: eid 1013 demanded 21006 clamped 4096
[kinematics-ws] K clamp binds: eid 1001 demanded 22292 clamped 4096
[kinematics-ws] K clamp binds: eid 1003 demanded 5360 clamped 4096
[kinematics-ws] K clamp binds: eid 1014 demanded 10288 clamped 4096
[kinematics-ws] K clamp binds: eid 1015 demanded 5052 clamped 4096
[kinematics-ws] K clamp binds: eid 1002 demanded 10920 clamped 4096
[kinematics-ws] K clamp binds: eid 1013 demanded 20935 clamped 4096
[kinematics-ws] K clamp binds: eid 1014 demanded 10261 clamped 4096
[kinematics-ws] K clamp binds: eid 1001 demanded 22301 clamped 4096
[kinematics-ws] K clamp binds: eid 1003 demanded 5358 clamped 4096
[kinematics-ws] K clamp binds: eid 1002 demanded 10925 clamped 4096
[kinematics-ws] K clamp binds: eid 1015 demanded 5015 clamped 4096
[kinematics-ws] K clamp binds: eid 1013 demanded 20974 clamped 4096
[kinematics-ws] K clamp binds: eid 1014 demanded 10328 clamped 4096
[kinematics-ws] K clamp binds: eid 1003 demanded 5360 clamped 4096
[kinematics-ws] K clamp binds: eid 1015 demanded 5048 clamped 4096
[kinematics-ws] K clamp binds: eid 1002 demanded 10922 clamped 4096
[kinematics-ws] K clamp binds: eid 1013 demanded 20994 clamped 4096
[kinematics-ws] K clamp binds: eid 1001 demanded 22307 clamped 4096
[kinematics-ws] K clamp binds: eid 1001 demanded 22308 clamped 4096
[kinematics-ws] K clamp binds: eid 1014 demanded 10305 clamped 4096
[kinematics-ws] K clamp binds: eid 1003 demanded 5363 clamped 4096
[kinematics-ws] K clamp binds: eid 1015 demanded 5071 clamped 4096
[kinematics-ws] K clamp binds: eid 1002 demanded 10925 clamped 4096
[kinematics-ws] K clamp binds: eid 1013 demanded 20966 clamped 4096
[kinematics-ws] K clamp binds: eid 1001 demanded 22307 clamped 4096
[kinematics-ws] K clamp binds: eid 1003 demanded 5366 clamped 4096[kinematics-ws] K clamp binds: eid
 1014 demanded 10268 clamped 4096
[kinematics-ws] K clamp binds: eid 1015 demanded 5015 clamped 4096
[kinematics-ws] K clamp binds: eid 1002 demanded 10922 clamped 4096
[kinematics-ws] K clamp binds: eid 1013 demanded 20954 clamped 4096
[kinematics-ws] K clamp binds: eid 1015 demanded 5055 clamped 4096
[kinematics-ws] K clamp binds: eid 1002 demanded 10926 clamped 4096
[kinematics-ws] K clamp binds: eid 1003 demanded 5368 clamped 4096
[kinematics-ws] K clamp binds: eid 1001 demanded 22306 clamped 4096
[kinematics-ws] K clamp binds: eid 1014 demanded 10266 clamped 4096
[kinematics-ws] K clamp binds: eid 1013 demanded 21063 clamped 4096
[kinematics-ws] K clamp binds: eid 1003 demanded 5368 clamped 4096
[kinematics-ws] K clamp binds: eid 1001 demanded 22306 clamped 4096
[kinematics-ws] K clamp binds: eid 1015 demanded 5050 clamped 4096
[kinematics-ws] K clamp binds: eid 1014 demanded 10275 clamped 4096
[kinematics-ws] K clamp binds: eid 1002 demanded 10922 clamped 4096
[kinematics-ws] K clamp binds: eid 1013 demanded 20953 clamped 4096
[kinematics-ws] K clamp binds: eid 1002 demanded 10929 clamped 4096
[kinematics-ws] K clamp binds: eid 1001 demanded 22306 clamped 4096
[kinematics-ws] K clamp binds: eid 1015 demanded 5025 clamped 4096
[kinematics-ws] K clamp binds: eid 1014 demanded 10277 clamped 4096
[kinematics-ws] K clamp binds: eid 1003 demanded 5367 clamped 4096
[kinematics-ws] K clamp binds: eid 1013 demanded 21073 clamped 4096
[kinematics-ws] K clamp binds: eid 1015 demanded 5066 clamped 4096
[kinematics-ws] K clamp binds: eid 1014 demanded 10271 clamped 4096
[kinematics-ws] K clamp binds: eid 1001 demanded 22308 clamped 4096
[kinematics-ws] K clamp binds: eid 1003 demanded 5365 clamped 4096
[kinematics-ws] K clamp binds: eid 1013 demanded 21001 clamped 4096
[kinematics-ws] K clamp binds: eid 1002 demanded 10922 clamped 4096
[kinematics-ws] K clamp binds: eid 1001 demanded 22310 clamped 4096
[kinematics-ws] K clamp binds: eid 1015 demanded 5021 clamped 4096
[kinematics-ws] K clamp binds: eid 1003 demanded 5364 clamped 4096
[kinematics-ws] K clamp binds: eid 1002 demanded 10929 clamped 4096
[kinematics-ws] K clamp binds: eid 1014 demanded 10269 clamped 4096
[kinematics-ws] K clamp binds: eid 1013 demanded 20964 clamped 4096
[kinematics-ws] K clamp binds: eid 1015 demanded 5063 clamped 4096
[kinematics-ws] K clamp binds: eid 1002 demanded 10927 clamped 4096
[kinematics-ws] K clamp binds: eid 1003 demanded 5363 clamped 4096
[kinematics-ws] K clamp binds: eid 1014 demanded 10303 clamped 4096
[kinematics-ws] K clamp binds: eid 1001 demanded 22313 clamped 4096
[kinematics-ws] K clamp binds: eid 1013 demanded 20966 clamped 4096
[kinematics-ws] K clamp binds: eid [kinematics-ws] K clamp binds: eid 1002 1003 demanded demanded 5362 10926 clamped clamped 40964096

[kinematics-ws] K clamp binds: eid 1001 demanded 22313 clamped 4096
[kinematics-ws] K clamp binds: eid 1015 demanded 5037 clamped 4096
[kinematics-ws] K clamp binds: eid 1014 demanded 10348 clamped 4096
[kinematics-ws] K clamp binds: eid 1013 demanded 20990 clamped 4096
[kinematics-ws] K clamp binds: eid 1002 demanded 10933 clamped 4096
[kinematics-ws] K clamp binds: eid 1001 demanded 22309 clamped 4096
[kinematics-ws] K clamp binds: eid 1003 demanded 5362 clamped 4096
[kinematics-ws] K clamp binds: eid 1015 demanded 5037 clamped 4096
[kinematics-ws] K clamp binds: eid 1014 demanded 10297 clamped 4096
[kinematics-ws] K clamp binds: eid 1013 demanded 21077 clamped 4096
[kinematics-ws] K clamp binds: eid 1003 demanded 5363 clamped 4096
[kinematics-ws] K clamp binds: eid 1001 demanded 22302 clamped 4096
[kinematics-ws] K clamp binds: eid 1014 demanded 10279 clamped 4096
[kinematics-ws] K clamp binds: eid 1002 demanded 10928 clamped 4096
[kinematics-ws] K clamp binds: eid 1015 demanded 5076 clamped 4096
[kinematics-ws] K clamp binds: eid 1013 demanded 21024 clamped 4096
[kinematics-ws] K clamp binds: eid 1001 demanded 22304 clamped 4096
[kinematics-ws] K clamp binds: eid 1003 demanded 5363 clamped 4096
[kinematics-ws] K clamp binds: eid 1014 demanded 10341 clamped 4096
[kinematics-ws] K clamp binds: eid 1015 demanded 5022 clamped 4096
[kinematics-ws] K clamp binds: eid 1002 demanded 10929 clamped 4096
[kinematics-ws] K clamp binds: eid 1013 demanded 21022 clamped 4096
[kinematics-ws] K clamp binds: eid[kinematics-ws] K clamp binds: eid  1001 demanded 22310 1002clamped  demanded 10936 clamped 40964096

[kinematics-ws] K clamp binds: eid 1014 demanded 10266 clamped 4096
[kinematics-ws] K clamp binds: eid 1015 demanded 5050 clamped 4096
[kinematics-ws] K clamp binds: eid 1003 demanded 5364 clamped 4096
[kinematics-ws] K clamp binds: eid 1013 demanded 20985 clamped 4096
[kinematics-ws] K clamp binds: eid 1001 demanded 22304 clamped 4096
[kinematics-ws] K clamp binds: eid 1002 demanded 10933 clamped 4096
[kinematics-ws] K clamp binds: eid 1015 demanded 5085 clamped 4096
[kinematics-ws] K clamp binds: eid 1014 demanded 10336 clamped 4096
[kinematics-ws] K clamp binds: eid 1003 demanded 5364 clamped 4096
[kinematics-ws] K clamp binds: eid 1013 demanded 21088 clamped 4096
[kinematics-ws] K clamp binds: eid 1015 demanded 5051 clamped 4096
[kinematics-ws] K clamp binds: eid 1014 demanded 10306 clamped 4096
[kinematics-ws] K clamp binds: eid 1001 demanded 22300 clamped 4096
[kinematics-ws] K clamp binds: eid 1003 demanded 5364 clamped 4096
[kinematics-ws] K clamp binds: eid 1002 demanded 10931 clamped 4096
[kinematics-ws] K clamp binds: eid 1013 demanded 21112 clamped 4096
[kinematics-ws] K clamp binds: eid 1003 demanded 5364 clamped 4096
[kinematics-ws] K clamp binds: eid 1002 demanded 10936 clamped 4096
[kinematics-ws] K clamp binds: eid 1015 demanded 5026 clamped 4096
[kinematics-ws] K clamp binds: eid 1001 demanded 22309 clamped 4096
[kinematics-ws] K clamp binds: eid 1014 demanded 10273 clamped 4096
[kinematics-ws] K clamp binds: eid 1013 demanded 21115 clamped 4096
[kinematics-ws] K clamp binds: eid 1002 demanded 10940 clamped 4096
[kinematics-ws] K clamp binds: eid 1003 demanded 5364 clamped 4096
[kinematics-ws] K clamp binds: eid 1015 demanded 5048 clamped 4096
[kinematics-ws] K clamp binds: eid 1001 demanded 22298 clamped 4096
[kinematics-ws] K clamp binds: eid 1014 demanded 10338 clamped 4096
[kinematics-ws] K clamp binds: eid 1013 demanded 21094 clamped 4096
[kinematics-ws] K clamp binds: eid 1014 demanded 10361 clamped 4096
[kinematics-ws] K clamp binds: eid 1001 demanded 22307 clamped 4096
[kinematics-ws] K clamp binds: eid 1002 demanded 10937 clamped 4096
[kinematics-ws] K clamp binds: eid 1003 demanded 5364 clamped 4096
[kinematics-ws] K clamp binds: eid 1015 demanded 5079 clamped 4096
[kinematics-ws] K clamp binds: eid 1013 demanded 21000 clamped 4096
[kinematics-ws] K clamp binds: eid 1015 demanded 5094 clamped 4096
[kinematics-ws] K clamp binds: eid 1014 demanded 10345 clamped 4096
[kinematics-ws] K clamp binds: eid 1001 demanded 22300 clamped 4096
[kinematics-ws] K clamp binds: eid 1003 demanded 5364 clamped 4096
[kinematics-ws] K clamp binds: eid 1002 demanded 10935 clamped 4096
[kinematics-ws] K clamp binds: eid 1013 demanded 21052 clamped 4096
[kinematics-ws] K clamp binds: eid 1001 demanded 22308 clamped 4096
[kinematics-ws] K clamp binds: eid 1002 demanded 10938 clamped 4096
[kinematics-ws] K clamp binds: eid 1015 demanded 5093 clamped 4096
[kinematics-ws] K clamp binds: eid 1014 demanded 10330 clamped 4096
[kinematics-ws] K clamp binds: eid 1003 demanded 5363 clamped 4096
[kinematics-ws] K clamp binds: eid 1013 demanded 21032 clamped 4096
[kinematics-ws] K clamp binds: eid 1001 demanded 22300 clamped 4096
[kinematics-ws] K clamp binds: eid 1015 demanded 5086 clamped 4096
[kinematics-ws] K clamp binds: eid 1014 demanded 10329 clamped 4096
[kinematics-ws] K clamp binds: eid 1002 demanded 10942 clamped 4096
[kinematics-ws] K clamp binds: eid 1003 demanded 5363 clamped 4096
[kinematics-ws] K clamp binds: eid 1013 demanded 21105 clamped 4096
[kinematics-ws] K clamp binds: eid 1015 demanded 5082 clamped 4096
[kinematics-ws] K clamp binds: eid 1014 demanded 10343 clamped 4096
[kinematics-ws] K clamp binds: eid 1001 demanded 22312 clamped 4096
[kinematics-ws] K clamp binds: eid 1002 demanded 10945 clamped 4096
[kinematics-ws] K clamp binds: eid 1003 demanded 5363 clamped 4096
[kinematics-ws] K clamp binds: eid 1013 demanded 21035 clamped 4096
[kinematics-ws] K clamp binds: eid 1014 demanded 10365 clamped 4096
[kinematics-ws] K clamp binds: eid 1015 demanded 5081 clamped 4096
[kinematics-ws] K clamp binds: eid 1003 demanded 5364 clamped 4096
[kinematics-ws] K clamp binds: eid 1002 demanded 10945 clamped 4096
[kinematics-ws] K clamp binds: eid 1001 demanded 22305 clamped 4096
[kinematics-ws] K clamp binds: eid 1013 demanded 21011 clamped 4096
[kinematics-ws] K clamp binds: eid 1002 demanded 10944 clamped 4096
[kinematics-ws] K clamp binds: eid 1001 demanded 22309 clamped 4096
[kinematics-ws] K clamp binds: eid 1003 demanded 5365 clamped 4096
[kinematics-ws] K clamp binds: eid 1015 demanded 5086 clamped 4096
[kinematics-ws] K clamp binds: eid 1014 demanded 10360 clamped 4096
[kinematics-ws] K clamp binds: eid 1013 demanded 21017 clamped 4096
[kinematics-ws] K clamp binds: eid 1001 demanded 22317 clamped 4096
[kinematics-ws] K clamp binds: eid 1014 demanded 10303 clamped 4096
[kinematics-ws] K clamp binds: eid 1002 demanded 10942 clamped 4096
[kinematics-ws] K clamp binds: eid 1003 demanded 5368 clamped 4096
[kinematics-ws] K clamp binds: eid 1015 demanded 5093 clamped 4096
[kinematics-ws] K clamp binds: eid 1013 demanded 21066 clamped 4096
[kinematics-ws] K clamp binds: eid 1001 demanded 22313 clamped 4096
[kinematics-ws] K clamp binds: eid 1015 demanded 5098 clamped 4096
[kinematics-ws] K clamp binds: eid [kinematics-ws] K clamp binds: eid1014  demanded 10301 clamped1003 demanded  5370 clamped 4096
4096
[kinematics-ws] K clamp binds: eid 1002 demanded 10942 clamped 4096
[kinematics-ws] K clamp binds: eid 1013 demanded 21132 clamped 4096
[kinematics-ws] K clamp binds: eid 1001 demanded 22311 clamped 4096
[kinematics-ws] K clamp binds: eid 1003 demanded 5373 clamped 4096
[kinematics-ws] K clamp binds: eid 1002 demanded 10942 clamped 4096
[kinematics-ws] K clamp binds: eid 1014 demanded 10365 clamped 4096
[kinematics-ws] K clamp binds: eid 1015 demanded 5092 clamped 4096
[kinematics-ws] K clamp binds: eid 1013 demanded 21008 clamped 4096
[kinematics-ws] K clamp binds: eid 1003 demanded 5374 clamped 4096
[kinematics-ws] K clamp binds: eid 1002 demanded 10943 clamped 4096
[kinematics-ws] K clamp binds: eid 1015 demanded 5067 clamped 4096
[kinematics-ws] K clamp binds: eid 1014 demanded 10286 clamped 4096
[kinematics-ws] K clamp binds: eid 1001 demanded 22319 clamped 4096
[kinematics-ws] K clamp binds: eid 1013 demanded 21126 clamped 4096
[kinematics-ws] K clamp binds: eid 1001 demanded 22326 clamped 4096
[kinematics-ws] K clamp binds: eid 1002 demanded 10944 clamped 4096
[kinematics-ws] K clamp binds: eid 1003 demanded 5373 clamped 4096
[kinematics-ws] K clamp binds: eid 1014 demanded 10360 clamped 4096
[kinematics-ws] K clamp binds: eid 1015 demanded 5041 clamped 4096
[kinematics-ws] K clamp binds: eid 1013 demanded 21017 clamped 4096
[kinematics-ws] K clamp binds: eid 1003 demanded 5370 clamped 4096
[kinematics-ws] K clamp binds: eid 1001 demanded 22327 clamped 4096
[kinematics-ws] K clamp binds: eid 1014 demanded 10286 clamped 4096
[kinematics-ws] K clamp binds: eid 1002 demanded 10944 clamped 4096
[kinematics-ws] K clamp binds: eid 1015 demanded 5049 clamped 4096
[kinematics-ws] K clamp binds: eid 1013 demanded 21033 clamped 4096
[kinematics-ws] K clamp binds: eid 1001 demanded 22326 clamped 4096
[kinematics-ws] K clamp binds: eid 1002 demanded 10944 clamped 4096
[kinematics-ws] K clamp binds: eid 1014 demanded 10361 clamped 4096
[kinematics-ws] K clamp binds: eid 1015 demanded 5087 clamped 4096
[kinematics-ws] K clamp binds: eid 1003 demanded 5366 clamped 4096
[kinematics-ws] K clamp binds: eid 1013 demanded 21073 clamped 4096
[kinematics-ws] K clamp binds: eid 1001 demanded 22325 clamped 4096
[kinematics-ws] K clamp binds: eid 1003 demanded 5363 clamped 4096
[kinematics-ws] K clamp binds: eid 1014 demanded 10337 clamped 4096
[kinematics-ws] K clamp binds: eid 1015 demanded 5083 clamped 4096
[kinematics-ws] K clamp binds: eid 1002 demanded 10944 clamped 4096
[kinematics-ws] K clamp binds: eid 1013 demanded 21061 clamped 4096
[kinematics-ws] K clamp binds: eid 1001 demanded 22325 clamped 4096
[kinematics-ws] K clamp binds: eid 1015 demanded 5038 clamped [kinematics-ws] K clamp binds: eid 40961014
 demanded 10296 clamped 4096
[kinematics-ws] K clamp binds: eid 1002 demanded 10944 clamped 4096
[kinematics-ws] K clamp binds: eid 1003 demanded 5363 clamped 4096
[kinematics-ws] K clamp binds: eid 1013 demanded 21022 clamped 4096
[kinematics-ws] K clamp binds: eid 1015 demanded 5069 clamped 4096
[kinematics-ws] K clamp binds: eid 1002 demanded 10943 clamped 4096
[kinematics-ws] K clamp binds: eid 1014 demanded 10325 clamped 4096
[kinematics-ws] K clamp binds: eid 1003 demanded 5367 clamped 4096
[kinematics-ws] K clamp binds: eid 1001 demanded 22325 clamped 4096
[kinematics-ws] K clamp binds: eid 1013 demanded 21092 clamped 4096
[kinematics-ws] K clamp binds: eid 1001 demanded 22325 clamped 4096
[kinematics-ws] K clamp binds: eid 1003 demanded 5372 clamped 4096
[kinematics-ws] K clamp binds: eid 1014 demanded 10362 clamped 4096
[kinematics-ws] K clamp binds: eid 1015 demanded 5083 clamped 4096
[kinematics-ws] K clamp binds: eid 1002 demanded 10943 clamped 4096
[kinematics-ws] K clamp binds: eid 1013 demanded 21116 clamped 4096
[kinematics-ws] K clamp binds: eid 1001 demanded 22327 clamped 4096
[kinematics-ws] K clamp binds: eid 1002 demanded 10945 clamped 4096
[kinematics-ws] K clamp binds: eid 1014 demanded 10379 clamped 4096
[kinematics-ws] K clamp binds: eid 1015 demanded 5034 clamped 4096
[kinematics-ws] K clamp binds: eid 1003 demanded 5373 clamped 4096
[kinematics-ws] K clamp binds: eid 1013 demanded 21068 clamped 4096
[kinematics-ws] K clamp binds: eid 1014 demanded 10382 clamped 4096
[kinematics-ws] K clamp binds: eid [kinematics-ws] K clamp binds: eid1003 1002 demanded 10947 clamped 4096
[kinematics-ws] K clamp binds: eid  demanded1015 demanded 5090 clamped  40965369 clamped 4096

[kinematics-ws] K clamp binds: eid 1001 demanded 22330 clamped 4096
[kinematics-ws] K clamp binds: eid 1013 demanded 21043 clamped 4096
[kinematics-ws] K clamp binds: eid 1001 demanded 22333 clamped 4096
[kinematics-ws] K clamp binds: eid 1015 demanded 5042 clamped 4096
[kinematics-ws] K clamp binds: eid 1003 demanded 5363 clamped 4096
[kinematics-ws] K clamp binds: eid 1014 demanded 10375 clamped 4096
[kinematics-ws] K clamp binds: eid 1002 demanded 10950 clamped 4096
[kinematics-ws] K clamp binds: eid 1013 demanded 21139 clamped 4096
[kinematics-ws] K clamp binds: eid 1001 demanded 22333 clamped 4096
[kinematics-ws] K clamp binds: eid 1003 demanded 5362 clamped 4096
[kinematics-ws] K clamp binds: eid 1014 demanded 10349 clamped 4096
[kinematics-ws] K clamp binds: eid 1015 demanded 5081 clamped 4096
[kinematics-ws] K clamp binds: eid 1002 demanded 10953 clamped 4096
[kinematics-ws] K clamp binds: eid 1013 demanded 21169 clamped 4096
[kinematics-ws] K clamp binds: eid 1014 demanded 10314 clamped 4096
[kinematics-ws] K clamp binds: eid 1003 demanded 5367 clamped 4096
[kinematics-ws] K clamp binds: eid 1015 demanded 5045 clamped 4096
[kinematics-ws] K clamp binds: eid 1002 demanded 10953 clamped 4096
[kinematics-ws] K clamp binds: eid 1001 demanded 22327 clamped 4096
[kinematics-ws] K clamp binds: eid 1013 demanded 21161 clamped 4096
[kinematics-ws] K clamp binds: eid 1001 demanded 22321 clamped 4096
[kinematics-ws] K clamp binds: eid 1014 demanded 10324 clamped 4096
[kinematics-ws] K clamp binds: eid 1003 demanded 5372 clamped 4096
[kinematics-ws] K clamp binds: eid 1015 demanded 5088 clamped 4096
[kinematics-ws] K clamp binds: eid 1002 demanded 10948 clamped 4096
[kinematics-ws] K clamp binds: eid 1013 demanded 21095 clamped 4096
[kinematics-ws] K clamp binds: eid 1001 demanded 22325 clamped 4096
[kinematics-ws] K clamp binds: eid 1003 demanded 5370 clamped 4096
[kinematics-ws] K clamp binds: eid 1015 demanded 5037 clamped 4096
[kinematics-ws] K clamp binds: eid 1014 demanded 10382 clamped 4096
[kinematics-ws] K clamp binds: eid 1002 demanded 10943 clamped 4096
[kinematics-ws] K clamp binds: eid 1013 demanded 21046 clamped 4096
[kinematics-ws] K clamp binds: eid 1001 demanded 22330 clamped 4096
[kinematics-ws] K clamp binds: eid 1003 demanded 5362 clamped 4096
[kinematics-ws] K clamp binds: eid 1002 demanded 10943 clamped 4096
[kinematics-ws] K clamp binds: eid 1014 demanded 10332 clamped 4096
[kinematics-ws] K clamp binds: eid 1015 demanded 5095 clamped 4096
[kinematics-ws] K clamp binds: eid 1013 demanded 21172 clamped 4096
[kinematics-ws] K clamp binds: eid 1001 demanded 22321 clamped 4096
[kinematics-ws] K clamp binds: eid 1003 demanded 5362 clamped 4096
[kinematics-ws] K clamp binds: eid 1015 demanded 5056 clamped 4096
[kinematics-ws] K clamp binds: eid 1014 demanded 10335 clamped 4096
[kinematics-ws] K clamp binds: eid 1002 demanded 10949 clamped 4096
[kinematics-ws] K clamp binds: eid 1013 demanded 21039 clamped 4096
[kinematics-ws] K clamp binds: eid 1015 demanded 5054 clamped 4096
[kinematics-ws] K clamp binds: eid 1001 demanded 22322 clamped 4096
[kinematics-ws] K clamp binds: eid 1003 demanded 5369 clamped 4096
[kinematics-ws] K clamp binds: eid 1002 demanded 10951 clamped 4096
[kinematics-ws] K clamp binds: eid 1014 demanded 10358 clamped 4096
[kinematics-ws] K clamp binds: eid 1013 demanded 21133 clamped 4096
[kinematics-ws] K clamp binds: eid 1001 demanded 22328 clamped 4096
[kinematics-ws] K clamp binds: eid 1015 demanded 5101 clamped 4096
[kinematics-ws] K clamp binds: eid 1014 demanded 10340 clamped 4096
[kinematics-ws] K clamp binds: eid 1003 demanded 5371 clamped 4096
[kinematics-ws] K clamp binds: eid 1002 demanded 10945 clamped 4096
[kinematics-ws] K clamp binds: eid 1013 demanded 21188 clamped 4096
[kinematics-ws] K clamp binds: eid 1001 demanded 22318 clamped 4096
[kinematics-ws] K clamp binds: eid 1003 demanded 5364 clamped 4096
[kinematics-ws] K clamp binds: eid 1015 demanded 5073 clamped 4096
[kinematics-ws] K clamp binds: eid 1014 demanded 10328 clamped 4096
[kinematics-ws] K clamp binds: eid 1002 demanded 10941 clamped 4096
[kinematics-ws] K clamp binds: eid 1013 demanded 21183 clamped 4096
[kinematics-ws] K clamp binds: eid 1015 demanded 5046 clamped 4096
[kinematics-ws] K clamp binds: eid 1014 demanded 10391 clamped 4096
[kinematics-ws] K clamp binds: eid 1003 demanded 5360 clamped 4096
[kinematics-ws] K clamp binds: eid 1001 demanded 22329 clamped 4096
[kinematics-ws] K clamp binds: eid 1002 demanded 10947 clamped 4096
[kinematics-ws] K clamp binds: eid 1013 demanded 21193 clamped 4096
[kinematics-ws] K clamp binds: eid 1014 demanded 10343 clamped 4096
[kinematics-ws] K clamp binds: eid 1015 demanded 5073 clamped 4096
[kinematics-ws] K clamp binds: eid 1002 demanded 10949 clamped 4096
[kinematics-ws] K clamp binds: eid 1001 demanded 22318 clamped [kinematics-ws] K clamp binds: eid 40961003 demanded 
5368 clamped 4096
[kinematics-ws] K clamp binds: eid 1013 demanded 21177 clamped 4096
[kinematics-ws] K clamp binds: eid 1002 demanded 10940 clamped 4096
[kinematics-ws] K clamp binds: eid 1014 demanded 10318 clamped 4096
[kinematics-ws] K clamp binds: eid 1003 demanded 5370 clamped 4096
[kinematics-ws] K clamp binds: eid 1015 demanded 5105 clamped 4096
[kinematics-ws] K clamp binds: eid 1001 demanded 22330 clamped 4096
[kinematics-ws] K clamp binds: eid 1013 demanded 21073 clamped 4096
[kinematics-ws] K clamp binds: eid 1001 demanded 22320 clamped 4096
[kinematics-ws] K clamp binds: eid 1002 demanded 10943 clamped 4096
[kinematics-ws] K clamp binds: eid 1015 demanded 5108 clamped 4096
[kinematics-ws] K clamp binds: eid 1014 demanded 10342 clamped 4096
[kinematics-ws] K clamp binds: eid 1003 demanded 5362 clamped 4096
[kinematics-ws] K clamp binds: eid 1013 demanded 21153 clamped 4096
[kinematics-ws] K clamp binds: eid 1014 demanded 10367 clamped 4096
[kinematics-ws] K clamp binds: eid 1002 demanded 10949 clamped 4096
[kinematics-ws] K clamp binds: eid 1001 demanded 22330 clamped 4096
[kinematics-ws] K clamp binds: eid 1003 demanded 5361 clamped 4096
[kinematics-ws] K clamp binds: eid 1015 demanded 5092 clamped 4096
[kinematics-ws] K clamp binds: eid 1013 demanded 21084 clamped 4096
[kinematics-ws] K clamp binds: eid 1003 demanded 5370 clamped 4096
[kinematics-ws] K clamp binds: eid 1015 demanded 5076 clamped 4096
[kinematics-ws] K clamp binds: eid 1001 demanded 22329 clamped 4096
[kinematics-ws] K clamp binds: eid 1014 demanded 10377 clamped 4096
[kinematics-ws] K clamp binds: eid 1002 demanded 10939 clamped 4096
[kinematics-ws] K clamp binds: eid 1013 demanded 21194 clamped 4096
[kinematics-ws] K clamp binds: eid 1001 demanded 22325 clamped 4096
[kinematics-ws] K clamp binds: eid 1014 demanded 10370 clamped 4096
[kinematics-ws] K clamp binds: eid 1003 demanded 5366 clamped 4096
[kinematics-ws] K clamp binds: eid 1015 demanded 5066 clamped 4096
[kinematics-ws] K clamp binds: eid 1013 demanded 21168 clamped 4096
[kinematics-ws] K clamp binds: eid 1002 demanded 10944 clamped 4096
[kinematics-ws] K clamp binds: eid 1002 demanded 10946 clamped 4096
[kinematics-ws] K clamp binds: eid 1015 demanded 5062 clamped 4096
[kinematics-ws] K clamp binds: eid 1014 demanded 10347 clamped 4096
[kinematics-ws] K clamp binds: eid 1001 demanded 22336 clamped 4096
[kinematics-ws] K clamp binds: eid 1003 demanded 5359 clamped 4096
[kinematics-ws] K clamp binds: eid 1013 demanded 21141 clamped 4096
[kinematics-ws] K clamp binds: eid 1001 demanded 22337 clamped 4096
[kinematics-ws] K clamp binds: eid 1003 demanded 5367 clamped 4096
[kinematics-ws] K clamp binds: eid 1002 demanded 10938 clamped 4096
[kinematics-ws] K clamp binds: eid 1015 demanded 5062 clamped 4096
[kinematics-ws] K clamp binds: eid 1014 demanded 10327 clamped 4096
[kinematics-ws] K clamp binds: eid 1013 demanded 21159 clamped 4096
[kinematics-ws] K clamp binds: eid 1015 demanded 5064 clamped 4096
[kinematics-ws] K clamp binds: eid 1003 demanded 5368 clamped 4096
[kinematics-ws] K clamp binds: eid 1002 demanded 10948 clamped 4096
[kinematics-ws] K clamp binds: eid 1014 demanded 10354 clamped 4096
[kinematics-ws] K clamp binds: eid 1001 demanded 22332 clamped 4096
[kinematics-ws] K clamp binds: eid 1013 demanded 21206 clamped 4096
[kinematics-ws] K clamp binds: eid 1001 demanded 22334 clamped 4096
[kinematics-ws] K clamp binds: eid 1014 demanded 10408 clamped 4096
[kinematics-ws] K clamp binds: eid 1003 demanded 5358 clamped 4096
[kinematics-ws] K clamp binds: eid 1002 demanded 10939 clamped 4096
[kinematics-ws] K clamp binds: eid 1015 demanded 5071 clamped 4096
[kinematics-ws] K clamp binds: eid 1013 demanded 21155 clamped 4096
[kinematics-ws] K clamp binds: eid 1001 demanded 22342 clamped 4096
[kinematics-ws] K clamp binds: eid 1014 demanded 10350 clamped 4096
[kinematics-ws] K clamp binds: eid 1015 demanded 5085 clamped 4096
[kinematics-ws] K clamp binds: eid 1002 demanded 10946 clamped 4096
[kinematics-ws] K clamp binds: eid 1003 demanded 5365 clamped 4096
[kinematics-ws] K clamp binds: eid 1013 demanded 21105 clamped 4096
[kinematics-ws] K clamp binds: eid 1001 demanded 22347 clamped 4096
[kinematics-ws] K clamp binds: eid 1003 demanded 5367 clamped 4096
[kinematics-ws] K clamp binds: eid 1014 demanded 10349 clamped 4096
[kinematics-ws] K clamp binds: eid 1015 demanded 5105 clamped 4096
[kinematics-ws] K clamp binds: eid 1002 demanded 10941 clamped 4096
[kinematics-ws] K clamp binds: eid 1013 demanded 21174 clamped 4096
[kinematics-ws] K clamp binds: eid 1015 demanded 5119 clamped 4096
[kinematics-ws] K clamp binds: eid 1014 demanded 10389 clamped 4096
[kinematics-ws] K clamp binds: eid 1001 demanded 22349 clamped 4096
[kinematics-ws] K clamp binds: eid 1003 demanded 5358 clamped 4096
[kinematics-ws] K clamp binds: eid 1002 demanded 10944 clamped 4096
[kinematics-ws] K clamp binds: eid 1013 demanded 21182 clamped 4096
[kinematics-ws] K clamp binds: eid 1001 demanded 22349 clamped 4096
[kinematics-ws] K clamp binds: eid 1002 demanded 10943 clamped 4096
[kinematics-ws] K clamp binds: eid 1014 demanded 10342 clamped 4096
[kinematics-ws] K clamp binds: eid 1003 demanded 5366 clamped 4096
[kinematics-ws] K clamp binds: eid 1015 demanded 5105 clamped 4096
[kinematics-ws] K clamp binds: eid 1013 demanded 21115 clamped 4096
[kinematics-ws] K clamp binds: eid 1003 demanded 5365 clamped 4096
[kinematics-ws] K clamp binds: eid 1001 demanded 22348 clamped 4096
[kinematics-ws] K clamp binds: eid 1014 demanded 10370 clamped 4096
[kinematics-ws] K clamp binds: eid 1002 demanded 10945 clamped 4096
[kinematics-ws] K clamp binds: eid 1015 demanded 5069 clamped 4096
[kinematics-ws] K clamp binds: eid 1013 demanded 21106 clamped 4096
[kinematics-ws] K clamp binds: eid 1003 demanded 5358 clamped 4096
[kinematics-ws] K clamp binds: eid 1002 demanded 10942 clamped 4096
[kinematics-ws] K clamp binds: eid 1015 demanded 5060 clamped 4096
[kinematics-ws] K clamp binds: eid 1014 demanded 10398 clamped 4096
[kinematics-ws] K clamp binds: eid 1001 demanded 22348 clamped 4096
[kinematics-ws] K clamp binds: eid 1013 demanded 21111 clamped 4096
[kinematics-ws] K clamp binds: eid 1001 demanded 22349 clamped 4096
[kinematics-ws] K clamp binds: eid 1003 demanded 5368 clamped 4096
[kinematics-ws] K clamp binds: eid 1002 demanded 10948 clamped 4096
[kinematics-ws] K clamp binds: eid 1015 demanded 5102 clamped 4096
[kinematics-ws] K clamp binds: eid 1014 demanded 10335 clamped 4096
[kinematics-ws] K clamp binds: eid 1013 demanded 21154 clamped 4096
[kinematics-ws] K clamp binds: eid 1003 demanded 5361 clamped 4096
[kinematics-ws] K clamp binds: eid 1001 demanded 22350 clamped 4096
[kinematics-ws] K clamp binds: eid 1002 demanded 10941 clamped 4096
[kinematics-ws] K clamp binds: eid 1015 demanded 5106 clamped 4096
[kinematics-ws] K clamp binds: eid 1014 demanded 10358 clamped 4096
[kinematics-ws] K clamp binds: eid 1013 demanded 21230 clamped 4096
[kinematics-ws] K clamp binds: eid 1003 demanded 5361 clamped 4096
[kinematics-ws] K clamp binds: eid 1014 demanded 10407 clamped 4096
[kinematics-ws] K clamp binds: eid 1001 demanded 22352 clamped 4096
[kinematics-ws] K clamp binds: eid 1015 demanded 5056 clamped 4096
[kinematics-ws] K clamp binds: eid 1002 demanded 10951 clamped 4096
[kinematics-ws] K clamp binds: eid 1013 demanded 21114 clamped 4096
[kinematics-ws] K clamp binds: eid 1014 demanded 10426 clamped 4096
[kinematics-ws] K clamp binds: eid 1002 demanded 10942 clamped 4096
[kinematics-ws] K clamp binds: eid 1001 demanded 22352 clamped 4096
[kinematics-ws] K clamp binds: eid 1015 demanded 5092 clamped 4096
[kinematics-ws] K clamp binds: eid 1003 demanded 5368 clamped 4096
[kinematics-ws] K clamp binds: eid 1013 demanded 21222 clamped 4096
[kinematics-ws] K clamp binds: eid 1001 demanded 22350 clamped 4096
[kinematics-ws] K clamp binds: eid 1003 demanded 5357 clamped 4096
[kinematics-ws] K clamp binds: eid 1002 demanded 10950 clamped 4096
[kinematics-ws] K clamp binds: eid 1015 demanded 5099 clamped 4096
[kinematics-ws] K clamp binds: eid 1014 demanded 10428 clamped 4096
[kinematics-ws] K clamp binds: eid 1013 demanded 21113 clamped 4096
[kinematics-ws] K clamp binds: eid[kinematics-ws] K clamp binds: eid  10031014  demandeddemanded  5367 clamped10429  clamped 40964096

[kinematics-ws] K clamp binds: eid 1001 demanded 22346 clamped 4096
[kinematics-ws] K clamp binds: eid 1015 demanded 5055 clamped 4096
[kinematics-ws] K clamp binds: eid 1002 demanded 10950 clamped 4096
[kinematics-ws] K clamp binds: eid 1013 demanded 21141 clamped 4096
[kinematics-ws] K clamp binds: eid 1001 demanded 22343 clamped 4096
[kinematics-ws] K clamp binds: eid 1014 demanded 10428 clamped 4096
[kinematics-ws] K clamp binds: eid 1002 demanded 10944 clamped 4096
[kinematics-ws] K clamp binds: eid 1003 demanded 5360 clamped 4096
[kinematics-ws] K clamp binds: eid 1015 demanded 5113 clamped 4096
[kinematics-ws] K clamp binds: eid 1013 demanded 21189 clamped 4096
[kinematics-ws] K clamp binds: eid 1002 demanded 10954 clamped 4096
[kinematics-ws] K clamp binds: eid 1015 demanded 5054 clamped 4096
[kinematics-ws] K clamp binds: eid 1001 demanded 22347 clamped 4096
[kinematics-ws] K clamp binds: eid 1014 demanded 10413 clamped 4096
[kinematics-ws] K clamp binds: eid 1003 demanded 5363 clamped 4096
[kinematics-ws] K clamp binds: eid 1013 demanded 21182 clamped 4096
[kinematics-ws] K clamp binds: eid 1003 demanded 5365 clamped 4096
[kinematics-ws] K clamp binds: eid 1014 demanded 10370 clamped 4096
[kinematics-ws] K clamp binds: eid 1001 demanded 22348 clamped 4096
[kinematics-ws] K clamp binds: eid 1002 demanded 10951 clamped 4096
[kinematics-ws] K clamp binds: eid 1015 demanded 5112 clamped 4096
[kinematics-ws] K clamp binds: eid 1013 demanded 21133 clamped 4096
[kinematics-ws] K clamp binds: eid 1001 demanded 22342 clamped 4096
[kinematics-ws] K clamp binds: eid 1003 demanded 5358 clamped 4096
[kinematics-ws] K clamp binds: eid 1002 demanded 10947 clamped 4096
[kinematics-ws] K clamp binds: eid 1014 demanded 10352 clamped 4096
[kinematics-ws] K clamp binds: eid 1015 demanded 5055 clamped 4096
[kinematics-ws] K clamp binds: eid 1013 demanded 21158 clamped 4096
[kinematics-ws] K clamp binds: eid 1003 demanded 5368 clamped 4096
[kinematics-ws] K clamp binds: eid 1002 demanded 10956 clamped 4096
[kinematics-ws] K clamp binds: eid 1001 demanded 22343 clamped 4096
[kinematics-ws] K clamp binds: eid 1014 demanded 10412 clamped 4096
[kinematics-ws] K clamp binds: eid 1015 demanded 5115 clamped 4096
[kinematics-ws] K clamp binds: eid 1013 demanded 21245 clamped 4096
[kinematics-ws] K clamp binds: eid 1003 demanded 5357 clamped 4096
[kinematics-ws] K clamp binds: eid 1014 demanded 10387 clamped 4096
[kinematics-ws] K clamp binds: eid 1015 demanded 5062 clamped 4096
[kinematics-ws] K clamp binds: eid 1002 demanded 10957 clamped 4096
[kinematics-ws] K clamp binds: eid 1001 demanded 22346 clamped 4096
[kinematics-ws] K clamp binds: eid 1013 demanded 21127 clamped 4096
[kinematics-ws] K clamp binds: eid 1001 demanded 22339 clamped 4096
[kinematics-ws] K clamp binds: eid 1002 demanded 10951 clamped 4096
[kinematics-ws] K clamp binds: eid 1014 demanded 10362 clamped 4096
[kinematics-ws] K clamp binds: eid 1015 demanded 5095 clamped 4096
[kinematics-ws] K clamp binds: eid 1003 demanded 5369 clamped 4096
[kinematics-ws] K clamp binds: eid 1013 demanded 21205 clamped 4096
[kinematics-ws] K clamp binds: eid 1003 demanded 5358 clamped 4096
[kinematics-ws] K clamp binds: eid 1002 demanded 10952 clamped 4096
[kinematics-ws] K clamp binds: eid 1014 demanded 10409 clamped 4096
[kinematics-ws] K clamp binds: eid 1015 demanded 5107 clamped 4096
[kinematics-ws] K clamp binds: eid 1013 demanded 21263 clamped 4096
[kinematics-ws] K clamp binds: eid 1001 demanded 22347 clamped 4096
[kinematics-ws] K clamp binds: eid 1001 demanded 22340 clamped 4096
[kinematics-ws] K clamp binds: eid 1002 demanded 10960 clamped 4096
[kinematics-ws] K clamp binds: eid 1015 demanded 5061 clamped 4096
[kinematics-ws] K clamp binds: eid 1003 demanded 5368 clamped 4096
[kinematics-ws] K clamp binds: eid 1014 demanded 10369 clamped 4096
[kinematics-ws] K clamp binds: eid 1013 demanded 21244 clamped 4096
[kinematics-ws] K clamp binds: eid 1003 demanded 5359 clamped 4096
[kinematics-ws] K clamp binds: eid 1015 demanded 5098 clamped 4096
[kinematics-ws] K clamp binds: eid 1002 demanded 10962 clamped 4096
[kinematics-ws] K clamp binds: eid 1014 demanded 10379 clamped 4096
[kinematics-ws] K clamp binds: eid 1001 demanded 22347 clamped 4096
[kinematics-ws] K clamp binds: eid 1013 demanded 21248 clamped 4096
[kinematics-ws] K clamp binds: eid 1001 demanded 22341 clamped 4096
[kinematics-ws] K clamp binds: eid 1003 demanded 5368 clamped 4096
[kinematics-ws] K clamp binds: eid 1002 demanded 10958 clamped 4096
[kinematics-ws] K clamp binds: eid 1014 demanded 10428 clamped 4096
[kinematics-ws] K clamp binds: eid 1015 demanded 5124 clamped 4096
[kinematics-ws] K clamp binds: eid 1013 demanded 21273 clamped 4096
[kinematics-ws] K clamp binds: eid 1001 demanded 22349 clamped 4096
[kinematics-ws] K clamp binds: eid 1003 demanded 5359 clamped 4096
[kinematics-ws] K clamp binds: eid 1015 demanded 5089 clamped 4096
[kinematics-ws] K clamp binds: eid 1014 demanded 10375 clamped 4096
[kinematics-ws] K clamp binds: eid 1002 demanded 10955 clamped 4096
[kinematics-ws] K clamp binds: eid 1013 demanded 21217 clamped 4096
[kinematics-ws] K clamp binds: eid 1001 demanded 22345 clamped 4096
[kinematics-ws] K clamp binds: eid 1003 demanded 5368 clamped 4096
[kinematics-ws] K clamp binds: eid 1014 demanded 10362 clamped 4096
[kinematics-ws] K clamp binds: eid 1002 demanded 10957 clamped 4096
[kinematics-ws] K clamp binds: eid 1015 demanded 5068 clamped 4096
[kinematics-ws] K clamp binds: eid 1013 demanded 21154 clamped 4096
[kinematics-ws] K clamp binds: eid 1001 demanded 22348 clamped 4096
[kinematics-ws] K clamp binds: eid 1014 demanded 10392 clamped 4096
[kinematics-ws] K clamp binds: eid 1003 demanded 5359 clamped 4096
[kinematics-ws] K clamp binds: eid 1015 demanded 5087 clamped 4096
[kinematics-ws] K clamp binds: eid 1002 demanded 10963 clamped 4096
[kinematics-ws] K clamp binds: eid 1013 demanded 21257 clamped 4096
[kinematics-ws] K clamp binds: eid 1001 demanded 22354 clamped 4096
[kinematics-ws] K clamp binds: eid 1003 demanded 5369 clamped 4096
[kinematics-ws] K clamp binds: eid 1015 demanded 5116 clamped 4096
[kinematics-ws] K clamp binds: eid 1014 demanded 10418 clamped 4096
[kinematics-ws] K clamp binds: eid 1002 demanded 10967 clamped 4096
[kinematics-ws] K clamp binds: eid 1013 demanded 21191 clamped 4096
[kinematics-ws] K clamp binds: eid 1014 demanded 10427 clamped 4096
[kinematics-ws] K clamp binds: eid 1015 demanded 5132 clamped 4096
[kinematics-ws] K clamp binds: eid 1001 demanded 22350 clamped 4096
[kinematics-ws] K clamp binds: eid 1003 demanded 5359 clamped 4096
[kinematics-ws] K clamp binds: eid 1002 demanded 10969 clamped 4096
[kinematics-ws] K clamp binds: eid 1013 demanded 21159 clamped 4096
[kinematics-ws] K clamp binds: eid 1001 demanded 22352 clamped 4096
[kinematics-ws] K clamp binds: eid 1002 demanded 10968 clamped 4096
[kinematics-ws] K clamp binds: eid 1015 demanded 5134 clamped 4096
[kinematics-ws] K clamp binds: eid 1003 demanded 5370 clamped 4096
[kinematics-ws] K clamp binds: eid 1014 demanded 10423 clamped 4096
[kinematics-ws] K clamp binds: eid 1013 demanded 21203 clamped 4096
[kinematics-ws] K clamp binds: eid 1001 demanded 22359 clamped 4096
[kinematics-ws] K clamp binds: eid 1003 demanded 5359 clamped 4096
[kinematics-ws] K clamp binds: eid 1014 demanded 10403 clamped 4096
[kinematics-ws] K clamp binds: eid 1015 demanded 5130 clamped 4096
[kinematics-ws] K clamp binds: eid 1002 demanded 10966 clamped 4096
[kinematics-ws] K clamp binds: eid 1013 demanded 21213 clamped 4096
[kinematics-ws] K clamp binds: eid 1014 demanded 10374 clamped 4096
[kinematics-ws] K clamp binds: eid 1015 demanded 5127 clamped 4096
[kinematics-ws] K clamp binds: eid 1003 demanded 5370 clamped 4096
[kinematics-ws] K clamp binds: eid 1002 demanded 10964 clamped 4096
[kinematics-ws] K clamp binds: eid 1013 demanded 21178 clamped 4096
[kinematics-ws] K clamp binds: eid 1001 demanded 22362 clamped 4096
[kinematics-ws] K clamp binds: eid 1002 demanded 10963 clamped 4096
[kinematics-ws] K clamp binds: eid 1003 demanded 5362 clamped 4096
[kinematics-ws] K clamp binds: eid 1014 demanded 10379 clamped 4096
[kinematics-ws] K clamp binds: eid 1015 demanded 5127 clamped 4096
[kinematics-ws] K clamp binds: eid 1001 demanded 22361 clamped 4096
[kinematics-ws] K clamp binds: eid 1013 demanded 21180 clamped 4096
[kinematics-ws] K clamp binds: eid 1003 demanded 5366 clamped 4096
[kinematics-ws] K clamp binds: eid 1014 demanded 10436 clamped 4096
[kinematics-ws] K clamp binds: eid 1015 demanded 5131 clamped 4096
[kinematics-ws] K clamp binds: eid 1002 demanded 10963 clamped 4096
[kinematics-ws] K clamp binds: eid 1001 demanded 22360 clamped 4096
[kinematics-ws] K clamp binds: eid 1013 demanded 21290 clamped 4096
[kinematics-ws] K clamp binds: eid 1015 demanded 5136 clamped 4096
[kinematics-ws] K clamp binds: eid 1014 demanded 10416 clamped 4096
[kinematics-ws] K clamp binds: eid 1003 demanded 5368 clamped 4096
[kinematics-ws] K clamp binds: eid 1001 demanded 22360 clamped 4096
[kinematics-ws] K clamp binds: eid 1002 demanded 10962 clamped 4096
[kinematics-ws] K clamp binds: eid 1013 demanded 21163 clamped 4096
[kinematics-ws] K clamp binds: eid 1001 demanded 22362 clamped 4096
[kinematics-ws] K clamp binds: eid 1003 [kinematics-ws] K clamp binds: eiddemanded  5362 clamped 40961014 
demanded[kinematics-ws] K clamp binds: eid 1015 demanded 5136 clamped 4096
 [kinematics-ws] K clamp binds: eid10370  clamped 1002 demanded 10962 4096clamped 4096

[kinematics-ws] K clamp binds: eid 1013 demanded 21292 clamped 4096
[kinematics-ws] K clamp binds: eid 1001 demanded 22364 clamped 4096
[kinematics-ws] K clamp binds: eid 1015 demanded 5125 clamped 4096
[kinematics-ws] K clamp binds: eid 1002 demanded 10962 clamped 4096
[kinematics-ws] K clamp binds: eid 1003 demanded 5372 clamped 4096
[kinematics-ws] K clamp binds: eid 1014 demanded 10442 clamped 4096
[kinematics-ws] K clamp binds: eid 1013 demanded 21227 clamped 4096
[kinematics-ws] K clamp binds: eid 1015 demanded 5101 clamped 4096
[kinematics-ws] K clamp binds: eid 1014 demanded 10366 clamped 4096
[kinematics-ws] K clamp binds: eid 1001 demanded 22365 clamped 4096
[kinematics-ws] K clamp binds: eid 1002 demanded 10963 clamped 4096
[kinematics-ws] K clamp binds: eid 1003 demanded 5362 clamped 4096
[kinematics-ws] K clamp binds: eid 1013 demanded 21182 clamped 4096
[kinematics-ws] K clamp binds: eid 1003 demanded 5369 clamped 4096
[kinematics-ws] K clamp binds: eid 1001 demanded 22364 clamped 4096
[kinematics-ws] K clamp binds: eid 1002 demanded 10963 clamped 4096
[kinematics-ws] K clamp binds: eid 1014 demanded 10440 clamped 4096
[kinematics-ws] K clamp binds: eid 1015 demanded 5081 clamped 4096
[kinematics-ws] K clamp binds: eid 1013 demanded 21181 clamped 4096
[kinematics-ws] K clamp binds: eid 1003 demanded 5370 clamped 4096
[kinematics-ws] K clamp binds: eid 1014 demanded 10395 clamped 4096
[kinematics-ws] K clamp binds: eid 1015 demanded 5094 clamped 4096
[kinematics-ws] K clamp binds: eid 1001 demanded 22363 clamped 4096
[kinematics-ws] K clamp binds: eid 1002 demanded 10965 clamped 4096
[kinematics-ws] K clamp binds: eid 1013 demanded 21191 clamped 4096
[kinematics-ws] K clamp binds: eid 1001 demanded 22363 clamped 4096
[kinematics-ws] K clamp binds: eid 1003 demanded 5363 clamped 4096
[kinematics-ws] K clamp binds: eid 1014 demanded 10384 clamped 4096
[kinematics-ws] K clamp binds: eid 1002 demanded 10967 clamped 4096
[kinematics-ws] K clamp binds: eid 1015 demanded 5129 clamped 4096
[kinematics-ws] K clamp binds: eid 1013 demanded 21261 clamped 4096
[kinematics-ws] K clamp binds: eid 1001 demanded 22365 clamped 4096
[kinematics-ws] K clamp binds: eid 1003 demanded 5373 clamped 4096
[kinematics-ws] K clamp binds: eid 1014 demanded 10445 clamped 4096
[kinematics-ws] K clamp binds: eid 1015 demanded 5120 clamped 4096
[kinematics-ws] K clamp binds: eid 1002 demanded 10970 clamped 4096
[kinematics-ws] K clamp binds: eid 1013 demanded 21302 clamped 4096
[kinematics-ws] K clamp binds: eid 1014 demanded 10452 clamped 4096
[kinematics-ws] K clamp binds: eid 1003 demanded 5368 clamped 4096
[kinematics-ws] K clamp binds: eid 1002 demanded 10973 clamped 4096
[kinematics-ws] K clamp binds: eid 1001 demanded 22369 clamped 4096
[kinematics-ws] K clamp binds: eid 1015 demanded 5079 clamped 4096
[kinematics-ws] K clamp binds: eid 1013 demanded 21177 clamped 4096
[kinematics-ws] K clamp binds: eid 1002 demanded 10974 clamped 4096
[kinematics-ws] K clamp binds: eid 1001 demanded 22374 clamped 4096
[kinematics-ws] K clamp binds: eid 1003 demanded 5365 clamped 4096
[kinematics-ws] K clamp binds: eid 1014 demanded 10426 clamped 4096
[kinematics-ws] K clamp binds: eid 1015 demanded 5107 clamped 4096
[kinematics-ws] K clamp binds: eid 1013 demanded 21304 clamped 4096
[kinematics-ws] K clamp binds: eid 1003 demanded 5375 clamped 4096
[kinematics-ws] K clamp binds: eid 1001 demanded 22370 clamped 4096
[kinematics-ws] K clamp binds: eid 1014 demanded 10408 clamped 4096
[kinematics-ws] K clamp binds: eid 1002 demanded 10972 clamped 4096
[kinematics-ws] K clamp binds: eid 1015 demanded 5125 clamped 4096
[kinematics-ws] K clamp binds: eid 1013 demanded 21263 clamped 4096
[kinematics-ws] K clamp binds: eid 1001 demanded 22361 clamped 4096
[kinematics-ws] K clamp binds: eid 1015 demanded 5076 clamped 4096
[kinematics-ws] K clamp binds: eid 1003 demanded 5369 clamped 4096
[kinematics-ws] K clamp binds: eid 1014 demanded 10403 clamped 4096
[kinematics-ws] K clamp binds: eid 1002 demanded 10966 clamped 4096
[kinematics-ws] K clamp binds: eid 1013 demanded 21197 clamped 4096
[kinematics-ws] K clamp binds: eid 1014 demanded 10411 clamped 4096
[kinematics-ws] K clamp binds: eid 1001 demanded 22363 clamped 4096
[kinematics-ws] K clamp binds: eid 1015 demanded 5123 clamped 4096
[kinematics-ws] K clamp binds: eid 1002 demanded 10962 clamped 4096
[kinematics-ws] K clamp binds: eid 1003 demanded 5367 clamped 4096
[kinematics-ws] K clamp binds: eid 1013 demanded 21197 clamped 4096
[kinematics-ws] K clamp binds: eid 1001 demanded 22371 clamped 4096
[kinematics-ws] K clamp binds: eid 1014 demanded 10433 clamped 4096
[kinematics-ws] K clamp binds: eid 1002 demanded 10963 clamped 4096
[kinematics-ws] K clamp binds: eid 1003 demanded 5377 clamped 4096
[kinematics-ws] K clamp binds: eid 1015 demanded 5093 clamped 4096
[kinematics-ws] K clamp binds: eid 1013 demanded 21200 clamped 4096
[kinematics-ws] K clamp binds: eid 1015 demanded 5106 clamped 4096
[kinematics-ws] K clamp binds: eid 1014 demanded 10462 clamped 4096
[kinematics-ws] K clamp binds: eid 1001 demanded 22361 clamped 4096
[kinematics-ws] K clamp binds: eid 1002 demanded 10970 clamped 4096
[kinematics-ws] K clamp binds: eid 1003 demanded 5373 clamped 4096
[kinematics-ws] K clamp binds: eid 1013 demanded 21243 clamped 4096
[kinematics-ws] K clamp binds: eid 1003 demanded 5367 clamped 4096
[kinematics-ws] K clamp binds: eid 1015 demanded 5102 clamped 4096
[kinematics-ws] K clamp binds: eid 1014 demanded 10453 clamped 4096
[kinematics-ws] K clamp binds: eid 1001 demanded 22361 clamped 4096
[kinematics-ws] K clamp binds: eid 1002 demanded 10973 clamped 4096
[kinematics-ws] K clamp binds: eid 1013 demanded 21337 clamped 4096
[kinematics-ws] K clamp binds: eid 1001 demanded 22368 clamped 4096
[kinematics-ws] K clamp binds: eid 1015 demanded 5108 clamped 4096
[kinematics-ws] K clamp binds: eid 1003 demanded 5375 clamped 4096
[kinematics-ws] K clamp binds: eid 1014 demanded 10395 clamped 4096
[kinematics-ws] K clamp binds: eid 1002 demanded 10966 clamped 4096
[kinematics-ws] K clamp binds: eid 1013 demanded 21213 clamped 4096
[kinematics-ws] K clamp binds: eid[kinematics-ws] K clamp binds: eid  10031014 demanded 10420 clamped 4096
[kinematics-ws] K clamp binds: eid 1001 demanded 22357 clamped 4096
[kinematics-ws] K clamp binds: eid 1002 demanded 10960 clamped 4096
[kinematics-ws] K clamp binds: eid 1015 demanded 5094 clamped 4096
 demanded 5378 clamped 4096
[kinematics-ws] K clamp binds: eid 1013 demanded 21324 clamped 4096
[kinematics-ws] K clamp binds: eid 1001 demanded 22369 clamped 4096
[kinematics-ws] K clamp binds: eid 1015 demanded 5127 clamped 4096
[kinematics-ws] K clamp binds: eid 1014 demanded 10451 clamped 4096
[kinematics-ws] K clamp binds: eid 1002 demanded 10966 clamped 4096
[kinematics-ws] K clamp binds: eid 1003 demanded 5370 clamped 4096
[kinematics-ws] K clamp binds: eid 1013 demanded 21202 clamped 4096
[kinematics-ws] K clamp binds: eid 1015 demanded 5080 clamped 4096
[kinematics-ws] K clamp binds: eid 1014 demanded 10389 clamped 4096
[kinematics-ws] K clamp binds: eid 1002 demanded 10971 clamped 4096
[kinematics-ws] K clamp binds: eid 1001 demanded 22358 clamped 4096
[kinematics-ws] K clamp binds: eid 1003 demanded 5371 clamped 4096
[kinematics-ws] K clamp binds: eid 1013 demanded 21250 clamped 4096
[kinematics-ws] K clamp binds: eid 1015 demanded 5128 clamped 4096
[kinematics-ws] K clamp binds: eid 1002 demanded 10963 clamped 4096
[kinematics-ws] K clamp binds: eid 1003 demanded 5380 clamped 4096
[kinematics-ws] K clamp binds: eid 1014 demanded 10459 clamped 4096
[kinematics-ws] K clamp binds: eid 1001 demanded 22370 clamped 4096
[kinematics-ws] K clamp binds: eid 1013 demanded 21308 clamped 4096
[kinematics-ws] K clamp binds: eid 1002 demanded 10960 clamped 4096
[kinematics-ws] K clamp binds: eid 1003 demanded 5379 clamped 4096
[kinematics-ws] K clamp binds: eid 1001 demanded 22360 clamped 4096
[kinematics-ws] K clamp binds: eid 1015 demanded 5117 clamped 4096
[kinematics-ws] K clamp binds: eid 1014 demanded 10400 clamped 4096
[kinematics-ws] K clamp binds: eid 1013 demanded 21308 clamped 4096
[kinematics-ws] K clamp binds: eid 1003 demanded 5372 clamped 4096
[kinematics-ws] K clamp binds: eid 1002 demanded 10970 clamped 4096
[kinematics-ws] K clamp binds: eid 1001 demanded 22370 clamped 4096
[kinematics-ws] K clamp binds: eid 1015 demanded 5085 clamped 4096
[kinematics-ws] K clamp binds: eid 1014 demanded 10427 clamped 4096
[kinematics-ws] K clamp binds: eid 1013 demanded 21251 clamped 4096
[kinematics-ws] K clamp binds: eid 1001 demanded 22369 clamped 4096
[kinematics-ws] K clamp binds: eid 1003 demanded 5372 clamped 4096
[kinematics-ws] K clamp binds: eid 1002 demanded 10964 clamped 4096
[kinematics-ws] K clamp binds: eid 1015 demanded 5122 clamped 4096
[kinematics-ws] K clamp binds: eid 1014 demanded 10467 clamped 4096
[kinematics-ws] K clamp binds: eid 1013 demanded 21223 clamped 4096
[kinematics-ws] K clamp binds: eid 1001 demanded 22364 clamped 4096
[kinematics-ws] K clamp binds: eid 1003 demanded 5380 clamped 4096
[kinematics-ws] K clamp binds: eid 1014 demanded 10419 clamped 4096
[kinematics-ws] K clamp binds: eid 1015 demanded 5142 clamped 4096
[kinematics-ws] K clamp binds: eid 1002 demanded 10959 clamped 4096
[kinematics-ws] K clamp binds: eid 1013 demanded 21354 clamped 4096
[kinematics-ws] K clamp binds: eid 1001 demanded 22376 clamped 4096
[kinematics-ws] K clamp binds: eid 1014 demanded 10402 clamped 4096
[kinematics-ws] K clamp binds: eid 1002 demanded 10969 clamped 4096
[kinematics-ws] K clamp binds: eid 1003 demanded 5383 clamped 4096
[kinematics-ws] K clamp binds: eid 1015 demanded 5115 clamped 4096
[kinematics-ws] K clamp binds: eid 1013 demanded 21219 clamped 4096
[kinematics-ws] K clamp binds: eid 1014 demanded 10423 clamped 4096
[kinematics-ws] K clamp binds: eid 1001 demanded 22376 clamped 4096
[kinematics-ws] K clamp binds: eid 1002 demanded 10960 clamped 4096
[kinematics-ws] K clamp binds: eid 1015 demanded 5094 clamped 4096
[kinematics-ws] K clamp binds: eid 1003 demanded 5378 clamped 4096
[kinematics-ws] K clamp binds: eid 1013 demanded 21361 clamped 4096
[kinematics-ws] K clamp binds: eid 1001 demanded 22370 clamped 4096
[kinematics-ws] K clamp binds: eid 1015 demanded 5102 clamped [kinematics-ws] K clamp binds: eid 40961014 
demanded 10444 clamped 4096
[kinematics-ws] K clamp binds: eid 1003 demanded 5373 clamped 4096
[kinematics-ws] K clamp binds: eid 1002 demanded 10962 clamped 4096
[kinematics-ws] K clamp binds: eid 1013 demanded 21296 clamped 4096
[kinematics-ws] K clamp binds: eid 1001 demanded 22374 clamped 4096
[kinematics-ws] K clamp binds: eid 1014 demanded 10450 clamped 4096
[kinematics-ws] K clamp binds: eid 1003 demanded 5376 clamped 4096
[kinematics-ws] K clamp binds: eid 1015 demanded 5123 clamped 4096
[kinematics-ws] K clamp binds: eid 1002 demanded 10967 clamped 4096
[kinematics-ws] K clamp binds: eid 1013 demanded 21242 clamped 4096
[kinematics-ws] K clamp binds: eid 1015 demanded 5141 clamped 4096
[kinematics-ws] K clamp binds: eid 1001 demanded 22383 clamped 4096
[kinematics-ws] K clamp binds: eid 1003 demanded 5383 clamped 4096
[kinematics-ws] K clamp binds: eid 1002 demanded 10957 clamped 4096
[kinematics-ws] K clamp binds: eid 1014 demanded 10442 clamped 4096
[kinematics-ws] K clamp binds: eid 1013 demanded 21238 clamped 4096
[kinematics-ws] K clamp binds: eid 1003 demanded 5386 clamped 4096
[kinematics-ws] K clamp binds: eid 1014 demanded 10421 clamped 4096
[kinematics-ws] K clamp binds: eid 1015 demanded 5150 clamped 4096
[kinematics-ws] K clamp binds: eid 1001 demanded 22388 clamped 4096
[kinematics-ws] K clamp binds: eid 1002 demanded 10969 clamped 4096
[kinematics-ws] K clamp binds: eid 1013 demanded 21259 clamped 4096
[kinematics-ws] K clamp binds: eid 1015 demanded 5153 clamped 4096
[kinematics-ws] K clamp binds: eid 1014 demanded 10408 clamped 4096
[kinematics-ws] K clamp binds: eid 1003 demanded 5383 clamped 4096
[kinematics-ws] K clamp binds: eid 1002 demanded 10957 clamped 4096
[kinematics-ws] K clamp binds: eid 1001 demanded 22387 clamped 4096
[kinematics-ws] K clamp binds: eid 1013 demanded 21347 clamped 4096
[kinematics-ws] K clamp binds: eid 1002 demanded 10968 clamped 4096
[kinematics-ws] K clamp binds: eid 1003 demanded 5378 clamped 4096
[kinematics-ws] K clamp binds: eid 1001 demanded 22385 clamped 4096
[kinematics-ws] K clamp binds: eid 1014 demanded 10443 clamped 4096
[kinematics-ws] K clamp binds: eid 1015 demanded 5155 clamped 4096
[kinematics-ws] K clamp binds: eid 1013 demanded 21350 clamped 4096
[kinematics-ws] K clamp binds: eid 1001 demanded 22384 clamped 4096
[kinematics-ws] K clamp binds: eid 1003 demanded 5376 clamped 4096
[kinematics-ws] K clamp binds: eid 1015 demanded 5155 clamped 4096
[kinematics-ws] K clamp binds: eid 1014 demanded 10487 clamped 4096
[kinematics-ws] K clamp binds: eid 1002 demanded 10959 clamped 4096
[kinematics-ws] K clamp binds: eid 1013 demanded 21239 clamped 4096
[kinematics-ws] K clamp binds: eid 1001 demanded 22384 clamped 4096
[kinematics-ws] K clamp binds: eid 1003 demanded 5378 clamped 4096
[kinematics-ws] K clamp binds: eid 1014 demanded 10425 clamped 4096
[kinematics-ws] K clamp binds: eid 1015 demanded 5152 clamped 4096
[kinematics-ws] K clamp binds: eid 1002 demanded 10968 clamped 4096
[kinematics-ws] K clamp binds: eid 1013 demanded 21352 clamped 4096
[kinematics-ws] K clamp binds: eid 1001 demanded 22384 clamped 4096
[kinematics-ws] K clamp binds: eid 1015 demanded 5145 clamped 4096
[kinematics-ws] K clamp binds: eid 1002 demanded 10959 clamped 4096
[kinematics-ws] K clamp binds: eid 1014 demanded 10434 clamped 4096
[kinematics-ws] K clamp binds: eid 1003 demanded 5383 clamped 4096
[kinematics-ws] K clamp binds: eid 1013 demanded 21347 clamped 4096
[kinematics-ws] K clamp binds: eid 1001 demanded 22385 clamped 4096
[kinematics-ws] K clamp binds: eid 1003 demanded 5388 clamped 4096
[kinematics-ws] K clamp binds: eid 1002 demanded 10969 clamped 4096
[kinematics-ws] K clamp binds: eid 1015 demanded 5131 clamped 4096
[kinematics-ws] K clamp binds: eid 1014 demanded 10466 clamped 4096
[kinematics-ws] K clamp binds: eid 1013 demanded 21265 clamped 4096
[kinematics-ws] K clamp binds: eid 1002 demanded 10959 clamped 4096
[kinematics-ws] K clamp binds: eid 1001 demanded 22387 clamped 4096
[kinematics-ws] K clamp binds: eid 1015 demanded 5112 clamped 4096
[kinematics-ws] K clamp binds: eid 1003 demanded 5389 clamped 4096
[kinematics-ws] K clamp binds: eid 1014 demanded 10422 clamped 4096
[kinematics-ws] K clamp binds: eid 1013 demanded 21251 clamped 4096
[kinematics-ws] K clamp binds: eid 1015 demanded 5103 clamped 4096
[kinematics-ws] K clamp binds: eid 1014 demanded 10454 clamped 4096
[kinematics-ws] K clamp binds: eid 1002 demanded 10971 clamped 4096
[kinematics-ws] K clamp binds: eid 1003 demanded 5387 clamped 4096
[kinematics-ws] K clamp binds: eid 1001 demanded 22390 clamped 4096
[kinematics-ws] K clamp binds: eid 1013 demanded 21258 clamped 4096
[kinematics-ws] K clamp binds: eid 1001 demanded 22393 clamped 4096
[kinematics-ws] K clamp binds: eid 1014 demanded 10468 clamped 4096
[kinematics-ws] K clamp binds: eid 1002 demanded 10960 clamped 4096
[kinematics-ws] K clamp binds: eid 1015 demanded 5120 clamped 4096
[kinematics-ws] K clamp binds: eid 1003 demanded 5384 clamped 4096
[kinematics-ws] K clamp binds: eid 1013 demanded 21313 clamped 4096
[kinematics-ws] K clamp binds: eid 1003 demanded 5381 clamped 4096
[kinematics-ws] K clamp binds: eid 1014 demanded 10411 clamped 4096
[kinematics-ws] K clamp binds: eid 1002 demanded 10969 clamped 4096
[kinematics-ws] K clamp binds: eid 1015 demanded 5149 clamped 4096
[kinematics-ws] K clamp binds: eid 1001 demanded 22394 clamped 4096
[kinematics-ws] K clamp binds: eid 1013 demanded 21405 clamped 4096
[kinematics-ws] K clamp binds: eid 1001 demanded 22388 clamped 4096
[kinematics-ws] K clamp binds: eid 1002 demanded 10968 clamped 4096
[kinematics-ws] K clamp binds: eid 1015 demanded 5140 clamped 4096
[kinematics-ws] K clamp binds: eid 1014 demanded 10457 clamped 4096
[kinematics-ws] K clamp binds: eid 1003 demanded 5380 clamped 4096
[kinematics-ws] K clamp binds: eid 1013 demanded 21267 clamped 4096
[kinematics-ws] K clamp binds: eid 1001 demanded 22381 clamped 4096
[kinematics-ws] K clamp binds: eid 1014 demanded 10499 clamped 4096
[kinematics-ws] K clamp binds: eid 1002 demanded 10963 clamped 4096
[kinematics-ws] K clamp binds: eid 1013 demanded 21385 clamped 4096
[kinematics-ws] K clamp binds: eid 1015 demanded 5103 clamped 4096
[kinematics-ws] K clamp binds: eid 1003 demanded 5379 clamped 4096
[kinematics-ws] K clamp binds: eid 1015 demanded 5120 clamped 4096
[kinematics-ws] K clamp binds: eid 1003 demanded 5381 clamped 4096
[kinematics-ws] K clamp binds: eid 1014 demanded 10493 clamped 4096
[kinematics-ws] K clamp binds: eid 1001 demanded 22384 clamped 4096
[kinematics-ws] K clamp binds: eid 1002 demanded 10975 clamped 4096
[kinematics-ws] K clamp binds: eid 1013 demanded 21250 clamped 4096
[kinematics-ws] K clamp binds: eid 1001 demanded 22391 clamped 4096
[kinematics-ws] K clamp binds: eid 1014 demanded 10476 clamped 4096
[kinematics-ws] K clamp binds: eid 1002 demanded 10967 clamped 4096
[kinematics-ws] K clamp binds: eid 1015 demanded 5149 clamped 4096
[kinematics-ws] K clamp binds: eid 1003 demanded 5383 clamped 4096
[kinematics-ws] K clamp binds: eid 1013 demanded 21333 clamped 4096
[kinematics-ws] K clamp binds: eid 1015 demanded 5104 clamped 4096
[kinematics-ws] K clamp binds: eid 1002 demanded 10967 clamped 4096
[kinematics-ws] K clamp binds: eid 1014 demanded 10469 clamped 4096
[kinematics-ws] K clamp binds: eid 1003 demanded 5385 clamped 4096
[kinematics-ws] K clamp binds: eid 1001 demanded 22384 clamped 4096
[kinematics-ws] K clamp binds: eid 1013 demanded 21401 clamped 4096
[kinematics-ws] K clamp binds: eid 1003 demanded 5387 clamped 4096
[kinematics-ws] K clamp binds: eid 1015 demanded 5127 clamped 4096
[kinematics-ws] K clamp binds: eid 1014 demanded 10476 clamped 4096
[kinematics-ws] K clamp binds: eid 1001 demanded 22379 clamped 4096
[kinematics-ws] K clamp binds: eid 1002 demanded 10977 clamped 4096
[kinematics-ws] K clamp binds: eid 1013 demanded 21410 clamped 4096
[kinematics-ws] K clamp binds: eid 1001 demanded 22389 clamped 4096
[kinematics-ws] K clamp binds: eid 1002 demanded 10971 clamped 4096
[kinematics-ws] K clamp binds: eid 1014 demanded 10494 clamped 4096
[kinematics-ws] K clamp binds: eid 1015 demanded 5134 clamped 4096
[kinematics-ws] K clamp binds: eid 1003 demanded 5389 clamped 4096
[kinematics-ws] K clamp binds: eid 1013 demanded 21368 clamped 4096
[kinematics-ws] K clamp binds: eid 1001 demanded 22379 clamped 4096
[kinematics-ws] K clamp binds: eid 1014 demanded 10507 clamped 4096
[kinematics-ws] K clamp binds: eid 1003 demanded 5390 clamped 4096
[kinematics-ws] K clamp binds: eid 1002 demanded 10968 clamped 4096
[kinematics-ws] K clamp binds: eid 1015 demanded 5103 clamped 4096
[kinematics-ws] K clamp binds: eid 1013 demanded 21276 clamped 4096
[kinematics-ws] K clamp binds: eid 1001 demanded 22385 clamped 4096
[kinematics-ws] K clamp binds: eid 1003 demanded 5391 clamped 4096
[kinematics-ws] K clamp binds: eid 1015 demanded 5146 clamped 4096
[kinematics-ws] K clamp binds: eid 1014 demanded 10479 clamped 4096
[kinematics-ws] K clamp binds: eid 1002 demanded 10977 clamped 4096
[kinematics-ws] K clamp binds: eid 1013 demanded 21355 clamped 4096
[kinematics-ws] K clamp binds: eid 1001 demanded 22383 clamped 4096
[kinematics-ws] K clamp binds: eid 1014 demanded 10429 clamped 4096
[kinematics-ws] K clamp binds: eid 1003 demanded 5392 clamped 4096
[kinematics-ws] K clamp binds: eid 1015 demanded 5100 clamped 4096
[kinematics-ws] K clamp binds: eid 1002 demanded 10980 clamped 4096
[kinematics-ws] K clamp binds: eid 1013 demanded 21357 clamped 4096
[kinematics-ws] K clamp binds: eid 1003 demanded 5392 clamped 4096
[kinematics-ws] K clamp binds: eid 1015 demanded 5147 clamped 4096
[kinematics-ws] K clamp binds: eid 1014 demanded 10470 clamped 4096
[kinematics-ws] K clamp binds: eid 1001 demanded 22384 clamped 4096
[kinematics-ws] K clamp binds: eid 1002 demanded 10973 clamped 4096
[kinematics-ws] K clamp binds: eid 1013 demanded 21370 clamped 4096
[kinematics-ws] K clamp binds: eid 1001 demanded 22383 clamped 4096
[kinematics-ws] K clamp binds: eid 1002 demanded 10972 clamped 4096
[kinematics-ws] K clamp binds: eid 1015 demanded 5107 clamped 4096
[kinematics-ws] K clamp binds: eid 1003 demanded 5393 clamped 4096
[kinematics-ws] K clamp binds: eid 1014 demanded 10487 clamped 4096
[kinematics-ws] K clamp binds: eid 1013 demanded 21274 clamped 4096
[kinematics-ws] K clamp binds: eid 1003 demanded 5393 clamped 4096
[kinematics-ws] K clamp binds: eid 1015 demanded 5133 clamped 4096
[kinematics-ws] K clamp binds: eid 1001 demanded 22388 clamped 4096
[kinematics-ws] K clamp binds: eid 1014 demanded 10429 clamped 4096
[kinematics-ws] K clamp binds: eid 1002 demanded 10979 clamped 4096
[kinematics-ws] K clamp binds: eid 1013 demanded 21338 clamped 4096
[kinematics-ws] K clamp binds: eid [kinematics-ws] K clamp binds: eid 1014 demanded 10500 1015 clamped demanded 5136 clamped 40964096

[kinematics-ws] K clamp binds: eid 1002 demanded 10985 clamped 4096
[kinematics-ws] K clamp binds: eid 1003 demanded 5393 clamped 4096
[kinematics-ws] K clamp binds: eid 1001 demanded 22381 clamped 4096
[kinematics-ws] K clamp binds: eid 1013 demanded 21380 clamped 4096
[kinematics-ws] K clamp binds: eid 1003 demanded 5393 clamped 4096
[kinematics-ws] K clamp binds: eid 1001 demanded 22394 clamped 4096
[kinematics-ws] K clamp binds: eid 1015 demanded 5104 clamped 4096
[kinematics-ws] K clamp binds: eid 1002 demanded 10984 clamped 4096
[kinematics-ws] K clamp binds: eid 1014 demanded 10434 clamped 4096
[kinematics-ws] K clamp binds: eid 1013 demanded 21360 clamped 4096
[kinematics-ws] K clamp binds: eid 1014 demanded 10478 clamped 4096
[kinematics-ws] K clamp binds: eid 1001 demanded 22386 clamped 4096
[kinematics-ws] K clamp binds: eid 1015 demanded 5151 clamped 4096
[kinematics-ws] K clamp binds: eid 1003 demanded 5392 clamped 4096
[kinematics-ws] K clamp binds: eid 1002 demanded 10979 clamped 4096
[kinematics-ws] K clamp binds: eid 1013 demanded 21295 clamped 4096
[kinematics-ws] K clamp binds: eid 1001 demanded 22388 clamped 4096
[kinematics-ws] K clamp binds: eid 1014 demanded 10496 clamped 4096
[kinematics-ws] K clamp binds: eid 1015 demanded 5138 clamped 4096
[kinematics-ws] K clamp binds: eid 1003 demanded 5392 clamped 4096
[kinematics-ws] K clamp binds: eid 1002 demanded 10976 clamped 4096
[kinematics-ws] K clamp binds: eid 1013 demanded 21344 clamped 4096
[kinematics-ws] K clamp binds: eid 1001 demanded 22399 clamped 4096
[kinematics-ws] K clamp binds: eid 1014 demanded 10441 clamped 4096
[kinematics-ws] K clamp binds: eid 1015 demanded 5108 clamped 4096
[kinematics-ws] K clamp binds: eid 1002 demanded 10978 clamped 4096
[kinematics-ws] K clamp binds: eid 1003 demanded 5391 clamped 4096
[kinematics-ws] K clamp binds: eid 1013 demanded 21430 clamped 4096
[kinematics-ws] K clamp binds: eid 1001 demanded 22396 clamped 4096
[kinematics-ws] K clamp binds: eid 1014 demanded 10454 clamped 4096
[kinematics-ws] K clamp binds: eid 1015 demanded 5135 clamped 4096
[kinematics-ws] K clamp binds: eid 1002 demanded 10982 clamped 4096
[kinematics-ws] K clamp binds: eid 1003 demanded 5389 clamped 4096
[kinematics-ws] K clamp binds: eid 1013 demanded 21303 clamped 4096
[kinematics-ws] K clamp binds: eid 1002 demanded 10987 clamped 4096
[kinematics-ws] K clamp binds: eid 1015 demanded 5163 clamped 4096
[kinematics-ws] K clamp binds: eid 1014 demanded 10495 clamped 4096
[kinematics-ws] K clamp binds: eid 1003 demanded 5388 clamped 4096
[kinematics-ws] K clamp binds: eid 1001 demanded 22391 clamped 4096
[kinematics-ws] K clamp binds: eid 1013 demanded 21373 clamped 4096
[kinematics-ws] K clamp binds: eid 1001 demanded 22396 clamped 4096
[kinematics-ws] K clamp binds: eid 1002 demanded 10990 clamped 4096
[kinematics-ws] K clamp binds: eid 1014 demanded 10518 clamped 4096
[kinematics-ws] K clamp binds: eid 1015 demanded 5153 clamped 4096
[kinematics-ws] K clamp binds: eid 1003 demanded 5386 clamped 4096
[kinematics-ws] K clamp binds: eid 1013 demanded 21458 clamped 4096
[kinematics-ws] K clamp binds: eid 1015 demanded 5129 clamped 4096
[kinematics-ws] K clamp binds: eid 1014 demanded 10524 clamped 4096
[kinematics-ws] K clamp binds: eid 1001 demanded 22404 clamped 4096
[kinematics-ws] K clamp binds: eid 1003 demanded 5385 clamped 4096
[kinematics-ws] K clamp binds: eid 1002 demanded 10992 clamped 4096
[kinematics-ws] K clamp binds: eid 1013 demanded 21433 clamped 4096
[kinematics-ws] K clamp binds: eid 1002 demanded 10992 clamped 4096
[kinematics-ws] K clamp binds: eid 1003 demanded 5383 clamped 4096
[kinematics-ws] K clamp binds: eid 1015 demanded 5117 clamped 4096
[kinematics-ws] K clamp binds: eid 1001 demanded 22408 clamped 4096
[kinematics-ws] K clamp binds: eid 1014 demanded 10524 clamped 4096
[kinematics-ws] K clamp binds: eid 1013 demanded 21428 clamped 4096
[kinematics-ws] K clamp binds: eid 1001 demanded 22409 clamped 4096
[kinematics-ws] K clamp binds: eid 1003 demanded 5383 clamped 4096
[kinematics-ws] K clamp binds: eid 1014 demanded 10518 clamped 4096
[kinematics-ws] K clamp binds: eid 1015 demanded 5120 clamped 4096
[kinematics-ws] K clamp binds: eid 1002 demanded 10991 clamped 4096
[kinematics-ws] K clamp binds: eid 1013 demanded 21461 clamped 4096
[kinematics-ws] K clamp binds: eid 1003 demanded 5385 clamped 4096
[kinematics-ws] K clamp binds: eid 1001 demanded 22408 clamped 4096
[kinematics-ws] K clamp binds: eid 1002 demanded 10991 clamped 4096
[kinematics-ws] K clamp binds: eid 1014 demanded 10493 clamped 4096
[kinematics-ws] K clamp binds: eid 1015 demanded 5130 clamped 4096
[kinematics-ws] K clamp binds: eid 1013 demanded 21436 clamped 4096
[kinematics-ws] K clamp binds: eid 1015 demanded 5139 clamped 4096
[kinematics-ws] K clamp binds: eid 1002 demanded 10991 clamped 4096
[kinematics-ws] K clamp binds: eid 1001 demanded 22407 clamped 4096
[kinematics-ws] K clamp binds: eid 1014 demanded 10456 clamped 4096
[kinematics-ws] K clamp binds: eid 1003 demanded 5387 clamped 4096
[kinematics-ws] K clamp binds: eid 1013 demanded 21307 clamped 4096
[kinematics-ws] K clamp binds: eid 1003 demanded 5390 clamped 4096
[kinematics-ws] K clamp binds: eid 1002 demanded 10991 clamped 4096
[kinematics-ws] K clamp binds: eid 1014 demanded 10465 clamped 4096
[kinematics-ws] K clamp binds: eid 1015 demanded 5144 clamped 4096
[kinematics-ws] K clamp binds: eid 1001 demanded 22407 clamped 4096
[kinematics-ws] K clamp binds: eid 1013 demanded 21452 clamped 4096
[kinematics-ws] K clamp binds: eid 1015 demanded 5143 clamped 4096
[kinematics-ws] K clamp binds: eid 1014 demanded 10519 clamped 4096
[kinematics-ws] K clamp binds: eid 1003 demanded 5393 clamped 4096
[kinematics-ws] K clamp binds: eid 1002 demanded 10991 clamped 4096
[kinematics-ws] K clamp binds: eid 1001 demanded 22408 clamped 4096
[kinematics-ws] K clamp binds: eid 1013 demanded 21311 clamped 4096
[kinematics-ws] K clamp binds: eid 1001 demanded 22409 clamped 4096
[kinematics-ws] K clamp binds: eid 1015 demanded 5138 clamped 4096
[kinematics-ws] K clamp binds: eid 1014 demanded 10476 clamped 4096
[kinematics-ws] K clamp binds: eid 1002 demanded 10992 clamped 4096
[kinematics-ws] K clamp binds: eid 1003 demanded 5393 clamped 4096
[kinematics-ws] K clamp binds: eid 1013 demanded 21428 clamped 4096
[kinematics-ws] K clamp binds: eid 1014 demanded 10470 clamped 4096
[kinematics-ws] K clamp binds: eid 1003 demanded 5391 clamped 4096
[kinematics-ws] K clamp binds: eid 1015 demanded 5130 clamped 4096
[kinematics-ws] K clamp binds: eid 1001 demanded 22411 clamped 4096
[kinematics-ws] K clamp binds: eid 1002 demanded 10993 clamped 4096
[kinematics-ws] K clamp binds: eid 1013 demanded 21474 clamped 4096
[kinematics-ws] K clamp binds: eid 1015 demanded 5122 clamped 4096
[kinematics-ws] K clamp binds: eid 1014 [kinematics-ws] K clamp binds: eid demanded 10504 clamped 1001 demanded4096 
22413 clamped [kinematics-ws] K clamp binds: eid 1002 demanded 10993 clamped 4096
[kinematics-ws] K clamp binds: eid 1003 demanded 5387 clamped 4096
4096
[kinematics-ws] K clamp binds: eid 1013 demanded 21462 clamped 4096
[kinematics-ws] K clamp binds: eid 1001 demanded 22413 clamped 4096
[kinematics-ws] K clamp binds: eid 1015 demanded 5124 clamped 4096
[kinematics-ws] K clamp binds: eid 1003 demanded 5383 clamped 4096
[kinematics-ws] K clamp binds: eid 1014 demanded 10468 clamped 4096
[kinematics-ws] K clamp binds: eid 1002 demanded 10993 clamped 4096
[kinematics-ws] K clamp binds: eid 1013 demanded 21473 clamped 4096
[kinematics-ws] K clamp binds: eid 1001 demanded 22409 clamped 4096
[kinematics-ws] K clamp binds: eid 1002 demanded 10991 clamped 4096
[kinematics-ws] K clamp binds: eid 1014 demanded 10487 clamped 4096
[kinematics-ws] K clamp binds: eid 1003 demanded 5383 clamped 4096
[kinematics-ws] K clamp binds: eid 1013 demanded 21474 clamped 4096
[kinematics-ws] K clamp binds: eid 1015 demanded 5142 clamped 4096
[kinematics-ws] K clamp binds: eid 1002 demanded 10988 clamped 4096
[kinematics-ws] K clamp binds: eid 1003 demanded 5387 clamped 4096
[kinematics-ws] K clamp binds: eid 1015 demanded 5169 clamped 4096
[kinematics-ws] K clamp binds: eid 1014 demanded 10516 clamped 4096
[kinematics-ws] K clamp binds: eid 1001 demanded 22404 clamped 4096
[kinematics-ws] K clamp binds: eid 1013 demanded 21370 clamped 4096
[kinematics-ws] K clamp binds: eid 1001 demanded 22404 clamped 4096
[kinematics-ws] K clamp binds: eid 1003 demanded 5391 clamped 4096
[kinematics-ws] K clamp binds: eid 1014 demanded 10459 clamped 4096
[kinematics-ws] K clamp binds: eid 1015 demanded 5171 clamped 4096
[kinematics-ws] K clamp binds: eid 1002 demanded 10985 clamped 4096
[kinematics-ws] K clamp binds: eid 1013 demanded 21389 clamped 4096
[kinematics-ws] K clamp binds: eid 1014 demanded 10480 clamped 4096
[kinematics-ws] K clamp binds: eid 1002 demanded 10984 clamped 4096
[kinematics-ws] K clamp binds: eid 1001 demanded 22409 clamped 4096
[kinematics-ws] K clamp binds: eid 1003 demanded 5393 clamped 4096
[kinematics-ws] K clamp binds: eid 1015 demanded 5136 clamped 4096
[kinematics-ws] K clamp binds: eid 1013 demanded 21421 clamped 4096
[kinematics-ws] K clamp binds: eid 1003 demanded 5389 clamped 4096
[kinematics-ws] K clamp binds: eid 1014 demanded 10527 clamped 4096
[kinematics-ws] K clamp binds: eid 1015 demanded 5120 clamped 4096
[kinematics-ws] K clamp binds: eid 1002 demanded 10986 clamped 4096
[kinematics-ws] K clamp binds: eid 1001 demanded 22407 clamped 4096
[kinematics-ws] K clamp binds: eid 1013 demanded 21442 clamped 4096
[kinematics-ws] K clamp binds: eid 1001 demanded 22399 clamped 4096
[kinematics-ws] K clamp binds: eid 1002 demanded 10990 clamped 4096
[kinematics-ws] K clamp binds: eid 1014 demanded 10538 clamped 4096
[kinematics-ws] K clamp binds: eid 1015 demanded 5160 clamped 4096
[kinematics-ws] K clamp binds: eid 1003 demanded 5383 clamped 4096
[kinematics-ws] K clamp binds: eid 1013 demanded 21349 clamped 4096
[kinematics-ws] K clamp binds: eid 1001 demanded 22407 clamped 4096
[kinematics-ws] K clamp binds: eid 1014 demanded 10534 clamped 4096
[kinematics-ws] K clamp binds: eid 1015 demanded 5161 clamped 4096
[kinematics-ws] K clamp binds: eid 1003 demanded 5382 clamped 4096
[kinematics-ws] K clamp binds: eid 1002 demanded 10991 clamped 4096
[kinematics-ws] K clamp binds: eid 1013 demanded 21366 clamped 4096
[kinematics-ws] K clamp binds: eid 1001 demanded 22404 clamped 4096
[kinematics-ws] K clamp binds: eid 1015 demanded 5117 clamped 4096
[kinematics-ws] K clamp binds: eid 1003 demanded 5388 clamped 4096
[kinematics-ws] K clamp binds: eid 1002 demanded 10988 clamped 4096
[kinematics-ws] K clamp binds: eid 1014 demanded 10532 clamped 4096
[kinematics-ws] K clamp binds: eid 1013 demanded 21382 clamped 4096
[kinematics-ws] K clamp binds: eid 1001 demanded 22399 clamped 4096
[kinematics-ws] K clamp binds: eid 1014 demanded 10536 clamped 4096
[kinematics-ws] K clamp binds: eid 1003 demanded 5393 clamped 4096
[kinematics-ws] K clamp binds: eid 1015 demanded 5158 clamped 4096
[kinematics-ws] K clamp binds: eid 1002 demanded 10984 clamped 4096
[kinematics-ws] K clamp binds: eid 1013 demanded 21362 clamped 4096
[kinematics-ws] K clamp binds: eid 1001 demanded 22408 clamped 4096
[kinematics-ws] K clamp binds: eid 1003 demanded 5389 clamped 4096
[kinematics-ws] K clamp binds: eid 1002 demanded 10984 clamped 4096
[kinematics-ws] K clamp binds: eid 1015 demanded 5146 clamped 4096
[kinematics-ws] K clamp binds: eid 1014 demanded 10541 clamped 4096
[kinematics-ws] K clamp binds: eid 1013 demanded 21375 clamped 4096
[kinematics-ws] K clamp binds: eid 1001 demanded 22397 clamped 4096
[kinematics-ws] K clamp binds: eid 1002 demanded 10989 clamped 4096
[kinematics-ws] K clamp binds: eid 1003 demanded 5382 clamped 4096
[kinematics-ws] K clamp binds: eid 1015 demanded 5127 clamped 4096
[kinematics-ws] K clamp binds: eid 1014 demanded 10528 clamped 4096
[kinematics-ws] K clamp binds: eid 1013 demanded 21494 clamped 4096
[kinematics-ws] K clamp binds: eid 1001 demanded 22409 clamped 4096
[kinematics-ws] K clamp binds: eid 1002 demanded 10988 clamped 4096
[kinematics-ws] K clamp binds: eid 1015 demanded 5166 clamped 4096
[kinematics-ws] K clamp binds: eid 1014 demanded 10489 clamped 4096
[kinematics-ws] K clamp binds: eid 1003 demanded 5382 clamped 4096
[kinematics-ws] K clamp binds: eid 1013 demanded 21379 clamped 4096
[kinematics-ws] K clamp binds: eid 1002 demanded 10983 clamped 4096
[kinematics-ws] K clamp binds: eid 1001 demanded 22399 clamped 4096
[kinematics-ws] K clamp binds: eid 1003 demanded 5389 clamped 4096
[kinematics-ws] K clamp binds: eid 1014 demanded 10481 clamped 4096
[kinematics-ws] K clamp binds: eid 1015 demanded 5118 clamped 4096
[kinematics-ws] K clamp binds: eid 1013 demanded 21484 clamped 4096
[kinematics-ws] K clamp binds: eid 1001 demanded 22410 clamped 4096
[kinematics-ws] K clamp binds: eid [kinematics-ws] K clamp binds: eid 1014 demanded 1015 10533 clamped demanded 5169 clamped 40964096

[kinematics-ws] K clamp binds: eid 1003 demanded 5391 clamped 4096
[kinematics-ws] K clamp binds: eid 1002 demanded 10983 clamped 4096
[kinematics-ws] K clamp binds: eid 1013 demanded 21357 clamped 4096
[kinematics-ws] K clamp binds: eid 1015 demanded 5120 clamped 4096
[kinematics-ws] K clamp binds: eid 1014 demanded 10495 clamped 4096
[kinematics-ws] K clamp binds: eid 1003 demanded 5384 clamped 4096
[kinematics-ws] K clamp binds: eid 1001 demanded 22404 clamped 4096
[kinematics-ws] K clamp binds: eid 1002 demanded 10988 clamped 4096
[kinematics-ws] K clamp binds: eid 1013 demanded 21409 clamped 4096
[kinematics-ws] K clamp binds: eid 1001 demanded 22406 clamped 4096
[kinematics-ws] K clamp binds: eid 1014 demanded 10497 clamped 4096
[kinematics-ws] K clamp binds: eid 1003 demanded 5380 clamped 4096
[kinematics-ws] K clamp binds: eid 1015 demanded 5164 clamped 4096
[kinematics-ws] K clamp binds: eid 1002 demanded 10984 clamped 4096
[kinematics-ws] K clamp binds: eid 1013 demanded 21472 clamped 4096
[kinematics-ws] K clamp binds: eid 1001 demanded 22414 clamped 4096
[kinematics-ws] K clamp binds: eid 1015 demanded 5140 clamped 4096
[kinematics-ws] K clamp binds: eid 1014 demanded 10513 clamped 4096
[kinematics-ws] K clamp binds: eid 1003 demanded 5388 clamped 4096
[kinematics-ws] K clamp binds: eid 1002 demanded 10981 clamped 4096
[kinematics-ws] K clamp binds: eid 1013 demanded 21475 clamped 4096
[kinematics-ws] K clamp binds: eid 1015 demanded 5136 clamped 4096
[kinematics-ws] K clamp binds: eid 1001 demanded 22406 clamped 4096
[kinematics-ws] K clamp binds: eid 1014 demanded 10503 clamped 4096
[kinematics-ws] K clamp binds: eid 1013 demanded 21422 clamped 4096
[kinematics-ws] K clamp binds: eid 1003 demanded 5391 clamped 4096
[kinematics-ws] K clamp binds: eid 1002 demanded 10987 clamped 4096
[kinematics-ws] K clamp binds: eid 1014 demanded 10491 clamped 4096
[kinematics-ws] K clamp binds: eid 1015 demanded 5175 clamped 4096
[kinematics-ws] K clamp binds: eid 1001 demanded 22411 clamped 4096
[kinematics-ws] K clamp binds: eid 1002 demanded 10983 clamped 4096
[kinematics-ws] K clamp binds: eid 1003 demanded 5382 clamped 4096
[kinematics-ws] K clamp binds: eid 1013 demanded 21374 clamped 4096
[kinematics-ws] K clamp binds: eid 1015 demanded 5131 clamped 4096
[kinematics-ws] K clamp binds: eid 1002 demanded 10981 clamped 4096
[kinematics-ws] K clamp binds: eid 1003 demanded 5381 clamped 4096
[kinematics-ws] K clamp binds: eid 1014 demanded 10541 clamped 4096
[kinematics-ws] K clamp binds: eid 1001 demanded 22420 clamped 4096
[kinematics-ws] K clamp binds: eid 1013 demanded 21500 clamped 4096
[kinematics-ws] K clamp binds: eid 1015 demanded 5141 clamped 4096
[kinematics-ws] K clamp binds: eid 1003 demanded 5389 clamped 4096
[kinematics-ws] K clamp binds: eid 1001 demanded 22418 clamped 4096
[kinematics-ws] K clamp binds: eid 1014 demanded 10504 clamped 4096
[kinematics-ws] K clamp binds: eid 1002 demanded 10986 clamped 4096
[kinematics-ws] K clamp binds: eid 1013 demanded 21405 clamped 4096
[kinematics-ws] K clamp binds: eid 1001 demanded 22413 clamped 4096
[kinematics-ws] K clamp binds: eid 1003 demanded 5387 clamped 4096
[kinematics-ws] K clamp binds: eid 1014 demanded 10487 clamped 4096
[kinematics-ws] K clamp binds: eid 1002 demanded 10980 clamped 4096
[kinematics-ws] K clamp binds: eid 1015 demanded 5180 clamped 4096
[kinematics-ws] K clamp binds: eid 1013 demanded 21510 clamped 4096
[kinematics-ws] K clamp binds: eid 1003 demanded 5379 clamped 4096
[kinematics-ws] K clamp binds: eid 1014 demanded 10513 clamped 4096
[kinematics-ws] K clamp binds: eid 1015 demanded 5162 clamped 4096
[kinematics-ws] K clamp binds: eid 1002 demanded 10984 clamped 4096
[kinematics-ws] K clamp binds: eid 1013 demanded 21390 clamped 4096
[kinematics-ws] K clamp binds: eid 1001 demanded 22415 clamped 4096
[kinematics-ws] K clamp binds: eid 1014 demanded 10539 clamped 4096
[kinematics-ws] K clamp binds: eid 1003 demanded 5385 clamped 4096
[kinematics-ws] K clamp binds: eid 1001 demanded 22422 clamped 4096
[kinematics-ws] K clamp binds: eid 1002 demanded 10983 clamped 4096
[kinematics-ws] K clamp binds: eid 1015 demanded 5133 clamped 4096
[kinematics-ws] K clamp binds: eid 1013 demanded 21399 clamped 4096
[kinematics-ws] K clamp binds: eid 1003 demanded 5390 clamped 4096
[kinematics-ws] K clamp binds: eid 1015 demanded 5140 clamped 4096
[kinematics-ws] K clamp binds: eid 1001 demanded 22428 clamped 4096
[kinematics-ws] K clamp binds: eid 1002 demanded 10981 clamped 4096
[kinematics-ws] K clamp binds: eid 1014 demanded 10551 clamped 4096
[kinematics-ws] K clamp binds: eid 1013 demanded 21436 clamped 4096
[kinematics-ws] K clamp binds: eid 1003 demanded 5380 clamped 4096
[kinematics-ws] K clamp binds: eid 1015 demanded 5168 clamped 4096
[kinematics-ws] K clamp binds: eid 1001 demanded 22431 clamped 4096
[kinematics-ws] K clamp binds: eid 1002 demanded 10985 clamped 4096
[kinematics-ws] K clamp binds: eid 1014 demanded 10553 clamped 4096
[kinematics-ws] K clamp binds: eid 1013 demanded 21425 clamped 4096
[kinematics-ws] K clamp binds: eid 1003 demanded 5382 clamped 4096
[kinematics-ws] K clamp binds: eid 1001 demanded 22432 clamped 4096
[kinematics-ws] K clamp binds: eid 1015 demanded 5188 clamped 4096
[kinematics-ws] K clamp binds: eid 1014 demanded 10547 clamped 4096
[kinematics-ws] K clamp binds: eid 1002 demanded 10980 clamped 4096
[kinematics-ws] K clamp binds: eid 1013 demanded 21388 clamped 4096
[kinematics-ws] K clamp binds: eid 1002 demanded 10986 clamped 4096
[kinematics-ws] K clamp binds: eid 1001 demanded 22433 clamped 4096
[kinematics-ws] K clamp binds: eid 1003 demanded 5390 clamped 4096
[kinematics-ws] K clamp binds: eid 1015 demanded 5189 clamped 4096
[kinematics-ws] K clamp binds: eid 1014 demanded 10528 clamped 4096
[kinematics-ws] K clamp binds: eid 1013 demanded 21462 clamped 4096
[kinematics-ws] K clamp binds: eid 1003 demanded 5380 clamped 4096
[kinematics-ws] K clamp binds: eid 1002 demanded 10980 clamped 4096
[kinematics-ws] K clamp binds: eid 1001 demanded 22433 clamped 4096
[kinematics-ws] K clamp binds: eid 1015 demanded 5184 clamped 4096
[kinematics-ws] K clamp binds: eid 1014 demanded 10503 clamped 4096
[kinematics-ws] K clamp binds: eid 1013 demanded 21525 clamped 4096
[kinematics-ws] K clamp binds: eid 1014 demanded 10507 clamped 4096
[kinematics-ws] K clamp binds: eid 1001 demanded 22433 clamped 4096
[kinematics-ws] K clamp binds: eid 1003 demanded 5381 clamped 4096
[kinematics-ws] K clamp binds: eid 1015 demanded 5177 clamped 4096
[kinematics-ws] K clamp binds: eid 1002 demanded 10987 clamped 4096
[kinematics-ws] K clamp binds: eid 1013 demanded 21400 clamped 4096
[kinematics-ws] K clamp binds: eid 1001 demanded 22433 clamped 4096
[kinematics-ws] K clamp binds: eid 1014 demanded 10550 clamped 4096
[kinematics-ws] K clamp binds: eid 1015 demanded 5173 clamped 4096
[kinematics-ws] K clamp binds: eid 1003 demanded 5389 clamped 4096
[kinematics-ws] K clamp binds: eid 1002 demanded 10981 clamped 4096
[kinematics-ws] K clamp binds: eid 1013 demanded 21494 clamped 4096
[kinematics-ws] K clamp binds: eid 1001 demanded 22431 clamped 4096
[kinematics-ws] K clamp binds: eid 1014 demanded 10528 clamped 4096
[kinematics-ws] K clamp binds: eid 1003 demanded 5379 clamped 4096
[kinematics-ws] K clamp binds: eid 1015 demanded 5174 clamped 4096
[kinematics-ws] K clamp binds: eid 1002 demanded 10987 clamped 4096
[kinematics-ws] K clamp binds: eid 1013 demanded 21542 clamped 4096
[kinematics-ws] K clamp binds: eid 1014 demanded 10501 clamped 4096
[kinematics-ws] K clamp binds: eid 1001 demanded 22427 clamped 4096
[kinematics-ws] K clamp binds: eid 1015 demanded 5178 clamped 4096
[kinematics-ws] K clamp binds: eid 1003 demanded 5383 clamped 4096
[kinematics-ws] K clamp binds: eid 1002 demanded 10983 clamped 4096
[kinematics-ws] K clamp binds: eid 1013 demanded 21476 clamped 4096
[kinematics-ws] K clamp binds: eid 1015 demanded 5185 clamped 4096
[kinematics-ws] K clamp binds: eid 1001 demanded 22424 clamped 4096
[kinematics-ws] K clamp binds: eid 1003 demanded 5388 clamped 4096
[kinematics-ws] K clamp binds: eid 1002 demanded 10986 clamped 4096
[kinematics-ws] K clamp binds: eid 1014 demanded 10552 clamped 4096
[kinematics-ws] K clamp binds: eid 1013 demanded 21452 clamped 4096
[kinematics-ws] K clamp binds: eid 1003 demanded 5377 clamped 4096
[kinematics-ws] K clamp binds: eid 1014 demanded 10495 clamped 4096
[kinematics-ws] K clamp binds: eid 1001 demanded 22425 clamped 4096
[kinematics-ws] K clamp binds: eid 1015 demanded 5192 clamped 4096
[kinematics-ws] K clamp binds: eid 1002 demanded 10987 clamped 4096
[kinematics-ws] K clamp binds: eid 1013 demanded 21479 clamped 4096
[kinematics-ws] K clamp binds: eid 1015 demanded 5192 clamped 4096
[kinematics-ws] K clamp binds: eid 1002 demanded 10984 clamped 4096
[kinematics-ws] K clamp binds: eid 1003 demanded 5386 clamped 4096
[kinematics-ws] K clamp binds: eid 1014 demanded 10551 clamped 4096
[kinematics-ws] K clamp binds: eid 1001 demanded 22429 clamped 4096
[kinematics-ws] K clamp binds: eid 1013 demanded 21552 clamped 4096
[kinematics-ws] K clamp binds: eid 1001 demanded 22432 clamped 4096
[kinematics-ws] K clamp binds: eid 1002 demanded 10990 clamped 4096
[kinematics-ws] K clamp binds: eid 1014 demanded [kinematics-ws] K clamp binds: eid 10517 clamped 1015 demanded 40965177 clamped 
4096
[kinematics-ws] K clamp binds: eid 1003 demanded 5384 clamped 4096
[kinematics-ws] K clamp binds: eid 1013 demanded 21520 clamped 4096
[kinematics-ws] K clamp binds: eid 1014 demanded 10512 clamped 4096
[kinematics-ws] K clamp binds: eid 1002 demanded 10987 clamped 4096
[kinematics-ws] K clamp binds: eid 1001 demanded 22423 clamped 4096
[kinematics-ws] K clamp binds: eid 1003 demanded 5378 clamped 4096
[kinematics-ws] K clamp binds: eid 1015 demanded 5152 clamped 4096
[kinematics-ws] K clamp binds: eid 1013 demanded 21413 clamped 4096
[kinematics-ws] K clamp binds: eid 1001 demanded 22421 clamped 4096
[kinematics-ws] K clamp binds: eid 1002 demanded 10987 clamped 4096
[kinematics-ws] K clamp binds: eid 1015 demanded 5144 clamped 4096
[kinematics-ws] K clamp binds: eid 1003 demanded 5389 clamped 4096
[kinematics-ws] K clamp binds: eid 1014 demanded 10561 clamped 4096
[kinematics-ws] K clamp binds: eid 1013 demanded 21553 clamped 4096
[kinematics-ws] K clamp binds: eid [kinematics-ws] K clamp binds: eid 1001 1015demanded  22430 demanded clamped 5168 clamped 40964096

[kinematics-ws] K clamp binds: eid 1002 demanded 10993 clamped 4096
[kinematics-ws] K clamp binds: eid 1014 demanded 10553 clamped 4096
[kinematics-ws] K clamp binds: eid 1003 demanded 5377 clamped 4096
[kinematics-ws] K clamp binds: eid 1013 demanded 21467 clamped 4096
[kinematics-ws] K clamp binds: eid 1001 demanded 22422 clamped 4096
[kinematics-ws] K clamp binds: eid 1002 demanded 10989 clamped 4096
[kinematics-ws] K clamp binds: eid 1003 demanded 5386 clamped 4096
[kinematics-ws] K clamp binds: eid 1015 demanded 5190 clamped 4096
[kinematics-ws] K clamp binds: eid 1014 demanded 10526 clamped 4096
[kinematics-ws] K clamp binds: eid 1013 demanded 21423 clamped 4096
[kinematics-ws] K clamp binds: eid 1003 demanded 5383 clamped 4096
[kinematics-ws] K clamp binds: eid 1015 demanded 5161 clamped 4096
[kinematics-ws] K clamp binds: eid 1001 demanded 22420 clamped 4096
[kinematics-ws] K clamp binds: eid 1014 demanded 10516 clamped 4096
[kinematics-ws] K clamp binds: eid 1002 demanded 10990 clamped 4096
[kinematics-ws] K clamp binds: eid 1013 demanded 21483 clamped 4096
[kinematics-ws] K clamp binds: eid 1014 demanded 10517 clamped 4096
[kinematics-ws] K clamp binds: eid 1015 demanded 5143 clamped 4096
[kinematics-ws] K clamp binds: eid 1001 demanded 22428 clamped 4096
[kinematics-ws] K clamp binds: eid 1003 demanded 5379 clamped 4096
[kinematics-ws] K clamp binds: eid 1002 demanded 10995 clamped 4096
[kinematics-ws] K clamp binds: eid 1013 demanded 21504 clamped 4096
[kinematics-ws] K clamp binds: eid 1015 demanded 5184 clamped 4096
[kinematics-ws] K clamp binds: eid 1003 demanded 5388 clamped 4096
[kinematics-ws] K clamp binds: eid 1014 demanded 10518 clamped 4096
[kinematics-ws] K clamp binds: eid 1002 demanded 10993 clamped 4096
[kinematics-ws] K clamp binds: eid 1001 demanded 22417 clamped 4096
[kinematics-ws] K clamp binds: eid 1013 demanded 21468 clamped 4096
[kinematics-ws] K clamp binds: eid [kinematics-ws] K clamp binds: eid 10151001 demanded  22429 clamped demanded 5163 clamped 40964096

[kinematics-ws] K clamp binds: eid 1002 demanded 10991 clamped 4096
[kinematics-ws] K clamp binds: eid 1014 demanded 10518 clamped 4096
[kinematics-ws] K clamp binds: eid 1003 demanded 5376 clamped 4096
[kinematics-ws] K clamp binds: eid 1013 demanded 21429 clamped 4096
[kinematics-ws] K clamp binds: eid 1001 demanded 22418 clamped 4096
[kinematics-ws] K clamp binds: eid 1015 demanded 5147 clamped 4096
[kinematics-ws] K clamp binds: eid 1014 demanded 10527 clamped 4096
[kinematics-ws] K clamp binds: eid 1003 demanded 5389 clamped 4096
[kinematics-ws] K clamp binds: eid 1002 demanded 10996 clamped 4096
[kinematics-ws] K clamp binds: eid 1013 demanded 21544 clamped 4096
[kinematics-ws] K clamp binds: eid 1001 demanded 22430 clamped 4096
[kinematics-ws] K clamp binds: eid 1003 demanded 5377 clamped 4096
[kinematics-ws] K clamp binds: eid 1015 demanded 5187 clamped 4096
[kinematics-ws] K clamp binds: eid 1014 demanded 10556 clamped 4096
[kinematics-ws] K clamp binds: eid 1002 demanded 10999 clamped 4096
[kinematics-ws] K clamp binds: eid 1013 demanded 21508 clamped 4096
[kinematics-ws] K clamp binds: eid 1001 demanded 22420 clamped 4096
[kinematics-ws] K clamp binds: eid 1002 demanded 10997 clamped 4096
[kinematics-ws] K clamp binds: eid 1015 demanded 5139 clamped 4096
[kinematics-ws] K clamp binds: eid 1014 demanded 10580 clamped 4096
[kinematics-ws] K clamp binds: eid 1003 demanded 5387 clamped 4096
[kinematics-ws] K clamp binds: eid 1013 demanded 21515 clamped 4096
[kinematics-ws] K clamp binds: eid 1002 demanded 10995 clamped 4096
[kinematics-ws] K clamp binds: eid 1001 demanded 22430 clamped 4096
[kinematics-ws] K clamp binds: eid 1003 demanded 5380 clamped 4096
[kinematics-ws] K clamp binds: eid 1014 demanded 10541 clamped 4096
[kinematics-ws] K clamp binds: eid 1015 demanded 5185 clamped 4096
[kinematics-ws] K clamp binds: eid 1013 demanded 21440 clamped 4096
[kinematics-ws] K clamp binds: eid 1002 demanded 10998 clamped 4096
[kinematics-ws] K clamp binds: eid 1001 demanded 22428 clamped 4096
[kinematics-ws] K clamp binds: eid 1003 demanded 5384 clamped 4096
[kinematics-ws] K clamp binds: eid 1015 demanded 5144 clamped 4096
[kinematics-ws] K clamp binds: eid 1014 demanded 10518 clamped 4096
[kinematics-ws] K clamp binds: eid 1013 demanded 21562 clamped 4096
[kinematics-ws] K clamp binds: eid 1015 demanded 5184 clamped 4096
[kinematics-ws] K clamp binds: eid [kinematics-ws] K clamp binds: eid 1003 1001 demanded demanded22425  5383clamped  4096clamped 
[kinematics-ws] K clamp binds: eid 1014 demanded 10576 clamped 4096
4096
[kinematics-ws] K clamp binds: eid 1002 demanded 11002 clamped 4096
[kinematics-ws] K clamp binds: eid 1013 demanded 21605 clamped 4096
[kinematics-ws] K clamp binds: eid 1014 demanded 10516 clamped 4096
[kinematics-ws] K clamp binds: eid 1003 demanded 5382 clamped 4096
[kinematics-ws] K clamp binds: eid 1015 demanded 5142 clamped 4096
[kinematics-ws] K clamp binds: eid 1001 demanded 22436 clamped 4096
[kinematics-ws] K clamp binds: eid 1002 demanded 11003 clamped 4096
[kinematics-ws] K clamp binds: eid 1013 demanded 21609 clamped 4096
[kinematics-ws] K clamp binds: eid 1014 demanded 10570 clamped 4096
[kinematics-ws] K clamp binds: eid 1002 demanded 11003 clamped 4096
[kinematics-ws] K clamp binds: eid 1001 demanded 22434 clamped 4096
[kinematics-ws] K clamp binds: eid 1003 demanded 5384 clamped 4096
[kinematics-ws] K clamp binds: eid 1015 demanded 5190 clamped 4096
[kinematics-ws] K clamp binds: eid 1013 demanded 21594 clamped 4096
[kinematics-ws] K clamp binds: eid 1001 demanded 22427 clamped 4096
[kinematics-ws] K clamp binds: eid [kinematics-ws] K clamp binds: eid 1015 demanded 5147 1014clamped  4096
demanded 10515 clamped 4096
[kinematics-ws] K clamp binds: eid 1002 demanded 11001 clamped 4096
[kinematics-ws] K clamp binds: eid 1003 demanded 5382 clamped 4096
[kinematics-ws] K clamp binds: eid 1013 demanded 21502 clamped 4096
[kinematics-ws] K clamp binds: eid 1002 demanded 11000 clamped 4096
[kinematics-ws] K clamp binds: eid 1001 demanded 22436 clamped 4096
[kinematics-ws] K clamp binds: eid 1014 demanded 10578 clamped 4096
[kinematics-ws] K clamp binds: eid 1003 demanded 5385 clamped 4096
[kinematics-ws] K clamp binds: eid 1015 demanded 5172 clamped 4096
[kinematics-ws] K clamp binds: eid 1013 demanded 21469 clamped 4096
[kinematics-ws] K clamp binds: eid 1001 demanded 22445 clamped 4096
[kinematics-ws] K clamp binds: eid 1015 demanded 5186 clamped 4096
[kinematics-ws] K clamp binds: eid 1014 demanded 10541 clamped 4096
[kinematics-ws] K clamp binds: eid 1003 demanded 5382 clamped 4096
[kinematics-ws] K clamp binds: eid 1002 demanded 11001 clamped 4096
[kinematics-ws] K clamp binds: eid 1013 demanded 21599 clamped 4096
[kinematics-ws] K clamp binds: eid 1001 demanded 22445 clamped 4096
[kinematics-ws] K clamp binds: eid 1002 demanded 11003 clamped 4096
[kinematics-ws] K clamp binds: eid 1014 demanded 10526 clamped 4096
[kinematics-ws] K clamp binds: eid 1003 demanded 5384 clamped 4096
[kinematics-ws] K clamp binds: eid 1015 demanded 5148 clamped 4096
[kinematics-ws] K clamp binds: eid 1013 demanded 21459 clamped 4096
[kinematics-ws] K clamp binds: eid 1001 demanded 22440 clamped 4096
[kinematics-ws] K clamp binds: eid 1014 demanded 10571 clamped 4096
[kinematics-ws] K clamp binds: eid 1015 demanded 5173 clamped 4096
[kinematics-ws] K clamp binds: eid 1002 demanded 11005 clamped 4096
[kinematics-ws] K clamp binds: eid 1003 demanded 5384 clamped 4096
[kinematics-ws] K clamp binds: eid 1013 demanded 21535 clamped 4096
[kinematics-ws] K clamp binds: eid 1002 demanded 11006 clamped 4096
[kinematics-ws] K clamp binds: eid 1003 demanded 5383 clamped 4096
[kinematics-ws] K clamp binds: eid 1014 demanded 10594 clamped 4096
[kinematics-ws] K clamp binds: eid 1015 demanded 5199 clamped 4096
[kinematics-ws] K clamp binds: eid 1001 demanded 22437 clamped 4096
[kinematics-ws] K clamp binds: eid 1013 demanded 21617 clamped 4096
[kinematics-ws] K clamp binds: eid 1014 demanded 10587 clamped 4096
[kinematics-ws] K clamp binds: eid 1002 demanded 11008 clamped 4096
[kinematics-ws] K clamp binds: eid 1003 demanded 5387 clamped 4096
[kinematics-ws] K clamp binds: eid 1015 demanded 5174 clamped 4096
[kinematics-ws] K clamp binds: eid 1001 demanded 22437 clamped 4096
[kinematics-ws] K clamp binds: eid 1013 demanded 21603 clamped 4096
[kinematics-ws] K clamp binds: eid 1015 demanded 5153 clamped 4096
[kinematics-ws] K clamp binds: eid 1002 demanded 11009 clamped 4096
[kinematics-ws] K clamp binds: eid 1001 demanded 22439 clamped 4096
[kinematics-ws] K clamp binds: eid 1014 demanded 10577 clamped 4096
[kinematics-ws] K clamp binds: eid 1003 demanded 5380 clamped 4096
[kinematics-ws] K clamp binds: eid 1013 demanded 21601 clamped 4096
[kinematics-ws] K clamp binds: eid 1001 demanded 22441 clamped 4096
[kinematics-ws] K clamp binds: eid 1014 demanded 10575 clamped 4096
[kinematics-ws] K clamp binds: eid 1013 demanded 21624 clamped 4096
[kinematics-ws] K clamp binds: eid 1003 demanded 5391 clamped 4096
[kinematics-ws] K clamp binds: eid 1015 demanded 5168 clamped 4096
[kinematics-ws] K clamp binds: eid 1002 demanded 11009 clamped 4096
[kinematics-ws] K clamp binds: eid 1001 demanded 22442 clamped 4096
[kinematics-ws] K clamp binds: eid 1002 demanded 11010 clamped 4096
[kinematics-ws] K clamp binds: eid 1014 demanded 10583 clamped 4096
[kinematics-ws] K clamp binds: eid 1003 demanded 5378 clamped 4096
[kinematics-ws] K clamp binds: eid 1015 demanded 5193 clamped 4096
[kinematics-ws] K clamp binds: eid 1013 demanded 21578 clamped 4096
[kinematics-ws] K clamp binds: eid 1001 demanded 22441 clamped 4096
[kinematics-ws] K clamp binds: eid 1002 demanded 11010 clamped 4096
[kinematics-ws] K clamp binds: eid 1003 demanded 5392 clamped 4096
[kinematics-ws] K clamp binds: eid 1015 demanded 5207 clamped 4096
[kinematics-ws] K clamp binds: eid 1014 demanded 10596 clamped 4096
[kinematics-ws] K clamp binds: eid 1013 demanded 21471 clamped 4096
[kinematics-ws] K clamp binds: eid 1015 demanded 5207 clamped 4096
[kinematics-ws] K clamp binds: eid 1014 demanded 10596 clamped 4096
[kinematics-ws] K clamp binds: eid 1002 demanded 11010 clamped 4096
[kinematics-ws] K clamp binds: eid 1001 demanded 22440 clamped 4096
[kinematics-ws] K clamp binds: eid 1003 demanded 5380 clamped 4096
[kinematics-ws] K clamp binds: eid 1013 demanded 21614 clamped 4096
[kinematics-ws] K clamp binds: eid 1003 demanded 5389 clamped 4096
[kinematics-ws] K clamp binds: eid 1014 demanded 10562 clamped 4096
[kinematics-ws] K clamp binds: eid 1001 demanded 22439 clamped 4096
[kinematics-ws] K clamp binds: eid 1015 demanded 5200 clamped 4096
[kinematics-ws] K clamp binds: eid 1002 demanded 11009 clamped 4096
[kinematics-ws] K clamp binds: eid 1013 demanded 21472 clamped 4096
[kinematics-ws] K clamp binds: eid 1014 demanded 10537 clamped 4096
[kinematics-ws] K clamp binds: eid 1002 demanded 11009 clamped 4096
[kinematics-ws] K clamp binds: eid 1015 demanded 5194 clamped 4096
[kinematics-ws] K clamp binds: eid 1003 demanded 5387 clamped 4096
[kinematics-ws] K clamp binds: eid 1001 demanded 22442 clamped 4096
[kinematics-ws] K clamp binds: eid 1013 demanded 21594 clamped 4096
[kinematics-ws] K clamp binds: eid 1001 demanded 22448 clamped 4096
[kinematics-ws] K clamp binds: eid 1003 demanded 5382 clamped 4096
[kinematics-ws] K clamp binds: eid 1002 demanded 11008 clamped 4096
[kinematics-ws] K clamp binds: eid 1015 demanded 5190 clamped 4096
[kinematics-ws] K clamp binds: eid 1014 demanded 10583 clamped 4096
[kinematics-ws] K clamp binds: eid 1013 demanded 21624 clamped 4096
[kinematics-ws] K clamp binds: eid 1015 demanded 5191 clamped 4096
[kinematics-ws] K clamp binds: eid 1014 demanded 10569 clamped 4096
[kinematics-ws] K clamp binds: eid 1003 demanded 5394 clamped 4096
[kinematics-ws] K clamp binds: eid 1002 demanded 11007 clamped 4096
[kinematics-ws] K clamp binds: eid 1001 demanded 22456 clamped 4096
[kinematics-ws] K clamp binds: eid 1013 demanded 21589 clamped 4096
[kinematics-ws] K clamp binds: eid 1003 demanded [kinematics-ws] K clamp binds: eid 5381 clamped 40961015 demanded 
5195 clamped [kinematics-ws] K clamp binds: eid 1001 demanded 22455 clamped 4096
[kinematics-ws] K clamp binds: eid 1002 demanded 11006 clamped 4096
4096
[kinematics-ws] K clamp binds: eid 1014 demanded 10544 clamped 4096
[kinematics-ws] K clamp binds: eid 1013 demanded 21589 clamped 4096
[kinematics-ws] K clamp binds: eid 1015 demanded 5202 clamped 4096
[kinematics-ws] K clamp binds: eid 1014 demanded 10586 clamped 4096
[kinematics-ws] K clamp binds: eid 1003 demanded 5390 clamped 4096
[kinematics-ws] K clamp binds: eid 1002 demanded 11006 clamped 4096
[kinematics-ws] K clamp binds: eid 1001 demanded 22443 clamped 4096
[kinematics-ws] K clamp binds: eid 1013 demanded 21627 clamped 4096
[kinematics-ws] K clamp binds: eid 1001 demanded 22437 clamped 4096
[kinematics-ws] K clamp binds: eid 1015 demanded 5210 clamped 4096
[kinematics-ws] K clamp binds: eid 1014 demanded 10546 clamped 4096
[kinematics-ws] K clamp binds: eid 1003 demanded 5390 clamped 4096
[kinematics-ws] K clamp binds: eid 1002 demanded 11007 clamped 4096
[kinematics-ws] K clamp binds: eid 1013 demanded 21623 clamped 4096
[kinematics-ws] K clamp binds: eid [kinematics-ws] K clamp binds: eid 1003 1001 demanded demanded 5382 22450 clamped clamped 40964096

[kinematics-ws] K clamp binds: eid 1014 demanded 10570 clamped 4096
[kinematics-ws] K clamp binds: eid 1015 demanded 5211 clamped 4096
[kinematics-ws] K clamp binds: eid 1013 demanded 21502 clamped 4096
[kinematics-ws] K clamp binds: eid 1002 demanded 11009 clamped 4096
[kinematics-ws] K clamp binds: eid 1001 demanded 22450 clamped 4096
[kinematics-ws] K clamp binds: eid 1002 demanded 11010 clamped 4096
[kinematics-ws] K clamp binds: eid 1003 demanded 5395 clamped 4096
[kinematics-ws] K clamp binds: eid 1014 demanded 10589 clamped 4096
[kinematics-ws] K clamp binds: eid 1015 demanded 5199 clamped 4096
[kinematics-ws] K clamp binds: eid 1013 demanded 21613 clamped 4096
[kinematics-ws] K clamp binds: eid 1001 demanded 22434 clamped 4096
[kinematics-ws] K clamp binds: eid 1003 demanded 5388 clamped 4096
[kinematics-ws] K clamp binds: eid 1015 demanded 5177 clamped 4096
[kinematics-ws] K clamp binds: eid 1014 demanded 10546 clamped 4096
[kinematics-ws] K clamp binds: eid 1002 demanded 11010 clamped 4096
[kinematics-ws] K clamp binds: eid 1013 demanded 21505 clamped 4096
[kinematics-ws] K clamp binds: eid 1001 demanded 22449 clamped 4096
[kinematics-ws] K clamp binds: eid 1015 demanded 5165 clamped 4096
[kinematics-ws] K clamp binds: eid 1003 demanded 5385 clamped 4096
[kinematics-ws] K clamp binds: eid 1002 demanded 11008 clamped 4096
[kinematics-ws] K clamp binds: eid 1014 demanded 10565 clamped 4096
[kinematics-ws] K clamp binds: eid 1013 demanded 21630 clamped 4096
[kinematics-ws] K clamp binds: eid 1015 demanded 5184 clamped 4096
[kinematics-ws] K clamp binds: eid 1014 demanded 10601 clamped 4096
[kinematics-ws] K clamp binds: eid 1003 demanded 5397 clamped 4096
[kinematics-ws] K clamp binds: eid 1001 demanded 22444 clamped 4096
[kinematics-ws] K clamp binds: eid 1002 demanded 11005 clamped 4096
[kinematics-ws] K clamp binds: eid 1013 demanded 21620 clamped 4096
[kinematics-ws] K clamp binds: eid 1001 demanded 22437 clamped 4096
[kinematics-ws] K clamp binds: eid 1003 demanded 5388 clamped 4096
[kinematics-ws] K clamp binds: eid 1015 demanded 5208 clamped 4096
[kinematics-ws] K clamp binds: eid 1002 demanded 11005 clamped 4096
[kinematics-ws] K clamp binds: eid 1014 demanded 10611 clamped 4096
[kinematics-ws] K clamp binds: eid 1013 demanded 21578 clamped 4096
[kinematics-ws] K clamp binds: eid 1001 demanded 22451 clamped 4096
[kinematics-ws] K clamp binds: eid 1015 demanded 5187 clamped 4096
[kinematics-ws] K clamp binds: eid 1003 demanded 5386 clamped 4096
[kinematics-ws] K clamp binds: eid 1014 demanded 10608 clamped 4096
[kinematics-ws] K clamp binds: eid 1002 demanded 11008 clamped 4096
[kinematics-ws] K clamp binds: eid 1013 demanded 21577 clamped 4096
[kinematics-ws] K clamp binds: eid 1001 demanded 22434 clamped 4096
[kinematics-ws] K clamp binds: eid 1003 demanded 5398 clamped 4096
[kinematics-ws] K clamp binds: eid 1014 demanded 10605 clamped 4096
[kinematics-ws] K clamp binds: eid 1015 demanded 5163 clamped 4096
[kinematics-ws] K clamp binds: eid 1002 demanded 11009 clamped 4096
[kinematics-ws] K clamp binds: eid 1013 demanded 21619 clamped 4096
[kinematics-ws] K clamp binds: eid [kinematics-ws] K clamp binds: eid 1015 demanded1003  5198 demanded 5392 clamped clamped 40964096

[kinematics-ws] K clamp binds: eid 1014 demanded 10608 clamped 4096
[kinematics-ws] K clamp binds: eid 1002 demanded 11006 clamped 4096
[kinematics-ws] K clamp binds: eid 1001 demanded 22453 clamped 4096
[kinematics-ws] K clamp binds: eid 1013 demanded 21653 clamped 4096
[kinematics-ws] K clamp binds: eid [kinematics-ws] K clamp binds: eid 10031015  demanded 5386 clamped demanded 5191 clamped 40964096

[kinematics-ws] K clamp binds: eid 1001 demanded 22437 clamped 4096
[kinematics-ws] K clamp binds: eid 1014 demanded 10615 clamped 4096
[kinematics-ws] K clamp binds: eid 1002 demanded 11003 clamped 4096
[kinematics-ws] K clamp binds: eid 1013 demanded 21542 clamped 4096
[kinematics-ws] K clamp binds: eid 1001 demanded 22451 clamped 4096
[kinematics-ws] K clamp binds: eid 1014 demanded 10612 clamped 4096
[kinematics-ws] K clamp binds: eid 1015 demanded 5162 clamped 4096
[kinematics-ws] K clamp binds: eid 1002 demanded 11006 clamped 4096
[kinematics-ws] K clamp binds: eid 1003 demanded 5397 clamped 4096
[kinematics-ws] K clamp binds: eid 1013 demanded 21602 clamped 4096
[kinematics-ws] K clamp binds: eid 1001 demanded 22446 clamped 4096
[kinematics-ws] K clamp binds: eid 1014 demanded 10586 clamped 4096
[kinematics-ws] K clamp binds: eid 1003 demanded 5398 clamped 4096
[kinematics-ws] K clamp binds: eid 1015 demanded 5205 clamped 4096
[kinematics-ws] K clamp binds: eid 1002 demanded 11008 clamped 4096
[kinematics-ws] K clamp binds: eid 1013 demanded 21553 clamped 4096
[kinematics-ws] K clamp binds: eid[kinematics-ws] K clamp binds: eid  10151003 demanded  demanded 5167 clamped 5388 clamped 40964096

[kinematics-ws] K clamp binds: eid 1002 demanded 11003 clamped 4096
[kinematics-ws] K clamp binds: eid 1014 demanded 10561 clamped 4096
[kinematics-ws] K clamp binds: eid 1001 demanded 22442 clamped 4096
[kinematics-ws] K clamp binds: eid 1013 demanded 21658 clamped 4096
[kinematics-ws] K clamp binds: eid 1001 demanded 22459 clamped 4096
[kinematics-ws] K clamp binds: eid 1015 demanded 5193 clamped 4096
[kinematics-ws] K clamp binds: eid 1014 demanded 10592 clamped 4096
[kinematics-ws] K clamp binds: eid 1003 demanded 5391 clamped 4096
[kinematics-ws] K clamp binds: eid 1002 demanded 11003 clamped 4096
[kinematics-ws] K clamp binds: eid 1013 demanded 21598 clamped 4096
[kinematics-ws] K clamp binds: eid 1015 demanded 5177 clamped 4096
[kinematics-ws] K clamp binds: eid 1014 demanded 10601 clamped 4096
[kinematics-ws] K clamp binds: eid 1003 demanded 5401 clamped 4096
[kinematics-ws] K clamp binds: eid 1002 demanded 11007 clamped 4096
[kinematics-ws] K clamp binds: eid 1001 demanded 22446 clamped 4096
[kinematics-ws] K clamp binds: eid 1013 demanded 21556 clamped 4096
[kinematics-ws] K clamp binds: eid 1014 demanded 10558 clamped 4096
[kinematics-ws] K clamp binds: eid 1015 demanded 5190 clamped 4096
[kinematics-ws] K clamp binds: eid 1001 demanded 22446 clamped 4096
[kinematics-ws] K clamp binds: eid 1003 demanded 5397 clamped 4096
[kinematics-ws] K clamp binds: eid 1002 demanded 11003 clamped 4096
[kinematics-ws] K clamp binds: eid 1013 demanded 21555 clamped 4096
[kinematics-ws] K clamp binds: eid 1003 demanded 5389 clamped 4096
[kinematics-ws] K clamp binds: eid 1002 demanded 11002 clamped 4096
[kinematics-ws] K clamp binds: eid 1001 demanded 22462 clamped 4096
[kinematics-ws] K clamp binds: eid 1015 demanded 5174 clamped 4096
[kinematics-ws] K clamp binds: eid 1014 demanded 10609 clamped 4096
[kinematics-ws] K clamp binds: eid 1013 demanded 21586 clamped 4096
[kinematics-ws] K clamp binds: eid 1002 demanded 11006 clamped 4096
[kinematics-ws] K clamp binds: eid 1014 demanded 10558 clamped 4096
[kinematics-ws] K clamp binds: eid 1015 demanded 5201 clamped 4096
[kinematics-ws] K clamp binds: eid 1003 demanded 5394 clamped 4096
[kinematics-ws] K clamp binds: eid 1001 demanded 22462 clamped 4096
[kinematics-ws] K clamp binds: eid 1013 demanded 21662 clamped 4096
[kinematics-ws] K clamp binds: eid 1014 demanded 10610 clamped 4096
[kinematics-ws] K clamp binds: eid 1002 demanded 11001 clamped 4096
[kinematics-ws] K clamp binds: eid 1015 demanded 5165 clamped 4096
[kinematics-ws] K clamp binds: eid 1003 demanded 5403 clamped 4096
[kinematics-ws] K clamp binds: eid 1001 demanded 22452 clamped 4096
[kinematics-ws] K clamp binds: eid 1013 demanded 21622 clamped 4096
[kinematics-ws] K clamp binds: eid 1015 demanded 5208 clamped 4096
[kinematics-ws] K clamp binds: eid 1014 demanded 10575 clamped 4096
[kinematics-ws] K clamp binds: eid 1001 demanded 22450 clamped 4096
[kinematics-ws] K clamp binds: eid 1003 demanded 5401 clamped 4096
[kinematics-ws] K clamp binds: eid 1002 demanded 11003 clamped 4096
[kinematics-ws] K clamp binds: eid 1013 demanded 21559 clamped 4096
[kinematics-ws] K clamp binds: eid 1001 demanded 22459 clamped 4096
[kinematics-ws] K clamp binds: eid 1002 demanded 11005 clamped 4096
[kinematics-ws] K clamp binds: eid 1014 demanded 10577 clamped 4096
[kinematics-ws] K clamp binds: eid 1015 demanded 5181 clamped 4096
[kinematics-ws] K clamp binds: eid 1013 demanded 21640 clamped 4096
[kinematics-ws] K clamp binds: eid 1003 demanded 5393 clamped 4096
[kinematics-ws] K clamp binds: eid 1014 demanded 10620 clamped 4096
[kinematics-ws] K clamp binds: eid 1015 demanded 5176 clamped 4096
[kinematics-ws] K clamp binds: eid 1001 demanded 22468 clamped 4096
[kinematics-ws] K clamp binds: eid 1002 demanded 11000 clamped 4096
[kinematics-ws] K clamp binds: eid 1003 demanded 5392 clamped 4096
[kinematics-ws] K clamp binds: eid 1013 demanded 21635 clamped 4096
[kinematics-ws] K clamp binds: eid 1001 demanded 22473 clamped 4096
[kinematics-ws] K clamp binds: eid 1014 demanded 10610 clamped 4096
[kinematics-ws] K clamp binds: eid 1002 demanded 11006 clamped 4096
[kinematics-ws] K clamp binds: eid 1003 demanded 5400 clamped 4096
[kinematics-ws] K clamp binds: eid 1015 demanded 5214 clamped 4096
[kinematics-ws] K clamp binds: eid 1013 demanded 21552 clamped 4096
[kinematics-ws] K clamp binds: eid 1001 demanded 22475 clamped 4096
[kinematics-ws] K clamp binds: eid 1014 demanded 10587 clamped 4096
[kinematics-ws] K clamp binds: eid 1003 demanded 5406 clamped 4096
[kinematics-ws] K clamp binds: eid 1015 demanded 5194 clamped 4096
[kinematics-ws] K clamp binds: eid 1002 demanded 11000 clamped 4096
[kinematics-ws] K clamp binds: eid 1013 demanded 21564 clamped 4096
[kinematics-ws] K clamp binds: eid 1014 demanded 10579 clamped 4096
[kinematics-ws] K clamp binds: eid 1001 demanded 22476 clamped 4096
[kinematics-ws] K clamp binds: eid 1002 demanded 11005 clamped 4096
[kinematics-ws] K clamp binds: eid 1003 demanded 5402 clamped 4096
[kinematics-ws] K clamp binds: eid 1013 demanded 21574 clamped 4096
[kinematics-ws] K clamp binds: eid 1015 demanded 5173 clamped 4096
[kinematics-ws] K clamp binds: eid 1001 demanded 22476 clamped 4096
[kinematics-ws] K clamp binds: eid 1003 demanded 5395 clamped 4096
[kinematics-ws] K clamp binds: eid 1002 demanded 11002 clamped 4096
[kinematics-ws] K clamp binds: eid 1015 demanded 5196 clamped 4096
[kinematics-ws] K clamp binds: eid 1014 demanded 10580 clamped 4096
[kinematics-ws] K clamp binds: eid 1013 demanded 21560 clamped 4096
[kinematics-ws] K clamp binds: eid 1002 demanded 11004 clamped 4096
[kinematics-ws] K clamp binds: eid 1001 demanded 22476 clamped 4096
[kinematics-ws] K clamp binds: eid 1014 demanded 10581 clamped 4096
[kinematics-ws] K clamp binds: eid 1003 demanded 5393 clamped 4096
[kinematics-ws] K clamp binds: eid 1015 demanded 5220 clamped 4096
[kinematics-ws] K clamp binds: eid 1013 demanded 21588 clamped 4096
[kinematics-ws] K clamp binds: eid 1001 demanded 22476 clamped 4096
[kinematics-ws] K clamp binds: eid 1003 demanded 5399 clamped 4096
[kinematics-ws] K clamp binds: eid 1002 [kinematics-ws] K clamp binds: eid demanded 1015 11003demanded  clamped 5216 clamped 40964096

[kinematics-ws] K clamp binds: eid 1014 demanded 10581 clamped 4096
[kinematics-ws] K clamp binds: eid 1013 demanded 21695 clamped 4096
[kinematics-ws] K clamp binds: eid 1014 demanded 10586 clamped 4096
[kinematics-ws] K clamp binds: eid 1015 demanded 5198 clamped 4096
[kinematics-ws] K clamp binds: eid 1002 demanded 11004 clamped 4096
[kinematics-ws] K clamp binds: eid 1003 demanded 5406 clamped 4096
[kinematics-ws] K clamp binds: eid 1001 demanded 22476 clamped 4096
[kinematics-ws] K clamp binds: eid 1013 demanded 21579 clamped 4096
[kinematics-ws] K clamp binds: eid [kinematics-ws] K clamp binds: eid 1003 demanded 5408 1001 clamped demanded 409622473 
clamped 4096
[kinematics-ws] K clamp binds: eid 1002 demanded 11003 clamped 4096
[kinematics-ws] K clamp binds: eid 1015 demanded 5185 clamped 4096
[kinematics-ws] K clamp binds: eid 1014 demanded 10609 clamped 4096
[kinematics-ws] K clamp binds: eid 1013 demanded 21675 clamped 4096
[kinematics-ws] K clamp binds: eid 1001 demanded 22467 clamped 4096
[kinematics-ws] K clamp binds: eid 1003 demanded 5405 clamped 4096
[kinematics-ws] K clamp binds: eid 1015 demanded 5182 clamped 4096
[kinematics-ws] K clamp binds: eid 1014 demanded 10635 clamped 4096
[kinematics-ws] K clamp binds: eid 1002 demanded 11006 clamped 4096
[kinematics-ws] K clamp binds: eid 1013 demanded 21557 clamped 4096
[kinematics-ws] K clamp binds: eid 1001 demanded 22462 clamped 4096
[kinematics-ws] K clamp binds: eid 1003 demanded 5399 clamped 4096
[kinematics-ws] K clamp binds: eid 1002 demanded 11003 clamped 4096
[kinematics-ws] K clamp binds: eid 1014 demanded 10613 clamped 4096
[kinematics-ws] K clamp binds: eid 1015 demanded 5185 clamped 4096
[kinematics-ws] K clamp binds: eid 1013 demanded 21645 clamped 4096
[kinematics-ws] K clamp binds: eid 1001 demanded 22462 clamped 4096
[kinematics-ws] K clamp binds: eid 1014 demanded 10575 clamped 4096
[kinematics-ws] K clamp binds: eid 1015 demanded 5190 clamped 4096
[kinematics-ws] K clamp binds: eid 1002 demanded 11008 clamped 4096
[kinematics-ws] K clamp binds: eid 1003 demanded 5396 clamped 4096
[kinematics-ws] K clamp binds: eid 1013 demanded 21709 clamped 4096
[kinematics-ws] K clamp binds: eid 1003 demanded 5397 clamped 4096
[kinematics-ws] K clamp binds: eid 1014 demanded 10626 clamped 4096
[kinematics-ws] K clamp binds: eid 1001 demanded 22470 clamped 4096
[kinematics-ws] K clamp binds: eid 1015 demanded 5192 clamped 4096
[kinematics-ws] K clamp binds: eid 1002 demanded 11003 clamped 4096
[kinematics-ws] K clamp binds: eid 1013 demanded 21720 clamped 4096
[kinematics-ws] K clamp binds: eid 1001 demanded 22474 clamped 4096
[kinematics-ws] K clamp binds: eid 1014 demanded 10596 clamped 4096
[kinematics-ws] K clamp binds: eid 1015 demanded 5193 clamped 4096
[kinematics-ws] K clamp binds: eid 1003 demanded 5402 clamped 4096
[kinematics-ws] K clamp binds: eid 1002 demanded 11008 clamped 4096
[kinematics-ws] K clamp binds: eid 1013 demanded 21711 clamped 4096
[kinematics-ws] K clamp binds: eid 1002 demanded 11007 clamped 4096
[kinematics-ws] K clamp binds: eid 1014 demanded 10605 clamped 4096
[kinematics-ws] K clamp binds: eid 1001 demanded 22463 clamped 4096
[kinematics-ws] K clamp binds: eid 1003 demanded 5407 clamped 4096
[kinematics-ws] K clamp binds: eid 1015 demanded 5190 clamped 4096
[kinematics-ws] K clamp binds: eid 1013 demanded 21649 clamped 4096
[kinematics-ws] K clamp binds: eid 1001 demanded 22458 clamped 4096
[kinematics-ws] K clamp binds: eid 1015 demanded 5186 clamped 4096
[kinematics-ws] K clamp binds: eid 1014 demanded 10599 clamped 4096
[kinematics-ws] K clamp binds: eid 1002 demanded 11006 clamped 4096
[kinematics-ws] K clamp binds: eid 1003 demanded 5410 clamped 4096
[kinematics-ws] K clamp binds: eid 1013 demanded 21578 clamped 4096
[kinematics-ws] K clamp binds: eid 1003 demanded 5411 clamped 4096
[kinematics-ws] K clamp binds: eid 1015 demanded 5185 clamped 4096
[kinematics-ws] K clamp binds: eid 1014 demanded 10624 clamped 4096
[kinematics-ws] K clamp binds: eid 1001 demanded 22470 clamped 4096
[kinematics-ws] K clamp binds: eid 1013 demanded 21702 clamped 4096
[kinematics-ws] K clamp binds: eid 1002 demanded 11011 clamped 4096
[kinematics-ws] K clamp binds: eid 1001 demanded 22464 clamped 4096
[kinematics-ws] K clamp binds: eid 1014 demanded 10580 clamped 4096
[kinematics-ws] K clamp binds: eid 1003 demanded 5409 clamped 4096
[kinematics-ws] K clamp binds: eid 1015 demanded 5193 clamped 4096
[kinematics-ws] K clamp binds: eid 1002 demanded 11007 clamped 4096
[kinematics-ws] K clamp binds: eid 1013 demanded 21589 clamped 4096
[kinematics-ws] K clamp binds: eid 1014 demanded 10626 clamped 4096
[kinematics-ws] K clamp binds: eid 1002 demanded 11010 clamped 4096
[kinematics-ws] K clamp binds: eid 1015 demanded 5212 clamped 4096
[kinematics-ws] K clamp binds: eid 1001 demanded 22458 clamped 4096
[kinematics-ws] K clamp binds: eid 1003 demanded 5406 clamped 4096
[kinematics-ws] K clamp binds: eid 1013 demanded 21717 clamped 4096
[kinematics-ws] K clamp binds: eid 1015 demanded 5231 clamped 4096
[kinematics-ws] K clamp binds: eid 1003 demanded 5403 clamped 4096
[kinematics-ws] K clamp binds: eid 1001 demanded 22471 clamped 4096
[kinematics-ws] K clamp binds: eid 1014 demanded 10638 clamped 4096
[kinematics-ws] K clamp binds: eid 1002 demanded 11013 clamped 4096
[kinematics-ws] K clamp binds: eid 1013 demanded 21637 clamped 4096
[kinematics-ws] K clamp binds: eid 1001 demanded 22456 clamped 4096
[kinematics-ws] K clamp binds: eid 1003 demanded 5400 clamped 4096
[kinematics-ws] K clamp binds: eid 1014 demanded 10607 clamped 4096
[kinematics-ws] K clamp binds: eid 1015 demanded 5226 clamped 4096
[kinematics-ws] K clamp binds: eid 1002 demanded 11010 clamped 4096
[kinematics-ws] K clamp binds: eid 1013 demanded 21592 clamped 4096
[kinematics-ws] K clamp binds: eid 1001 demanded 22469 clamped 4096
[kinematics-ws] K clamp binds: eid 1014 demanded 10593 clamped 4096
[kinematics-ws] K clamp binds: eid 1003 demanded 5399 clamped 4096
[kinematics-ws] K clamp binds: eid 1015 demanded 5195 clamped 4096
[kinematics-ws] K clamp binds: eid 1002 demanded 11011 clamped 4096
[kinematics-ws] K clamp binds: eid 1013 demanded 21599 clamped 4096
[kinematics-ws] K clamp binds: eid 1001 demanded 22458 clamped 4096
[kinematics-ws] K clamp binds: eid 1014 demanded 10598 clamped 4096
[kinematics-ws] K clamp binds: eid 1015 demanded 5183 clamped 4096
[kinematics-ws] K clamp binds: eid 1003 demanded 5399 clamped 4096
[kinematics-ws] K clamp binds: eid 1002 demanded 11016 clamped 4096
[kinematics-ws] K clamp binds: eid 1013 demanded 21596 clamped 4096
[kinematics-ws] K clamp binds: eid 1002 demanded 11014 clamped 4096
[kinematics-ws] K clamp binds: eid 1015 demanded 5218 clamped 4096
[kinematics-ws] K clamp binds: eid 1003 demanded 5400 clamped 4096
[kinematics-ws] K clamp binds: eid 1001 demanded 22469 clamped 4096
[kinematics-ws] K clamp binds: eid 1014 demanded 10606 clamped 4096
[kinematics-ws] K clamp binds: eid 1013 demanded 21614 clamped 4096
[kinematics-ws] K clamp binds: eid 1015 demanded 5224 clamped 4096
[kinematics-ws] K clamp binds: eid 1014 demanded 10607 clamped 4096
[kinematics-ws] K clamp binds: eid 1003 demanded 5401 clamped 4096
[kinematics-ws] K clamp binds: eid 1001 demanded 22458 clamped 4096
[kinematics-ws] K clamp binds: eid 1002 demanded 11012 clamped 4096
[kinematics-ws] K clamp binds: eid 1013 demanded 21716 clamped 4096
[kinematics-ws] K clamp binds: eid 1001 demanded 22473 clamped 4096
[kinematics-ws] K clamp binds: eid 1003 demanded 5403 clamped 4096
[kinematics-ws] K clamp binds: eid 1015 demanded 5182 clamped 4096
[kinematics-ws] K clamp binds: eid 1014 demanded 10601 clamped 4096
[kinematics-ws] K clamp binds: eid 1002 demanded 11016 clamped 4096
[kinematics-ws] K clamp binds: eid 1013 demanded 21678 clamped 4096
[kinematics-ws] K clamp binds: eid 1001 demanded 22460 clamped 4096
[kinematics-ws] K clamp binds: eid 1003 demanded 5404 clamped 4096
[kinematics-ws] K clamp binds: eid 1014 demanded 10597 clamped 4096
[kinematics-ws] K clamp binds: eid 1015 demanded 5207 clamped 4096
[kinematics-ws] K clamp binds: eid 1002 demanded 11020 clamped 4096
[kinematics-ws] K clamp binds: eid 1013 demanded 21634 clamped 4096
[kinematics-ws] K clamp binds: eid 1001 demanded 22471 clamped 4096
[kinematics-ws] K clamp binds: eid 1003 demanded 5405 clamped 4096
[kinematics-ws] K clamp binds: eid 1014 demanded 10615 clamped 4096
[kinematics-ws] K clamp binds: eid 1015 demanded 5220 clamped 4096
[kinematics-ws] K clamp binds: eid 1002 demanded 11019 clamped 4096
[kinematics-ws] K clamp binds: eid 1013 demanded 21665 clamped 4096
[kinematics-ws] K clamp binds: eid 1001 demanded 22473 clamped 4096
[kinematics-ws] K clamp binds: eid 1014 demanded 10652 clamped 4096
[kinematics-ws] K clamp binds: eid 1015 demanded 5179 clamped 4096
[kinematics-ws] K clamp binds: eid 1003 demanded 5407 clamped 4096
[kinematics-ws] K clamp binds: eid 1002 demanded 11016 clamped 4096
[kinematics-ws] K clamp binds: eid 1013 demanded 21739 clamped 4096
[kinematics-ws] K clamp binds: eid 1003 demanded 5407 clamped 4096
[kinematics-ws] K clamp binds: eid 1014 demanded 10644 clamped 4096
[kinematics-ws] K clamp binds: eid 1015 demanded 5226 clamped 4096
[kinematics-ws] K clamp binds: eid 1001 demanded 22464 clamped 4096
[kinematics-ws] K clamp binds: eid 1002 demanded 11017 clamped 4096
[kinematics-ws] K clamp binds: eid 1013 demanded 21663 clamped 4096
[kinematics-ws] K clamp binds: eid 1015 demanded 5186 clamped 4096
[kinematics-ws] K clamp binds: eid 1002 demanded 11021 clamped 4096
[kinematics-ws] K clamp binds: eid 1014 demanded 10593 clamped 4096
[kinematics-ws] K clamp binds: eid 1001 demanded 22475 clamped 4096
[kinematics-ws] K clamp binds: eid 1003 demanded 5408 clamped 4096
[kinematics-ws] K clamp binds: eid 1013 demanded 21627 clamped 4096
[kinematics-ws] K clamp binds: eid 1001 demanded 22481 clamped 4096
[kinematics-ws] K clamp binds: eid 1002 demanded 11024 clamped 4096
[kinematics-ws] K clamp binds: eid 1014 demanded 10641 clamped 4096
[kinematics-ws] K clamp binds: eid 1015 demanded 5216 clamped 4096
[kinematics-ws] K clamp binds: eid 1003 demanded 5408 clamped 4096
[kinematics-ws] K clamp binds: eid 1013 demanded 21629 clamped 4096
[kinematics-ws] K clamp binds: eid 1001 demanded 22473 clamped 4096
[kinematics-ws] K clamp binds: eid 1003 demanded 5408 clamped 4096
[kinematics-ws] K clamp binds: eid 1002 demanded 11024 clamped 4096
[kinematics-ws] K clamp binds: eid [kinematics-ws] K clamp binds: eid 1015 demanded 1014 demanded5192  clamped10622  clamped 40964096

[kinematics-ws] K clamp binds: eid 1013 demanded 21670 clamped 4096
[kinematics-ws] K clamp binds: eid 1001 demanded 22471 clamped 4096
[kinematics-ws] K clamp binds: eid 1015 demanded 5218 clamped 4096
[kinematics-ws] K clamp binds: eid 1003 demanded 5407 clamped 4096
[kinematics-ws] K clamp binds: eid 1002 demanded 11023 clamped 4096
[kinematics-ws] K clamp binds: eid 1014 demanded 10619 clamped 4096
[kinematics-ws] K clamp binds: eid 1013 demanded 21754 clamped 4096
[kinematics-ws] K clamp binds: eid 1003 demanded 5406 clamped 4096
[kinematics-ws] K clamp binds: eid 1002 demanded 11022 clamped 4096
[kinematics-ws] K clamp binds: eid 1014 demanded 10624 clamped 4096
[kinematics-ws] K clamp binds: eid 1015 demanded 5186 clamped 4096
[kinematics-ws] K clamp binds: eid 1001 demanded 22478 clamped 4096
[kinematics-ws] K clamp binds: eid 1013 demanded 21689 clamped 4096
[kinematics-ws] K clamp binds: eid 1015 demanded 5230 clamped 4096
[kinematics-ws] K clamp binds: eid 1003 demanded 5405 clamped 4096
[kinematics-ws] K clamp binds: eid 1014 demanded 10642 clamped 4096
[kinematics-ws] K clamp binds: eid 1002 demanded 11021 clamped 4096
[kinematics-ws] K clamp binds: eid 1001 demanded 22487 clamped 4096
[kinematics-ws] K clamp binds: eid 1013 demanded 21647 clamped 4096
[kinematics-ws] K clamp binds: eid 1002 demanded 11022 clamped 4096
[kinematics-ws] K clamp binds: eid 1001 demanded 22490 clamped 4096
[kinematics-ws] K clamp binds: eid 1015 demanded 5183 clamped 4096
[kinematics-ws] K clamp binds: eid 1003 demanded 5404 clamped 4096
[kinematics-ws] K clamp binds: eid 1014 demanded 10598 clamped 4096
[kinematics-ws] K clamp binds: eid 1013 demanded 21708 clamped 4096
[kinematics-ws] K clamp binds: eid 1001 demanded 22489 clamped 4096
[kinematics-ws] K clamp binds: eid 1015 demanded 5222 clamped 4096
[kinematics-ws] K clamp binds: eid 1003 demanded 5403 clamped 4096
[kinematics-ws] K clamp binds: eid 1014 demanded 10653 clamped 4096
[kinematics-ws] K clamp binds: eid 1002 demanded 11023 clamped 4096
[kinematics-ws] K clamp binds: eid 1013 demanded 21731 clamped 4096
[kinematics-ws] K clamp binds: eid 1001 demanded 22487 clamped 4096
[kinematics-ws] K clamp binds: eid 1015 demanded 5217 clamped 4096
[kinematics-ws] K clamp binds: eid 1003 demanded 5402 clamped 4096
[kinematics-ws] K clamp binds: eid 1014 demanded 10657 clamped 4096
[kinematics-ws] K clamp binds: eid 1002 demanded 11025 clamped 4096
[kinematics-ws] K clamp binds: eid 1013 demanded 21634 clamped 4096
[kinematics-ws] K clamp binds: eid 1001 demanded 22486 clamped 4096
[kinematics-ws] K clamp binds: eid 1015 demanded 5187 clamped 4096
[kinematics-ws] K clamp binds: eid 1014 demanded 10620 clamped 4096
[kinematics-ws] K clamp binds: eid 1002 demanded 11026 clamped 4096
[kinematics-ws] K clamp binds: eid 1013 demanded 21632 clamped 4096
[kinematics-ws] K clamp binds: eid 1003 demanded 5401 clamped 4096
[kinematics-ws] K clamp binds: eid 1001 demanded 22485 clamped 4096
[kinematics-ws] K clamp binds: eid 1003 demanded 5401 clamped 4096
[kinematics-ws] K clamp binds: eid 1015 demanded 5224 clamped 4096
[kinematics-ws] K clamp binds: eid 1014 demanded 10610 clamped 4096
[kinematics-ws] K clamp binds: eid 1002 demanded 11027 clamped 4096
[kinematics-ws] K clamp binds: eid 1013 demanded 21643 clamped 4096
[kinematics-ws] K clamp binds: eid 1002 demanded 11028 clamped 4096
[kinematics-ws] K clamp binds: eid 1001 demanded 22485 clamped 4096
[kinematics-ws] K clamp binds: eid 1003 demanded 5402 clamped 4096
[kinematics-ws] K clamp binds: eid 1014 demanded 10620 clamped 4096
[kinematics-ws] K clamp binds: eid 1015 demanded 5234 clamped 4096
[kinematics-ws] K clamp binds: eid 1013 demanded 21632 clamped 4096
[kinematics-ws] K clamp binds: eid 1003 demanded 5404 clamped 4096
[kinematics-ws] K clamp binds: eid 1014 demanded 10630 clamped 4096
[kinematics-ws] K clamp binds: eid 1015 demanded 5201 clamped 4096
[kinematics-ws] K clamp binds: eid 1001 demanded 22487 clamped 4096
[kinematics-ws] K clamp binds: eid 1002 demanded 11029 clamped 4096
[kinematics-ws] K clamp binds: eid 1013 demanded 21662 clamped 4096
[kinematics-ws] K clamp binds: eid 1001 demanded 22489 clamped 4096
[kinematics-ws] K clamp binds: eid 1014 demanded 10631 clamped 4096
[kinematics-ws] K clamp binds: eid 1015 demanded 5195 clamped 4096
[kinematics-ws] K clamp binds: eid 1003 demanded 5408 clamped 4096
[kinematics-ws] K clamp binds: eid 1002 demanded 11029 clamped 4096
[kinematics-ws] K clamp binds: eid 1013 demanded 21779 clamped 4096
[kinematics-ws] K clamp binds: eid 1001 demanded 22492 clamped 4096
[kinematics-ws] K clamp binds: eid 1003 demanded 5412 clamped 4096
[kinematics-ws] K clamp binds: eid 1015 demanded 5222 clamped 4096
[kinematics-ws] K clamp binds: eid 1002 demanded 11029 clamped 4096
[kinematics-ws] K clamp binds: eid 1014 demanded 10623 clamped 4096
[kinematics-ws] K clamp binds: eid 1013 demanded 21670 clamped 4096
[kinematics-ws] K clamp binds: eid[kinematics-ws] K clamp binds: eid  10011003  demanded demanded 5415 22495 clampedclamped  40964096

[kinematics-ws] K clamp binds: eid 1015 demanded 5245 clamped 4096
[kinematics-ws] K clamp binds: eid 1014 demanded 10613 clamped 4096
[kinematics-ws] K clamp binds: eid 1002 demanded 11028 clamped 4096
[kinematics-ws] K clamp binds: eid 1013 demanded 21735 clamped 4096
[kinematics-ws] K clamp binds: eid 1015 demanded 5244 clamped 4096
[kinematics-ws] K clamp binds: eid 1014 demanded 10624 clamped 4096
[kinematics-ws] K clamp binds: eid 1001 demanded 22494 clamped 4096
[kinematics-ws] K clamp binds: eid 1003 demanded 5416 clamped 4096
[kinematics-ws] K clamp binds: eid 1002 demanded 11027 clamped 4096
[kinematics-ws] K clamp binds: eid 1013 demanded 21639 clamped 4096
[kinematics-ws] K clamp binds: eid 1001 demanded 22488 clamped 4096
[kinematics-ws] K clamp binds: eid 1002 demanded 11026 clamped 4096
[kinematics-ws] K clamp binds: eid 1014 demanded 10666 clamped 4096
[kinematics-ws] K clamp binds: eid 1003 demanded 5415 clamped 4096
[kinematics-ws] K clamp binds: eid 1015 demanded 5230 clamped 4096
[kinematics-ws] K clamp binds: eid 1013 demanded 21775 clamped 4096
[kinematics-ws] K clamp binds: eid 1002 demanded 11026 clamped 4096
[kinematics-ws] K clamp binds: eid 1001 demanded 22481 clamped 4096
[kinematics-ws] K clamp binds: eid 1003 demanded 5410 clamped 4096
[kinematics-ws] K clamp binds: eid 1015 demanded 5217 clamped 4096
[kinematics-ws] K clamp binds: eid 1014 demanded 10676 clamped 4096
[kinematics-ws] K clamp binds: eid 1013 demanded 21791 clamped 4096
[kinematics-ws] K clamp binds: eid 1001 demanded 22483 clamped 4096
[kinematics-ws] K clamp binds: eid 1002 demanded 11025 clamped 4096
[kinematics-ws] K clamp binds: eid 1015 demanded 5209 clamped 4096
[kinematics-ws] K clamp binds: eid 1003 demanded 5404 clamped 4096
[kinematics-ws] K clamp binds: eid 1014 demanded 10617 clamped 4096
[kinematics-ws] K clamp binds: eid 1013 demanded 21769 clamped 4096
[kinematics-ws] K clamp binds: eid 1001 demanded 22491 clamped 4096
[kinematics-ws] K clamp binds: eid 1015 demanded 5206 clamped 4096
[kinematics-ws] K clamp binds: eid 1014 demanded 10645 clamped 4096
[kinematics-ws] K clamp binds: eid 1002 demanded 11026 clamped 4096
[kinematics-ws] K clamp binds: eid 1003 demanded 5401 clamped 4096
[kinematics-ws] K clamp binds: eid 1013 demanded 21779 clamped 4096
[kinematics-ws] K clamp binds: eid 1014 demanded 10661 clamped 4096
[kinematics-ws] K clamp binds: eid 1001 demanded 22489 clamped 4096
[kinematics-ws] K clamp binds: eid 1002 demanded 11027 clamped 4096
[kinematics-ws] K clamp binds: eid 1015 demanded 5205 clamped 4096
[kinematics-ws] K clamp binds: eid 1003 demanded 5401 clamped 4096
[kinematics-ws] K clamp binds: eid 1013 demanded 21804 clamped 4096
[kinematics-ws] K clamp binds: eid 1014 demanded 10620 clamped 4096
[kinematics-ws] K clamp binds: eid 1003 demanded 5406 clamped 4096
[kinematics-ws] K clamp binds: eid 1001 demanded 22478 clamped 4096
[kinematics-ws] K clamp binds: eid 1002 demanded 11029 clamped 4096
[kinematics-ws] K clamp binds: eid 1015 demanded 5206 clamped 4096
[kinematics-ws] K clamp binds: eid 1013 demanded 21735 clamped 4096
[kinematics-ws] K clamp binds: eid 1014 demanded 10666 clamped 4096
[kinematics-ws] K clamp binds: eid 1002 demanded 11031 clamped 4096
[kinematics-ws] K clamp binds: eid 1015 demanded 5208 clamped 4096
[kinematics-ws] K clamp binds: eid 1001 demanded 22486 clamped 4096
[kinematics-ws] K clamp binds: eid 1003 demanded 5413 clamped 4096
[kinematics-ws] K clamp binds: eid 1013 demanded 21660 clamped 4096
[kinematics-ws] K clamp binds: eid 1001 demanded 22488 clamped 4096
[kinematics-ws] K clamp binds: eid 1002 demanded 11031 clamped 4096
[kinematics-ws] K clamp binds: eid 1003 demanded 5416 clamped 4096
[kinematics-ws] K clamp binds: eid 1014 demanded 10637 clamped 4096
[kinematics-ws] K clamp binds: eid 1015 demanded 5215 clamped 4096
[kinematics-ws] K clamp binds: eid 1013 demanded 21797 clamped 4096
[kinematics-ws] K clamp binds: eid 1002 demanded 11028 clamped 4096
[kinematics-ws] K clamp binds: eid 1014 demanded 10632 clamped 4096
[kinematics-ws] K clamp binds: eid 1015 demanded 5227 clamped 4096
[kinematics-ws] K clamp binds: eid 1003 demanded 5412 clamped 4096
[kinematics-ws] K clamp binds: eid 1001 demanded 22477 clamped 4096
[kinematics-ws] K clamp binds: eid 1013 demanded 21661 clamped 4096
[kinematics-ws] K clamp binds: eid 1003 demanded 5405 clamped 4096
[kinematics-ws] K clamp binds: eid 1015 demanded 5244 clamped 4096
[kinematics-ws] K clamp binds: eid 1014 demanded 10686 clamped 4096
[kinematics-ws] K clamp binds: eid 1001 demanded 22489 clamped 4096
[kinematics-ws] K clamp binds: eid 1002 demanded 11025 clamped 4096
[kinematics-ws] K clamp binds: eid 1013 demanded 21736 clamped 4096
[kinematics-ws] K clamp binds: eid 1001 demanded 22479 clamped 4096
[kinematics-ws] K clamp binds: eid 1003 demanded 5400 clamped 4096
[kinematics-ws] K clamp binds: eid 1014 demanded 10647 clamped 4096
[kinematics-ws] K clamp binds: eid 1015 demanded 5254 clamped 4096
[kinematics-ws] K clamp binds: eid 1002 demanded 11024 clamped 4096
[kinematics-ws] K clamp binds: eid 1013 demanded 21813 clamped 4096
[kinematics-ws] K clamp binds: eid 1001 demanded 22485 clamped 4096
[kinematics-ws] K clamp binds: eid 1002 demanded 11027 clamped 4096
[kinematics-ws] K clamp binds: eid 1014 demanded 10622 clamped 4096
[kinematics-ws] K clamp binds: eid 1003 demanded 5403 clamped 4096
[kinematics-ws] K clamp binds: eid 1015 demanded 5244 clamped 4096
[kinematics-ws] K clamp binds: eid 1013 demanded 21796 clamped 4096
[kinematics-ws] K clamp binds: eid 1015 demanded 5215 clamped 4096
[kinematics-ws] K clamp binds: eid 1002 demanded 11030 clamped 4096
[kinematics-ws] K clamp binds: eid 1014 demanded 10647 clamped 4096
[kinematics-ws] K clamp binds: eid 1001 demanded 22482 clamped 4096
[kinematics-ws] K clamp binds: eid 1003 demanded 5411 clamped 4096
[kinematics-ws] K clamp binds: eid 1013 demanded 21789 clamped 4096
[kinematics-ws] K clamp binds: eid 1001 demanded 22486 clamped 4096
[kinematics-ws] K clamp binds: eid 1003 demanded 5415 clamped 4096
[kinematics-ws] K clamp binds: eid 1015 demanded 5202 clamped 4096
[kinematics-ws] K clamp binds: eid 1014 demanded 10676 clamped 4096
[kinematics-ws] K clamp binds: eid 1002 demanded 11027 clamped 4096
[kinematics-ws] K clamp binds: eid 1013 demanded 21813 clamped 4096
[kinematics-ws] K clamp binds: eid 1001 demanded 22481 clamped 4096
[kinematics-ws] K clamp binds: eid 1003 demanded 5409 clamped 4096
[kinematics-ws] K clamp binds: eid 1014 demanded 10691 clamped 4096
[kinematics-ws] K clamp binds: eid 1015 demanded 5230 clamped 4096
[kinematics-ws] K clamp binds: eid 1002 demanded 11023 clamped 4096
[kinematics-ws] K clamp binds: eid 1013 demanded 21801 clamped 4096
[kinematics-ws] K clamp binds: eid 1001 demanded 22491 clamped 4096
[kinematics-ws] K clamp binds: eid 1003 demanded 5401 clamped 4096
[kinematics-ws] K clamp binds: eid 1002 demanded 11024 clamped 4096
[kinematics-ws] K clamp binds: eid 1014 demanded 10695 clamped 4096
[kinematics-ws] K clamp binds: eid 1015 demanded 5251 clamped 4096
[kinematics-ws] K clamp binds: eid 1013 demanded 21688 clamped 4096
[kinematics-ws] K clamp binds: eid 1002 demanded 11029 clamped 4096
[kinematics-ws] K clamp binds: eid 1001 demanded 22480 clamped 4096
[kinematics-ws] K clamp binds: eid 1015 demanded 5214 clamped 4096
[kinematics-ws] K clamp binds: eid 1003 demanded 5400 clamped 4096
[kinematics-ws] K clamp binds: eid 1014 demanded 10690 clamped 4096
[kinematics-ws] K clamp binds: eid 1013 demanded 21767 clamped 4096
[kinematics-ws] K clamp binds: eid 1003 demanded 5409 clamped 4096
[kinematics-ws] K clamp binds: eid 1015 demanded 5207 clamped 4096
[kinematics-ws] K clamp binds: eid 1014 demanded 10673 clamped 4096
[kinematics-ws] K clamp binds: eid 1002 demanded 11026 clamped 4096
[kinematics-ws] K clamp binds: eid 1001 demanded 22493 clamped 4096
[kinematics-ws] K clamp binds: eid 1013 demanded 21721 clamped 4096
[kinematics-ws] K clamp binds: eid 1014 demanded 10645 clamped 4096
[kinematics-ws] K clamp binds: eid 1001 demanded 22490 clamped 4096
[kinematics-ws] K clamp binds: eid 1002 demanded 11021 clamped 4096
[kinematics-ws] K clamp binds: eid 1015 demanded 5249 clamped 4096
[kinematics-ws] K clamp binds: eid 1003 demanded 5414 clamped 4096
[kinematics-ws] K clamp binds: eid 1013 demanded 21808 clamped 4096
[kinematics-ws] K clamp binds: eid 1015 demanded 5213 clamped 4096
[kinematics-ws] K clamp binds: eid 1002 demanded 11025 clamped 4096
[kinematics-ws] K clamp binds: eid 1003 demanded 5407 clamped 4096
[kinematics-ws] K clamp binds: eid 1014 demanded 10635 clamped 4096
[kinematics-ws] K clamp binds: eid 1001 demanded 22485 clamped 4096
[kinematics-ws] K clamp binds: eid 1013 demanded 21705 clamped 4096
[kinematics-ws] K clamp binds: eid 1001 demanded 22497 clamped 4096
[kinematics-ws] K clamp binds: eid 1003 demanded 5398 clamped 4096
[kinematics-ws] K clamp binds: eid 1014 demanded 10676 clamped 4096
[kinematics-ws] K clamp binds: eid 1015 demanded 5215 clamped 4096
[kinematics-ws] K clamp binds: eid 1002 demanded 11027 clamped 4096
[kinematics-ws] K clamp binds: eid 1013 demanded 21695 clamped 4096
[kinematics-ws] K clamp binds: eid 1014 demanded 10697 clamped 4096
[kinematics-ws] K clamp binds: eid 1003 demanded 5404 clamped 4096
[kinematics-ws] K clamp binds: eid 1001 demanded 22498 clamped 4096
[kinematics-ws] K clamp binds: eid 1015 demanded 5243 clamped 4096
[kinematics-ws] K clamp binds: eid 1002 demanded 11021 clamped 4096
[kinematics-ws] K clamp binds: eid 1013 demanded 21719 clamped 4096
[kinematics-ws] K clamp binds: eid 1001 demanded 22491 clamped 4096
[kinematics-ws] K clamp binds: eid 1014 demanded 10632 clamped 4096
[kinematics-ws] K clamp binds: eid 1002 demanded 11024 clamped 4096
[kinematics-ws] K clamp binds: eid 1015 demanded 5198 clamped 4096
[kinematics-ws] K clamp binds: eid 1003 demanded 5413 clamped 4096
[kinematics-ws] K clamp binds: eid 1013 demanded 21712 clamped 4096
[kinematics-ws] K clamp binds: eid 1003 demanded 5409 clamped 4096
[kinematics-ws] K clamp binds: eid 1001 demanded 22493 clamped 4096
[kinematics-ws] K clamp binds: eid 1002 demanded 11026 clamped 4096
[kinematics-ws] K clamp binds: eid 1014 demanded 10677 clamped 4096
[kinematics-ws] K clamp binds: eid 1015 demanded 5249 clamped 4096
[kinematics-ws] K clamp binds: eid 1013 demanded 21694 clamped 4096
[kinematics-ws] K clamp binds: eid 1001 demanded 22501 clamped 4096
[kinematics-ws] K clamp binds: eid 1003 demanded 5399 clamped 4096
[kinematics-ws] K clamp binds: eid 1015 demanded 5198 clamped 4096
[kinematics-ws] K clamp binds: eid 1014 demanded 10664 clamped 4096
[kinematics-ws] K clamp binds: eid 1002 demanded 11020 clamped 4096
[kinematics-ws] K clamp binds: eid 1013 demanded 21767 clamped 4096
[kinematics-ws] K clamp binds: eid 1003 demanded 5402 clamped 4096
[kinematics-ws] K clamp binds: eid 1002 demanded 11025 clamped 4096
[kinematics-ws] K clamp binds: eid 1014 demanded 10662 clamped 4096
[kinematics-ws] K clamp binds: eid 1015 demanded 5249 clamped 4096
[kinematics-ws] K clamp binds: eid 1001 demanded 22507 clamped 4096
[kinematics-ws] K clamp binds: eid 1013 demanded 21829 clamped 4096
[kinematics-ws] K clamp binds: eid[kinematics-ws] K clamp binds: eid  10151003  demanded demanded5413  clamped 5199 clamped 40964096

[kinematics-ws] K clamp binds: eid 1014 demanded 10658 clamped 4096
[kinematics-ws] K clamp binds: eid 1002 demanded 11024 clamped 4096
[kinematics-ws] K clamp binds: eid 1001 demanded 22507 clamped 4096
[kinematics-ws] K clamp binds: eid 1013 demanded 21691 clamped 4096
[kinematics-ws] K clamp binds: eid 1003 demanded 5407 clamped 4096
[kinematics-ws] K clamp binds: eid 1015 demanded 5249 clamped 4096
[kinematics-ws] K clamp binds: eid 1014 demanded 10692 clamped 4096
[kinematics-ws] K clamp binds: eid 1002 demanded 11020 clamped 4096
[kinematics-ws] K clamp binds: eid 1001 demanded 22505 clamped 4096
[kinematics-ws] K clamp binds: eid 1013 demanded 21832 clamped 4096
[kinematics-ws] K clamp binds: eid 1001 demanded 22502 clamped 4096
[kinematics-ws] K clamp binds: eid 1002 demanded 11026 clamped 4096
[kinematics-ws] K clamp binds: eid 1014 demanded 10635 clamped 4096
[kinematics-ws] K clamp binds: eid 1003 demanded 5397 clamped 4096
[kinematics-ws] K clamp binds: eid 1015 demanded 5210 clamped 4096
[kinematics-ws] K clamp binds: eid 1013 demanded 21760 clamped 4096
[kinematics-ws] K clamp binds: eid 1001 demanded 22501 clamped 4096
[kinematics-ws] K clamp binds: eid 1014 demanded 10679 clamped 4096
[kinematics-ws] K clamp binds: eid 1003 demanded 5406 clamped 4096
[kinematics-ws] K clamp binds: eid 1002 demanded 11019 clamped 4096
[kinematics-ws] K clamp binds: eid 1015 demanded 5227 clamped 4096
[kinematics-ws] K clamp binds: eid 1013 demanded 21703 clamped 4096
[kinematics-ws] K clamp binds: eid [kinematics-ws] K clamp binds: eid 1015 1001 demanded demanded 5248 22501 clamped clamped 40964096

[kinematics-ws] K clamp binds: eid 1003 demanded 5412 clamped 4096
[kinematics-ws] K clamp binds: eid 1014 demanded 10711 clamped 4096
[kinematics-ws] K clamp binds: eid 1002 demanded 11025 clamped 4096
[kinematics-ws] K clamp binds: eid 1013 demanded 21742 clamped 4096
[kinematics-ws] K clamp binds: eid 1003 demanded 5400 clamped 4096
[kinematics-ws] K clamp binds: eid 1015 demanded 5205 clamped 4096
[kinematics-ws] K clamp binds: eid 1014 demanded 10684 clamped 4096
[kinematics-ws] K clamp binds: eid 1002 demanded 11021 clamped 4096
[kinematics-ws] K clamp binds: eid 1001 demanded 22501 clamped 4096
[kinematics-ws] K clamp binds: eid 1013 demanded 21760 clamped 4096
[kinematics-ws] K clamp binds: eid 1014 demanded 10656 clamped 4096
[kinematics-ws] K clamp binds: eid 1003 demanded 5399 clamped 4096
[kinematics-ws] K clamp binds: eid 1015 demanded 5236 clamped 4096
[kinematics-ws] K clamp binds: eid 1002 demanded 11024 clamped 4096
[kinematics-ws] K clamp binds: eid 1001 demanded 22502 clamped 4096
[kinematics-ws] K clamp binds: eid 1013 demanded 21733 clamped 4096
[kinematics-ws] K clamp binds: eid 1001 demanded 22503 clamped 4096
[kinematics-ws] K clamp binds: eid 1014 demanded 10649 clamped 4096
[kinematics-ws] K clamp binds: eid 1002 demanded 11022 clamped 4096
[kinematics-ws] K clamp binds: eid 1015 demanded 5257 clamped 4096
[kinematics-ws] K clamp binds: eid 1003 demanded 5412 clamped 4096
[kinematics-ws] K clamp binds: eid 1013 demanded 21712 clamped 4096
[kinematics-ws] K clamp binds: eid 1001 demanded 22505 clamped 4096
[kinematics-ws] K clamp binds: eid 1003 demanded 5405 clamped 4096
[kinematics-ws] K clamp binds: eid 1015 demanded 5222 clamped 4096
[kinematics-ws] K clamp binds: eid 1014 demanded 10651 clamped 4096
[kinematics-ws] K clamp binds: eid 1002 demanded 11024 clamped 4096
[kinematics-ws] K clamp binds: eid 1013 demanded 21821 clamped 4096
[kinematics-ws] K clamp binds: eid 1001 demanded 22509 clamped 4096
[kinematics-ws] K clamp binds: eid 1015 demanded 5213 clamped 4096
[kinematics-ws] K clamp binds: eid 1014 demanded 10651 clamped 4096
[kinematics-ws] K clamp binds: eid 1003 demanded 5397 clamped 4096
[kinematics-ws] K clamp binds: eid 1002 demanded 11023 clamped 4096
[kinematics-ws] K clamp binds: eid 1013 demanded 21810 clamped 4096
[kinematics-ws] K clamp binds: eid 1001 demanded 22514 clamped 4096
[kinematics-ws] K clamp binds: eid 1015 demanded 5244 clamped 4096
[kinematics-ws] K clamp binds: eid 1003 demanded 5409 clamped 4096
[kinematics-ws] K clamp binds: eid 1002 demanded 11024 clamped 4096
[kinematics-ws] K clamp binds: eid 1014 demanded 10653 clamped 4096
[kinematics-ws] K clamp binds: eid 1013 demanded 21749 clamped 4096
[kinematics-ws] K clamp binds: eid 1015 demanded 5265 clamped 4096
[kinematics-ws] K clamp binds: eid 1014 demanded 10663 clamped 4096
[kinematics-ws] K clamp binds: eid 1003 demanded 5406 clamped 4096
[kinematics-ws] K clamp binds: eid 1001 demanded 22515 clamped 4096
[kinematics-ws] K clamp binds: eid 1013 demanded 21782 clamped 4096
[kinematics-ws] K clamp binds: eid 1002 demanded 11023 clamped 4096
[kinematics-ws] K clamp binds: eid 1001 demanded 22510 clamped 4096
[kinematics-ws] K clamp binds: eid 1003 demanded 5396 clamped 4096
[kinematics-ws] K clamp binds: eid 1014 demanded 10696 clamped 4096
[kinematics-ws] K clamp binds: eid 1015 demanded 5257 clamped 4096
[kinematics-ws] K clamp binds: eid 1002 demanded 11026 clamped 4096
[kinematics-ws] K clamp binds: eid 1013 demanded 21867 clamped 4096
[kinematics-ws] K clamp binds: eid 1001 demanded 22501 clamped 4096
[kinematics-ws] K clamp binds: eid 1015 demanded 5238 clamped 4096
[kinematics-ws] K clamp binds: eid 1002 demanded 11022 clamped 4096
[kinematics-ws] K clamp binds: eid 1003 demanded 5409 clamped 4096
[kinematics-ws] K clamp binds: eid 1014 demanded 10724 clamped 4096
[kinematics-ws] K clamp binds: eid 1013 demanded 21794 clamped 4096
[kinematics-ws] K clamp binds: eid 1001 demanded 22501 clamped 4096
[kinematics-ws] K clamp binds: eid 1014 demanded 10687 clamped 4096
[kinematics-ws] K clamp binds: eid 1002 demanded 11029 clamped 4096
[kinematics-ws] K clamp binds: eid 1015 demanded 5224 clamped 4096
[kinematics-ws] K clamp binds: eid 1003 demanded 5406 clamped 4096
[kinematics-ws] K clamp binds: eid 1013 demanded 21753 clamped 4096
[kinematics-ws] K clamp binds: eid 1002 demanded 11023 clamped 4096
[kinematics-ws] K clamp binds: eid [kinematics-ws] K clamp binds: eid 1015 1003demanded 5220  clamped demanded 5396 clamped 40964096

[kinematics-ws] K clamp binds: eid 1014 demanded 10650 clamped 4096
[kinematics-ws] K clamp binds: eid 1001 demanded 22511 clamped 4096
[kinematics-ws] K clamp binds: eid 1013 demanded 21754 clamped 4096
[kinematics-ws] K clamp binds: eid 1001 demanded 22509 clamped 4096
[kinematics-ws] K clamp binds: eid 1015 demanded 5222 clamped 4096
[kinematics-ws] K clamp binds: eid 1002 demanded 11029 clamped 4096
[kinematics-ws] K clamp binds: eid 1003 demanded 5410 clamped 4096
[kinematics-ws] K clamp binds: eid 1014 demanded 10715 clamped 4096
[kinematics-ws] K clamp binds: eid 1013 demanded 21798 clamped 4096
[kinematics-ws] K clamp binds: eid 1015 demanded 5224 clamped 4096
[kinematics-ws] K clamp binds: eid 1002 demanded 11027 clamped 4096
[kinematics-ws] K clamp binds: eid 1001 demanded 22497 clamped 4096
[kinematics-ws] K clamp binds: eid 1014 demanded 10668 clamped 4096
[kinematics-ws] K clamp binds: eid 1003 demanded 5403 clamped 4096
[kinematics-ws] K clamp binds: eid 1013 demanded 21880 clamped 4096
[kinematics-ws] K clamp binds: eid 1003 demanded 5397 clamped 4096
[kinematics-ws] K clamp binds: eid 1002 demanded 11026 clamped 4096
[kinematics-ws] K clamp binds: eid 1001 demanded 22506 clamped 4096
[kinematics-ws] K clamp binds: eid 1015 demanded 5226 clamped 4096
[kinematics-ws] K clamp binds: eid 1014 demanded 10689 clamped 4096
[kinematics-ws] K clamp binds: eid 1013 demanded 21810 clamped 4096
[kinematics-ws] K clamp binds: eid 1003 demanded 5411 clamped 4096
[kinematics-ws] K clamp binds: eid 1014 demanded 10676 clamped 4096
[kinematics-ws] K clamp binds: eid 1015 demanded 5225 clamped 4096
[kinematics-ws] K clamp binds: eid 1002 demanded 11032 clamped 4096
[kinematics-ws] K clamp binds: eid 1001 demanded 22508 clamped 4096
[kinematics-ws] K clamp binds: eid 1013 demanded 21758 clamped 4096
[kinematics-ws] K clamp binds: eid 1002 demanded 11027 clamped 4096
[kinematics-ws] K clamp binds: eid 1001 demanded 22496 clamped 4096
[kinematics-ws] K clamp binds: eid 1015 demanded 5222 clamped 4096
[kinematics-ws] K clamp binds: eid 1014 demanded 10706 clamped 4096
[kinematics-ws] K clamp binds: eid 1003 demanded 5398 clamped 4096
[kinematics-ws] K clamp binds: eid 1013 demanded 21845 clamped 4096
[kinematics-ws] K clamp binds: eid 1003 demanded 5402 clamped 4096
[kinematics-ws] K clamp binds: eid 1001 demanded 22510 clamped 4096
[kinematics-ws] K clamp binds: eid 1002 demanded 11029 clamped 4096
[kinematics-ws] K clamp binds: eid 1015 demanded 5221 clamped 4096
[kinematics-ws] K clamp binds: eid 1014 demanded 10652 clamped 4096
[kinematics-ws] K clamp binds: eid 1013 demanded 21824 clamped 4096
[kinematics-ws] K clamp binds: eid [kinematics-ws] K clamp binds: eid 1015 demanded1001  demanded5226  clamped 22498 clamped 40964096

[kinematics-ws] K clamp binds: eid 1014 demanded 10719 clamped 4096
[kinematics-ws] K clamp binds: eid 1002 demanded 11034 clamped 4096
[kinematics-ws] K clamp binds: eid 1003 demanded 5409 clamped 4096
[kinematics-ws] K clamp binds: eid 1013 demanded 21737 clamped 4096
[kinematics-ws] K clamp binds: eid 1001 demanded 22507 clamped 4096
[kinematics-ws] K clamp binds: eid 1014 demanded 10708 clamped 4096
[kinematics-ws] K clamp binds: eid 1015 demanded 5240 clamped 4096
[kinematics-ws] K clamp binds: eid 1003 demanded 5395 clamped 4096
[kinematics-ws] K clamp binds: eid 1002 demanded 11029 clamped 4096
[kinematics-ws] K clamp binds: eid 1013 demanded 21788 clamped 4096
[kinematics-ws] K clamp binds: eid[kinematics-ws] K clamp binds: eid  1015 demanded 5262 1014 clamped demanded 10665 clamped 40964096

[kinematics-ws] K clamp binds: eid 1001 demanded 22500 clamped 4096
[kinematics-ws] K clamp binds: eid 1003 demanded 5409 clamped 4096
[kinematics-ws] K clamp binds: eid 1002 demanded 11031 clamped 4096
[kinematics-ws] K clamp binds: eid 1013 demanded 21828 clamped 4096
[kinematics-ws] K clamp binds: eid 1002 demanded 11036 clamped 4096
[kinematics-ws] K clamp binds: eid 1014 demanded 10672 clamped 4096
[kinematics-ws] K clamp binds: eid 1001 demanded 22508 clamped 4096
[kinematics-ws] K clamp binds: eid 1003 demanded 5400 clamped 4096
[kinematics-ws] K clamp binds: eid 1015 demanded 5275 clamped 4096
[kinematics-ws] K clamp binds: eid 1013 demanded 21816 clamped 4096
[kinematics-ws] K clamp binds: eid 1015 demanded 5260 clamped 4096
[kinematics-ws] K clamp binds: eid 1001 demanded 22499 clamped 4096
[kinematics-ws] K clamp binds: eid 1014 demanded 10702 clamped 4096
[kinematics-ws] K clamp binds: eid 1003 demanded 5401 clamped 4096
[kinematics-ws] K clamp binds: eid 1002 demanded 11034 clamped 4096
[kinematics-ws] K clamp binds: eid 1013 demanded 21762 clamped 4096
[kinematics-ws] K clamp binds: eid 1001 demanded 22512 clamped 4096
[kinematics-ws] K clamp binds: eid 1015 demanded 5227 clamped 4096
[kinematics-ws] K clamp binds: eid 1003 demanded 5408 clamped 4096
[kinematics-ws] K clamp binds: eid 1014 demanded 10724 clamped 4096
[kinematics-ws] K clamp binds: eid 1002 demanded 11031 clamped 4096
[kinematics-ws] K clamp binds: eid 1013 demanded 21776 clamped 4096
[kinematics-ws] K clamp binds: eid 1003 demanded 5395 clamped 4096
[kinematics-ws] K clamp binds: eid 1015 demanded 5225 clamped 4096
[kinematics-ws] K clamp binds: eid 1001 demanded 22499 clamped 4096
[kinematics-ws] K clamp binds: eid 1014 demanded 10732 clamped 4096
[kinematics-ws] K clamp binds: eid 1002 demanded 11036 clamped 4096
[kinematics-ws] K clamp binds: eid 1013 demanded 21906 clamped 4096
[kinematics-ws] K clamp binds: eid 1002 demanded 11040 clamped 4096
[kinematics-ws] K clamp binds: eid 1001 demanded 22512 clamped 4096
[kinematics-ws] K clamp binds: eid 1014 demanded 10730 clamped 4096
[kinematics-ws] K clamp binds: eid 1003 demanded 5410 clamped 4096
[kinematics-ws] K clamp binds: eid 1015 demanded 5264 clamped 4096
[kinematics-ws] K clamp binds: eid 1013 demanded 21754 clamped 4096
[kinematics-ws] K clamp binds: eid 1003 demanded 5396 clamped 4096
[kinematics-ws] K clamp binds: eid 1015 demanded 5262 clamped 4096
[kinematics-ws] K clamp binds: eid 1014 demanded 10717 clamped 4096
[kinematics-ws] K clamp binds: eid 1001 demanded 22511 clamped 4096
[kinematics-ws] K clamp binds: eid 1002 demanded 11038 clamped 4096
[kinematics-ws] K clamp binds: eid 1013 demanded 21904 clamped 4096
[kinematics-ws] K clamp binds: eid 1015 demanded 5218 clamped 4096
[kinematics-ws] K clamp binds: eid 1003 demanded 5407 clamped 4096
[kinematics-ws] K clamp binds: eid 1014 demanded 10691 clamped 4096
[kinematics-ws] K clamp binds: eid 1001 demanded 22504 clamped 4096
[kinematics-ws] K clamp binds: eid 1002 demanded 11035 clamped 4096
[kinematics-ws] K clamp binds: eid 1013 demanded 21761 clamped 4096
[kinematics-ws] K clamp binds: eid 1001 demanded 22517 clamped 4096
[kinematics-ws] K clamp binds: eid 1003 demanded 5401 clamped 4096
[kinematics-ws] K clamp binds: eid 1002 demanded 11037 clamped 4096
[kinematics-ws] K clamp binds: eid 1015 demanded 5248 clamped 4096
[kinematics-ws] K clamp binds: eid 1014 demanded 10671 clamped 4096
[kinematics-ws] K clamp binds: eid 1013 demanded 21793 clamped 4096
[kinematics-ws] K clamp binds: eid 1001 demanded 22519 clamped 4096
[kinematics-ws] K clamp binds: eid 1014 demanded 10696 clamped 4096
[kinematics-ws] K clamp binds: eid 1015 demanded 5263 clamped 4096
[kinematics-ws] K clamp binds: eid 1002 demanded 11041 clamped 4096
[kinematics-ws] K clamp binds: eid 1003 demanded 5401 clamped 4096
[kinematics-ws] K clamp binds: eid 1013 demanded 21877 clamped 4096
[kinematics-ws] K clamp binds: eid 1001 demanded 22510 clamped 4096
[kinematics-ws] K clamp binds: eid 1015 demanded 5217 clamped 4096
[kinematics-ws] K clamp binds: eid 1002 demanded 11044 clamped 4096
[kinematics-ws] K clamp binds: eid 1014 demanded 10741 clamped 4096
[kinematics-ws] K clamp binds: eid 1003 demanded 5406 clamped 4096
[kinematics-ws] K clamp binds: eid 1013 demanded 21903 clamped 4096
[kinematics-ws] K clamp binds: eid 1001 demanded 22512 clamped 4096
[kinematics-ws] K clamp binds: eid 1003 demanded 5398 clamped 4096
[kinematics-ws] K clamp binds: eid 1015 demanded 5264 clamped 4096
[kinematics-ws] K clamp binds: eid 1014 demanded 10698 clamped 4096
[kinematics-ws] K clamp binds: eid 1002 demanded 11043 clamped 4096
[kinematics-ws] K clamp binds: eid 1013 demanded 21883 clamped 4096
[kinematics-ws] K clamp binds: eid 1014 demanded 10681 clamped 4096
[kinematics-ws] K clamp binds: eid 1002 demanded 11040 clamped 4096
[kinematics-ws] K clamp binds: eid 1003 demanded 5409 clamped 4096
[kinematics-ws] K clamp binds: eid 1001 demanded 22522 clamped 4096
[kinematics-ws] K clamp binds: eid 1015 demanded 5232 clamped 4096
[kinematics-ws] K clamp binds: eid 1013 demanded 21808 clamped 4096
[kinematics-ws] K clamp binds: eid [kinematics-ws] K clamp binds: eid 10141015  demanded 5245 demanded clamped 10737 clamped 40964096

[kinematics-ws] K clamp binds: eid 1002 demanded 11039 clamped 4096
[kinematics-ws] K clamp binds: eid 1003 demanded 5396 clamped 4096
[kinematics-ws] K clamp binds: eid 1001 demanded 22528 clamped 4096
[kinematics-ws] K clamp binds: eid 1013 demanded 21779 clamped 4096
[kinematics-ws] K clamp binds: eid 1001 demanded 22526 clamped 4096
[kinematics-ws] K clamp binds: eid 1002 demanded 11040 clamped 4096
[kinematics-ws] K clamp binds: eid 1015 demanded 5246 clamped 4096
[kinematics-ws] K clamp binds: eid 1003 demanded 5411 clamped 4096
[kinematics-ws] K clamp binds: eid 1014 demanded 10668 clamped 4096
[kinematics-ws] K clamp binds: eid 1013 demanded 21920 clamped 4096
[kinematics-ws] K clamp binds: eid 1001 demanded 22522 clamped 4096
[kinematics-ws] K clamp binds: eid 1003 demanded 5395 clamped 4096
[kinematics-ws] K clamp binds: eid 1015 demanded 5240 clamped 4096
[kinematics-ws] K clamp binds: eid 1002 demanded 11043 clamped 4096
[kinematics-ws] K clamp binds: eid 1014 demanded 10740 clamped 4096
[kinematics-ws] K clamp binds: eid 1013 demanded 21779 clamped 4096
[kinematics-ws] K clamp binds: eid 1003 demanded 5411 clamped 4096
[kinematics-ws] K clamp binds: eid 1001 demanded 22519 clamped 4096
[kinematics-ws] K clamp binds: eid 1014 demanded 10675 clamped 4096
[kinematics-ws] K clamp binds: eid 1015 demanded 5245 clamped 4096
[kinematics-ws] K clamp binds: eid 1002 demanded 11045 clamped 4096
[kinematics-ws] K clamp binds: eid 1013 demanded 21924 clamped 4096
[kinematics-ws] K clamp binds: eid 1001 demanded 22518 clamped 4096
[kinematics-ws] K clamp binds: eid 1014 demanded 10720 clamped 4096
[kinematics-ws] K clamp binds: eid 1003 demanded 5396 clamped 4096
[kinematics-ws] K clamp binds: eid 1015 demanded 5251 clamped 4096
[kinematics-ws] K clamp binds: eid 1013 demanded 21791 clamped 4096
[kinematics-ws] K clamp binds: eid 1002 demanded 11047 clamped 4096
[kinematics-ws] K clamp binds: eid 1014 demanded 10733 clamped 4096
[kinematics-ws] K clamp binds: eid [kinematics-ws] K clamp binds: eid 1003 demanded 1015 demanded 5411 5229 clamped clamped 40964096

[kinematics-ws] K clamp binds: eid 1002 demanded 11049 clamped 4096
[kinematics-ws] K clamp binds: eid 1001 demanded 22519 clamped 4096
[kinematics-ws] K clamp binds: eid 1013 demanded 21799 clamped 4096
[kinematics-ws] K clamp binds: eid 1001 demanded 22519 clamped 4096
[kinematics-ws] K clamp binds: eid 1015 demanded 5273 clamped 4096
[kinematics-ws] K clamp binds: eid 1002 demanded 11049 clamped 4096
[kinematics-ws] K clamp binds: eid 1003 demanded 5396 clamped 4096
[kinematics-ws] K clamp binds: eid 1014 demanded 10680 clamped 4096
[kinematics-ws] K clamp binds: eid 1013 demanded 21867 clamped 4096
[kinematics-ws] K clamp binds: eid 1001 demanded 22519 clamped 4096
[kinematics-ws] K clamp binds: eid 1002 demanded 11050 clamped 4096
[kinematics-ws] K clamp binds: eid 1015 demanded 5223 clamped 4096
[kinematics-ws] K clamp binds: eid 1003 demanded 5411 clamped 4096
[kinematics-ws] K clamp binds: eid 1014 demanded 10700 clamped 4096
[kinematics-ws] K clamp binds: eid 1013 demanded 21889 clamped 4096
[kinematics-ws] K clamp binds: eid 1002 demanded 11050 clamped 4096
[kinematics-ws] K clamp binds: eid 1015 demanded 5256 clamped 4096
[kinematics-ws] K clamp binds: eid 1001 demanded 22519 clamped 4096
[kinematics-ws] K clamp binds: eid 1003 demanded 5396 clamped 4096
[kinematics-ws] K clamp binds: eid 1014 demanded 10744 clamped 4096
[kinematics-ws] K clamp binds: eid 1013 demanded 21856 clamped 4096
[kinematics-ws] K clamp binds: eid 1001 demanded 22520 clamped 4096
[kinematics-ws] K clamp binds: eid 1014 demanded 10758 clamped 4096
[kinematics-ws] K clamp binds: eid 1015 demanded 5269 clamped 4096
[kinematics-ws] K clamp binds: eid 1003 demanded 5411 clamped 4096
[kinematics-ws] K clamp binds: eid 1002 demanded 11049 clamped 4096
[kinematics-ws] K clamp binds: eid 1013 demanded 21793 clamped 4096
[kinematics-ws] K clamp binds: eid 1001 demanded 22522 clamped 4096
[kinematics-ws] K clamp binds: eid 1002 demanded 11049 clamped 4096
[kinematics-ws] K clamp binds: eid 1014 demanded 10754 clamped 4096
[kinematics-ws] K clamp binds: eid 1015 demanded 5228 clamped 4096
[kinematics-ws] K clamp binds: eid 1003 demanded 5398 clamped 4096
[kinematics-ws] K clamp binds: eid 1013 demanded 21844 clamped 4096
[kinematics-ws] K clamp binds: eid 1015 demanded 5248 clamped 4096
[kinematics-ws] K clamp binds: eid 1001 demanded 22527 clamped 4096
[kinematics-ws] K clamp binds: eid[kinematics-ws] K clamp binds: eid  1003 1002 demandeddemanded  110495409  clamped clamped 4096
4096
[kinematics-ws] K clamp binds: eid 1014 demanded 10749 clamped 4096
[kinematics-ws] K clamp binds: eid 1013 demanded 21938 clamped 4096
[kinematics-ws] K clamp binds: eid 1002 demanded 11050 clamped 4096
[kinematics-ws] K clamp binds: eid 1014 demanded 10751 clamped 4096
[kinematics-ws] K clamp binds: eid 1015 demanded 5282 clamped 4096
[kinematics-ws] K clamp binds: eid 1001 demanded 22534 clamped 4096
[kinematics-ws] K clamp binds: eid 1003 demanded 5402 clamped 4096
[kinematics-ws] K clamp binds: eid 1013 demanded 21785 clamped 4096
[kinematics-ws] K clamp binds: eid 1002 demanded 11050 clamped 4096
[kinematics-ws] K clamp binds: eid 1001 demanded 22537 clamped 4096
[kinematics-ws] K clamp binds: eid 1014 demanded 10758 clamped 4096
[kinematics-ws] K clamp binds: eid 1003 demanded 5405 clamped 4096
[kinematics-ws] K clamp binds: eid 1015 demanded 5264 clamped 4096
[kinematics-ws] K clamp binds: eid 1013 demanded 21929 clamped 4096
[kinematics-ws] K clamp binds: eid 1014 demanded 10760 clamped 4096
[kinematics-ws] K clamp binds: eid 1003 demanded 5407 clamped 4096
[kinematics-ws] K clamp binds: eid 1001 demanded 22531 clamped 4096
[kinematics-ws] K clamp binds: eid 1002 demanded 11050 clamped 4096
[kinematics-ws] K clamp binds: eid 1015 demanded 5236 clamped 4096
[kinematics-ws] K clamp binds: eid 1013 demanded 21888 clamped 4096
[kinematics-ws] K clamp binds: eid 1002 demanded 11050 clamped 4096
[kinematics-ws] K clamp binds: eid 1015 demanded 5238 clamped 4096
[kinematics-ws] K clamp binds: eid 1001 demanded 22519 clamped 4096
[kinematics-ws] K clamp binds: eid 1014 demanded 10739 clamped 4096
[kinematics-ws] K clamp binds: eid 1003 demanded 5400 clamped 4096
[kinematics-ws] K clamp binds: eid 1013 demanded 21801 clamped 4096
[kinematics-ws] K clamp binds: eid 1015 demanded 5263 clamped 4096
[kinematics-ws] K clamp binds: eid 1014 demanded 10701 clamped 4096
[kinematics-ws] K clamp binds: eid 1001 demanded 22520 clamped 4096
[kinematics-ws] K clamp binds: eid 1002 demanded 11050 clamped 4096
[kinematics-ws] K clamp binds: eid 1003 demanded 5413 clamped 4096
[kinematics-ws] K clamp binds: eid 1013 demanded 21810 clamped 4096
[kinematics-ws] K clamp binds: eid 1002 demanded 11050 clamped 4096
[kinematics-ws] K clamp binds: eid 1001 demanded 22533 clamped 4096
[kinematics-ws] K clamp binds: eid 1014 demanded 10709 clamped 4096
[kinematics-ws] K clamp binds: eid 1003 demanded 5398 clamped 4096
[kinematics-ws] K clamp binds: eid 1015 demanded 5284 clamped 4096
[kinematics-ws] K clamp binds: eid 1013 demanded 21820 clamped 4096
[kinematics-ws] K clamp binds: eid 1003 demanded 5413 clamped 4096
[kinematics-ws] K clamp binds: eid 1002 demanded 11049 clamped 4096
[kinematics-ws] K clamp binds: eid 1001 demanded 22530 clamped 4096
[kinematics-ws] K clamp binds: eid 1014 demanded 10757 clamped 4096
[kinematics-ws] K clamp binds: eid 1013 demanded 21804 clamped 4096
[kinematics-ws] K clamp binds: eid 1015 demanded 5291 clamped 4096
[kinematics-ws] K clamp binds: eid 1015 demanded 5288 clamped 4096
[kinematics-ws] K clamp binds: eid 1003 demanded 5403 clamped 4096
[kinematics-ws] K clamp binds: eid 1014 demanded 10710 clamped 4096
[kinematics-ws] K clamp binds: eid 1002 demanded 11048 clamped 4096
[kinematics-ws] K clamp binds: eid 1001 demanded 22515 clamped 4096
[kinematics-ws] K clamp binds: eid 1013 demanded 21834 clamped 4096
[kinematics-ws] K clamp binds: eid 1001 demanded 22527 clamped 4096
[kinematics-ws] K clamp binds: eid 1003 demanded 5405 clamped 4096
[kinematics-ws] K clamp binds: eid 1014 demanded 10717 clamped 4096
[kinematics-ws] K clamp binds: eid 1015 demanded 5282 clamped 4096
[kinematics-ws] K clamp binds: eid 1002 demanded 11047 clamped 4096
[kinematics-ws] K clamp binds: eid 1013 demanded 21963 clamped 4096
[kinematics-ws] K clamp binds: eid 1001 demanded 22528 clamped 4096
[kinematics-ws] K clamp binds: eid 1003 demanded 5413 clamped 4096
[kinematics-ws] K clamp binds: eid 1014 demanded 10738 clamped 4096
[kinematics-ws] K clamp binds: eid 1002 demanded 11047 clamped 4096
[kinematics-ws] K clamp binds: eid 1015 demanded 5276 clamped 4096
[kinematics-ws] K clamp binds: eid 1013 demanded 21865 clamped 4096
[kinematics-ws] K clamp binds: eid 1014 demanded 10709 clamped 4096
[kinematics-ws] K clamp binds: eid 1001 demanded 22514 clamped 4096
[kinematics-ws] K clamp binds: eid 1003 demanded 5399 clamped 4096
[kinematics-ws] K clamp binds: eid 1015 demanded 5275 clamped 4096
[kinematics-ws] K clamp binds: eid 1002 demanded 11048 clamped 4096
[kinematics-ws] K clamp binds: eid 1013 demanded 21889 clamped 4096
[kinematics-ws] K clamp binds: eid 1003 demanded 5414 clamped 4096
[kinematics-ws] K clamp binds: eid 1015 demanded 5276 clamped 4096
[kinematics-ws] K clamp binds: eid 1001 demanded 22532 clamped 4096
[kinematics-ws] K clamp binds: eid 1002 demanded 11049 clamped 4096
[kinematics-ws] K clamp binds: eid 1014 demanded 10731 clamped 4096
[kinematics-ws] K clamp binds: eid 1013 demanded 21843 clamped 4096
[kinematics-ws] K clamp binds: eid 1003 demanded 5407 clamped 4096
[kinematics-ws] K clamp binds: eid 1001 demanded 22516 clamped 4096
[kinematics-ws] K clamp binds: eid 1015 demanded 5281 clamped 4096
[kinematics-ws] K clamp binds: eid 1014 demanded 10741 clamped 4096
[kinematics-ws] K clamp binds: eid 1002 demanded 11049 clamped 4096
[kinematics-ws] K clamp binds: eid 1013 demanded 21979 clamped 4096
[kinematics-ws] K clamp binds: eid 1001 demanded 22528 clamped 4096
[kinematics-ws] K clamp binds: eid 1014 demanded 10699 clamped 4096
[kinematics-ws] K clamp binds: eid 1015 demanded 5288 clamped 4096
[kinematics-ws] K clamp binds: eid 1003 demanded 5403 clamped 4096
[kinematics-ws] K clamp binds: eid 1002 demanded 11048 clamped 4096
[kinematics-ws] K clamp binds: eid 1013 demanded 21914 clamped 4096
[kinematics-ws] K clamp binds: eid 1003 demanded 5416 clamped 4096
[kinematics-ws] K clamp binds: eid 1015 demanded 5293 clamped 4096
[kinematics-ws] K clamp binds: eid 1014 demanded 10749 clamped 4096
[kinematics-ws] K clamp binds: eid 1002 demanded 11046 clamped 4096
[kinematics-ws] K clamp binds: eid 1001 demanded 22519 clamped 4096
[kinematics-ws] K clamp binds: eid 1013 demanded 21855 clamped 4096
[kinematics-ws] K clamp binds: eid 1001 demanded 22528 clamped 4096
[kinematics-ws] K clamp binds: eid 1003 demanded 5404 clamped 4096
[kinematics-ws] K clamp binds: eid 1015 demanded 5290 clamped 4096
[kinematics-ws] K clamp binds: eid 1014 demanded 10763 clamped 4096
[kinematics-ws] K clamp binds: eid 1002 demanded 11045 clamped 4096
[kinematics-ws] K clamp binds: eid 1013 demanded 21847 clamped 4096
[kinematics-ws] K clamp binds: eid 1002 demanded 11047 clamped 4096
[kinematics-ws] K clamp binds: eid 1001 demanded 22518 clamped 4096
[kinematics-ws] K clamp binds: eid 1003 demanded 5408 clamped 4096
[kinematics-ws] K clamp binds: eid 1015 demanded 5273 clamped 4096
[kinematics-ws] K clamp binds: eid 1014 demanded 10731 clamped 4096
[kinematics-ws] K clamp binds: eid 1013 demanded 21881 clamped 4096
[kinematics-ws] K clamp binds: eid 1003 demanded 5417 clamped 4096
[kinematics-ws] K clamp binds: eid 1015 demanded 5250 clamped 4096
[kinematics-ws] K clamp binds: eid 1002 demanded 11048 clamped 4096
[kinematics-ws] K clamp binds: eid 1001 demanded 22534 clamped 4096
[kinematics-ws] K clamp binds: eid 1014 demanded 10712 clamped 4096
[kinematics-ws] K clamp binds: eid 1013 demanded 21969 clamped 4096
[kinematics-ws] K clamp binds: eid 1001 demanded 22517 clamped 4096
[kinematics-ws] K clamp binds: eid 1014 demanded 10713 clamped 4096
[kinematics-ws] K clamp binds: eid 1003 demanded 5404 clamped 4096
[kinematics-ws] K clamp binds: eid 1002 demanded 11046 clamped 4096
[kinematics-ws] K clamp binds: eid 1015 demanded 5244 clamped 4096
[kinematics-ws] K clamp binds: eid 1013 demanded 21961 clamped 4096
[kinematics-ws] K clamp binds: eid 1001 demanded 22534 clamped 4096
[kinematics-ws] K clamp binds: eid 1015 demanded 5268 clamped 4096
[kinematics-ws] K clamp binds: eid 1014 demanded 10720 clamped 4096
[kinematics-ws] K clamp binds: eid 1002 demanded 11044 clamped 4096
[kinematics-ws] K clamp binds: eid 1003 demanded 5409 clamped 4096
[kinematics-ws] K clamp binds: eid 1013 demanded 21817 clamped 4096
[kinematics-ws] K clamp binds: eid 1003 demanded 5418 clamped 4096
[kinematics-ws] K clamp binds: eid 1014 demanded 10722 clamped 4096
[kinematics-ws] K clamp binds: eid 1015 demanded 5291 clamped 4096
[kinematics-ws] K clamp binds: eid 1001 demanded 22528 clamped 4096
[kinematics-ws] K clamp binds: eid 1002 demanded 11045 clamped 4096
[kinematics-ws] K clamp binds: eid 1013 demanded 21993 clamped 4096
[kinematics-ws] K clamp binds: eid 1014 demanded 10718 clamped 4096
[kinematics-ws] K clamp binds: eid 1015 demanded 5269 clamped 4096
[kinematics-ws] K clamp binds: eid 1002 demanded 11047 clamped 4096
[kinematics-ws] K clamp binds: eid 1003 demanded 5406 clamped 4096
[kinematics-ws] K clamp binds: eid 1001 demanded 22522 clamped 4096
[kinematics-ws] K clamp binds: eid 1013 demanded 21825 clamped 4096
[kinematics-ws] K clamp binds: eid 1001 demanded 22540 clamped 4096
[kinematics-ws] K clamp binds: eid 1015 demanded 5240 clamped 4096
[kinematics-ws] K clamp binds: eid 1003 demanded 5408 clamped 4096
[kinematics-ws] K clamp binds: eid 1002 demanded 11044 clamped 4096
[kinematics-ws] K clamp binds: eid 1014 demanded 10713 clamped 4096
[kinematics-ws] K clamp binds: eid 1013 demanded 21921 clamped 4096
[kinematics-ws] K clamp binds: eid 1001 demanded 22536 clamped 4096
[kinematics-ws] K clamp binds: eid 1003 demanded 5420 clamped 4096
[kinematics-ws] K clamp binds: eid 1015 demanded 5273 clamped 4096
[kinematics-ws] K clamp binds: eid 1002 demanded 11043 clamped 4096
[kinematics-ws] K clamp binds: eid 1014 demanded 10728 clamped 4096
[kinematics-ws] K clamp binds: eid 1013 demanded 22006 clamped 4096
[kinematics-ws] K clamp binds: eid 1015 demanded 5282 clamped 4096
[kinematics-ws] K clamp binds: eid 1014 demanded 10767 clamped 4096
[kinematics-ws] K clamp binds: eid 1002 demanded 11046 clamped 4096
[kinematics-ws] K clamp binds: eid 1001 demanded 22525 clamped 4096
[kinematics-ws] K clamp binds: eid 1003 demanded 5412 clamped 4096
[kinematics-ws] K clamp binds: eid 1013 demanded 21986 clamped 4096
[kinematics-ws] K clamp binds: eid 1001 demanded 22534 clamped 4096
[kinematics-ws] K clamp binds: eid [kinematics-ws] K clamp binds: eid 1014 1003 demanded demanded 10779 clamped 5406 clamped 40964096

[kinematics-ws] K clamp binds: eid 1015 demanded 5240 clamped 4096
[kinematics-ws] K clamp binds: eid 1002 demanded 11044 clamped 4096
[kinematics-ws] K clamp binds: eid 1013 demanded 21976 clamped 4096
[kinematics-ws] K clamp binds: eid 1001 demanded 22546 clamped 4096
[kinematics-ws] K clamp binds: eid 1003 demanded 5418 clamped 4096
[kinematics-ws] K clamp binds: eid 1002 demanded 11042 clamped 4096
[kinematics-ws] K clamp binds: eid 1014 demanded 10722 clamped 4096
[kinematics-ws] K clamp binds: eid 1015 demanded 5276 clamped 4096
[kinematics-ws] K clamp binds: eid 1013 demanded 22002 clamped 4096
[kinematics-ws] K clamp binds: eid 1001 demanded 22547 clamped 4096
[kinematics-ws] K clamp binds: eid 1003 demanded 5420 clamped 4096
[kinematics-ws] K clamp binds: eid 1002 demanded 11045 clamped 4096
[kinematics-ws] K clamp binds: eid 1014 demanded 10731 clamped 4096
[kinematics-ws] K clamp binds: eid 1015 demanded 5268 clamped 4096
[kinematics-ws] K clamp binds: eid 1013 demanded 22001 clamped 4096
[kinematics-ws] K clamp binds: eid 1002 demanded 11043 clamped 4096
[kinematics-ws] K clamp binds: eid [kinematics-ws] K clamp binds: eid 1003 1001 demandeddemanded  22539 clamped5408  clamped 40964096

[kinematics-ws] K clamp binds: eid 1015 demanded 5246 clamped 4096
[kinematics-ws] K clamp binds: eid 1014 demanded 10776 clamped 4096
[kinematics-ws] K clamp binds: eid 1013 demanded 21875 clamped 4096
[kinematics-ws] K clamp binds: eid 1001 demanded 22534 clamped 4096
[kinematics-ws] K clamp binds: eid 1014 demanded 10707 clamped 4096
[kinematics-ws] K clamp binds: eid 1003 demanded 5410 clamped 4096
[kinematics-ws] K clamp binds: eid 1015 demanded 5286 clamped 4096
[kinematics-ws] K clamp binds: eid 1002 demanded 11042 clamped 4096
[kinematics-ws] K clamp binds: eid 1013 demanded 21910 clamped 4096
[kinematics-ws] K clamp binds: eid 1001 demanded 22535 clamped 4096
[kinematics-ws] K clamp binds: eid [kinematics-ws] K clamp binds: eid 10141015  demanded demanded 5238 clamped 10780 clamped 40964096

[kinematics-ws] K clamp binds: eid 1003 demanded 5422 clamped 4096
[kinematics-ws] K clamp binds: eid 1002 demanded 11045 clamped 4096
[kinematics-ws] K clamp binds: eid 1013 demanded 21955 clamped 4096
[kinematics-ws] K clamp binds: eid 1001 demanded 22538 clamped 4096
[kinematics-ws] K clamp binds: eid 1015 demanded 5289 clamped 4096
[kinematics-ws] K clamp binds: eid 1014 demanded 10707 clamped 4096
[kinematics-ws] K clamp binds: eid 1002 demanded 11042 clamped 4096
[kinematics-ws] K clamp binds: eid 1003 demanded 5420 clamped 4096
[kinematics-ws] K clamp binds: eid 1013 demanded 21929 clamped 4096
[kinematics-ws] K clamp binds: eid 1003 demanded 5410 clamped 4096
[kinematics-ws] K clamp binds: eid 1014 demanded 10780 clamped 4096
[kinematics-ws] K clamp binds: eid 1015 demanded 5238 clamped 4096
[kinematics-ws] K clamp binds: eid 1002 demanded 11043 clamped 4096
[kinematics-ws] K clamp binds: eid 1001 demanded 22543 clamped 4096
[kinematics-ws] K clamp binds: eid 1013 demanded 21857 clamped 4096
[kinematics-ws] K clamp binds: eid 1015 demanded 5289 clamped 4096
[kinematics-ws] K clamp binds: eid 1014 demanded 10735 clamped 4096
[kinematics-ws] K clamp binds: eid 1002 demanded 11043 clamped 4096
[kinematics-ws] K clamp binds: eid 1003 demanded 5411 clamped 4096
[kinematics-ws] K clamp binds: eid 1001 demanded 22546 clamped 4096
[kinematics-ws] K clamp binds: eid 1013 demanded 21974 clamped 4096
[kinematics-ws] K clamp binds: eid 1001 demanded 22547 clamped 4096
[kinematics-ws] K clamp binds: eid 1003 demanded 5422 clamped 4096
[kinematics-ws] K clamp binds: eid 1002 demanded 11042 clamped 4096
[kinematics-ws] K clamp binds: eid 1015 demanded 5245 clamped 4096
[kinematics-ws] K clamp binds: eid 1014 demanded 10727 clamped 4096
[kinematics-ws] K clamp binds: eid 1013 demanded 22023 clamped 4096
[kinematics-ws] K clamp binds: eid 1014 demanded 10785 clamped 4096
[kinematics-ws] K clamp binds: eid 1001 demanded 22547 clamped 4096
[kinematics-ws] K clamp binds: eid 1015 demanded 5278 clamped 4096
[kinematics-ws] K clamp binds: eid 1013 demanded 22029 clamped 4096
[kinematics-ws] K clamp binds: eid 1002 demanded 11044 clamped 4096
[kinematics-ws] K clamp binds: eid 1003 demanded 5424 clamped 4096
[kinematics-ws] K clamp binds: eid 1003 demanded 5415 clamped 4096
[kinematics-ws] K clamp binds: eid 1001 demanded 22545 clamped 4096
[kinematics-ws] K clamp binds: eid 1015 demanded 5270 clamped 4096
[kinematics-ws] K clamp binds: eid 1002 demanded 11041 clamped 4096
[kinematics-ws] K clamp binds: eid 1014 demanded 10779 clamped 4096
[kinematics-ws] K clamp binds: eid 1013 demanded 22022 clamped 4096
[kinematics-ws] K clamp binds: eid 1003 demanded 5410 clamped 4096
[kinematics-ws] K clamp binds: eid 1015 demanded 5249 clamped 4096
[kinematics-ws] K clamp binds: eid 1002 demanded 11045 clamped 4096
[kinematics-ws] K clamp binds: eid 1014 demanded 10743 clamped 4096
[kinematics-ws] K clamp binds: eid 1001 demanded 22542 clamped 4096
[kinematics-ws] K clamp binds: eid 1013 demanded 21960 clamped 4096
[kinematics-ws] K clamp binds: eid 1001 demanded 22538 clamped 4096
[kinematics-ws] K clamp binds: eid 1015 demanded 5293 clamped 4096
[kinematics-ws] K clamp binds: eid 1014 demanded 10728 clamped 4096
[kinematics-ws] K clamp binds: eid 1002 demanded 11041 clamped 4096
[kinematics-ws] K clamp binds: eid 1003 demanded 5417 clamped 4096
[kinematics-ws] K clamp binds: eid 1013 demanded 21868 clamped 4096
[kinematics-ws] K clamp binds: eid 1001 demanded 22538 clamped 4096
[kinematics-ws] K clamp binds: eid 1002 demanded 11045 clamped 4096
[kinematics-ws] K clamp binds: eid 1003 demanded 5426 clamped 4096
[kinematics-ws] K clamp binds: eid 1014 demanded 10731 clamped 4096
[kinematics-ws] K clamp binds: eid 1015 demanded 5267 clamped 4096
[kinematics-ws] K clamp binds: eid 1013 demanded 21986 clamped 4096
[kinematics-ws] K clamp binds: eid 1001 demanded 22544 clamped 4096
[kinematics-ws] K clamp binds: eid 1014 demanded 10736 clamped 4096
[kinematics-ws] K clamp binds: eid 1003 demanded 5425 clamped 4096
[kinematics-ws] K clamp binds: eid 1013 demanded 21923 clamped 4096
[kinematics-ws] K clamp binds: eid 1015 demanded 5251 clamped 4096[kinematics-ws] K clamp binds: eid
 1002 demanded 11042 clamped 4096
[kinematics-ws] K clamp binds: eid 1003 demanded 5417 clamped 4096
[kinematics-ws] K clamp binds: eid 1001 demanded 22554 clamped 4096
[kinematics-ws] K clamp binds: eid [kinematics-ws] K clamp binds: eid 10141002  demanded demanded 11045 clamped10735 clamped  40964096

[kinematics-ws] K clamp binds: eid 1015 demanded 5289 clamped 4096
[kinematics-ws] K clamp binds: eid 1013 demanded 21990 clamped 4096
[kinematics-ws] K clamp binds: eid 1003 demanded 5412 clamped 4096
[kinematics-ws] K clamp binds: eid 1014 demanded 10731 clamped 4096
[kinematics-ws] K clamp binds: eid 1001 demanded 22559 clamped 4096
[kinematics-ws] K clamp binds: eid 1002 demanded 11042 clamped 4096
[kinematics-ws] K clamp binds: eid 1015 demanded 5295 clamped 4096
[kinematics-ws] K clamp binds: eid 1013 demanded 21871 clamped 4096
[kinematics-ws] K clamp binds: eid 1003 demanded 5416 clamped 4096
[kinematics-ws] K clamp binds: eid 1001 demanded 22549 clamped 4096
[kinematics-ws] K clamp binds: eid 1002 demanded 11046 clamped 4096
[kinematics-ws] K clamp binds: eid 1014 demanded 10734 clamped 4096
[kinematics-ws] K clamp binds: eid 1015 demanded 5264 clamped 4096
[kinematics-ws] K clamp binds: eid 1013 demanded 21961 clamped 4096
[kinematics-ws] K clamp binds: eid 1015 demanded 5255 clamped 4096
[kinematics-ws] K clamp binds: eid 1014 demanded 10763 clamped 4096
[kinematics-ws] K clamp binds: eid 1003 demanded 5424 clamped 4096
[kinematics-ws] K clamp binds: eid 1001 demanded 22536 clamped 4096
[kinematics-ws] K clamp binds: eid 1002 demanded 11043 clamped 4096
[kinematics-ws] K clamp binds: eid 1013 demanded 22031 clamped 4096
[kinematics-ws] K clamp binds: eid 1001 demanded 22543 clamped 4096
[kinematics-ws] K clamp binds: eid 1014 demanded 10803 clamped 4096
[kinematics-ws] K clamp binds: eid 1015 demanded 5276 clamped 4096
[kinematics-ws] K clamp binds: eid 1002 demanded 11047 clamped 4096
[kinematics-ws] K clamp binds: eid 1003 demanded 5429 clamped 4096
[kinematics-ws] K clamp binds: eid 1013 demanded 22045 clamped 4096
[kinematics-ws] K clamp binds: eid 1015 demanded 5300 clamped 4096
[kinematics-ws] K clamp binds: eid 1002 demanded 11045 clamped 4096
[kinematics-ws] K clamp binds: eid 1014 demanded 10783 clamped 4096
[kinematics-ws] K clamp binds: eid 1003 demanded 5427 clamped 4096
[kinematics-ws] K clamp binds: eid 1001 demanded 22556 clamped 4096
[kinematics-ws] K clamp binds: eid 1013 demanded 22037 clamped 4096
[kinematics-ws] K clamp binds: eid 1003 demanded 5420 clamped 4096
[kinematics-ws] K clamp binds: eid 1002 demanded 11046 clamped 4096
[kinematics-ws] K clamp binds: eid 1014 demanded 10727 clamped 4096
[kinematics-ws] K clamp binds: eid 1015 demanded 5307 clamped 4096
[kinematics-ws] K clamp binds: eid 1001 demanded 22542 clamped 4096
[kinematics-ws] K clamp binds: eid 1013 demanded 21985 clamped 4096
[kinematics-ws] K clamp binds: eid 1003 demanded 5415 clamped 4096
[kinematics-ws] K clamp binds: eid 1002 demanded 11048 clamped 4096
[kinematics-ws] K clamp binds: eid 1014 demanded 10779 clamped 4096
[kinematics-ws] K clamp binds: eid 1015 demanded 5301 clamped 4096
[kinematics-ws] K clamp binds: eid 1001 demanded 22536 clamped 4096
[kinematics-ws] K clamp binds: eid 1013 demanded 21895 clamped 4096
[kinematics-ws] K clamp binds: eid 1001 demanded 22554 clamped 4096
[kinematics-ws] K clamp binds: eid 1015 demanded 5291 clamped 4096
[kinematics-ws] K clamp binds: eid 1002 demanded 11046 clamped 4096
[kinematics-ws] K clamp binds: eid 1003 demanded 5415 clamped 4096
[kinematics-ws] K clamp binds: eid 1014 demanded 10773 clamped 4096
[kinematics-ws] K clamp binds: eid 1013 demanded 21983 clamped 4096
[kinematics-ws] K clamp binds: eid 1001 demanded 22537 clamped 4096
[kinematics-ws] K clamp binds: eid 1015 demanded 5282 clamped 4096
[kinematics-ws] K clamp binds: eid 1014 demanded 10740 clamped [kinematics-ws] K clamp binds: eid 4096
1003 demanded 5420 clamped 4096
[kinematics-ws] K clamp binds: eid 1002 demanded 11049 clamped 4096
[kinematics-ws] K clamp binds: eid 1013 demanded 21976 clamped 4096
[kinematics-ws] K clamp binds: eid 1015 demanded 5277 clamped 4096
[kinematics-ws] K clamp binds: eid 1014 demanded 10789 clamped 4096
[kinematics-ws] K clamp binds: eid 1003 demanded 5426 clamped 4096
[kinematics-ws] K clamp binds: eid 1001 demanded 22542 clamped 4096
[kinematics-ws] K clamp binds: eid 1002 demanded 11048 clamped 4096
[kinematics-ws] K clamp binds: eid 1013 demanded 21967 clamped 4096
[kinematics-ws] K clamp binds: eid 1014 demanded 10746 clamped 4096
[kinematics-ws] K clamp binds: eid 1002 demanded 11048 clamped 4096
[kinematics-ws] K clamp binds: eid 1001 demanded 22549 clamped 4096
[kinematics-ws] K clamp binds: eid 1003 demanded 5431 clamped 4096
[kinematics-ws] K clamp binds: eid 1015 demanded 5276 clamped 4096
[kinematics-ws] K clamp binds: eid 1013 demanded 21914 clamped 4096
[kinematics-ws] K clamp binds: eid 1001 demanded 22534 clamped 4096
[kinematics-ws] K clamp binds: eid 1015 demanded 5277 clamped 4096
[kinematics-ws] K clamp binds: eid 1002 demanded 11051 clamped 4096
[kinematics-ws] K clamp binds: eid 1003 demanded 5431 clamped 4096
[kinematics-ws] K clamp binds: eid 1014 demanded 10766 clamped 4096
[kinematics-ws] K clamp binds: eid 1013 demanded 22035 clamped 4096
[kinematics-ws] K clamp binds: eid 1014 demanded 10797 clamped 4096
[kinematics-ws] K clamp binds: eid 1001 demanded 22553 clamped 4096
[kinematics-ws] K clamp binds: eid 1015 demanded 5281 clamped 4096
[kinematics-ws] K clamp binds: eid 1003 demanded 5429 clamped 4096
[kinematics-ws] K clamp binds: eid 1002 demanded 11050 clamped 4096
[kinematics-ws] K clamp binds: eid 1013 demanded 22050 clamped 4096
[kinematics-ws] K clamp binds: eid 1001 demanded 22534 clamped 4096
[kinematics-ws] K clamp binds: eid 1003 demanded 5424 clamped 4096
[kinematics-ws] K clamp binds: eid 1002 demanded 11050 clamped 4096
[kinematics-ws] K clamp binds: eid 1014 demanded 10735 clamped 4096
[kinematics-ws] K clamp binds: eid 1015 demanded 5289 clamped 4096
[kinematics-ws] K clamp binds: eid 1013 demanded 22030 clamped 4096
[kinematics-ws] K clamp binds: eid 1001 demanded 22553 clamped 4096
[kinematics-ws] K clamp binds: eid 1003 demanded 5420 clamped 4096
[kinematics-ws] K clamp binds: eid 1014 demanded 10766 clamped 4096
[kinematics-ws] K clamp binds: eid 1002 demanded 11054 clamped 4096
[kinematics-ws] K clamp binds: eid 1015 demanded 5301 clamped 4096
[kinematics-ws] K clamp binds: eid 1013 demanded 22038 clamped 4096
[kinematics-ws] K clamp binds: eid 1002 demanded 11053 clamped 4096
[kinematics-ws] K clamp binds: eid 1001 demanded 22538 clamped 4096
[kinematics-ws] K clamp binds: eid 1003 demanded 5418 clamped 4096
[kinematics-ws] K clamp binds: eid 1014 demanded 10815 clamped 4096
[kinematics-ws] K clamp binds: eid 1015 demanded 5311 clamped 4096
[kinematics-ws] K clamp binds: eid 1013 demanded 22062 clamped 4096
[kinematics-ws] K clamp binds: eid 1014 demanded 10808 clamped 4096
[kinematics-ws] K clamp binds: eid 1003 demanded 5417 clamped 4096
[kinematics-ws] K clamp binds: eid 1015 demanded 5311 clamped 4096
[kinematics-ws] K clamp binds: eid 1001 demanded 22548 clamped 4096
[kinematics-ws] K clamp binds: eid 1002 demanded 11052 clamped 4096
[kinematics-ws] K clamp binds: eid 1013 demanded 22014 clamped 4096
[kinematics-ws] K clamp binds: eid [kinematics-ws] K clamp binds: eid 1002 demanded 11055 clamped 4096
1001 demanded 22551 clamped 4096
[kinematics-ws] K clamp binds: eid 1014 demanded 10782 clamped 4096
[kinematics-ws] K clamp binds: eid 1003 demanded 5419 clamped 4096
[kinematics-ws] K clamp binds: eid 1015 demanded 5294 clamped 4096
[kinematics-ws] K clamp binds: eid 1013 demanded 21913 clamped 4096
[kinematics-ws] K clamp binds: eid 1001 demanded 22538 clamped 4096
[kinematics-ws] K clamp binds: eid 1014 demanded 10765 clamped 4096
[kinematics-ws] K clamp binds: eid 1015 demanded 5270 clamped 4096
[kinematics-ws] K clamp binds: eid 1003 demanded 5422 clamped 4096
[kinematics-ws] K clamp binds: eid 1002 demanded 11057 clamped 4096
[kinematics-ws] K clamp binds: eid 1013 demanded 22045 clamped 4096
[kinematics-ws] K clamp binds: eid 1014 demanded 10759 clamped 4096
[kinematics-ws] K clamp binds: eid 1002 demanded 11055 clamped 4096
[kinematics-ws] K clamp binds: eid 1015 demanded 5265 clamped 4096
[kinematics-ws] K clamp binds: eid 1003 demanded 5425 clamped 4096
[kinematics-ws] K clamp binds: eid 1001 demanded 22559 clamped 4096
[kinematics-ws] K clamp binds: eid 1013 demanded 21923 clamped 4096
[kinematics-ws] K clamp binds: eid 1015 demanded 5293 clamped 4096
[kinematics-ws] K clamp binds: eid 1001 demanded 22549 clamped 4096
[kinematics-ws] K clamp binds: eid 1014 demanded 10762 clamped 4096
[kinematics-ws] K clamp binds: eid 1002 demanded 11055 clamped 4096
[kinematics-ws] K clamp binds: eid 1003 demanded 5428 clamped 4096
[kinematics-ws] K clamp binds: eid 1013 demanded 22060 clamped 4096
[kinematics-ws] K clamp binds: eid 1001 demanded 22542 clamped 4096
[kinematics-ws] K clamp binds: eid 1014 demanded 10774 clamped 4096
[kinematics-ws] K clamp binds: eid 1002 demanded 11058 clamped 4096
[kinematics-ws] K clamp binds: eid 1003 demanded 5431 clamped 4096
[kinematics-ws] K clamp binds: eid 1015 demanded 5310 clamped 4096
[kinematics-ws] K clamp binds: eid 1013 demanded 21975 clamped 4096
[kinematics-ws] K clamp binds: eid 1001 demanded 22561 clamped 4096
[kinematics-ws] K clamp binds: eid 1015 demanded 5279 clamped 4096
[kinematics-ws] K clamp binds: eid 1003 demanded 5433 clamped 4096
[kinematics-ws] K clamp binds: eid 1002 demanded 11060 clamped 4096
[kinematics-ws] K clamp binds: eid 1014 demanded 10800 clamped 4096
[kinematics-ws] K clamp binds: eid 1013 demanded 21926 clamped 4096
[kinematics-ws] K clamp binds: eid 1003 demanded 5434 clamped 4096
[kinematics-ws] K clamp binds: eid 1001 demanded 22563 clamped 4096
[kinematics-ws] K clamp binds: eid 1015 demanded 5264 clamped 4096
[kinematics-ws] K clamp binds: eid 1002 demanded 11060 clamped 4096
[kinematics-ws] K clamp binds: eid 1014 demanded 10826 clamped 4096
[kinematics-ws] K clamp binds: eid 1013 demanded 21947 clamped 4096
[kinematics-ws] K clamp binds: eid 1014 demanded 10811 clamped 4096
[kinematics-ws] K clamp binds: eid 1003 demanded 5434 clamped 4096
[kinematics-ws] K clamp binds: eid 1002 demanded 11059 clamped 4096
[kinematics-ws] K clamp binds: eid 1013 demanded 21953 clamped 4096
[kinematics-ws] K clamp binds: eid 1015 demanded 5303 clamped 4096
[kinematics-ws] K clamp binds: eid 1001 demanded 22550 clamped 4096
[kinematics-ws] K clamp binds: eid 1001 demanded 22548 clamped 4096
[kinematics-ws] K clamp binds: eid 1003 demanded 5435 clamped 4096
[kinematics-ws] K clamp binds: eid 1002 demanded 11059 clamped 4096
[kinematics-ws] K clamp binds: eid 1015 demanded 5289 clamped 4096
[kinematics-ws] K clamp binds: eid 1014 demanded 10754 clamped 4096
[kinematics-ws] K clamp binds: eid 1013 demanded 21934 clamped 4096
[kinematics-ws] K clamp binds: eid 1015 demanded 5261 clamped 4096
[kinematics-ws] K clamp binds: eid 1002 demanded 11061 clamped 4096
[kinematics-ws] K clamp binds: eid 1014 demanded 10770 clamped 4096
[kinematics-ws] K clamp binds: eid 1001 demanded 22560 clamped 4096
[kinematics-ws] K clamp binds: eid 1003 demanded 5435 clamped 4096
[kinematics-ws] K clamp binds: eid 1013 demanded 21958 clamped 4096
[kinematics-ws] K clamp binds: eid 1001 demanded 22571 clamped 4096
[kinematics-ws] K clamp binds: eid 1014 demanded 10824 clamped 4096
[kinematics-ws] K clamp binds: eid 1002 demanded 11063 clamped 4096
[kinematics-ws] K clamp binds: eid 1003 demanded 5435 clamped 4096
[kinematics-ws] K clamp binds: eid 1015 demanded 5307 clamped 4096
[kinematics-ws] K clamp binds: eid 1013 demanded 22074 clamped 4096
[kinematics-ws] K clamp binds: eid 1014 demanded 10748 clamped 4096
[kinematics-ws] K clamp binds: eid 1002 demanded 11064 clamped 4096
[kinematics-ws] K clamp binds: eid 1001 demanded 22573 clamped 4096
[kinematics-ws] K clamp binds: eid 1015 demanded 5270 clamped 4096
[kinematics-ws] K clamp binds: eid 1003 demanded 5434 clamped 4096
[kinematics-ws] K clamp binds: eid 1013 demanded 21988 clamped 4096
[kinematics-ws] K clamp binds: eid 1014 demanded 10807 clamped 4096
[kinematics-ws] K clamp binds: eid 1001 demanded 22569 clamped 4096
[kinematics-ws] K clamp binds: eid 1015 demanded 5284 clamped 4096
[kinematics-ws] K clamp binds: eid 1002 demanded 11064 clamped 4096
[kinematics-ws] K clamp binds: eid 1003 demanded 5434 clamped 4096
[kinematics-ws] K clamp binds: eid 1013 demanded 22003 clamped 4096
[kinematics-ws] K clamp binds: eid 1001 demanded 22564 clamped 4096
[kinematics-ws] K clamp binds: eid 1003 demanded 5434 clamped 4096
[kinematics-ws] K clamp binds: eid 1014 demanded 10763 clamped 4096
[kinematics-ws] K clamp binds: eid 1015 demanded 5290 clamped 4096
[kinematics-ws] K clamp binds: eid 1002 demanded 11064 clamped 4096
[kinematics-ws] K clamp binds: eid 1013 demanded 21978 clamped 4096
[kinematics-ws] K clamp binds: eid 1002 demanded 11064 clamped 4096
[kinematics-ws] K clamp binds: eid 1015 demanded 5271 clamped 4096
[kinematics-ws] K clamp binds: eid 1003 demanded 5434 clamped 4096
[kinematics-ws] K clamp binds: eid 1014 demanded 10810 clamped 4096
[kinematics-ws] K clamp binds: eid 1001 demanded 22560 clamped 4096
[kinematics-ws] K clamp binds: eid 1013 demanded 22086 clamped 4096
[kinematics-ws] K clamp binds: eid 1002 demanded 11063 clamped 4096
[kinematics-ws] K clamp binds: eid 1015 demanded 5297 clamped 4096
[kinematics-ws] K clamp binds: eid 1014 demanded 10750 clamped 4096
[kinematics-ws] K clamp binds: eid 1003 demanded 5435 clamped 4096
[kinematics-ws] K clamp binds: eid 1001 demanded 22558 clamped 4096
[kinematics-ws] K clamp binds: eid 1013 demanded 22005 clamped 4096
[kinematics-ws] K clamp binds: eid 1003 demanded 5435 clamped 4096
[kinematics-ws] K clamp binds: eid 1015 demanded 5272 clamped 4096
[kinematics-ws] K clamp binds: eid 1002 demanded 11064 clamped 4096
[kinematics-ws] K clamp binds: eid 1001 demanded 22558 clamped 4096
[kinematics-ws] K clamp binds: eid 1014 demanded 10824 clamped 4096
[kinematics-ws] K clamp binds: eid 1013 demanded 21955 clamped 4096
[kinematics-ws] K clamp binds: eid 1014 demanded 10788 clamped 4096
[kinematics-ws] K clamp binds: eid 1003 demanded 5435 clamped 4096
[kinematics-ws] K clamp binds: eid 1015 demanded 5292 clamped 4096
[kinematics-ws] K clamp binds: eid 1001 demanded 22558 clamped 4096
[kinematics-ws] K clamp binds: eid 1002 demanded 11064 clamped 4096
[kinematics-ws] K clamp binds: eid 1013 demanded 21951 clamped 4096
[kinematics-ws] K clamp binds: eid 1001 demanded 22560 clamped 4096
[kinematics-ws] K clamp binds: eid 1014 demanded 10757 clamped 4096
[kinematics-ws] K clamp binds: eid 1015 demanded 5286 clamped 4096
[kinematics-ws] K clamp binds: eid 1002 demanded 11065 clamped 4096
[kinematics-ws] K clamp binds: eid 1003 demanded 5435 clamped 4096
[kinematics-ws] K clamp binds: eid 1013 demanded 21957 clamped 4096
[kinematics-ws] K clamp binds: eid 1001 demanded 22563 clamped 4096
[kinematics-ws] K clamp binds: eid 1014 demanded 10803 clamped 4096
[kinematics-ws] K clamp binds: eid 1002 demanded 11065 clamped 4096
[kinematics-ws] K clamp binds: eid 1003 demanded 5435 clamped 4096
[kinematics-ws] K clamp binds: eid 1013 demanded 22004 clamped 4096
[kinematics-ws] K clamp binds: eid 1015 demanded 5274 clamped 4096
[kinematics-ws] K clamp binds: eid 1014 demanded 10838 clamped 4096
[kinematics-ws] K clamp binds: eid 1002 demanded 11066 clamped 4096
[kinematics-ws] K clamp binds: eid 1015 demanded 5309 clamped 4096
[kinematics-ws] K clamp binds: eid 1003 demanded 5434 clamped 4096
[kinematics-ws] K clamp binds: eid 1001 demanded 22568 clamped 4096
[kinematics-ws] K clamp binds: eid 1013 demanded 22099 clamped 4096
[kinematics-ws] K clamp binds: eid 1002 demanded 11066 clamped 4096
[kinematics-ws] K clamp binds: eid 1014 demanded 10834 clamped 4096
[kinematics-ws] K clamp binds: eid 1003 demanded 5433 clamped 4096
[kinematics-ws] K clamp binds: eid 1015 demanded 5267 clamped 4096
[kinematics-ws] K clamp binds: eid 1001 demanded 22575 clamped 4096
[kinematics-ws] K clamp binds: eid 1013 demanded 22020 clamped 4096
[kinematics-ws] K clamp binds: eid 1001 demanded 22580 clamped 4096
[kinematics-ws] K clamp binds: eid 1015 demanded 5294 clamped 4096
[kinematics-ws] K clamp binds: eid 1014 demanded 10818 clamped 4096
[kinematics-ws] K clamp binds: eid 1002 demanded 11067 clamped 4096
[kinematics-ws] K clamp binds: eid 1003 demanded 5431 clamped 4096
[kinematics-ws] K clamp binds: eid 1013 demanded 21992 clamped 4096
[kinematics-ws] K clamp binds: eid 1015 demanded 5310 clamped 4096
[kinematics-ws] K clamp binds: eid 1001 demanded 22577 clamped 4096
[kinematics-ws] K clamp binds: eid 1002 demanded 11067 clamped 4096
[kinematics-ws] K clamp binds: eid 1003 demanded 5429 clamped 4096
[kinematics-ws] K clamp binds: eid 1014 demanded 10808 clamped 4096
[kinematics-ws] K clamp binds: eid 1013 demanded 22048 clamped 4096
[kinematics-ws] K clamp binds: eid 1001 demanded 22566 clamped 4096
[kinematics-ws] K clamp binds: eid 1002 demanded 11067 clamped 4096
[kinematics-ws] K clamp binds: eid 1014 demanded 10808 clamped 4096
[kinematics-ws] K clamp binds: eid 1003 demanded 5426 clamped 4096
[kinematics-ws] K clamp binds: eid 1015 demanded 5272 clamped 4096
[kinematics-ws] K clamp binds: eid 1013 demanded 22060 clamped 4096
[kinematics-ws] K clamp binds: eid 1001 demanded 22556 clamped 4096
[kinematics-ws] K clamp binds: eid 1003 demanded 5424 clamped 4096
[kinematics-ws] K clamp binds: eid 1015 demanded 5284 clamped 4096
[kinematics-ws] K clamp binds: eid 1014 demanded 10820 clamped 4096
[kinematics-ws] K clamp binds: eid 1002 demanded 11066 clamped 4096
[kinematics-ws] K clamp binds: eid 1013 demanded 21955 clamped 4096
[kinematics-ws] K clamp binds: eid 1014 demanded 10838 clamped 4096
[kinematics-ws] K clamp binds: eid 1003 demanded 5422 clamped 4096
[kinematics-ws] K clamp binds: eid 1002 demanded 11066 clamped 4096
[kinematics-ws] K clamp binds: eid 1001 demanded 22562 clamped 4096
[kinematics-ws] K clamp binds: eid 1015 demanded 5318 clamped 4096
[kinematics-ws] K clamp binds: eid 1013 demanded 21998 clamped 4096
[kinematics-ws] K clamp binds: eid 1003 demanded 5422 clamped 4096
[kinematics-ws] K clamp binds: eid 1001 demanded 22577 clamped 4096
[kinematics-ws] K clamp binds: eid 1002 demanded 11066 clamped 4096
[kinematics-ws] K clamp binds: eid 1015 demanded 5309 clamped 4096
[kinematics-ws] K clamp binds: eid 1014 demanded 10845 clamped 4096
[kinematics-ws] K clamp binds: eid 1013 demanded 22050 clamped 4096
[kinematics-ws] K clamp binds: eid 1001 demanded 22569 clamped 4096
[kinematics-ws] K clamp binds: eid 1015 demanded 5281 clamped 4096
[kinematics-ws] K clamp binds: eid 1003 demanded 5423 clamped 4096
[kinematics-ws] K clamp binds: eid 1014 demanded 10815 clamped 4096
[kinematics-ws] K clamp binds: eid 1002 demanded 11065 clamped 4096
[kinematics-ws] K clamp binds: eid 1013 demanded 22054 clamped 4096
[kinematics-ws] K clamp binds: eid 1014 demanded 10771 clamped 4096
[kinematics-ws] K clamp binds: eid 1002 demanded 11066 clamped 4096
[kinematics-ws] K clamp binds: eid 1001 demanded 22553 clamped 4096
[kinematics-ws] K clamp binds: eid 1015 demanded 5278 clamped 4096
[kinematics-ws] K clamp binds: eid 1003 demanded 5426 clamped 4096
[kinematics-ws] K clamp binds: eid 1013 demanded 22008 clamped 4096
[kinematics-ws] K clamp binds: eid 1002 demanded 11067 clamped 4096
[kinematics-ws] K clamp binds: eid 1014 demanded 10801 clamped 4096
[kinematics-ws] K clamp binds: eid 1003 demanded 5430 clamped 4096
[kinematics-ws] K clamp binds: eid 1015 demanded 5297 clamped 4096
[kinematics-ws] K clamp binds: eid 1001 demanded 22568 clamped 4096
[kinematics-ws] K clamp binds: eid 1013 demanded 21966 clamped 4096
[kinematics-ws] K clamp binds: eid 1014 demanded 10840 clamped 4096
[kinematics-ws] K clamp binds: eid 1002 demanded 11069 clamped 4096
[kinematics-ws] K clamp binds: eid 1015 demanded 5318 clamped 4096
[kinematics-ws] K clamp binds: eid 1003 demanded 5434 clamped 4096
[kinematics-ws] K clamp binds: eid 1013 demanded 22072 clamped 4096
[kinematics-ws] K clamp binds: eid 1001 demanded 22571 clamped 4096
[kinematics-ws] K clamp binds: eid 1015 demanded 5328 clamped 4096
[kinematics-ws] K clamp binds: eid 1003 demanded 5435 clamped 4096
[kinematics-ws] K clamp binds: eid 1001 demanded 22552 clamped 4096
[kinematics-ws] K clamp binds: eid 1002 demanded 11071 clamped 4096
[kinematics-ws] K clamp binds: eid 1014 demanded 10769 clamped 4096
[kinematics-ws] K clamp binds: eid 1013 demanded 22081 clamped 4096
[kinematics-ws] K clamp binds: eid 1003 demanded 5433 clamped 4096
[kinematics-ws] K clamp binds: eid 1001 demanded 22572 clamped 4096
[kinematics-ws] K clamp binds: eid 1002 demanded 11072 clamped 4096
[kinematics-ws] K clamp binds: eid 1014 demanded 10826 clamped 4096
[kinematics-ws] K clamp binds: eid 1013 demanded 21993 clamped 4096
[kinematics-ws] K clamp binds: eid 1015 demanded 5327 clamped 4096
[kinematics-ws] K clamp binds: eid 1001 demanded 22560 clamped 4096
[kinematics-ws] K clamp binds: eid 1003 demanded 5429 clamped 4096
[kinematics-ws] K clamp binds: eid 1015 demanded 5322 clamped 4096
[kinematics-ws] K clamp binds: eid 1002 demanded 11070 clamped 4096
[kinematics-ws] K clamp binds: eid 1014 demanded 10788 clamped 4096
[kinematics-ws] K clamp binds: eid 1013 demanded 22066 clamped 4096
[kinematics-ws] K clamp binds: eid 1001 demanded 22561 clamped 4096
[kinematics-ws] K clamp binds: eid 1014 demanded 10822 clamped 4096
[kinematics-ws] K clamp binds: eid 1003 demanded 5424 clamped 4096
[kinematics-ws] K clamp binds: eid 1002 demanded 11068 clamped 4096
[kinematics-ws] K clamp binds: eid 1015 demanded 5317 clamped 4096
[kinematics-ws] K clamp binds: eid 1013 demanded 22109 clamped 4096
[kinematics-ws] K clamp binds: eid 1001 demanded 22568 clamped 4096
[kinematics-ws] K clamp binds: eid 1002 demanded 11065 clamped 4096
[kinematics-ws] K clamp binds: eid 1003 demanded 5421 clamped 4096
[kinematics-ws] K clamp binds: eid 1015 demanded 5313 clamped 4096
[kinematics-ws] K clamp binds: eid 1014 demanded 10777 clamped 4096
[kinematics-ws] K clamp binds: eid 1013 demanded 21996 clamped 4096
[kinematics-ws] K clamp binds: eid 1015 demanded 5313 clamped 4096
[kinematics-ws] K clamp binds: eid 1003 demanded 5423 clamped 4096
[kinematics-ws] K clamp binds: eid 1002 demanded 11065 clamped 4096
[kinematics-ws] K clamp binds: eid 1001 demanded 22557 clamped 4096
[kinematics-ws] K clamp binds: eid 1014 demanded 10844 clamped 4096
[kinematics-ws] K clamp binds: eid 1013 demanded 21981 clamped 4096
[kinematics-ws] K clamp binds: eid 1001 demanded 22570 clamped 4096
[kinematics-ws] K clamp binds: eid 1003 demanded 5428 clamped 4096
[kinematics-ws] K clamp binds: eid 1014 demanded 10786 clamped 4096
[kinematics-ws] K clamp binds: eid 1015 demanded 5316 clamped 4096
[kinematics-ws] K clamp binds: eid 1002 demanded 11068 clamped 4096
[kinematics-ws] K clamp binds: eid 1013 demanded 21995 clamped 4096
[kinematics-ws] K clamp binds: eid 1014 demanded 10794 clamped 4096
[kinematics-ws] K clamp binds: eid 1015 demanded 5321 clamped 4096
[kinematics-ws] K clamp binds: eid 1002 demanded 11070 clamped 4096
[kinematics-ws] K clamp binds: eid 1001 demanded 22559 clamped 4096
[kinematics-ws] K clamp binds: eid 1003 demanded 5434 clamped 4096
[kinematics-ws] K clamp binds: eid 1013 demanded 21988 clamped 4096
[kinematics-ws] K clamp binds: eid 1003 demanded 5434 clamped 4096
[kinematics-ws] K clamp binds: eid 1014 demanded 10848 clamped 4096
[kinematics-ws] K clamp binds: eid 1002 demanded 11069 clamped 4096
[kinematics-ws] K clamp binds: eid 1001 demanded 22567 clamped 4096
[kinematics-ws] K clamp binds: eid 1015 demanded 5328 clamped 4096
[kinematics-ws] K clamp binds: eid 1013 demanded 21994 clamped 4096
[kinematics-ws] K clamp binds: eid 1014 demanded 10843 clamped 4096
[kinematics-ws] K clamp binds: eid 1003 demanded 5429 clamped 4096
[kinematics-ws] K clamp binds: eid 1002 demanded 11064 clamped 4096
[kinematics-ws] K clamp binds: eid 1001 demanded 22569 clamped 4096
[kinematics-ws] K clamp binds: eid 1015 demanded 5331 clamped 4096
[kinematics-ws] K clamp binds: eid 1013 demanded 22098 clamped 4096
[kinematics-ws] K clamp binds: eid 1015 demanded 5325 clamped 4096
[kinematics-ws] K clamp binds: eid 1014 demanded 10811 clamped 4096
[kinematics-ws] K clamp binds: eid 1001 demanded 22558 clamped [kinematics-ws] K clamp binds: eid 40961002 demanded 11064
 clamped 4096
[kinematics-ws] K clamp binds: eid 1003 demanded 5423 clamped 4096
[kinematics-ws] K clamp binds: eid 1013 demanded 22125 clamped 4096
[kinematics-ws] K clamp binds: eid 1015 demanded 5308 clamped 4096
[kinematics-ws] K clamp binds: eid 1002 demanded 11067 clamped 4096
[kinematics-ws] K clamp binds: eid 1014 demanded 10792 clamped 4096
[kinematics-ws] K clamp binds: eid 1001 [kinematics-ws] K clamp binds: eid 1003 demanded 5421 clamped 4096
demanded 22580 clamped 4096
[kinematics-ws] K clamp binds: eid 1013 demanded 21980 clamped 4096
[kinematics-ws] K clamp binds: eid 1003 demanded 5426 clamped 4096
[kinematics-ws] K clamp binds: eid 1014 demanded 10789 clamped 4096
[kinematics-ws] K clamp binds: eid 1001 demanded 22562 clamped 4096
[kinematics-ws] K clamp binds: eid 1002 demanded 11069 clamped 4096
[kinematics-ws] K clamp binds: eid 1015 demanded 5289 clamped 4096
[kinematics-ws] K clamp binds: eid 1013 demanded 22148 clamped 4096
[kinematics-ws] K clamp binds: eid 1001 demanded 22566 clamped 4096
[kinematics-ws] K clamp binds: eid 1014 demanded 10789 clamped 4096
[kinematics-ws] K clamp binds: eid 1002 demanded 11064 clamped 4096
[kinematics-ws] K clamp binds: eid 1003 demanded 5433 clamped 4096
[kinematics-ws] K clamp binds: eid 1015 demanded 5289 clamped 4096
[kinematics-ws] K clamp binds: eid 1013 demanded 22018 clamped 4096
[kinematics-ws] K clamp binds: eid 1001 demanded 22584 clamped 4096
[kinematics-ws] K clamp binds: eid 1002 demanded 11063 clamped 4096
[kinematics-ws] K clamp binds: eid 1014 demanded 10789 clamped 4096
[kinematics-ws] K clamp binds: eid 1003 demanded 5433 clamped 4096
[kinematics-ws] K clamp binds: eid 1015 demanded 5313 clamped 4096
[kinematics-ws] K clamp binds: eid 1013 demanded 22022 clamped 4096
[kinematics-ws] K clamp binds: eid 1001 demanded 22571 clamped 4096
[kinematics-ws] K clamp binds: eid 1014 demanded 10793 clamped 4096
[kinematics-ws] K clamp binds: eid 1003 demanded 5426 clamped 4096
[kinematics-ws] K clamp binds: eid 1015 demanded 5329 clamped 4096
[kinematics-ws] K clamp binds: eid 1002 demanded 11067 clamped 4096
[kinematics-ws] K clamp binds: eid 1013 demanded 22136 clamped 4096
[kinematics-ws] K clamp binds: eid 1001 demanded 22564 clamped 4096
[kinematics-ws] K clamp binds: eid [kinematics-ws] K clamp binds: eid 1015 1014 demanded 5303 demandedclamped  10813 clamped 40964096

[kinematics-ws] K clamp binds: eid 1002 demanded 11066 clamped 4096
[kinematics-ws] K clamp binds: eid 1003 demanded 5420 clamped 4096
[kinematics-ws] K clamp binds: eid 1013 demanded 22172 clamped 4096
[kinematics-ws] K clamp binds: eid 1001 demanded 22579 clamped 4096
[kinematics-ws] K clamp binds: eid 1003 demanded 5423 clamped 4096
[kinematics-ws] K clamp binds: eid 1015 demanded 5284 clamped 4096
[kinematics-ws] K clamp binds: eid 1014 demanded 10850 clamped 4096
[kinematics-ws] K clamp binds: eid 1002 demanded 11061 clamped 4096
[kinematics-ws] K clamp binds: eid 1013 demanded 22174 clamped 4096
[kinematics-ws] K clamp binds: eid 1014 demanded 10864 clamped 4096
[kinematics-ws] K clamp binds: eid 1002 demanded 11064 clamped 4096
[kinematics-ws] K clamp binds: eid 1015 demanded 5315 clamped 4096
[kinematics-ws] K clamp binds: eid 1003 demanded 5431 clamped 4096
[kinematics-ws] K clamp binds: eid 1013 demanded 22163 clamped 4096
[kinematics-ws] K clamp binds: eid 1001 demanded 22590 clamped 4096
[kinematics-ws] K clamp binds: eid 1001 demanded 22583 clamped 4096
[kinematics-ws] K clamp binds: eid 1003 demanded 5433 clamped 4096
[kinematics-ws] K clamp binds: eid 1015 demanded 5318 clamped [kinematics-ws] K clamp binds: eid 4096
1014 demanded 10814 clamped 4096
[kinematics-ws] K clamp binds: eid 1002 demanded 11067 clamped 4096
[kinematics-ws] K clamp binds: eid 1013 demanded 22091 clamped 4096
[kinematics-ws] K clamp binds: eid 1015 demanded 5283 clamped 4096
[kinematics-ws] K clamp binds: eid 1002 demanded 11061 clamped 4096
[kinematics-ws] K clamp binds: eid 1001 demanded 22573 clamped 4096
[kinematics-ws] K clamp binds: eid 1003 demanded 5425 clamped 4096
[kinematics-ws] K clamp binds: eid 1014 demanded 10793 clamped 4096
[kinematics-ws] K clamp binds: eid 1013 demanded 22004 clamped 4096
[kinematics-ws] K clamp binds: eid 1001 demanded 22570 clamped 4096
[kinematics-ws] K clamp binds: eid 1003 demanded 5420 clamped 4096
[kinematics-ws] K clamp binds: eid 1015 demanded 5314 clamped 4096
[kinematics-ws] K clamp binds: eid 1002 demanded 11064 clamped 4096
[kinematics-ws] K clamp binds: eid 1014 demanded 10860 clamped 4096
[kinematics-ws] K clamp binds: eid 1013 demanded 22136 clamped 4096
[kinematics-ws] K clamp binds: eid 1015 demanded 5309 clamped 4096
[kinematics-ws] K clamp binds: eid 1002 demanded 11066 clamped 4096
[kinematics-ws] K clamp binds: eid 1003 demanded 5426 clamped 4096
[kinematics-ws] K clamp binds: eid 1014 demanded 10806 clamped 4096
[kinematics-ws] K clamp binds: eid 1001 demanded 22576 clamped 4096
[kinematics-ws] K clamp binds: eid 1013 demanded 22056 clamped 4096
[kinematics-ws] K clamp binds: eid 1001 demanded 22584 clamped 4096
[kinematics-ws] K clamp binds: eid 1015 demanded 5286 clamped 4096
[kinematics-ws] K clamp binds: eid 1014 demanded 10825 clamped 4096
[kinematics-ws] K clamp binds: eid 1003 demanded 5433 clamped 4096
[kinematics-ws] K clamp binds: eid 1002 demanded 11060 clamped 4096
[kinematics-ws] K clamp binds: eid 1013 demanded 22132 clamped 4096
[kinematics-ws] K clamp binds: eid 1001 demanded 22590 clamped 4096
[kinematics-ws] K clamp binds: eid 1003 demanded 5428 clamped 4096
[kinematics-ws] K clamp binds: eid 1015 demanded 5324 clamped 4096
[kinematics-ws] K clamp binds: eid 1014 demanded 10827 clamped 4096
[kinematics-ws] K clamp binds: eid 1002 demanded 11065 clamped 4096
[kinematics-ws] K clamp binds: eid 1013 demanded 22007 clamped 4096
[kinematics-ws] K clamp binds: eid 1015 demanded 5282 clamped 4096
[kinematics-ws] K clamp binds: eid 1001 demanded 22594 clamped 4096
[kinematics-ws] K clamp binds: eid 1014 demanded 10826 clamped 4096
[kinematics-ws] K clamp binds: eid 1002 demanded 11063 clamped 4096
[kinematics-ws] K clamp binds: eid 1003 demanded 5419 clamped 4096
[kinematics-ws] K clamp binds: eid 1013 demanded 22119 clamped 4096
Dev window stopped.
