Dev window thread started on gates-of-truth-dev-window — sim thread on gates-of-truth-sim
Truth demo ready: nREPL 127.0.0.1:7898
Compiling body shaders...
Compiling particle shaders...
Compiling sprite shaders...
Compiling line shaders...
Compiling hud shaders...
Compiling volume shaders...
Camera reset
UI cursor : locked
[kinematics-ws] K clamp binds: eid 1002 demanded 13970 clamped 4096
[kinematics-ws] K clamp binds: eid 1003 demanded 6848 clamped 4096
[kinematics-ws] K clamp binds: eid 1001 demanded 28500 clamped 4096
[kinematics-ws] K clamp binds: eid 1001 demanded 28513 clamped 4096
[kinematics-ws] K clamp binds: eid 1003 demanded 6846 clamped 4096
[kinematics-ws] K clamp binds: eid 1002 demanded 13975 clamped 4096
[kinematics-ws] K clamp binds: eid 1001 demanded 28526 clamped 4096
[kinematics-ws] K clamp binds: eid 1002 demanded 13985 clamped 4096
[kinematics-ws] K clamp binds: eid 1003 demanded 6849 clamped 4096
[kinematics-ws] K clamp binds: eid 1002 demanded 13982 clamped 4096
[kinematics-ws] K clamp binds: eid 1003 demanded 6853 clamped 4096
[kinematics-ws] K clamp binds: eid 1001 demanded 28531 clamped 4096
[kinematics-ws] K clamp binds: eid 1001 demanded 28526 clamped 4096
[kinematics-ws] K clamp binds: eid 1003 demanded 6857 clamped 4096
[kinematics-ws] K clamp binds: eid 1002 demanded 13985 clamped 4096
[kinematics-ws] K clamp binds: eid 1001 demanded 28540 clamped 4096
[kinematics-ws] K clamp binds: eid 1003 demanded 6860 clamped 4096
[kinematics-ws] K clamp binds: eid 1002 demanded 13992 clamped 4096
[kinematics-ws] K clamp binds: eid 1003 demanded 6863 clamped 4096
[kinematics-ws] K clamp binds: eid 1001 demanded 28550 clamped 4096
[kinematics-ws] K clamp binds: eid 1002 demanded 13976 clamped 4096
[kinematics-ws] K clamp binds: eid 1003 demanded 6865 clamped 4096
[kinematics-ws] K clamp binds: eid 1001 demanded 28549 clamped 4096
[kinematics-ws] K clamp binds: eid 1002 demanded 13994 clamped 4096
[kinematics-ws] K clamp binds: eid[kinematics-ws] K clamp binds: eid 1002 demanded 13995 clamped 4096
[kinematics-ws] K clamp binds: eid 1001 demanded 28547 clamped 4096
 1003 demanded 6866 clamped 4096
[kinematics-ws] K clamp binds: eid 1003 demanded 6866 clamped 4096
[kinematics-ws] K clamp binds: eid 1001 demanded 28551 clamped 4096
[kinematics-ws] K clamp binds: eid 1002 demanded 13994 clamped 4096
[kinematics-ws] K clamp binds: eid 1001 demanded 28563 clamped 4096
[kinematics-ws] K clamp binds: eid 1002 demanded 13998 clamped 4096
[kinematics-ws] K clamp binds: eid 1003 demanded 6866 clamped 4096
[kinematics-ws] K clamp binds: eid 1003 demanded 6867 clamped 4096
[kinematics-ws] K clamp binds: eid 1001 demanded 28563 clamped 4096
[kinematics-ws] K clamp binds: eid 1002 demanded 13999 clamped 4096
[kinematics-ws] K clamp binds: eid 1003 demanded 6870 clamped 4096
[kinematics-ws] K clamp binds: eid 1002 demanded 14004 clamped 4096
[kinematics-ws] K clamp binds: eid 1001 demanded 28572 clamped 4096
[kinematics-ws] K clamp binds: eid 1003 demanded 6868 clamped 4096
[kinematics-ws] K clamp binds: eid 1001 demanded 28561 clamped 4096
[kinematics-ws] K clamp binds: eid 1002 demanded 14017 clamped 4096
[kinematics-ws] K clamp binds: eid 1002 demanded 13997 clamped 4096
[kinematics-ws] K clamp binds: eid 1001 demanded 28579 clamped 4096
[kinematics-ws] K clamp binds: eid 1003 demanded 6861 clamped 4096
[kinematics-ws] K clamp binds: eid 1001 demanded 28579 clamped 4096
[kinematics-ws] K clamp binds: eid 1002 demanded 14012 clamped 4096
[kinematics-ws] K clamp binds: eid 1003 demanded 6866 clamped 4096
[kinematics-ws] K clamp binds: eid 1001 demanded 28585 clamped 4096
[kinematics-ws] K clamp binds: eid 1003 demanded 6862 clamped 4096
[kinematics-ws] K clamp binds: eid 1002 demanded 13998 clamped 4096
[kinematics-ws] K clamp binds: eid 1001 demanded 28586 clamped 4096
[kinematics-ws] K clamp binds: eid 1003 demanded 6865 clamped 4096
[kinematics-ws] K clamp binds: eid 1002 demanded 14018 clamped 4096
[kinematics-ws] K clamp binds: eid 1002 demanded 14033 clamped 4096
[kinematics-ws] K clamp binds: eid 1003 demanded 6863 clamped 4096
[kinematics-ws] K clamp binds: eid 1001 demanded 28613 clamped 4096
[kinematics-ws] K clamp binds: eid 1003 demanded 6871 clamped 4096
[kinematics-ws] K clamp binds: eid 1002 demanded 14037 clamped 4096
[kinematics-ws] K clamp binds: eid 1001 demanded 28621 clamped 4096
[kinematics-ws] K clamp binds: eid 1002 demanded 14034 clamped 4096
[kinematics-ws] K clamp binds: eid 1003 demanded 6868 clamped 4096
[kinematics-ws] K clamp binds: eid 1001 demanded 28602 clamped 4096
[kinematics-ws] K clamp binds: eid 1003 demanded 6872 clamped 4096
[kinematics-ws] K clamp binds: eid 1002 demanded 14021 clamped 4096
[kinematics-ws] K clamp binds: eid 1001 demanded 28610 clamped 4096
[kinematics-ws] K clamp binds: eid 1003 demanded 6881 clamped 4096[kinematics-ws] K clamp binds: eid
 1002 demanded 14023 clamped 4096
[kinematics-ws] K clamp binds: eid 1001 demanded 28603 clamped 4096
[kinematics-ws] K clamp binds: eid 1001 demanded 28614 clamped 4096
[kinematics-ws] K clamp binds: eid 1003 demanded 6884 clamped 4096
[kinematics-ws] K clamp binds: eid 1002 demanded 14031 clamped 4096
[kinematics-ws] K clamp binds: eid 1001 demanded 28615 clamped 4096
[kinematics-ws] K clamp binds: eid 1002 demanded 14020 clamped 4096
[kinematics-ws] K clamp binds: eid 1003 demanded 6885 clamped 4096
[kinematics-ws] K clamp binds: eid 1003 demanded 6886 clamped 4096
[kinematics-ws] K clamp binds: eid 1001 demanded 28644 clamped 4096[kinematics-ws] K clamp binds: eid 1002 demanded 14027 clamped 4096

[kinematics-ws] K clamp binds: eid 1002 demanded 14046 clamped 4096
[kinematics-ws] K clamp binds: eid 1001 demanded 28616 clamped 4096
[kinematics-ws] K clamp binds: eid 1003 demanded 6887 clamped 4096
[kinematics-ws] K clamp binds: eid 1003 demanded 6887 clamped 4096
[kinematics-ws] K clamp binds: eid 1001 demanded 28625 clamped 4096
[kinematics-ws] K clamp binds: eid 1002 demanded 14053 clamped 4096
[kinematics-ws] K clamp binds: eid 1002 demanded 14055 clamped 4096
[kinematics-ws] K clamp binds: eid 1001 demanded 28627 clamped 4096
[kinematics-ws] K clamp binds: eid 1003 demanded 6889 clamped 4096
[kinematics-ws] K clamp binds: eid 1003 demanded 6891 clamped 4096
[kinematics-ws] K clamp binds: eid 1001 demanded 28657 clamped 4096
[kinematics-ws] K clamp binds: eid 1002 demanded 14055 clamped 4096
[kinematics-ws] K clamp binds: eid 1002 demanded 14048 clamped 4096
[kinematics-ws] K clamp binds: eid 1001 demanded 28632 clamped 4096
[kinematics-ws] K clamp binds: eid 1003 demanded 6889 clamped 4096
[kinematics-ws] K clamp binds: eid 1003 demanded 6884 clamped 4096
[kinematics-ws] K clamp binds: eid 1001 demanded 28676 clamped 4096
[kinematics-ws] K clamp binds: eid 1002 demanded 14041 clamped 4096
[kinematics-ws] K clamp binds: eid 1003 demanded 6883 clamped 4096
[kinematics-ws] K clamp binds: eid 1002 demanded 14049 clamped 4096
[kinematics-ws] K clamp binds: eid 1001 demanded 28685 clamped 4096
[kinematics-ws] K clamp binds: eid 1003 demanded 6886 clamped 4096
[kinematics-ws] K clamp binds: eid 1001 demanded 28653 clamped 4096
[kinematics-ws] K clamp binds: eid 1002 demanded 14041 clamped 4096
[kinematics-ws] K clamp binds: eid [kinematics-ws] K clamp binds: eid1001 1003 demanded 6880 clamped 4096
 demanded 28674 clamped 4096
[kinematics-ws] K clamp binds: eid 1002 demanded 14052 clamped 4096
[kinematics-ws] K clamp binds: eid 1001 demanded 28649 clamped 4096
[kinematics-ws] K clamp binds: eid 1002 demanded 14062 clamped 4096
[kinematics-ws] K clamp binds: eid 1003 demanded 6887 clamped 4096
[kinematics-ws] K clamp binds: eid 1001 demanded 28668 clamped 4096
[kinematics-ws] K clamp binds: eid 1003 demanded 6882 clamped 4096
[kinematics-ws] K clamp binds: eid 1002 demanded 14066 clamped 4096
[kinematics-ws] K clamp binds: eid 1003 demanded 6889 clamped 4096
[kinematics-ws] K clamp binds: eid 1002 demanded 14069 clamped 4096
[kinematics-ws] K clamp binds: eid 1001 demanded 28661 clamped 4096
[kinematics-ws] K clamp binds: eid 1002 demanded 14070 clamped 4096
[kinematics-ws] K clamp binds: eid 1003 demanded 6890 clamped 4096
[kinematics-ws] K clamp binds: eid 1001 demanded 28699 clamped 4096
[kinematics-ws] K clamp binds: eid 1003 demanded 6890 clamped 4096
[kinematics-ws] K clamp binds: eid 1001 demanded 28665 clamped 4096
[kinematics-ws] K clamp binds: eid 1002 demanded 14070 clamped 4096
[kinematics-ws] K clamp binds: eid 1002 demanded 14066 clamped 4096
[kinematics-ws] K clamp binds: eid 1003 demanded 6897 clamped 4096
[kinematics-ws] K clamp binds: eid 1001 demanded 28715 clamped 4096
[kinematics-ws] K clamp binds: eid 1003 demanded 6903 clamped 4096
[kinematics-ws] K clamp binds: eid 1001 demanded 28721 clamped 4096
[kinematics-ws] K clamp binds: eid 1002 demanded 14063 clamped 4096
[kinematics-ws] K clamp binds: eid 1002 demanded 14066 clamped 4096
[kinematics-ws] K clamp binds: eid 1003 demanded 6905 clamped 4096
[kinematics-ws] K clamp binds: eid 1001 demanded 28679 clamped 4096
[kinematics-ws] K clamp binds: eid 1001 demanded 28729 clamped 4096
[kinematics-ws] K clamp binds: eid 1003 demanded 6906 clamped 4096
[kinematics-ws] K clamp binds: eid 1002 demanded 14071 clamped 4096
[kinematics-ws] K clamp binds: eid 1001 demanded 28682 clamped 4096
[kinematics-ws] K clamp binds: eid 1002 demanded 14074 clamped 4096
[kinematics-ws] K clamp binds: eid 1003 demanded 6907 clamped 4096
[kinematics-ws] K clamp binds: eid 1001 demanded 28694 clamped 4096
[kinematics-ws] K clamp binds: eid 1003 demanded 6907 clamped 4096
[kinematics-ws] K clamp binds: eid 1002 demanded 14081 clamped 4096
[kinematics-ws] K clamp binds: eid 1001 demanded 28694 clamped 4096
[kinematics-ws] K clamp binds: eid 1002 demanded 14085 clamped 4096
[kinematics-ws] K clamp binds: eid 1003 demanded 6908 clamped 4096
[kinematics-ws] K clamp binds: eid 1001 demanded 28753 clamped 4096
[kinematics-ws] K clamp binds: eid 1002 demanded 14084 clamped 4096
[kinematics-ws] K clamp binds: eid 1003 demanded 6909 clamped 4096
[kinematics-ws] K clamp binds: eid 1001 demanded 28693 clamped 4096
[kinematics-ws] K clamp binds: eid 1003 demanded 6910 clamped 4096
[kinematics-ws] K clamp binds: eid 1002 demanded 14084 clamped 4096
[kinematics-ws] K clamp binds: eid 1001 demanded 28753 clamped 4096
[kinematics-ws] K clamp binds: eid 1003 demanded 6908 clamped 4096
[kinematics-ws] K clamp binds: eid 1002 demanded 14092 clamped 4096
[kinematics-ws] K clamp binds: eid 1001 demanded 28764 clamped 4096
[kinematics-ws] K clamp binds: eid 1002 demanded 14082 clamped 4096
[kinematics-ws] K clamp binds: eid 1003 demanded 6903 clamped 4096
[kinematics-ws] K clamp binds: eid 1001 demanded 28716 clamped 4096
[kinematics-ws] K clamp binds: eid 1003 demanded 6905 clamped 4096
[kinematics-ws] K clamp binds: eid 1002 demanded 14087 clamped 4096
[kinematics-ws] K clamp binds: eid 1002 demanded 14082 clamped 4096
[kinematics-ws] K clamp binds: eid 1001 demanded 28763 clamped 4096
[kinematics-ws] K clamp binds: eid 1003 demanded 6905 clamped 4096
[kinematics-ws] K clamp binds: eid 1003 demanded 6901 clamped 4096
[kinematics-ws] K clamp binds: eid 1001 demanded 28711 clamped 4096
[kinematics-ws] K clamp binds: eid 1002 demanded 14100 clamped 4096
[kinematics-ws] K clamp binds: eid 1002 demanded 14107 clamped 4096
[kinematics-ws] K clamp binds: eid 1001 demanded 28747 clamped 4096
[kinematics-ws] K clamp binds: eid 1003 demanded 6906 clamped 4096
[kinematics-ws] K clamp binds: eid 1001 demanded 28735 clamped 4096
[kinematics-ws] K clamp binds: eid 1003 demanded 6904 clamped 4096
[kinematics-ws] K clamp binds: eid 1002 demanded 14109 clamped 4096
[kinematics-ws] K clamp binds: eid 1003 demanded 6907 clamped 4096
[kinematics-ws] K clamp binds: eid 1002 demanded 14111 clamped 4096
[kinematics-ws] K clamp binds: eid 1001 demanded 28746 clamped 4096
[kinematics-ws] K clamp binds: eid 1001 demanded 28788 clamped 4096
[kinematics-ws] K clamp binds: eid 1003 demanded 6911 clamped 4096
[kinematics-ws] K clamp binds: eid 1002 demanded 14112 clamped 4096
[kinematics-ws] K clamp binds: eid 1003 demanded 6911 clamped 4096[kinematics-ws] K clamp binds: eid
 1001 demanded 28811 clamped 4096
[kinematics-ws] K clamp binds: eid 1002 demanded 14108 clamped 4096
[kinematics-ws] K clamp binds: eid 1002 demanded 14102 clamped 4096
[kinematics-ws] K clamp binds: eid 1003 demanded 6915 clamped 4096
[kinematics-ws] K clamp binds: eid 1001 demanded 28804 clamped 4096
[kinematics-ws] K clamp binds: eid 1001 demanded 28830 clamped 4096
[kinematics-ws] K clamp binds: eid 1003 demanded 6921 clamped 4096
[kinematics-ws] K clamp binds: eid 1002 demanded 14106 clamped 4096
[kinematics-ws] K clamp binds: eid 1003 demanded 6925 clamped 4096
[kinematics-ws] K clamp binds: eid 1002 demanded 14104 clamped 4096
[kinematics-ws] K clamp binds: eid 1001 demanded 28773 clamped 4096
[kinematics-ws] K clamp binds: eid 1002 demanded 14112 clamped 4096
[kinematics-ws] K clamp binds: eid 1001 demanded 28816 clamped 4096
[kinematics-ws] K clamp binds: eid 1003 demanded 6926 clamped 4096
[kinematics-ws] K clamp binds: eid 1002 demanded 14119 clamped 4096
[kinematics-ws] K clamp binds: eid 1001 demanded 28775 clamped 4096
[kinematics-ws] K clamp binds: eid 1003 demanded 6927 clamped 4096
[kinematics-ws] K clamp binds: eid 1001 demanded 28780 clamped 4096
[kinematics-ws] K clamp binds: eid 1003 demanded 6928 clamped 4096
[kinematics-ws] K clamp binds: eid 1002 demanded 14124 clamped 4096
[kinematics-ws] K clamp binds: eid 1002 demanded 14127 clamped 4096
[kinematics-ws] K clamp binds: eid 1003 demanded 6928 clamped 4096
[kinematics-ws] K clamp binds: eid 1001 demanded 28827 clamped 4096
[kinematics-ws] K clamp binds: eid 1002 demanded 14127 clamped 4096
[kinematics-ws] K clamp binds: eid 1003 demanded 6928 clamped 4096
[kinematics-ws] K clamp binds: eid 1001 demanded 28810 clamped 4096
[kinematics-ws] K clamp binds: eid 1001 demanded 28836 clamped 4096
[kinematics-ws] K clamp binds: eid 1003 demanded 6929 clamped 4096
[kinematics-ws] K clamp binds: eid 1002 demanded 14128 clamped 4096
[kinematics-ws] K clamp binds: eid 1001 demanded 28806 clamped 4096
[kinematics-ws] K clamp binds: eid 1002 demanded 14129 clamped 4096
[kinematics-ws] K clamp binds: eid 1003 demanded 6928 clamped 4096
[kinematics-ws] K clamp binds: eid 1002 demanded 14122 clamped 4096
[kinematics-ws] K clamp binds: eid 1003 demanded 6926 clamped 4096
[kinematics-ws] K clamp binds: eid 1001 demanded 28821 clamped 4096
[kinematics-ws] K clamp binds: eid 1002 demanded 14126 clamped 4096
[kinematics-ws] K clamp binds: eid 1003 demanded 6923 clamped 4096
[kinematics-ws] K clamp binds: eid 1001 demanded 28867 clamped 4096
[kinematics-ws] K clamp binds: eid 1002 demanded 14124 clamped 4096
[kinematics-ws] K clamp binds: eid 1001 demanded 28790 clamped 4096
[kinematics-ws] K clamp binds: eid 1003 demanded 6925 clamped 4096
[kinematics-ws] K clamp binds: eid 1003 demanded 6923 clamped 4096
[kinematics-ws] K clamp binds: eid 1002 demanded 14135 clamped 4096
[kinematics-ws] K clamp binds: eid 1001 demanded 28867 clamped 4096
[kinematics-ws] K clamp binds: eid 1001 demanded 28883 clamped 4096
[kinematics-ws] K clamp binds: eid 1002 demanded 14142 clamped 4096
[kinematics-ws] K clamp binds: eid 1003 demanded 6924 clamped 4096
[kinematics-ws] K clamp binds: eid 1001 demanded 28883 clamped 4096
[kinematics-ws] K clamp binds: eid 1002 demanded 14145 clamped 4096
[kinematics-ws] K clamp binds: eid 1003 demanded 6924 clamped 4096
[kinematics-ws] K clamp binds: eid 1001 demanded 28825 clamped 4096
[kinematics-ws] K clamp binds: eid 1002 demanded 14147 clamped 4096
[kinematics-ws] K clamp binds: eid 1003 demanded 6926 clamped 4096
[kinematics-ws] K clamp binds: eid 1002 demanded 14148 clamped 4096
[kinematics-ws] K clamp binds: eid 1001 demanded 28867 clamped 4096
[kinematics-ws] K clamp binds: eid 1003 demanded 6926 clamped 4096
[kinematics-ws] K clamp binds: eid 1001 demanded 28822 clamped 4096
[kinematics-ws] K clamp binds: eid 1002 demanded 14149 clamped 4096
[kinematics-ws] K clamp binds: eid 1003 demanded 6931 clamped 4096
[kinematics-ws] K clamp binds: eid 1001 demanded 28830 clamped 4096
[kinematics-ws] K clamp binds: eid 1003 demanded 6934 clamped 4096
[kinematics-ws] K clamp binds: eid 1002 demanded 14148 clamped 4096
[kinematics-ws] K clamp binds: eid 1003 demanded 6935 clamped 4096
[kinematics-ws] K clamp binds: eid 1002 demanded 14141 clamped 4096
[kinematics-ws] K clamp binds: eid 1001 demanded 28834 clamped 4096
[kinematics-ws] K clamp binds: eid 1001 demanded 28897 clamped 4096
[kinematics-ws] K clamp binds: eid 1002 demanded 14147 clamped 4096
[kinematics-ws] K clamp binds: eid 1003 demanded 6939 clamped 4096
[kinematics-ws] K clamp binds: eid 1001 demanded 28832 clamped 4096
[kinematics-ws] K clamp binds: eid 1002 demanded 14145 clamped 4096
[kinematics-ws] K clamp binds: eid 1003 demanded 6943 clamped 4096
[kinematics-ws] K clamp binds: eid 1002 demanded 14153 clamped 4096
[kinematics-ws] K clamp binds: eid 1003 demanded 6946 clamped 4096
[kinematics-ws] K clamp binds: eid 1001 demanded 28903 clamped 4096
[kinematics-ws] K clamp binds: eid 1002 demanded 14162 clamped 4096
[kinematics-ws] K clamp binds: eid 1001 demanded 28923 clamped 4096
[kinematics-ws] K clamp binds: eid 1003 demanded 6947 clamped 4096
[kinematics-ws] K clamp binds: eid 1001 demanded 28898 clamped 4096
[kinematics-ws] K clamp binds: eid 1003 demanded 6948 clamped 4096
[kinematics-ws] K clamp binds: eid 1002 demanded 14167 clamped 4096
[kinematics-ws] K clamp binds: eid 1001 demanded 28850 clamped 4096
[kinematics-ws] K clamp binds: eid 1002 demanded 14169 clamped 4096
[kinematics-ws] K clamp binds: eid 1003 demanded 6947 clamped 4096
[kinematics-ws] K clamp binds: eid 1001 demanded 28919 clamped 4096
[kinematics-ws] K clamp binds: eid 1002 demanded 14168 clamped 4096
[kinematics-ws] K clamp binds: eid 1003 demanded 6946 clamped 4096
[kinematics-ws] K clamp binds: eid 1003 demanded 6946 clamped 4096
[kinematics-ws] K clamp binds: eid 1001 demanded 28914 clamped 4096
[kinematics-ws] K clamp binds: eid 1002 demanded 14166 clamped 4096
[kinematics-ws] K clamp binds: eid 1003 demanded 6949 clamped 4096
[kinematics-ws] K clamp binds: eid 1002 demanded 14168 clamped 4096
[kinematics-ws] K clamp binds: eid 1001 demanded 28909 clamped 4096
[kinematics-ws] K clamp binds: eid 1001 demanded 28936 clamped 4096
[kinematics-ws] K clamp binds: eid 1003 demanded 6949 clamped 4096
[kinematics-ws] K clamp binds: eid 1002 demanded 14164 clamped 4096
[kinematics-ws] K clamp binds: eid 1001 demanded 28912 clamped 4096
[kinematics-ws] K clamp binds: eid 1003 demanded 6943 clamped 4096
[kinematics-ws] K clamp binds: eid 1002 demanded 14164 clamped 4096
[kinematics-ws] K clamp binds: eid 1002 demanded 14166 clamped 4096
[kinematics-ws] K clamp binds: eid 1001 demanded 28909 clamped 4096
[kinematics-ws] K clamp binds: eid 1003 demanded 6943 clamped 4096
[kinematics-ws] K clamp binds: eid 1001 demanded 28883 clamped 4096
[kinematics-ws] K clamp binds: eid 1002 demanded 14175 clamped 4096
[kinematics-ws] K clamp binds: eid 1003 demanded 6946 clamped 4096
[kinematics-ws] K clamp binds: eid 1003 demanded 6940 clamped 4096
[kinematics-ws] K clamp binds: eid 1002 demanded 14179 clamped 4096
[kinematics-ws] K clamp binds: eid 1001 demanded 28894 clamped 4096
[kinematics-ws] K clamp binds: eid 1003 demanded 6947 clamped 4096
[kinematics-ws] K clamp binds: eid 1001 demanded 28894 clamped 4096
[kinematics-ws] K clamp binds: eid 1002 demanded 14182 clamped 4096
[kinematics-ws] K clamp binds: eid 1003 demanded 6941 clamped 4096
[kinematics-ws] K clamp binds: eid 1002 demanded 14185 clamped 4096
[kinematics-ws] K clamp binds: eid 1001 demanded 28958 clamped 4096
[kinematics-ws] K clamp binds: eid 1003 demanded 6949 clamped 4096
[kinematics-ws] K clamp binds: eid 1001 demanded 28890 clamped 4096
[kinematics-ws] K clamp binds: eid 1002 demanded 14185 clamped 4096
[kinematics-ws] K clamp binds: eid 1003 demanded 6947 clamped 4096
[kinematics-ws] K clamp binds: eid 1001 demanded 28958 clamped 4096
[kinematics-ws] K clamp binds: eid 1002 demanded 14187 clamped 4096
[kinematics-ws] K clamp binds: eid 1001 demanded 28980 clamped 4096
[kinematics-ws] K clamp binds: eid 1003 demanded 6949 clamped 4096
[kinematics-ws] K clamp binds: eid 1002 demanded 14191 clamped 4096
[kinematics-ws] K clamp binds: eid 1002 demanded 14182 clamped 4096
[kinematics-ws] K clamp binds: eid 1001 demanded 28957 clamped 4096
[kinematics-ws] K clamp binds: eid 1003 demanded 6957 clamped 4096
[kinematics-ws] K clamp binds: eid 1001 demanded 28909 clamped 4096
[kinematics-ws] K clamp binds: eid 1003 demanded 6959 clamped 4096
[kinematics-ws] K clamp binds: eid 1002 demanded 14185 clamped 4096
[kinematics-ws] K clamp binds: eid 1001 demanded 28982 clamped 4096
[kinematics-ws] K clamp binds: eid 1003 demanded 6958 clamped 4096
[kinematics-ws] K clamp binds: eid 1002 demanded 14184 clamped 4096
[kinematics-ws] K clamp binds: eid 1001 demanded 28957 clamped 4096
[kinematics-ws] K clamp binds: eid 1002 demanded 14195 clamped 4096
[kinematics-ws] K clamp binds: eid 1003 demanded 6960 clamped 4096
[kinematics-ws] K clamp binds: eid 1003 demanded 6962 clamped 4096
[kinematics-ws] K clamp binds: eid 1002 demanded 14195 clamped 4096
[kinematics-ws] K clamp binds: eid 1001 demanded 28944 clamped 4096
[kinematics-ws] K clamp binds: eid 1002 demanded 14197 clamped 4096
[kinematics-ws] K clamp binds: eid 1003 demanded 6964 clamped 4096
[kinematics-ws] K clamp binds: eid 1001 demanded 28967 clamped 4096
[kinematics-ws] K clamp binds: eid 1003 demanded 6964 clamped 4096
[kinematics-ws] K clamp binds: eid 1001 demanded 29005 clamped 4096
[kinematics-ws] K clamp binds: eid 1002 demanded 14201 clamped 4096
[kinematics-ws] K clamp binds: eid 1001 demanded 28928 clamped 4096
[kinematics-ws] K clamp binds: eid 1003 demanded 6964 clamped 4096
[kinematics-ws] K clamp binds: eid 1002 demanded 14201 clamped 4096
[kinematics-ws] K clamp binds: eid 1001 demanded 28989 clamped [kinematics-ws] K clamp binds: eid4096 
1002 demanded 14202 clamped 4096
[kinematics-ws] K clamp binds: eid 1003 demanded 6963 clamped 4096
[kinematics-ws] K clamp binds: eid 1003 demanded 6965 clamped 4096
[kinematics-ws] K clamp binds: eid 1001 demanded 29019 clamped 4096
[kinematics-ws] K clamp binds: eid 1002 demanded 14211 clamped 4096
[kinematics-ws] K clamp binds: eid 1001 demanded 29015 clamped 4096
[kinematics-ws] K clamp binds: eid 1003 demanded 6971 clamped 4096
[kinematics-ws] K clamp binds: eid 1002 demanded 14212 clamped 4096
[kinematics-ws] K clamp binds: eid 1001 demanded 28962 clamped 4096
[kinematics-ws] K clamp binds: eid 1003 demanded 6972 clamped 4096
[kinematics-ws] K clamp binds: eid 1002 demanded 14195 clamped 4096
[kinematics-ws] K clamp binds: eid 1002 demanded 14213 clamped 4096
[kinematics-ws] K clamp binds: eid 1001 demanded 29001 clamped 4096
[kinematics-ws] K clamp binds: eid 1003 demanded 6961 clamped 4096
[kinematics-ws] K clamp binds: eid 1002 demanded 14200 clamped 4096
[kinematics-ws] K clamp binds: eid 1001 demanded 28956 clamped 4096
[kinematics-ws] K clamp binds: eid 1003 demanded 6962 clamped 4096
[kinematics-ws] K clamp binds: eid 1001 demanded 28994 clamped 4096
[kinematics-ws] K clamp binds: eid 1002 demanded 14210 clamped 4096
[kinematics-ws] K clamp binds: eid 1003 demanded 6970 clamped 4096
[kinematics-ws] K clamp binds: eid 1003 demanded 6957 clamped 4096
[kinematics-ws] K clamp binds: eid 1002 demanded 14226 clamped 4096
[kinematics-ws] K clamp binds: eid 1001 demanded 28995 clamped 4096
[kinematics-ws] K clamp binds: eid 1002 demanded 14232 clamped 4096
[kinematics-ws] K clamp binds: eid 1003 demanded 6969 clamped 4096
[kinematics-ws] K clamp binds: eid 1001 demanded 28969 clamped 4096
[kinematics-ws] K clamp binds: eid 1001 demanded 29039 clamped 4096
[kinematics-ws] K clamp binds: eid 1003 demanded 6958 clamped 4096
[kinematics-ws] K clamp binds: eid 1002 demanded 14233 clamped 4096
[kinematics-ws] K clamp binds: eid 1002 demanded 14235 clamped 4096
[kinematics-ws] K clamp binds: eid 1003 demanded 6971 clamped 4096
[kinematics-ws] K clamp binds: eid 1001 demanded 28968 clamped 4096
[kinematics-ws] K clamp binds: eid 1001 demanded 29015 clamped 4096
[kinematics-ws] K clamp binds: eid 1002 demanded 14232 clamped 4096
[kinematics-ws] K clamp binds: eid 1003 demanded 6961 clamped 4096
[kinematics-ws] K clamp binds: eid 1001 demanded 29034 clamped 4096
[kinematics-ws] K clamp binds: eid 1003 demanded 6971 clamped 4096
[kinematics-ws] K clamp binds: eid 1002 demanded 14224 clamped 4096
[kinematics-ws] K clamp binds: eid 1003 demanded 6977 clamped 4096
[kinematics-ws] K clamp binds: eid 1002 demanded 14223 clamped 4096
[kinematics-ws] K clamp binds: eid 1001 demanded 28998 clamped 4096
[kinematics-ws] K clamp binds: eid 1003 demanded 6970 clamped 4096
[kinematics-ws] K clamp binds: eid 1002 demanded 14227 clamped 4096
[kinematics-ws] K clamp binds: eid 1001 demanded 29016 clamped 4096
[kinematics-ws] K clamp binds: eid 1001 demanded 29031 clamped 4096
[kinematics-ws] K clamp binds: eid[kinematics-ws] K clamp binds: eid  1003 1002 demandeddemanded  14222 clamped 4096
6973 clamped 4096
[kinematics-ws] K clamp binds: eid 1003 demanded 6982 clamped 4096
[kinematics-ws] K clamp binds: eid 1001 demanded 29075 clamped 4096
[kinematics-ws] K clamp binds: eid 1002 demanded 14228 clamped 4096
[kinematics-ws] K clamp binds: eid 1001 demanded 29064 clamped 4096
[kinematics-ws] K clamp binds: eid 1003 demanded 6989 clamped 4096
[kinematics-ws] K clamp binds: eid 1002 demanded 14237 clamped 4096
[kinematics-ws] K clamp binds: eid 1001 demanded 29081 clamped 4096
[kinematics-ws] K clamp binds: eid 1002 demanded 14238 clamped 4096
[kinematics-ws] K clamp binds: eid 1003 demanded 6991 clamped 4096
[kinematics-ws] K clamp binds: eid[kinematics-ws] K clamp binds: eid 1003 demanded 6992 clamped 4096
[kinematics-ws] K clamp binds: eid 1001 demanded 29070 clamped 4096
 1002 demanded 14240 clamped 4096
[kinematics-ws] K clamp binds: eid 1001 demanded 29014 clamped 4096
[kinematics-ws] K clamp binds: eid 1003 demanded 6993 clamped 4096
[kinematics-ws] K clamp binds: eid 1002 demanded 14242 clamped 4096
[kinematics-ws] K clamp binds: eid 1001 demanded 29055 clamped 4096
[kinematics-ws] K clamp binds: eid 1002 demanded 14243 clamped 4096
[kinematics-ws] K clamp binds: eid 1003 demanded 6993 clamped 4096
[kinematics-ws] K clamp binds: eid 1003 demanded 6992 clamped 4096
[kinematics-ws] K clamp binds: eid 1002 demanded 14246 clamped 4096
[kinematics-ws] K clamp binds: eid 1001 demanded 29098 clamped 4096
[kinematics-ws] K clamp binds: eid 1001 demanded 29103 clamped 4096
[kinematics-ws] K clamp binds: eid 1003 demanded 6988 clamped 4096
[kinematics-ws] K clamp binds: eid 1002 demanded 14253 clamped 4096
[kinematics-ws] K clamp binds: eid 1001 demanded 29071 clamped 4096
[kinematics-ws] K clamp binds: eid 1002 demanded 14244 clamped 4096
[kinematics-ws] K clamp binds: eid 1003 demanded 6984 clamped 4096
[kinematics-ws] K clamp binds: eid 1002 demanded 14241 clamped 4096
[kinematics-ws] K clamp binds: eid 1003 demanded 6985 clamped 4096
[kinematics-ws] K clamp binds: eid 1001 demanded 29038 clamped 4096
[kinematics-ws] K clamp binds: eid 1002 demanded 14247 clamped 4096
[kinematics-ws] K clamp binds: eid 1001 demanded 29087 clamped 4096
[kinematics-ws] K clamp binds: eid 1003 demanded 6989 clamped 4096
[kinematics-ws] K clamp binds: eid 1001 demanded 29101 clamped 4096
[kinematics-ws] K clamp binds: eid 1002 demanded 14249 clamped 4096
[kinematics-ws] K clamp binds: eid 1003 demanded 6985 clamped 4096
[kinematics-ws] K clamp binds: eid 1002 demanded 14246 clamped 4096
[kinematics-ws] K clamp binds: eid 1001 demanded 29092 clamped 4096
[kinematics-ws] K clamp binds: eid 1003 demanded 6980 clamped 4096
[kinematics-ws] K clamp binds: eid 1003 demanded 6987 clamped 4096
[kinematics-ws] K clamp binds: eid 1001 demanded 29109 clamped [kinematics-ws] K clamp binds: eid 1002 demanded 14258 clamped 4096
4096
[kinematics-ws] K clamp binds: eid 1001 demanded 29109 clamped 4096
[kinematics-ws] K clamp binds: eid 1002 demanded 14268 clamped 4096
[kinematics-ws] K clamp binds: eid 1003 demanded 6980 clamped 4096
[kinematics-ws] K clamp binds: eid 1001 demanded 29058 clamped 4096
[kinematics-ws] K clamp binds: eid 1002 demanded 14272 clamped 4096
[kinematics-ws] K clamp binds: eid 1003 demanded 6986 clamped 4096
[kinematics-ws] K clamp binds: eid 1002 demanded 14272 clamped 4096
[kinematics-ws] K clamp binds: eid 1003 demanded 6981 clamped 4096
[kinematics-ws] K clamp binds: eid 1001 demanded 29099 clamped 4096
[kinematics-ws] K clamp binds: eid 1001 demanded 29130 clamped 4096
[kinematics-ws] K clamp binds: eid 1003 demanded 6989 clamped 4096
[kinematics-ws] K clamp binds: eid 1002 demanded 14266 clamped 4096
[kinematics-ws] K clamp binds: eid 1002 demanded 14261 clamped 4096
[kinematics-ws] K clamp binds: eid 1001 demanded 29136 clamped 4096
[kinematics-ws] K clamp binds: eid 1003 demanded 6984 clamped 4096
[kinematics-ws] K clamp binds: eid 1001 demanded 29119 clamped 4096
[kinematics-ws] K clamp binds: eid 1003 demanded 6991 clamped 4096
[kinematics-ws] K clamp binds: eid 1002 demanded 14270 clamped 4096
[kinematics-ws] K clamp binds: eid 1001 demanded 29081 clamped 4096
[kinematics-ws] K clamp binds: eid 1002 demanded 14264 clamped 4096
[kinematics-ws] K clamp binds: eid 1003 demanded 6996 clamped 4096
[kinematics-ws] K clamp binds: eid 1003 demanded 6993 clamped 4096
[kinematics-ws] K clamp binds: eid 1001 demanded 29129 clamped 4096
[kinematics-ws] K clamp binds: eid 1002 demanded 14263 clamped 4096
[kinematics-ws] K clamp binds: eid 1001 demanded 29115 clamped 4096
[kinematics-ws] K clamp binds: eid 1003 demanded 6995 clamped 4096
[kinematics-ws] K clamp binds: eid 1002 demanded 14264 clamped 4096
[kinematics-ws] K clamp binds: eid 1003 demanded 7000 clamped 4096
[kinematics-ws] K clamp binds: eid 1001 demanded 29107 clamped 4096
[kinematics-ws] K clamp binds: eid 1002 demanded 14277 clamped 4096
[kinematics-ws] K clamp binds: eid 1001 demanded 29116 clamped 4096
[kinematics-ws] K clamp binds: eid 1003 demanded 7006 clamped 4096
[kinematics-ws] K clamp binds: eid 1002 demanded 14273 clamped 4096
[kinematics-ws] K clamp binds: eid 1002 demanded 14274 clamped 4096
[kinematics-ws] K clamp binds: eid 1003 demanded 7009 clamped 4096
[kinematics-ws] K clamp binds: eid 1001 demanded 29147 clamped 4096
[kinematics-ws] K clamp binds: eid 1002 demanded 14279 clamped 4096
[kinematics-ws] K clamp binds: eid 1003 demanded 7010 clamped 4096
[kinematics-ws] K clamp binds: eid 1001 demanded 29120 clamped 4096
[kinematics-ws] K clamp binds: eid 1002 demanded 14281 clamped 4096
[kinematics-ws] K clamp binds: eid 1003 demanded 7010 clamped 4096
[kinematics-ws] K clamp binds: eid 1001 demanded 29144 clamped 4096
[kinematics-ws] K clamp binds: eid 1003 demanded 7010 clamped 4096
[kinematics-ws] K clamp binds: eid 1001 demanded 29118 clamped 4096
[kinematics-ws] K clamp binds: eid 1002 demanded 14279 clamped 4096
[kinematics-ws] K clamp binds: eid 1002 demanded 14283 clamped 4096
[kinematics-ws] K clamp binds: eid 1001 demanded 29121 clamped 4096
[kinematics-ws] K clamp binds: eid 1003 demanded 7009 clamped 4096
[kinematics-ws] K clamp binds: eid 1003 demanded 7007 clamped 4096
[kinematics-ws] K clamp binds: eid 1002 demanded 14296 clamped 4096
[kinematics-ws] K clamp binds: eid 1001 demanded 29130 clamped 4096
[kinematics-ws] K clamp binds: eid 1003 demanded 7006 clamped 4096
[kinematics-ws] K clamp binds: eid 1001 demanded 29170 clamped 4096
[kinematics-ws] K clamp binds: eid 1002 demanded 14284 clamped 4096
[kinematics-ws] K clamp binds: eid 1003 demanded 7007 clamped 4096
[kinematics-ws] K clamp binds: eid 1001 demanded 29128 clamped 4096
[kinematics-ws] K clamp binds: eid 1002 demanded 14279 clamped 4096
[kinematics-ws] K clamp binds: eid 1003 demanded 7008 clamped 4096
[kinematics-ws] K clamp binds: eid 1002 demanded 14289 clamped 4096
[kinematics-ws] K clamp binds: eid 1001 demanded 29178 clamped 4096
[kinematics-ws] K clamp binds: eid 1001 demanded 29163 clamped 4096
[kinematics-ws] K clamp binds: eid 1003 demanded 7005 clamped 4096
[kinematics-ws] K clamp binds: eid 1002 demanded 14289 clamped 4096
[kinematics-ws] K clamp binds: eid 1001 demanded 29164 clamped 4096
[kinematics-ws] K clamp binds: eid 1003 demanded 7002 clamped 4096
[kinematics-ws] K clamp binds: eid 1002 demanded 14281 clamped 4096
[kinematics-ws] K clamp binds: eid 1002 demanded 14299 clamped 4096
[kinematics-ws] K clamp binds: eid 1001 demanded 29185 clamped 4096
[kinematics-ws] K clamp binds: eid 1003 demanded 7006 clamped 4096
[kinematics-ws] K clamp binds: eid 1001 demanded 29180 clamped 4096
[kinematics-ws] K clamp binds: eid 1003 demanded 7002 clamped 4096
[kinematics-ws] K clamp binds: eid 1002 demanded 14312 clamped 4096
[kinematics-ws] K clamp binds: eid 1002 demanded 14317 clamped 4096
[kinematics-ws] K clamp binds: eid 1003 demanded 7004 clamped 4096
[kinematics-ws] K clamp binds: eid 1001 demanded 29149 clamped 4096
[kinematics-ws] K clamp binds: eid 1001 demanded 29164 clamped 4096
[kinematics-ws] K clamp binds: eid 1002 demanded 14318 clamped 4096
[kinematics-ws] K clamp binds: eid 1003 demanded 7003 clamped 4096
[kinematics-ws] K clamp binds: eid 1001 demanded 29200 clamped 4096
[kinematics-ws] K clamp binds: eid 1003 demanded 7005 clamped 4096
[kinematics-ws] K clamp binds: eid 1002 demanded 14314 clamped 4096
[kinematics-ws] K clamp binds: eid 1002 demanded 14303 clamped 4096
[kinematics-ws] K clamp binds: eid 1003 demanded 7004 clamped 4096
[kinematics-ws] K clamp binds: eid 1001 demanded 29205 clamped 4096
[kinematics-ws] K clamp binds: eid 1001 demanded 29179 clamped 4096
[kinematics-ws] K clamp binds: eid 1002 demanded 14300 clamped 4096
[kinematics-ws] K clamp binds: eid 1003 demanded 7010 clamped 4096
[kinematics-ws] K clamp binds: eid 1001 demanded 29171 clamped 4096
[kinematics-ws] K clamp binds: eid 1003 demanded 7009 clamped 4096
[kinematics-ws] K clamp binds: eid 1002 demanded 14313 clamped 4096
[kinematics-ws] K clamp binds: eid 1001 demanded 29200 clamped 4096
[kinematics-ws] K clamp binds: eid 1003 demanded 7011 clamped 4096
[kinematics-ws] K clamp binds: eid 1002 demanded 14297 clamped 4096
[kinematics-ws] K clamp binds: eid 1003 demanded 7017 clamped 4096
[kinematics-ws] K clamp binds: eid 1001 demanded 29203 clamped 4096
[kinematics-ws] K clamp binds: eid 1002 demanded 14312 clamped 4096
[kinematics-ws] K clamp binds: eid 1002 demanded 14299 clamped 4096
[kinematics-ws] K clamp binds: eid 1003 demanded 7019 clamped 4096
[kinematics-ws] K clamp binds: eid 1001 demanded 29188 clamped 4096
[kinematics-ws] K clamp binds: eid 1003 demanded 7019 clamped 4096
[kinematics-ws] K clamp binds: eid 1002 demanded 14315 clamped 4096
[kinematics-ws] K clamp binds: eid 1001 demanded 29193 clamped 4096
[kinematics-ws] K clamp binds: eid 1003 demanded 7020 clamped 4096
[kinematics-ws] K clamp binds: eid 1001 demanded 29218 clamped 4096
[kinematics-ws] K clamp binds: eid 1002 demanded 14325 clamped 4096
[kinematics-ws] K clamp binds: eid 1001 demanded 29222 clamped 4096
[kinematics-ws] K clamp binds: eid 1002 demanded 14324 clamped 4096
[kinematics-ws] K clamp binds: eid 1003 demanded 7022 clamped 4096
[kinematics-ws] K clamp binds: eid 1002 demanded 14323 clamped 4096
[kinematics-ws] K clamp binds: eid 1003 demanded 7024 clamped 4096
[kinematics-ws] K clamp binds: eid 1001 demanded 29190 clamped 4096
[kinematics-ws] K clamp binds: eid 1003 demanded 7026 clamped 4096
[kinematics-ws] K clamp binds: eid 1002 demanded 14324 clamped 4096
[kinematics-ws] K clamp binds: eid 1001 demanded 29201 clamped 4096
[kinematics-ws] K clamp binds: eid 1002 demanded 14328 clamped 4096
[kinematics-ws] K clamp binds: eid 1003 demanded 7025 clamped 4096
[kinematics-ws] K clamp binds: eid 1001 demanded 29236 clamped 4096
[kinematics-ws] K clamp binds: eid[kinematics-ws] K clamp binds: eid  10011003  demanded demanded 29239 7025 clamped clamped 40964096

[kinematics-ws] K clamp binds: eid 1002 demanded 14334 clamped 4096
[kinematics-ws] K clamp binds: eid 1002 demanded 14332 clamped 4096
[kinematics-ws] K clamp binds: eid 1003 demanded 7024 clamped 4096
[kinematics-ws] K clamp binds: eid 1001 demanded 29211 clamped 4096
[kinematics-ws] K clamp binds: eid 1001 demanded 29218 clamped 4096
[kinematics-ws] K clamp binds: eid 1002 demanded 14317 clamped 4096
[kinematics-ws] K clamp binds: eid 1003 demanded 7026 clamped 4096
[kinematics-ws] K clamp binds: eid 1003 demanded 7031 clamped 4096
[kinematics-ws] K clamp binds: eid 1001 demanded 29233 clamped 4096
[kinematics-ws] K clamp binds: eid 1002 demanded 14329 clamped 4096
[kinematics-ws] K clamp binds: eid 1002 demanded 14319 clamped 4096
[kinematics-ws] K clamp binds: eid 1001 demanded 29250 clamped 4096
[kinematics-ws] K clamp binds: eid 1003 demanded 7032 clamped 4096
[kinematics-ws] K clamp binds: eid 1001 demanded 29232 clamped 4096
[kinematics-ws] K clamp binds: eid 1003 demanded 7024 clamped 4096
[kinematics-ws] K clamp binds: eid 1002 demanded 14333 clamped 4096
[kinematics-ws] K clamp binds: eid 1001 demanded 29235 clamped 4096
[kinematics-ws] K clamp binds: eid 1003 demanded 7021 clamped 4096
[kinematics-ws] K clamp binds: eid 1002 demanded 14324 clamped 4096
[kinematics-ws] K clamp binds: eid 1002 demanded 14332 clamped 4096
[kinematics-ws] K clamp binds: eid 1001 demanded 29258 clamped 4096
[kinematics-ws] K clamp binds: eid 1003 demanded 7029 clamped 4096
[kinematics-ws] K clamp binds: eid 1002 demanded 14345 clamped 4096
[kinematics-ws] K clamp binds: eid 1001 demanded 29266 clamped 4096
[kinematics-ws] K clamp binds: eid 1003 demanded 7022 clamped 4096
[kinematics-ws] K clamp binds: eid 1001 demanded 29223 clamped 4096
[kinematics-ws] K clamp binds: eid 1002 demanded 14352 clamped 4096
[kinematics-ws] K clamp binds: eid 1003 demanded 7022 clamped 4096
[kinematics-ws] K clamp binds: eid 1003 demanded 7026 clamped 4096
[kinematics-ws] K clamp binds: eid 1001 demanded 29254 clamped 4096
[kinematics-ws] K clamp binds: eid 1002 demanded 14354 clamped 4096
[kinematics-ws] K clamp binds: eid 1001 demanded 29285 clamped 4096
[kinematics-ws] K clamp binds: eid 1003 demanded 7020 clamped 4096
[kinematics-ws] K clamp binds: eid 1002 demanded 14354 clamped 4096
[kinematics-ws] K clamp binds: eid 1001 demanded 29292 clamped 4096
[kinematics-ws] K clamp binds: eid 1003 demanded 7027 clamped 4096
[kinematics-ws] K clamp binds: eid 1002 demanded 14349 clamped 4096
[kinematics-ws] K clamp binds: eid 1002 demanded 14343 clamped 4096
[kinematics-ws] K clamp binds: eid 1001 demanded 29284 clamped 4096
[kinematics-ws] K clamp binds: eid 1003 demanded 7025 clamped 4096
[kinematics-ws] K clamp binds: eid 1001 demanded 29248 clamped 4096
[kinematics-ws] K clamp binds: eid 1003 demanded 7025 clamped 4096
[kinematics-ws] K clamp binds: eid 1002 demanded 14346 clamped 4096
[kinematics-ws] K clamp binds: eid[kinematics-ws] K clamp binds: eid  10021001  demanded demanded 29279 14348 clamped clamped 40964096

[kinematics-ws] K clamp binds: eid 1003 demanded 7034 clamped 4096
[kinematics-ws] K clamp binds: eid 1001 demanded 29248 clamped 4096
[kinematics-ws] K clamp binds: eid 1002 demanded 14339 clamped 4096
[kinematics-ws] K clamp binds: eid 1003 demanded 7029 clamped 4096
[kinematics-ws] K clamp binds: eid 1001 demanded 29281 clamped 4096
[kinematics-ws] K clamp binds: eid 1003 demanded 7030 clamped 4096
[kinematics-ws] K clamp binds: eid 1002 demanded 14349 clamped 4096
[kinematics-ws] K clamp binds: eid 1001 demanded 29298 clamped 4096
[kinematics-ws] K clamp binds: eid 1002 demanded 14345 clamped 4096
[kinematics-ws] K clamp binds: eid 1003 demanded 7040 clamped 4096
[kinematics-ws] K clamp binds: eid 1001 demanded 29288 clamped 4096
[kinematics-ws] K clamp binds: eid 1002 demanded 14349 clamped 4096
[kinematics-ws] K clamp binds: eid 1003 demanded 7043 clamped 4096
[kinematics-ws] K clamp binds: eid 1001 demanded 29265 clamped 4096
[kinematics-ws] K clamp binds: eid 1002 demanded 14361 clamped 4096
[kinematics-ws] K clamp binds: eid 1003 demanded 7042 clamped 4096
[kinematics-ws] K clamp binds: eid 1002 demanded 14366 clamped 4096
[kinematics-ws] K clamp binds: eid 1003 demanded 7040 clamped 4096
[kinematics-ws] K clamp binds: eid 1001 demanded 29304 clamped 4096
[kinematics-ws] K clamp binds: eid[kinematics-ws] K clamp binds: eid  1001 1002 demanded demanded29264  14368clamped  clamped 40964096

[kinematics-ws] K clamp binds: eid 1003 demanded 7040 clamped 4096
[kinematics-ws] K clamp binds: eid 1003 demanded 7041 clamped 4096
[kinematics-ws] K clamp binds: eid 1002 demanded 14369 clamped 4096
[kinematics-ws] K clamp binds: eid 1001 demanded 29307 clamped 4096
[kinematics-ws] K clamp binds: eid 1001 demanded 29326 clamped 4096
[kinematics-ws] K clamp binds: eid 1002 demanded 14370 clamped 4096
[kinematics-ws] K clamp binds: eid 1003 demanded 7042 clamped 4096
[kinematics-ws] K clamp binds: eid 1003 demanded 7042 clamped 4096
[kinematics-ws] K clamp binds: eid 1002 demanded 14370 clamped 4096
[kinematics-ws] K clamp binds: eid 1001 demanded 29328 clamped 4096
[kinematics-ws] K clamp binds: eid 1001 demanded 29307 clamped 4096
[kinematics-ws] K clamp binds: eid 1002 demanded 14369 clamped 4096
[kinematics-ws] K clamp binds: eid 1003 demanded 7042 clamped 4096
[kinematics-ws] K clamp binds: eid 1001 demanded 29290 clamped 4096
[kinematics-ws] K clamp binds: eid 1002 demanded 14364 clamped 4096
[kinematics-ws] K clamp binds: eid 1003 demanded 7043 clamped 4096
[kinematics-ws] K clamp binds: eid 1002 demanded 14364 clamped 4096
[kinematics-ws] K clamp binds: eid 1001 demanded 29322 clamped 4096
[kinematics-ws] K clamp binds: eid 1003 demanded 7049 clamped 4096
[kinematics-ws] K clamp binds: eid 1001 demanded 29309 clamped 4096
[kinematics-ws] K clamp binds: eid 1002 demanded 14364 clamped 4096
[kinematics-ws] K clamp binds: eid 1003 demanded 7055 clamped 4096
[kinematics-ws] K clamp binds: eid 1003 demanded 7052 clamped 4096
[kinematics-ws] K clamp binds: eid 1001 demanded 29300 clamped 4096
[kinematics-ws] K clamp binds: eid 1002 demanded 14365 clamped 4096
[kinematics-ws] K clamp binds: eid 1002 demanded 14367 clamped 4096
[kinematics-ws] K clamp binds: eid 1001 demanded 29306 clamped 4096
[kinematics-ws] K clamp binds: eid 1003 demanded 7040 clamped 4096
[kinematics-ws] K clamp binds: eid 1001 demanded 29309 clamped 4096
[kinematics-ws] K clamp binds: eid 1002 demanded 14373 clamped 4096
[kinematics-ws] K clamp binds: eid 1003 demanded 7042 clamped 4096
[kinematics-ws] K clamp binds: eid 1001 demanded 29341 clamped 4096
[kinematics-ws] K clamp binds: eid 1003 demanded 7052 clamped 4096
[kinematics-ws] K clamp binds: eid 1002 demanded 14376 clamped 4096
[kinematics-ws] K clamp binds: eid 1001 demanded 29324 clamped 4096
[kinematics-ws] K clamp binds: eid 1003 demanded 7039 clamped 4096
[kinematics-ws] K clamp binds: eid 1002 demanded 14379 clamped 4096
[kinematics-ws] K clamp binds: eid 1001 demanded 29338 clamped 4096
[kinematics-ws] K clamp binds: eid 1002 demanded 14383 clamped 4096
[kinematics-ws] K clamp binds: eid 1003 demanded 7043 clamped 4096
[kinematics-ws] K clamp binds: eid 1001 demanded 29311 clamped 4096
[kinematics-ws] K clamp binds: eid 1002 demanded 14385 clamped 4096
[kinematics-ws] K clamp binds: eid 1003 demanded 7047 clamped 4096
[kinematics-ws] K clamp binds: eid 1001 demanded 29322 clamped 4096
[kinematics-ws] K clamp binds: eid 1003 demanded 7038 clamped 4096
[kinematics-ws] K clamp binds: eid 1002 demanded 14384 clamped 4096
[kinematics-ws] K clamp binds: eid 1001 demanded 29323 clamped 4096
[kinematics-ws] K clamp binds: eid 1003 demanded 7049 clamped 4096
[kinematics-ws] K clamp binds: eid 1002 demanded 14384 clamped 4096
[kinematics-ws] K clamp binds: eid 1002 demanded 14388 clamped 4096
[kinematics-ws] K clamp binds: eid 1001 demanded 29326 clamped 4096
[kinematics-ws] K clamp binds: eid 1003 demanded 7041 clamped 4096
[kinematics-ws] K clamp binds: eid 1002 demanded 14392 clamped 4096
[kinematics-ws] K clamp binds: eid 1001 demanded 29374 clamped 4096
[kinematics-ws] K clamp binds: eid 1003 demanded 7046 clamped 4096
[kinematics-ws] K clamp binds: eid 1002 demanded 14380 clamped 4096
[kinematics-ws] K clamp binds: eid 1003 demanded 7052 clamped 4096
[kinematics-ws] K clamp binds: eid 1001 demanded 29318 clamped 4096
[kinematics-ws] K clamp binds: eid 1003 demanded 7042 clamped 4096
[kinematics-ws] K clamp binds: eid 1002 demanded 14385 clamped 4096
[kinematics-ws] K clamp binds: eid 1001 demanded 29379 clamped 4096
[kinematics-ws] K clamp binds: eid 1002 demanded 14383 clamped 4096
[kinematics-ws] K clamp binds: eid 1003 demanded 7055 clamped 4096
[kinematics-ws] K clamp binds: eid 1001 demanded 29373 clamped 4096
[kinematics-ws] K clamp binds: eid 1002 demanded 14390 clamped 4096
[kinematics-ws] K clamp binds: eid 1001 demanded 29367 clamped 4096
[kinematics-ws] K clamp binds: eid 1003 demanded 7060 clamped 4096
[kinematics-ws] K clamp binds: eid 1003 demanded 7052 clamped 4096
[kinematics-ws] K clamp binds: eid 1001 demanded 29381 clamped 4096
[kinematics-ws] K clamp binds: eid 1002 demanded 14384 clamped 4096
[kinematics-ws] K clamp binds: eid 1003 demanded 7051 clamped 4096
[kinematics-ws] K clamp binds: eid 1001 demanded 29394 clamped 4096
[kinematics-ws] K clamp binds: eid 1002 demanded 14396 clamped 4096
[kinematics-ws] K clamp binds: eid 1001 demanded 29342 clamped 4096
[kinematics-ws] K clamp binds: eid 1002 demanded 14404 clamped 4096
[kinematics-ws] K clamp binds: eid 1003 demanded 7059 clamped 4096
[kinematics-ws] K clamp binds: eid 1001 demanded 29391 clamped 4096
[kinematics-ws] K clamp binds: eid 1003 demanded 7067 clamped 4096
[kinematics-ws] K clamp binds: eid 1002 demanded 14406 clamped 4096
[kinematics-ws] K clamp binds: eid 1003 demanded 7072 clamped 4096
[kinematics-ws] K clamp binds: eid 1001 demanded 29353 clamped 4096
[kinematics-ws] K clamp binds: eid 1002 demanded 14406 clamped 4096
[kinematics-ws] K clamp binds: eid 1003 demanded 7074 clamped 4096
[kinematics-ws] K clamp binds: eid 1002 demanded 14408 clamped 4096
[kinematics-ws] K clamp binds: eid 1001 demanded 29356 clamped 4096
[kinematics-ws] K clamp binds: eid 1002 demanded 14409 clamped 4096
[kinematics-ws] K clamp binds: eid 1003 demanded 7074 clamped 4096
[kinematics-ws] K clamp binds: eid 1001 demanded 29364 clamped 4096
[kinematics-ws] K clamp binds: eid 1001 demanded 29359 clamped 4096
[kinematics-ws] K clamp binds: eid 1003 demanded 7074 clamped 4096
[kinematics-ws] K clamp binds: eid 1002 demanded 14412 clamped 4096
[kinematics-ws] K clamp binds: eid 1002 demanded 14410 clamped 4096
[kinematics-ws] K clamp binds: eid 1003 demanded 7074 clamped 4096
[kinematics-ws] K clamp binds: eid 1001 demanded 29394 clamped 4096
[kinematics-ws] K clamp binds: eid 1002 demanded 14403 clamped 4096
[kinematics-ws] K clamp binds: eid 1003 demanded 7073 clamped 4096
[kinematics-ws] K clamp binds: eid 1001 demanded 29396 clamped 4096
[kinematics-ws] K clamp binds: eid 1003 demanded 7069 clamped 4096
[kinematics-ws] K clamp binds: eid 1002 demanded 14404 clamped 4096
[kinematics-ws] K clamp binds: eid 1001 demanded 29386 clamped 4096
[kinematics-ws] K clamp binds: eid 1002 demanded 14405 clamped 4096
[kinematics-ws] K clamp binds: eid 1001 demanded 29363 clamped 4096
[kinematics-ws] K clamp binds: eid 1003 demanded 7064 clamped 4096
[kinematics-ws] K clamp binds: eid 1001 demanded 29393 clamped 4096
[kinematics-ws] K clamp binds: eid 1003 demanded 7063 clamped 4096
[kinematics-ws] K clamp binds: eid 1002 demanded 14403 clamped 4096
[kinematics-ws] K clamp binds: eid 1003 demanded 7068 clamped 4096
[kinematics-ws] K clamp binds: eid 1002 demanded 14406 clamped 4096
[kinematics-ws] K clamp binds: eid 1001 demanded 29399 clamped 4096
[kinematics-ws] K clamp binds: eid 1002 demanded 14413 clamped 4096
[kinematics-ws] K clamp binds: eid 1001 demanded 29376 clamped 4096
[kinematics-ws] K clamp binds: eid 1003 demanded 7071 clamped 4096
[kinematics-ws] K clamp binds: eid 1002 demanded 14412 clamped 4096
[kinematics-ws] K clamp binds: eid 1001 demanded 29400 clamped 4096
[kinematics-ws] K clamp binds: eid 1003 demanded 7062 clamped 4096
[kinematics-ws] K clamp binds: eid 1001 demanded 29427 clamped 4096
[kinematics-ws] K clamp binds: eid 1002 demanded 14416 clamped 4096
[kinematics-ws] K clamp binds: eid 1003 demanded 7061 clamped 4096
[kinematics-ws] K clamp binds: eid 1003 demanded 7069 clamped 4096
[kinematics-ws] K clamp binds: eid 1002 demanded 14422 clamped 4096
[kinematics-ws] K clamp binds: eid 1001 demanded 29399 clamped 4096
[kinematics-ws] K clamp binds: eid 1001 demanded 29382 clamped 4096
[kinematics-ws] K clamp binds: eid 1002 demanded 14426 clamped 4096
[kinematics-ws] K clamp binds: eid 1003 demanded 7059 clamped 4096
[kinematics-ws] K clamp binds: eid 1001 demanded 29415 clamped 4096
[kinematics-ws] K clamp binds: eid 1002 demanded 14427 clamped 4096
[kinematics-ws] K clamp binds: eid 1003 demanded 7066 clamped 4096
[kinematics-ws] K clamp binds: eid 1003 demanded 7062 clamped 4096
[kinematics-ws] K clamp binds: eid 1002 demanded 14425 clamped 4096
[kinematics-ws] K clamp binds: eid 1001 demanded 29419 clamped 4096
[kinematics-ws] K clamp binds: eid 1001 demanded 29392 clamped 4096
[kinematics-ws] K clamp binds: eid 1003 demanded 7064 clamped 4096
[kinematics-ws] K clamp binds: eid 1002 demanded 14422 clamped 4096
[kinematics-ws] K clamp binds: eid 1001 demanded 29419 clamped 4096
[kinematics-ws] K clamp binds: eid 1002 demanded 14427 clamped 4096
[kinematics-ws] K clamp binds: eid 1003 demanded 7063 clamped 4096
[kinematics-ws] K clamp binds: eid 1001 demanded 29450 clamped 4096
[kinematics-ws] K clamp binds: eid 1003 demanded 7069 clamped 4096
[kinematics-ws] K clamp binds: eid 1002 demanded 14432 clamped 4096
[kinematics-ws] K clamp binds: eid 1002 demanded 14420 clamped 4096
[kinematics-ws] K clamp binds: eid 1003 demanded 7062 clamped 4096
[kinematics-ws] K clamp binds: eid 1001 demanded 29417 clamped 4096
[kinematics-ws] K clamp binds: eid 1001 demanded 29398 clamped 4096
[kinematics-ws] K clamp binds: eid 1003 demanded 7073 clamped 4096
[kinematics-ws] K clamp binds: eid 1002 demanded 14425 clamped 4096
[kinematics-ws] K clamp binds: eid 1001 demanded 29437 clamped 4096
[kinematics-ws] K clamp binds: eid 1002 demanded 14423 clamped 4096
[kinematics-ws] K clamp binds: eid 1003 demanded 7070 clamped 4096
[kinematics-ws] K clamp binds: eid 1002 demanded 14429 clamped 4096
[kinematics-ws] K clamp binds: eid 1003 demanded 7067 clamped 4096
[kinematics-ws] K clamp binds: eid 1001 demanded 29444 clamped 4096
[kinematics-ws] K clamp binds: eid[kinematics-ws] K clamp binds: eid  10031002  demanded demanded7077  14422clamped  clamped 40964096

[kinematics-ws] K clamp binds: eid 1001 demanded 29413 clamped 4096
[kinematics-ws] K clamp binds: eid 1002 demanded 14437 clamped 4096
[kinematics-ws] K clamp binds: eid 1001 demanded 29426 clamped 4096
[kinematics-ws] K clamp binds: eid 1003 demanded 7082 clamped 4096
[kinematics-ws] K clamp binds: eid 1002 demanded 14443 clamped 4096
[kinematics-ws] K clamp binds: eid 1001 demanded 29484 clamped 4096
[kinematics-ws] K clamp binds: eid 1003 demanded 7079 clamped 4096
[kinematics-ws] K clamp binds: eid 1003 demanded 7076 clamped 4096
[kinematics-ws] K clamp binds: eid[kinematics-ws] K clamp binds: eid  1001 1002demanded  demanded29416  14441clamped  clamped 40964096

[kinematics-ws] K clamp binds: eid 1001 demanded 29433 clamped 4096
[kinematics-ws] K clamp binds: eid 1003 demanded 7078 clamped 4096
[kinematics-ws] K clamp binds: eid 1002 demanded 14440 clamped 4096
[kinematics-ws] K clamp binds: eid 1002 demanded 14441 clamped 4096
[kinematics-ws] K clamp binds: eid 1003 demanded 7082 clamped 4096
[kinematics-ws] K clamp binds: eid 1001 demanded 29488 clamped 4096
[kinematics-ws] K clamp binds: eid 1003 demanded 7085 clamped 4096
[kinematics-ws] K clamp binds: eid 1001 demanded 29500 clamped 4096
[kinematics-ws] K clamp binds: eid 1002 demanded 14442 clamped 4096
[kinematics-ws] K clamp binds: eid 1003 demanded 7087 clamped 4096
[kinematics-ws] K clamp binds: eid 1001 demanded 29473 clamped 4096
[kinematics-ws] K clamp binds: eid 1002 demanded 14446 clamped 4096
[kinematics-ws] K clamp binds: eid 1003 demanded 7087 clamped 4096
[kinematics-ws] K clamp binds: eid 1001 demanded 29422 clamped 4096
[kinematics-ws] K clamp binds: eid 1002 demanded 14453 clamped 4096
[kinematics-ws] K clamp binds: eid 1001 demanded 29494 clamped 4096
[kinematics-ws] K clamp binds: eid 1003 demanded 7086 clamped 4096
[kinematics-ws] K clamp binds: eid 1002 demanded 14454 clamped 4096
[kinematics-ws] K clamp binds: eid 1001 demanded 29432 clamped 4096
[kinematics-ws] K clamp binds: eid 1002 demanded 14439 clamped 4096
[kinematics-ws] K clamp binds: eid 1003 demanded 7083 clamped 4096
[kinematics-ws] K clamp binds: eid 1002 demanded 14445 clamped 4096
[kinematics-ws] K clamp binds: eid 1003 demanded 7081 clamped 4096
[kinematics-ws] K clamp binds: eid 1001 demanded 29515 clamped 4096
[kinematics-ws] K clamp binds: eid 1002 demanded 14446 clamped 4096
[kinematics-ws] K clamp binds: eid 1001 demanded 29500 clamped 4096
[kinematics-ws] K clamp binds: eid 1003 demanded 7083 clamped 4096
[kinematics-ws] K clamp binds: eid 1001 demanded 29486 clamped 4096
[kinematics-ws] K clamp binds: eid 1002 demanded 14442 clamped 4096
[kinematics-ws] K clamp binds: eid 1003 demanded 7089 clamped 4096
[kinematics-ws] K clamp binds: eid 1001 demanded 29504 clamped 4096
[kinematics-ws] K clamp binds: eid 1003 demanded 7095 clamped 4096
[kinematics-ws] K clamp binds: eid 1002 demanded 14445 clamped 4096
[kinematics-ws] K clamp binds: eid 1001 demanded 29530 clamped 4096
[kinematics-ws] K clamp binds: eid 1002 demanded 14457 clamped 4096
[kinematics-ws] K clamp binds: eid 1003 demanded 7089 clamped 4096
[kinematics-ws] K clamp binds: eid[kinematics-ws] K clamp binds: eid  10011002 demanded 14448 clamped 4096
[kinematics-ws] K clamp binds: eid 1003 demanded 7078 clamped 4096
 demanded 29464 clamped 4096
[kinematics-ws] K clamp binds: eid 1001 demanded 29499 clamped 4096
[kinematics-ws] K clamp binds: eid 1002 demanded 14451 clamped 4096
[kinematics-ws] K clamp binds: eid 1003 demanded 7085 clamped 4096
[kinematics-ws] K clamp binds: eid 1001 demanded 29453 clamped 4096
[kinematics-ws] K clamp binds: eid 1003 demanded 7091 clamped 4096
[kinematics-ws] K clamp binds: eid 1002 demanded 14462 clamped 4096
[kinematics-ws] K clamp binds: eid 1003 demanded 7077 clamped 4096
[kinematics-ws] K clamp binds: eid 1002 demanded 14470 clamped 4096
[kinematics-ws] K clamp binds: eid 1001 demanded 29521 clamped 4096
[kinematics-ws] K clamp binds: eid 1002 demanded 14472 clamped 4096
[kinematics-ws] K clamp binds: eid 1001 demanded 29545 clamped 4096
[kinematics-ws] K clamp binds: eid 1003 demanded 7087 clamped 4096
[kinematics-ws] K clamp binds: eid 1002 demanded 14471 clamped 4096
[kinematics-ws] K clamp binds: eid 1001 demanded 29547 clamped 4096
[kinematics-ws] K clamp binds: eid 1003 demanded 7083 clamped 4096
[kinematics-ws] K clamp binds: eid 1001 demanded 29524 clamped 4096
[kinematics-ws] K clamp binds: eid 1002 demanded 14465 clamped 4096
[kinematics-ws] K clamp binds: eid 1003 demanded 7081 clamped 4096
[kinematics-ws] K clamp binds: eid 1001 demanded 29469 clamped 4096
[kinematics-ws] K clamp binds: eid 1003 demanded 7086 clamped 4096
[kinematics-ws] K clamp binds: eid 1002 demanded 14460 clamped 4096
[kinematics-ws] K clamp binds: eid 1002 demanded 14466 clamped 4096
[kinematics-ws] K clamp binds: eid 1001 demanded 29531 clamped 4096
[kinematics-ws] K clamp binds: eid 1003 demanded 7082 clamped 4096
[kinematics-ws] K clamp binds: eid 1002 demanded 14474 clamped 4096
[kinematics-ws] K clamp binds: eid 1003 demanded 7085 clamped 4096
[kinematics-ws] K clamp binds: eid 1001 demanded 29474 clamped 4096
[kinematics-ws] K clamp binds: eid 1001 demanded 29546 clamped 4096
[kinematics-ws] K clamp binds: eid 1003 demanded 7090 clamped 4096
[kinematics-ws] K clamp binds: eid 1002 demanded 14457 clamped 4096
[kinematics-ws] K clamp binds: eid 1001 demanded 29549 clamped 4096
[kinematics-ws] K clamp binds: eid 1002 demanded 14467 clamped 4096
[kinematics-ws] K clamp binds: eid 1003 demanded 7081 clamped 4096
[kinematics-ws] K clamp binds: eid 1001 demanded 29542 clamped 4096
[kinematics-ws] K clamp binds: eid 1003 demanded 7096 clamped 4096
[kinematics-ws] K clamp binds: eid 1002 demanded 14461 clamped 4096
[kinematics-ws] K clamp binds: eid 1001 demanded 29555 clamped 4096
[kinematics-ws] K clamp binds: eid 1003 demanded 7092 clamped 4096
[kinematics-ws] K clamp binds: eid 1002 demanded 14471 clamped 4096
[kinematics-ws] K clamp binds: eid[kinematics-ws] K clamp binds: eid  10011002  demanded 29558 clamped 4096
demanded[kinematics-ws] K clamp binds: eid  1003 14460demanded  clamped 7086 clamped 40964096

[kinematics-ws] K clamp binds: eid 1001 demanded 29498 clamped 4096
[kinematics-ws] K clamp binds: eid 1003 demanded 7097 clamped 4096
[kinematics-ws] K clamp binds: eid 1002 demanded 14477 clamped 4096
[kinematics-ws] K clamp binds: eid 1003 demanded 7105 clamped 4096
[kinematics-ws] K clamp binds: eid 1001 demanded 29547 clamped 4096
[kinematics-ws] K clamp binds: eid 1002 demanded 14483 clamped 4096
[kinematics-ws] K clamp binds: eid 1001 demanded 29496 clamped 4096
[kinematics-ws] K clamp binds: eid 1002 demanded 14479 clamped 4096
[kinematics-ws] K clamp binds: eid 1003 demanded 7101 clamped 4096
[kinematics-ws] K clamp binds: eid 1002 demanded 14476 clamped 4096
[kinematics-ws] K clamp binds: eid 1003 demanded 7096 clamped 4096
[kinematics-ws] K clamp binds: eid 1001 demanded 29550 clamped 4096
[kinematics-ws] K clamp binds: eid 1001 demanded 29575 clamped 4096
[kinematics-ws] K clamp binds: eid 1003 demanded 7095 clamped 4096
[kinematics-ws] K clamp binds: eid 1002 demanded 14477 clamped 4096
[kinematics-ws] K clamp binds: eid[kinematics-ws] K clamp binds: eid  1002 1001 demanded demanded 14478 29580 clampedclamped  40964096

[kinematics-ws] K clamp binds: eid 1003 demanded 7099 clamped 4096
[kinematics-ws] K clamp binds: eid 1001 demanded 29571 clamped 4096
[kinematics-ws] K clamp binds: eid 1002 demanded 14479 clamped 4096
[kinematics-ws] K clamp binds: eid 1003 demanded 7103 clamped 4096
[kinematics-ws] K clamp binds: eid 1001 demanded 29528 clamped 4096
[kinematics-ws] K clamp binds: eid 1003 demanded 7106 clamped 4096
[kinematics-ws] K clamp binds: eid 1002 demanded 14485 clamped 4096
[kinematics-ws] K clamp binds: eid 1002 demanded 14496 clamped 4096
[kinematics-ws] K clamp binds: eid 1003 demanded 7106 clamped 4096
[kinematics-ws] K clamp binds: eid 1001 demanded 29541 clamped 4096
[kinematics-ws] K clamp binds: eid 1003 demanded 7105 clamped 4096
[kinematics-ws] K clamp binds: eid 1002 demanded 14493 clamped 4096
[kinematics-ws] K clamp binds: eid 1001 demanded 29550 clamped 4096
[kinematics-ws] K clamp binds: eid 1003 demanded 7103 clamped 4096
[kinematics-ws] K clamp binds: eid[kinematics-ws] K clamp binds: eid 1002 demanded  14474 clamped 1001 4096demanded 29566
 clamped 4096
[kinematics-ws] K clamp binds: eid 1001 demanded 29532 clamped 4096
[kinematics-ws] K clamp binds: eid 1002 demanded 14489 clamped 4096
[kinematics-ws] K clamp binds: eid 1003 demanded 7100 clamped 4096
[kinematics-ws] K clamp binds: eid 1002 demanded 14481 clamped 4096
[kinematics-ws] K clamp binds: eid 1003 demanded 7100 clamped 4096
[kinematics-ws] K clamp binds: eid 1001 demanded 29534 clamped 4096
[kinematics-ws] K clamp binds: eid 1001 demanded 29537 clamped 4096
[kinematics-ws] K clamp binds: eid 1003 demanded 7105 clamped 4096
[kinematics-ws] K clamp binds: eid 1002 demanded 14486 clamped 4096
[kinematics-ws] K clamp binds: eid 1002 demanded 14480 clamped 4096
[kinematics-ws] K clamp binds: eid 1001 demanded 29540 clamped 4096
[kinematics-ws] K clamp binds: eid 1003 demanded 7114 clamped 4096
[kinematics-ws] K clamp binds: eid 1001 demanded 29585 clamped 4096
[kinematics-ws] K clamp binds: eid 1002 demanded 14500 clamped 4096
[kinematics-ws] K clamp binds: eid 1003 demanded 7116 clamped 4096
[kinematics-ws] K clamp binds: eid 1003 demanded 7103 clamped 4096
[kinematics-ws] K clamp binds: eid[kinematics-ws] K clamp binds: eid 1001 demanded 29572 clamped 4096
 1002 demanded 14487 clamped 4096
[kinematics-ws] K clamp binds: eid 1001 demanded 29559 clamped 4096
[kinematics-ws] K clamp binds: eid 1002 demanded 14487 clamped 4096
[kinematics-ws] K clamp binds: eid 1003 demanded 7097 clamped 4096
[kinematics-ws] K clamp binds: eid 1002 demanded 14502 clamped 4096
[kinematics-ws] K clamp binds: eid 1001 demanded 29549 clamped 4096
[kinematics-ws] K clamp binds: eid 1003 demanded 7111 clamped 4096
[kinematics-ws] K clamp binds: eid 1001 demanded 29604 clamped 4096
[kinematics-ws] K clamp binds: eid 1003 demanded 7108 clamped 4096
[kinematics-ws] K clamp binds: eid 1002 demanded 14512 clamped 4096
[kinematics-ws] K clamp binds: eid 1003 demanded 7094 clamped 4096
[kinematics-ws] K clamp binds: eid 1002 demanded 14517 clamped 4096
[kinematics-ws] K clamp binds: eid 1001 demanded 29618 clamped 4096
[kinematics-ws] K clamp binds: eid 1003 demanded 7112 clamped 4096
[kinematics-ws] K clamp binds: eid 1001 demanded 29621 clamped 4096
[kinematics-ws] K clamp binds: eid 1002 demanded 14518 clamped 4096
[kinematics-ws] K clamp binds: eid 1001 demanded 29609 clamped 4096
[kinematics-ws] K clamp binds: eid 1003 demanded 7098 clamped 4096
[kinematics-ws] K clamp binds: eid 1002 demanded 14515 clamped 4096
[kinematics-ws] K clamp binds: eid 1003 demanded 7105 clamped 4096
[kinematics-ws] K clamp binds: eid 1002 demanded 14508 clamped 4096
[kinematics-ws] K clamp binds: eid 1001 demanded 29563 clamped 4096
[kinematics-ws] K clamp binds: eid 1003 demanded 7104 clamped 4096
[kinematics-ws] K clamp binds: eid 1002 demanded 14499 clamped 4096
[kinematics-ws] K clamp binds: eid 1001 demanded 29589 clamped 4096
[kinematics-ws] K clamp binds: eid 1002 demanded 14503 clamped 4096
[kinematics-ws] K clamp binds: eid 1001 demanded 29581 clamped 4096
[kinematics-ws] K clamp binds: eid 1003 demanded 7103 clamped 4096
[kinematics-ws] K clamp binds: eid 1003 demanded 7103 clamped 4096
[kinematics-ws] K clamp binds: eid 1002 demanded 14515 clamped 4096
[kinematics-ws] K clamp binds: eid 1001 demanded 29614 clamped 4096
[kinematics-ws] K clamp binds: eid 1001 demanded 29577 clamped 4096
[kinematics-ws] K clamp binds: eid 1002 demanded 14498 clamped 4096
[kinematics-ws] K clamp binds: eid 1003 demanded 7110 clamped 4096
[kinematics-ws] K clamp binds: eid 1002 demanded 14505 clamped 4096
[kinematics-ws] K clamp binds: eid 1003 demanded 7098 clamped 4096
[kinematics-ws] K clamp binds: eid 1001 demanded 29573 clamped 4096
[kinematics-ws] K clamp binds: eid 1001 demanded 29576 clamped 4096
[kinematics-ws] K clamp binds: eid 1003 demanded 7117 clamped 4096
[kinematics-ws] K clamp binds: eid 1002 demanded 14504 clamped 4096
[kinematics-ws] K clamp binds: eid 1003 demanded 7106 clamped 4096
[kinematics-ws] K clamp binds: eid 1002 demanded 14508 clamped 4096
[kinematics-ws] K clamp binds: eid 1001 demanded 29582 clamped 4096
[kinematics-ws] K clamp binds: eid 1003 demanded 7105 clamped 4096
[kinematics-ws] K clamp binds: eid 1002 demanded 14500 clamped 4096
[kinematics-ws] K clamp binds: eid 1001 demanded 29625 clamped 4096
[kinematics-ws] K clamp binds: eid 1001 demanded 29618 clamped 4096
[kinematics-ws] K clamp binds: eid 1002 demanded 14520 clamped 4096
[kinematics-ws] K clamp binds: eid 1003 demanded 7122 clamped 4096
[kinematics-ws] K clamp binds: eid[kinematics-ws] K clamp binds: eid  1002 1001 demandeddemanded  29587 14515 clampedclamped  40964096

[kinematics-ws] K clamp binds: eid 1003 demanded 7119 clamped 4096
[kinematics-ws] K clamp binds: eid 1001 demanded 29605 clamped 4096
[kinematics-ws] K clamp binds: eid 1003 demanded 7108 clamped 4096
[kinematics-ws] K clamp binds: eid 1002 demanded 14509 clamped 4096
[kinematics-ws] K clamp binds: eid 1003 demanded 7112 clamped 4096
[kinematics-ws] K clamp binds: eid 1001 demanded 29649 clamped 4096
[kinematics-ws] K clamp binds: eid 1002 demanded 14514 clamped 4096
[kinematics-ws] K clamp binds: eid 1002 demanded 14522 clamped 4096
[kinematics-ws] K clamp binds: eid 1001 demanded 29637 clamped 4096
[kinematics-ws] K clamp binds: eid 1003 demanded 7124 clamped 4096
[kinematics-ws] K clamp binds: eid 1001 demanded 29632 clamped 4096
[kinematics-ws] K clamp binds: eid 1002 demanded 14527 clamped 4096
[kinematics-ws] K clamp binds: eid 1003 demanded 7131 clamped 4096
[kinematics-ws] K clamp binds: eid 1001 demanded 29647 clamped 4096
[kinematics-ws] K clamp binds: eid 1003 demanded 7133 clamped 4096
[kinematics-ws] K clamp binds: eid 1002 demanded 14526 clamped 4096
[kinematics-ws] K clamp binds: eid 1001 demanded 29658 clamped 4096
[kinematics-ws] K clamp binds: eid 1003 demanded 7131 clamped 4096
[kinematics-ws] K clamp binds: eid 1002 demanded 14521 clamped 4096
[kinematics-ws] K clamp binds: eid 1003 demanded 7128 clamped 4096
[kinematics-ws] K clamp binds: eid 1001 demanded 29606 clamped 4096
[kinematics-ws] K clamp binds: eid 1002 demanded 14516 clamped 4096
[kinematics-ws] K clamp binds: eid 1003 demanded 7127 clamped 4096
[kinematics-ws] K clamp binds: eid 1002 demanded 14523 clamped 4096
[kinematics-ws] K clamp binds: eid 1001 demanded 29633 clamped 4096
[kinematics-ws] K clamp binds: eid 1003 demanded 7127 clamped 4096
[kinematics-ws] K clamp binds: eid 1002 demanded 14538 clamped 4096
[kinematics-ws] K clamp binds: eid 1001 demanded 29608 clamped 4096
[kinematics-ws] K clamp binds: eid 1003 demanded 7129 clamped 4096
[kinematics-ws] K clamp binds: eid 1002 demanded 14526 clamped 4096
[kinematics-ws] K clamp binds: eid 1001 demanded 29662 clamped 4096
[kinematics-ws] K clamp binds: eid 1001 demanded 29651 clamped 4096
[kinematics-ws] K clamp binds: eid 1002 demanded 14514 clamped 4096
[kinematics-ws] K clamp binds: eid 1003 demanded 7132 clamped 4096
[kinematics-ws] K clamp binds: eid 1001 demanded 29640 clamped 4096
[kinematics-ws] K clamp binds: eid 1002 demanded 14536 clamped 4096
[kinematics-ws] K clamp binds: eid 1003 demanded 7135 clamped 4096
[kinematics-ws] K clamp binds: eid 1001 demanded 29646 clamped 4096
[kinematics-ws] K clamp binds: eid 1002 demanded 14511 clamped 4096
[kinematics-ws] K clamp binds: eid 1003 demanded 7137 clamped 4096
[kinematics-ws] K clamp binds: eid 1002 demanded 14537 clamped 4096
[kinematics-ws] K clamp binds: eid 1001 demanded 29669 clamped 4096
[kinematics-ws] K clamp binds: eid 1003 demanded 7133 clamped 4096
[kinematics-ws] K clamp binds: eid 1002 demanded 14519 clamped 4096
[kinematics-ws] K clamp binds: eid 1001 demanded 29666 clamped 4096
[kinematics-ws] K clamp binds: eid 1003 demanded 7125 clamped 4096
[kinematics-ws] K clamp binds: eid 1001 demanded 29617 clamped 4096
[kinematics-ws] K clamp binds: eid 1003 demanded 7119 clamped 4096
[kinematics-ws] K clamp binds: eid 1002 demanded 14527 clamped 4096
[kinematics-ws] K clamp binds: eid 1003 demanded 7125 clamped 4096
[kinematics-ws] K clamp binds: eid 1002 demanded 14546 clamped 4096
[kinematics-ws] K clamp binds: eid 1001 demanded 29673 clamped 4096
[kinematics-ws] K clamp binds: eid 1001 demanded 29627 clamped 4096
[kinematics-ws] K clamp binds: eid 1003 demanded 7134 clamped 4096
[kinematics-ws] K clamp binds: eid 1002 demanded 14538 clamped 4096
[kinematics-ws] K clamp binds: eid 1002 demanded 14530 clamped 4096
[kinematics-ws] K clamp binds: eid 1001 demanded 29641 clamped 4096
[kinematics-ws] K clamp binds: eid 1003 demanded 7125 clamped 4096
[kinematics-ws] K clamp binds: eid 1003 demanded 7117 clamped 4096
[kinematics-ws] K clamp binds: eid 1001 demanded 29674 clamped 4096
[kinematics-ws] K clamp binds: eid 1002 demanded 14532 clamped 4096
[kinematics-ws] K clamp binds: eid 1001 demanded 29685 clamped 4096
[kinematics-ws] K clamp binds: eid 1002 demanded 14536 clamped 4096
[kinematics-ws] K clamp binds: eid 1003 demanded 7130 clamped 4096
[kinematics-ws] K clamp binds: eid 1002 demanded 14537 clamped 4096
[kinematics-ws] K clamp binds: eid 1003 demanded 7123 clamped 4096
[kinematics-ws] K clamp binds: eid 1001 demanded 29673 clamped 4096
[kinematics-ws] K clamp binds: eid 1002 demanded 14535 clamped 4096
[kinematics-ws] K clamp binds: eid 1001 demanded 29644 clamped 4096
[kinematics-ws] K clamp binds: eid 1003 demanded 7118 clamped 4096
[kinematics-ws] K clamp binds: eid 1003 demanded 7130 clamped 4096
[kinematics-ws] K clamp binds: eid 1002 demanded 14534 clamped 4096
[kinematics-ws] K clamp binds: eid 1001 demanded 29661 clamped 4096
[kinematics-ws] K clamp binds: eid 1001 demanded 29683 clamped 4096
[kinematics-ws] K clamp binds: eid 1003 demanded 7115 clamped 4096
[kinematics-ws] K clamp binds: eid 1002 demanded 14544 clamped 4096
[kinematics-ws] K clamp binds: eid 1001 demanded 29651 clamped 4096
[kinematics-ws] K clamp binds: eid 1002 demanded 14561 clamped 4096
[kinematics-ws] K clamp binds: eid 1003 demanded 7131 clamped 4096
[kinematics-ws] K clamp binds: eid 1003 demanded 7116 clamped 4096
[kinematics-ws] K clamp binds: eid 1001 demanded 29660 clamped 4096
[kinematics-ws] K clamp binds: eid 1002 demanded 14551 clamped 4096
[kinematics-ws] K clamp binds: eid 1001 demanded 29703 clamped 4096
[kinematics-ws] K clamp binds: eid 1002 demanded 14529 clamped 4096
[kinematics-ws] K clamp binds: eid 1003 demanded 7132 clamped 4096
[kinematics-ws] K clamp binds: eid 1001 demanded 29709 clamped 4096
[kinematics-ws] K clamp binds: eid 1003 demanded 7117 clamped 4096
[kinematics-ws] K clamp binds: eid 1002 demanded 14557 clamped 4096
[kinematics-ws] K clamp binds: eid 1001 demanded 29711 clamped 4096
[kinematics-ws] K clamp binds: eid 1003 demanded 7132 clamped 4096
[kinematics-ws] K clamp binds: eid 1002 demanded 14535 clamped 4096
[kinematics-ws] K clamp binds: eid 1001 demanded 29714 clamped 4096
[kinematics-ws] K clamp binds: eid 1002 demanded 14552 clamped 4096
[kinematics-ws] K clamp binds: eid 1003 demanded 7126 clamped 4096
[kinematics-ws] K clamp binds: eid 1003 demanded 7124 clamped 4096
[kinematics-ws] K clamp binds: eid 1001 demanded 29692 clamped 4096
[kinematics-ws] K clamp binds: eid 1002 demanded 14533 clamped 4096
[kinematics-ws] K clamp binds: eid 1001 demanded 29663 clamped 4096
[kinematics-ws] K clamp binds: eid 1003 demanded 7138 clamped 4096
[kinematics-ws] K clamp binds: eid 1002 demanded 14563 clamped 4096
[kinematics-ws] K clamp binds: eid 1002 demanded 14541 clamped 4096
[kinematics-ws] K clamp binds: eid 1003 demanded 7129 clamped 4096
[kinematics-ws] K clamp binds: eid 1001 demanded 29707 clamped 4096
[kinematics-ws] K clamp binds: eid 1002 demanded 14543 clamped 4096
[kinematics-ws] K clamp binds: eid 1003 demanded 7127 clamped 4096
[kinematics-ws] K clamp binds: eid 1001 demanded 29663 clamped 4096
[kinematics-ws] K clamp binds: eid 1001 demanded 29702 clamped 4096
[kinematics-ws] K clamp binds: eid 1002 demanded 14568 clamped 4096
[kinematics-ws] K clamp binds: eid 1003 demanded 7140 clamped 4096
[kinematics-ws] K clamp binds: eid 1003 demanded 7144 clamped 4096
[kinematics-ws] K clamp binds: eid 1002 demanded 14576 clamped 4096
[kinematics-ws] K clamp binds: eid 1001 demanded 29719 clamped 4096
[kinematics-ws] K clamp binds: eid 1001 demanded 29713 clamped 4096
[kinematics-ws] K clamp binds: eid 1003 demanded 7138 clamped 4096
[kinematics-ws] K clamp binds: eid 1002 demanded 14572 clamped 4096
[kinematics-ws] K clamp binds: eid 1003 demanded 7133 clamped 4096
[kinematics-ws] K clamp binds: eid 1001 demanded 29713 clamped 4096
[kinematics-ws] K clamp binds: eid 1002 demanded 14567 clamped 4096
[kinematics-ws] K clamp binds: eid 1001 demanded 29724 clamped 4096
[kinematics-ws] K clamp binds: eid 1002 demanded 14567 clamped 4096
[kinematics-ws] K clamp binds: eid 1003 demanded 7136 clamped 4096
[kinematics-ws] K clamp binds: eid 1003 demanded 7142 clamped 4096
[kinematics-ws] K clamp binds: eid 1001 demanded 29725 clamped 4096
[kinematics-ws] K clamp binds: eid 1002 demanded 14571 clamped 4096
[kinematics-ws] K clamp binds: eid 1001 demanded 29690 clamped 4096
[kinematics-ws] K clamp binds: eid 1003 demanded 7148 clamped 4096
[kinematics-ws] K clamp binds: eid 1002 demanded 14578 clamped 4096
[kinematics-ws] K clamp binds: eid 1001 demanded 29713 clamped 4096
[kinematics-ws] K clamp binds: eid 1003 demanded 7152 clamped 4096
[kinematics-ws] K clamp binds: eid 1002 demanded 14582 clamped 4096
[kinematics-ws] K clamp binds: eid 1002 demanded 14570 clamped 4096
[kinematics-ws] K clamp binds: eid 1001 demanded 29693 clamped 4096
[kinematics-ws] K clamp binds: eid 1003 demanded 7154 clamped 4096
[kinematics-ws] K clamp binds: eid 1003 demanded 7154 clamped 4096
[kinematics-ws] K clamp binds: eid 1001 demanded 29729 clamped 4096
[kinematics-ws] K clamp binds: eid 1002 demanded 14553 clamped 4096
[kinematics-ws] K clamp binds: eid 1001 demanded 29719 clamped 4096
[kinematics-ws] K clamp binds: eid 1003 demanded 7154 clamped 4096
[kinematics-ws] K clamp binds: eid 1002 demanded 14567 clamped 4096
[kinematics-ws] K clamp binds: eid 1002 demanded 14572 clamped 4096
[kinematics-ws] K clamp binds: eid 1001 demanded 29710 clamped 4096
[kinematics-ws] K clamp binds: eid 1003 demanded 7153 clamped 4096
[kinematics-ws] K clamp binds: eid 1002 demanded 14551 clamped 4096
[kinematics-ws] K clamp binds: eid 1001 demanded 29711 clamped 4096
[kinematics-ws] K clamp binds: eid 1003 demanded 7151 clamped 4096
[kinematics-ws] K clamp binds: eid 1003 demanded 7147 clamped 4096
[kinematics-ws] K clamp binds: eid 1001 demanded 29717 clamped 4096
[kinematics-ws] K clamp binds: eid 1002 demanded 14577 clamped 4096
[kinematics-ws] K clamp binds: eid 1001 demanded 29738 clamped 4096
[kinematics-ws] K clamp binds: eid 1002 demanded 14551 clamped 4096
[kinematics-ws] K clamp binds: eid 1003 demanded 7143 clamped 4096
[kinematics-ws] K clamp binds: eid 1003 demanded 7141 clamped 4096
[kinematics-ws] K clamp binds: eid 1001 demanded 29740 clamped 4096
[kinematics-ws] K clamp binds: eid 1002 demanded 14576 clamped 4096
[kinematics-ws] K clamp binds: eid 1003 demanded 7146 clamped 4096
[kinematics-ws] K clamp binds: eid 1001 demanded 29704 clamped 4096
[kinematics-ws] K clamp binds: eid 1002 demanded 14568 clamped 4096
[kinematics-ws] K clamp binds: eid 1001 demanded 29745 clamped 4096
[kinematics-ws] K clamp binds: eid 1003 demanded 7153 clamped 4096
[kinematics-ws] K clamp binds: eid 1002 demanded 14560 clamped 4096
[kinematics-ws] K clamp binds: eid 1002 demanded 14583 clamped 4096
[kinematics-ws] K clamp binds: eid 1001 demanded 29717 clamped 4096
[kinematics-ws] K clamp binds: eid 1003 demanded 7152 clamped 4096
[kinematics-ws] K clamp binds: eid 1003 demanded 7142 clamped 4096
[kinematics-ws] K clamp binds: eid 1001 demanded 29720 clamped 4096
[kinematics-ws] K clamp binds: eid 1002 demanded 14591 clamped 4096
[kinematics-ws] K clamp binds: eid 1002 demanded 14583 clamped 4096
[kinematics-ws] K clamp binds: eid 1003 demanded 7140 clamped 4096
[kinematics-ws] K clamp binds: eid 1001 demanded 29747 clamped 4096
[kinematics-ws] K clamp binds: eid 1002 demanded 14577 clamped 4096
[kinematics-ws] K clamp binds: eid 1003 demanded 7151 clamped 4096
[kinematics-ws] K clamp binds: eid 1001 demanded 29759 clamped 4096
[kinematics-ws] K clamp binds: eid 1001 demanded 29755 clamped 4096
[kinematics-ws] K clamp binds: eid 1003 demanded 7146 clamped 4096
[kinematics-ws] K clamp binds: eid 1002 demanded 14575 clamped 4096
[kinematics-ws] K clamp binds: eid 1003 demanded 7137 clamped 4096
[kinematics-ws] K clamp binds: eid 1002 demanded 14575 clamped 4096
[kinematics-ws] K clamp binds: eid 1001 demanded 29735 clamped 4096
[kinematics-ws] K clamp binds: eid 1001 demanded 29731 clamped 4096
[kinematics-ws] K clamp binds: eid 1003 demanded 7150 clamped 4096
[kinematics-ws] K clamp binds: eid 1002 demanded 14578 clamped 4096
[kinematics-ws] K clamp binds: eid 1001 demanded 29766 clamped 4096
[kinematics-ws] K clamp binds: eid 1003 demanded 7140 clamped 4096
[kinematics-ws] K clamp binds: eid 1002 demanded 14584 clamped 4096
[kinematics-ws] K clamp binds: eid 1002 demanded 14597 clamped 4096
[kinematics-ws] K clamp binds: eid 1003 demanded 7142 clamped 4096
[kinematics-ws] K clamp binds: eid 1001 demanded 29724 clamped 4096
[kinematics-ws] K clamp binds: eid 1002 demanded 14602 clamped 4096
[kinematics-ws] K clamp binds: eid 1001 demanded 29768 clamped 4096
[kinematics-ws] K clamp binds: eid 1003 demanded 7146 clamped 4096
[kinematics-ws] K clamp binds: eid 1002 demanded 14582 clamped 4096
[kinematics-ws] K clamp binds: eid 1003 demanded 7138 clamped 4096
[kinematics-ws] K clamp binds: eid 1001 demanded 29741 clamped 4096
[kinematics-ws] K clamp binds: eid 1001 demanded 29738 clamped 4096
[kinematics-ws] K clamp binds: eid 1003 demanded 7149 clamped 4096
[kinematics-ws] K clamp binds: eid 1002 demanded 14573 clamped 4096
[kinematics-ws] K clamp binds: eid 1003 demanded 7139 clamped 4096
[kinematics-ws] K clamp binds: eid 1001 demanded 29754 clamped 4096
[kinematics-ws] K clamp binds: eid 1002 demanded 14598 clamped 4096
[kinematics-ws] K clamp binds: eid 1001 demanded 29759 clamped 4096
[kinematics-ws] K clamp binds: eid 1002 demanded 14575 clamped 4096
[kinematics-ws] K clamp binds: eid 1003 demanded 7148 clamped 4096
[kinematics-ws] K clamp binds: eid 1001 demanded 29749 clamped 4096
[kinematics-ws] K clamp binds: eid 1003 demanded 7145 clamped 4096
[kinematics-ws] K clamp binds: eid 1002 demanded 14587 clamped 4096
[kinematics-ws] K clamp binds: eid 1001 demanded 29747 clamped 4096
[kinematics-ws] K clamp binds: eid 1003 demanded 7143 clamped 4096
[kinematics-ws] K clamp binds: eid 1002 demanded 14580 clamped 4096
[kinematics-ws] K clamp binds: eid 1001 demanded 29785 clamped 4096
[kinematics-ws] K clamp binds: eid 1003 demanded 7154 clamped 4096
[kinematics-ws] K clamp binds: eid 1002 demanded 14594 clamped 4096
[kinematics-ws] K clamp binds: eid 1002 demanded 14574 clamped 4096
[kinematics-ws] K clamp binds: eid [kinematics-ws] K clamp binds: eid 1003 demanded 7143 1001clamped  demanded 409629760 clamped 
4096
[kinematics-ws] K clamp binds: eid 1002 demanded 14602 clamped 4096
[kinematics-ws] K clamp binds: eid 1003 demanded 7151 clamped 4096
[kinematics-ws] K clamp binds: eid 1001 demanded 29768 clamped 4096
[kinematics-ws] K clamp binds: eid 1002 demanded 14599 clamped 4096
[kinematics-ws] K clamp binds: eid 1003 demanded 7159 clamped 4096
[kinematics-ws] K clamp binds: eid 1001 demanded 29750 clamped 4096
[kinematics-ws] K clamp binds: eid[kinematics-ws] K clamp binds: eid  10021003 demanded  demanded 714914583 clamped 4096
 clamped 4096
[kinematics-ws] K clamp binds: eid 1001 demanded 29797 clamped 4096
[kinematics-ws] K clamp binds: eid 1003 demanded 7150 clamped 4096
[kinematics-ws] K clamp binds: eid 1001 demanded 29798 clamped 4096
[kinematics-ws] K clamp binds: eid 1002 demanded 14590 clamped 4096
[kinematics-ws] K clamp binds: eid 1002 demanded 14605 clamped 4096
[kinematics-ws] K clamp binds: eid 1003 demanded 7161 clamped 4096
[kinematics-ws] K clamp binds: eid 1001 demanded 29789 clamped 4096
[kinematics-ws] K clamp binds: eid 1003 demanded 7165 clamped 4096
[kinematics-ws] K clamp binds: eid 1001 demanded 29791 clamped 4096
[kinematics-ws] K clamp binds: eid 1002 demanded 14615 clamped 4096
[kinematics-ws] K clamp binds: eid 1001 demanded 29804 clamped 4096
[kinematics-ws] K clamp binds: eid 1002 demanded 14619 clamped 4096
[kinematics-ws] K clamp binds: eid 1003 demanded 7160 clamped 4096
[kinematics-ws] K clamp binds: eid 1001 demanded 29808 clamped 4096
[kinematics-ws] K clamp binds: eid 1002 demanded 14619 clamped 4096
[kinematics-ws] K clamp binds: eid 1003 demanded 7155 clamped 4096
[kinematics-ws] K clamp binds: eid [kinematics-ws] K clamp binds: eid 1003 demanded 7156 clamped 10024096 demanded 14616 clamped 
4096
[kinematics-ws] K clamp binds: eid 1001 demanded 29770 clamped 4096
[kinematics-ws] K clamp binds: eid 1002 demanded 14607 clamped 4096
[kinematics-ws] K clamp binds: eid 1003 demanded 7160 clamped 4096
[kinematics-ws] K clamp binds: eid 1001 demanded 29788 clamped 4096
[kinematics-ws] K clamp binds: eid 1002 demanded 14596 clamped 4096
[kinematics-ws] K clamp binds: eid 1003 demanded 7165 clamped 4096
[kinematics-ws] K clamp binds: eid 1001 demanded 29779 clamped 4096
[kinematics-ws] K clamp binds: eid 1003 demanded 7168 clamped 4096
[kinematics-ws] K clamp binds: eid 1002 demanded 14598 clamped 4096
[kinematics-ws] K clamp binds: eid 1001 demanded 29806 clamped 4096
[kinematics-ws] K clamp binds: eid 1002 demanded 14616 clamped 4096
[kinematics-ws] K clamp binds: eid 1003 demanded 7171 clamped 4096
[kinematics-ws] K clamp binds: eid 1001 demanded 29776 clamped 4096
[kinematics-ws] K clamp binds: eid 1001 demanded 29781 clamped 4096
[kinematics-ws] K clamp binds: eid 1002 demanded 14612 clamped 4096
[kinematics-ws] K clamp binds: eid 1003 demanded 7172 clamped 4096
[kinematics-ws] K clamp binds: eid 1001 demanded 29796 clamped 4096
[kinematics-ws] K clamp binds: eid 1002 demanded 14590 clamped 4096
[kinematics-ws] K clamp binds: eid 1003 demanded 7171 clamped 4096
[kinematics-ws] K clamp binds: eid 1001 demanded 29798 clamped 4096
[kinematics-ws] K clamp binds: eid 1002 demanded 14615 clamped 4096
[kinematics-ws] K clamp binds: eid 1003 demanded 7170 clamped 4096
[kinematics-ws] K clamp binds: eid 1002 demanded 14595 clamped 4096
[kinematics-ws] K clamp binds: eid 1003 demanded 7168 clamped 4096
[kinematics-ws] K clamp binds: eid 1001 demanded 29786 clamped 4096
[kinematics-ws] K clamp binds: eid 1001 demanded 29790 clamped 4096
[kinematics-ws] K clamp binds: eid 1002 demanded 14611 clamped 4096
[kinematics-ws] K clamp binds: eid 1003 demanded 7164 clamped 4096
[kinematics-ws] K clamp binds: eid 1001 demanded 29829 clamped 4096
[kinematics-ws] K clamp binds: eid 1003 demanded 7161 clamped 4096
[kinematics-ws] K clamp binds: eid 1002 demanded 14595 clamped 4096
[kinematics-ws] K clamp binds: eid 1003 demanded 7162 clamped 4096
[kinematics-ws] K clamp binds: eid 1002 demanded 14620 clamped 4096
[kinematics-ws] K clamp binds: eid 1001 demanded 29792 clamped 4096
[kinematics-ws] K clamp binds: eid 1002 demanded 14598 clamped 4096
[kinematics-ws] K clamp binds: eid 1003 demanded 7167 clamped 4096
[kinematics-ws] K clamp binds: eid 1001 demanded 29815 clamped 4096
[kinematics-ws] K clamp binds: eid 1002 demanded 14609 clamped 4096
[kinematics-ws] K clamp binds: eid 1001 demanded 29785 clamped 4096
[kinematics-ws] K clamp binds: eid 1003 demanded 7174 clamped 4096
[kinematics-ws] K clamp binds: eid 1001 demanded 29835 clamped 4096
[kinematics-ws] K clamp binds: eid 1002 demanded 14629 clamped 4096
[kinematics-ws] K clamp binds: eid 1003 demanded 7174 clamped 4096
[kinematics-ws] K clamp binds: eid 1001 demanded 29838 clamped 4096
[kinematics-ws] K clamp binds: eid 1003 demanded 7164 clamped 4096
[kinematics-ws] K clamp binds: eid 1002 demanded 14621 clamped 4096
[kinematics-ws] K clamp binds: eid 1002 demanded 14610 clamped 4096
[kinematics-ws] K clamp binds: eid 1003 demanded 7159 clamped 4096
[kinematics-ws] K clamp binds: eid 1001 demanded 29826 clamped 4096
[kinematics-ws] K clamp binds: eid 1002 demanded 14609 clamped 4096
[kinematics-ws] K clamp binds: eid 1003 demanded 7169 clamped 4096
[kinematics-ws] K clamp binds: eid 1001 demanded 29825 clamped 4096
[kinematics-ws] K clamp binds: eid 1001 demanded 29836 clamped 4096
[kinematics-ws] K clamp binds: eid 1003 demanded 7171 clamped 4096
[kinematics-ws] K clamp binds: eid 1002 demanded 14614 clamped 4096
[kinematics-ws] K clamp binds: eid 1003 demanded 7158 clamped 4096
[kinematics-ws] K clamp binds: eid 1002 demanded 14617 clamped 4096
[kinematics-ws] K clamp binds: eid 1001 demanded 29852 clamped 4096
[kinematics-ws] K clamp binds: eid 1001 demanded 29830 clamped 4096
[kinematics-ws] K clamp binds: eid 1003 demanded 7164 clamped 4096
[kinematics-ws] K clamp binds: eid 1002 demanded 14616 clamped 4096
[kinematics-ws] K clamp binds: eid 1001 demanded 29804 clamped 4096
[kinematics-ws] K clamp binds: eid 1003 demanded 7170 clamped 4096
[kinematics-ws] K clamp binds: eid 1002 demanded 14613 clamped 4096
[kinematics-ws] K clamp binds: eid 1001 demanded 29847 clamped 4096
[kinematics-ws] K clamp binds: eid 1003 demanded 7156 clamped 4096
[kinematics-ws] K clamp binds: eid 1002 demanded 14613 clamped 4096
[kinematics-ws] K clamp binds: eid 1003 demanded 7168 clamped 4096
[kinematics-ws] K clamp binds: eid 1002 demanded 14624 clamped 4096
[kinematics-ws] K clamp binds: eid 1001 demanded 29807 clamped 4096
[kinematics-ws] K clamp binds: eid 1002 demanded 14642 clamped 4096
[kinematics-ws] K clamp binds: eid 1003 demanded 7161 clamped 4096
[kinematics-ws] K clamp binds: eid 1001 demanded 29831 clamped 4096
[kinematics-ws] K clamp binds: eid 1003 demanded 7163 clamped 4096
[kinematics-ws] K clamp binds: eid 1001 demanded 29860 clamped 4096
[kinematics-ws] K clamp binds: eid 1002 demanded 14635 clamped 4096
[kinematics-ws] K clamp binds: eid 1002 demanded 14608 clamped 4096
[kinematics-ws] K clamp binds: eid 1001 demanded 29852 clamped 4096
[kinematics-ws] K clamp binds: eid 1003 demanded 7165 clamped 4096
[kinematics-ws] K clamp binds: eid 1001 demanded 29846 clamped 4096
[kinematics-ws] K clamp binds: eid 1002 demanded 14629 clamped 4096
[kinematics-ws] K clamp binds: eid 1003 demanded 7161 clamped 4096
[kinematics-ws] K clamp binds: eid 1003 demanded 7166 clamped 4096
[kinematics-ws] K clamp binds: eid 1002 demanded 14631 clamped 4096
[kinematics-ws] K clamp binds: eid 1001 demanded 29851 clamped 4096
[kinematics-ws] K clamp binds: eid 1001 demanded 29864 clamped 4096
[kinematics-ws] K clamp binds: eid 1002 demanded 14610 clamped 4096
[kinematics-ws] K clamp binds: eid 1003 demanded 7164 clamped 4096
[kinematics-ws] K clamp binds: eid 1001 demanded 29865 clamped 4096
[kinematics-ws] K clamp binds: eid 1002 demanded 14638 clamped 4096
[kinematics-ws] K clamp binds: eid 1003 demanded 7163 clamped 4096
[kinematics-ws] K clamp binds: eid 1001 demanded 29829 clamped 4096
[kinematics-ws] K clamp binds: eid 1003 demanded 7172 clamped 4096
[kinematics-ws] K clamp binds: eid 1002 demanded 14611 clamped 4096
[kinematics-ws] K clamp binds: eid 1002 demanded 14633 clamped 4096
[kinematics-ws] K clamp binds: eid 1003 demanded 7160 clamped 4096
[kinematics-ws] K clamp binds: eid 1001 demanded 29849 clamped 4096
[kinematics-ws] K clamp binds: eid 1003 demanded 7174 clamped 4096
[kinematics-ws] K clamp binds: eid 1002 demanded 14633 clamped 4096
[kinematics-ws] K clamp binds: eid 1001 demanded 29840 clamped 4096
[kinematics-ws] K clamp binds: eid 1001 demanded 29861 clamped 4096
[kinematics-ws] K clamp binds: eid 1003 demanded 7169 clamped 4096
[kinematics-ws] K clamp binds: eid 1002 demanded 14614 clamped 4096
[kinematics-ws] K clamp binds: eid 1001 demanded 29832 clamped 4096
[kinematics-ws] K clamp binds: eid 1002 demanded 14642 clamped 4096
[kinematics-ws] K clamp binds: eid 1003 demanded 7164 clamped 4096
[kinematics-ws] K clamp binds: eid 1002 demanded 14651 clamped 4096
[kinematics-ws] K clamp binds: eid 1001 demanded 29850 clamped 4096
[kinematics-ws] K clamp binds: eid 1003 demanded 7178 clamped 4096
[kinematics-ws] K clamp binds: eid 1002 demanded 14635 clamped 4096
[kinematics-ws] K clamp binds: eid 1003 demanded 7177 clamped 4096
[kinematics-ws] K clamp binds: eid 1001 demanded 29872 clamped 4096
[kinematics-ws] K clamp binds: eid 1003 demanded 7168 clamped 4096
[kinematics-ws] K clamp binds: eid 1001 demanded 29880 clamped 4096
[kinematics-ws] K clamp binds: eid 1002 demanded 14625 clamped 4096
[kinematics-ws] K clamp binds: eid 1002 demanded 14628 clamped 4096
[kinematics-ws] K clamp binds: eid 1003 demanded 7173 clamped 4096
[kinematics-ws] K clamp binds: eid 1001 demanded 29876 clamped 4096
[kinematics-ws] K clamp binds: eid 1003 demanded 7184 clamped 4096
[kinematics-ws] K clamp binds: eid 1002 demanded 14634 clamped 4096
[kinematics-ws] K clamp binds: eid 1001 demanded 29857 clamped 4096
[kinematics-ws] K clamp binds: eid 1001 demanded 29848 clamped 4096
[kinematics-ws] K clamp binds: eid 1002 demanded 14636 clamped 4096
[kinematics-ws] K clamp binds: eid 1003 demanded 7186 clamped 4096
[kinematics-ws] K clamp binds: eid 1002 demanded 14635 clamped 4096
[kinematics-ws] K clamp binds: eid 1001 demanded 29882 clamped 4096
[kinematics-ws] K clamp binds: eid 1003 demanded 7180 clamped 4096
[kinematics-ws] K clamp binds: eid 1002 demanded 14630 clamped 4096
[kinematics-ws] K clamp binds: eid 1003 demanded 7176 clamped 4096
[kinematics-ws] K clamp binds: eid 1001 demanded 29857 clamped 4096
[kinematics-ws] K clamp binds: eid 1003 demanded 7176 clamped 4096
[kinematics-ws] K clamp binds: eid 1002 demanded 14630 clamped 4096
[kinematics-ws] K clamp binds: eid 1001 demanded 29871 clamped 4096
[kinematics-ws] K clamp binds: eid 1002 demanded 14643 clamped 4096
[kinematics-ws] K clamp binds: eid 1003 demanded 7179 clamped 4096
[kinematics-ws] K clamp binds: eid 1001 demanded 29851 clamped 4096
[kinematics-ws] K clamp binds: eid 1003 demanded 7184 clamped 4096
[kinematics-ws] K clamp binds: eid 1001 demanded 29891 clamped 4096
[kinematics-ws] K clamp binds: eid 1002 demanded 14664 clamped 4096
[kinematics-ws] K clamp binds: eid 1001 demanded 29889 clamped 4096
[kinematics-ws] K clamp binds: eid 1003 demanded 7188 clamped 4096
[kinematics-ws] K clamp binds: eid 1002 demanded 14658 clamped 4096
[kinematics-ws] K clamp binds: eid 1002 demanded 14626 clamped 4096
[kinematics-ws] K clamp binds: eid 1001 demanded 29876 clamped 4096
[kinematics-ws] K clamp binds: eid 1003 demanded 7190 clamped 4096
[kinematics-ws] K clamp binds: eid[kinematics-ws] K clamp binds: eid  10011002 demanded  14646 demanded clamped 29874 clamped 40964096

[kinematics-ws] K clamp binds: eid 1003 demanded 7191 clamped 4096
[kinematics-ws] K clamp binds: eid 1001 demanded 29878 clamped 4096
[kinematics-ws] K clamp binds: eid 1002 demanded 14656 clamped 4096
[kinematics-ws] K clamp binds: eid 1003 demanded 7191 clamped 4096
[kinematics-ws] K clamp binds: eid 1001 demanded 29894 clamped 4096
[kinematics-ws] K clamp binds: eid 1003 demanded 7190 clamped 4096
[kinematics-ws] K clamp binds: eid 1002 demanded 14624 clamped 4096
[kinematics-ws] K clamp binds: eid 1001 demanded 29908 clamped 4096
[kinematics-ws] K clamp binds: eid 1002 demanded 14664 clamped 4096
[kinematics-ws] K clamp binds: eid 1003 demanded 7188 clamped 4096
[kinematics-ws] K clamp binds: eid 1001 demanded 29878 clamped 4096
[kinematics-ws] K clamp binds: eid 1002 demanded 14624 clamped 4096
[kinematics-ws] K clamp binds: eid 1003 demanded 7185 clamped 4096
[kinematics-ws] K clamp binds: eid 1001 demanded 29878 clamped 4096
[kinematics-ws] K clamp binds: eid 1002 demanded 14664 clamped 4096
[kinematics-ws] K clamp binds: eid 1003 demanded 7182 clamped 4096
[kinematics-ws] K clamp binds: eid 1001 demanded 29893 clamped 4096
[kinematics-ws] K clamp binds: eid 1002 demanded 14636 clamped 4096
[kinematics-ws] K clamp binds: eid 1003 demanded 7180 clamped 4096
[kinematics-ws] K clamp binds: eid 1002 demanded 14643 clamped 4096
[kinematics-ws] K clamp binds: eid 1003 demanded 7184 clamped 4096
[kinematics-ws] K clamp binds: eid 1001 demanded 29887 clamped 4096
[kinematics-ws] K clamp binds: eid 1001 demanded 29873 clamped 4096
[kinematics-ws] K clamp binds: eid 1002 demanded 14672 clamped 4096
[kinematics-ws] K clamp binds: eid 1003 demanded 7191 clamped 4096
[kinematics-ws] K clamp binds: eid 1002 demanded 14647 clamped 4096
[kinematics-ws] K clamp binds: eid 1003 demanded 7196 clamped 4096
[kinematics-ws] K clamp binds: eid 1001 demanded 29908 clamped 4096
[kinematics-ws] K clamp binds: eid 1002 demanded 14637 clamped 4096
[kinematics-ws] K clamp binds: eid 1003 demanded 7191 clamped 4096
[kinematics-ws] K clamp binds: eid 1001 demanded 29922 clamped 4096
[kinematics-ws] K clamp binds: eid 1001 demanded 29923 clamped 4096
[kinematics-ws] K clamp binds: eid 1002 demanded 14658 clamped 4096
[kinematics-ws] K clamp binds: eid 1003 demanded 7181 clamped 4096
[kinematics-ws] K clamp binds: eid 1001 demanded 29925 clamped 4096
[kinematics-ws] K clamp binds: eid 1002 demanded 14677 clamped 4096
[kinematics-ws] K clamp binds: eid 1003 demanded 7180 clamped 4096
[kinematics-ws] K clamp binds: eid 1002 demanded 14685 clamped 4096
[kinematics-ws] K clamp binds: eid 1001 demanded 29926 clamped 4096
[kinematics-ws] K clamp binds: eid 1003 demanded 7191 clamped 4096
[kinematics-ws] K clamp binds: eid 1003 demanded 7190 clamped 4096
[kinematics-ws] K clamp binds: eid 1001 demanded 29913 clamped 4096
[kinematics-ws] K clamp binds: eid 1002 demanded 14685 clamped 4096
[kinematics-ws] K clamp binds: eid 1003 demanded 7177 clamped 4096
[kinematics-ws] K clamp binds: eid 1002 demanded 14685 clamped 4096
[kinematics-ws] K clamp binds: eid 1001 demanded 29890 clamped 4096
[kinematics-ws] K clamp binds: eid 1001 demanded 29912 clamped 4096
[kinematics-ws] K clamp binds: eid 1002 demanded 14686 clamped 4096
[kinematics-ws] K clamp binds: eid 1003 demanded 7184 clamped 4096
[kinematics-ws] K clamp binds: eid 1001 demanded 29903 clamped 4096
[kinematics-ws] K clamp binds: eid 1003 demanded 7191 clamped 4096
[kinematics-ws] K clamp binds: eid 1002 demanded 14687 clamped 4096
[kinematics-ws] K clamp binds: eid 1001 demanded 29909 clamped 4096
[kinematics-ws] K clamp binds: eid 1003 demanded 7176 clamped 4096
[kinematics-ws] K clamp binds: eid 1002 demanded 14682 clamped 4096
[kinematics-ws] K clamp binds: eid 1001 demanded 29895 clamped 4096
[kinematics-ws] K clamp binds: eid 1003 demanded 7187 clamped 4096
[kinematics-ws] K clamp binds: eid 1002 demanded 14667 clamped 4096
[kinematics-ws] K clamp binds: eid 1001 demanded 29927 clamped 4096
[kinematics-ws] K clamp binds: eid 1002 demanded 14651 clamped 4096
[kinematics-ws] K clamp binds: eid 1003 demanded 7185 clamped 4096
[kinematics-ws] K clamp binds: eid 1001 demanded 29930 clamped 4096
[kinematics-ws] K clamp binds: eid 1002 demanded 14659 clamped 4096
[kinematics-ws] K clamp binds: eid 1003 demanded 7177 clamped 4096
[kinematics-ws] K clamp binds: eid 1001 demanded 29922 clamped 4096
[kinematics-ws] K clamp binds: eid 1002 demanded 14682 clamped 4096
[kinematics-ws] K clamp binds: eid 1003 demanded 7191 clamped 4096
[kinematics-ws] K clamp binds: eid 1001 demanded 29920 clamped 4096
[kinematics-ws] K clamp binds: eid 1002 demanded 14663 clamped 4096
[kinematics-ws] K clamp binds: eid 1003 demanded 7175 clamped 4096
[kinematics-ws] K clamp binds: eid 1001 demanded 29924 clamped 4096
[kinematics-ws] K clamp binds: eid 1002 demanded 14651 clamped 4096
[kinematics-ws] K clamp binds: eid 1003 demanded 7191 clamped 4096
[kinematics-ws] K clamp binds: eid 1002 demanded 14681 clamped 4096
[kinematics-ws] K clamp binds: eid 1003 demanded 7175 clamped 4096
[kinematics-ws] K clamp binds: eid 1001 demanded 29934 clamped 4096
[kinematics-ws] K clamp binds: eid 1003 demanded 7192 clamped 4096
[kinematics-ws] K clamp binds: eid 1001 demanded 29943 clamped 4096
[kinematics-ws] K clamp binds: eid 1002 demanded 14647 clamped 4096
[kinematics-ws] K clamp binds: eid 1001 demanded 29921 clamped 4096
[kinematics-ws] K clamp binds: eid 1003 demanded 7176 clamped 4096
[kinematics-ws] K clamp binds: eid 1002 demanded 14679 clamped 4096
[kinematics-ws] K clamp binds: eid 1003 demanded 7192 clamped 4096
[kinematics-ws] K clamp binds: eid 1002 demanded 14648 clamped 4096
[kinematics-ws] K clamp binds: eid 1001 demanded 29916 clamped 4096
[kinematics-ws] K clamp binds: eid 1002 demanded 14683 clamped 4096
[kinematics-ws] K clamp binds: eid 1003 demanded 7182 clamped 4096
[kinematics-ws] K clamp binds: eid 1001 demanded 29935 clamped 4096
[kinematics-ws] K clamp binds: eid[kinematics-ws] K clamp binds: eid  10021001  demanded 14654 demanded 29917 clamped clamped 40964096

[kinematics-ws] K clamp binds: eid 1003 demanded 7186 clamped 4096
[kinematics-ws] K clamp binds: eid 1001 demanded 29926 clamped 4096
[kinematics-ws] K clamp binds: eid 1002 demanded 14669 clamped 4096
[kinematics-ws] K clamp binds: eid 1003 demanded 7194 clamped 4096
[kinematics-ws] K clamp binds: eid 1001 demanded 29949 clamped 4096
[kinematics-ws] K clamp binds: eid 1003 demanded 7181 clamped 4096
[kinematics-ws] K clamp binds: eid 1002 demanded 14688 clamped 4096
[kinematics-ws] K clamp binds: eid 1003 demanded 7193 clamped 4096
[kinematics-ws] K clamp binds: eid 1002 demanded 14665 clamped 4096
[kinematics-ws] K clamp binds: eid 1001 demanded 29941 clamped 4096
[kinematics-ws] K clamp binds: eid 1003 demanded 7197 clamped 4096
[kinematics-ws] K clamp binds: eid 1002 demanded 14662 clamped 4096
[kinematics-ws] K clamp binds: eid 1001 demanded 29934 clamped 4096
[kinematics-ws] K clamp binds: eid 1003 demanded 7185 clamped 4096
[kinematics-ws] K clamp binds: eid 1002 demanded 14682 clamped 4096
[kinematics-ws] K clamp binds: eid 1001 demanded 29933 clamped 4096
[kinematics-ws] K clamp binds: eid[kinematics-ws] K clamp binds: eid  1001 1002demanded demanded 14698 clamped  29936 clamped 40964096

[kinematics-ws] K clamp binds: eid 1003 demanded 7192 clamped 4096
[kinematics-ws] K clamp binds: eid 1002 demanded 14701 clamped 4096
[kinematics-ws] K clamp binds: eid 1003 demanded 7203 clamped 4096
[kinematics-ws] K clamp binds: eid 1001 demanded 29945 clamped 4096
[kinematics-ws] K clamp binds: eid 1001 demanded 29962 clamped 4096
[kinematics-ws] K clamp binds: eid 1003 demanded 7198 clamped 4096
[kinematics-ws] K clamp binds: eid 1002 demanded 14698 clamped 4096
[kinematics-ws] K clamp binds: eid 1003 demanded 7190 clamped 4096
[kinematics-ws] K clamp binds: eid 1001 demanded 29952 clamped 4096
[kinematics-ws] K clamp binds: eid 1002 demanded 14697 clamped 4096
[kinematics-ws] K clamp binds: eid 1002 demanded 14697 clamped 4096
[kinematics-ws] K clamp binds: eid 1003 demanded 7194 clamped 4096
[kinematics-ws] K clamp binds: eid 1001 demanded 29928 clamped 4096
[kinematics-ws] K clamp binds: eid 1001 demanded 29960 clamped 4096
[kinematics-ws] K clamp binds: eid 1003 demanded 7204 clamped 4096
[kinematics-ws] K clamp binds: eid 1002 demanded 14701 clamped 4096
[kinematics-ws] K clamp binds: eid 1002 demanded 14704 clamped 4096
[kinematics-ws] K clamp binds: eid 1001 demanded 29928 clamped 4096
[kinematics-ws] K clamp binds: eid 1003 demanded 7210 clamped 4096
[kinematics-ws] K clamp binds: eid 1001 demanded 29960 clamped 4096
[kinematics-ws] K clamp binds: eid 1003 demanded 7208 clamped 4096
[kinematics-ws] K clamp binds: eid 1002 demanded 14700 clamped 4096
[kinematics-ws] K clamp binds: eid 1003 demanded 7204 clamped 4096
[kinematics-ws] K clamp binds: eid 1001 demanded 29958 clamped 4096
[kinematics-ws] K clamp binds: eid 1002 demanded 14686 clamped 4096
[kinematics-ws] K clamp binds: eid 1003 demanded 7199 clamped 4096
[kinematics-ws] K clamp binds: eid 1002 demanded 14673 clamped 4096
[kinematics-ws] K clamp binds: eid 1001 demanded 29942 clamped 4096
[kinematics-ws] K clamp binds: eid 1001 demanded 29948 clamped 4096
[kinematics-ws] K clamp binds: eid 1002 demanded 14683 clamped 4096
[kinematics-ws] K clamp binds: eid 1003 demanded 7198 clamped 4096
[kinematics-ws] K clamp binds: eid 1001 demanded 29956 clamped 4096
[kinematics-ws] K clamp binds: eid 1002 demanded 14700 clamped 4096
[kinematics-ws] K clamp binds: eid 1003 demanded 7198 clamped 4096
[kinematics-ws] K clamp binds: eid 1003 demanded 7198 clamped 4096
[kinematics-ws] K clamp binds: eid 1002 demanded 14678 clamped 4096
[kinematics-ws] K clamp binds: eid 1001 demanded 29956 clamped 4096
[kinematics-ws] K clamp binds: eid 1001 demanded 29950 clamped 4096
[kinematics-ws] K clamp binds: eid 1003 demanded 7199 clamped 4096
[kinematics-ws] K clamp binds: eid 1002 demanded 14678 clamped 4096
[kinematics-ws] K clamp binds: eid 1001 demanded 29953 clamped 4096
[kinematics-ws] K clamp binds: eid 1002 demanded 14696 clamped 4096
[kinematics-ws] K clamp binds: eid 1003 demanded 7200 clamped 4096
[kinematics-ws] K clamp binds: eid 1003 demanded 7199 clamped 4096
[kinematics-ws] K clamp binds: eid[kinematics-ws] K clamp binds: eid  10011002 demanded  demanded 14669 29980 clamped clamped 40964096

[kinematics-ws] K clamp binds: eid 1001 demanded 29974 clamped 4096
[kinematics-ws] K clamp binds: eid 1002 demanded 14698 clamped 4096
[kinematics-ws] K clamp binds: eid 1003 demanded 7199 clamped 4096
[kinematics-ws] K clamp binds: eid 1001 demanded 29946 clamped 4096
[kinematics-ws] K clamp binds: eid 1003 demanded 7198 clamped 4096
[kinematics-ws] K clamp binds: eid 1002 demanded 14670 clamped 4096
[kinematics-ws] K clamp binds: eid 1002 demanded 14699 clamped 4096
[kinematics-ws] K clamp binds: eid 1003 demanded 7200 clamped 4096
[kinematics-ws] K clamp binds: eid 1001 demanded 29983 clamped 4096
[kinematics-ws] K clamp binds: eid 1001 demanded 29951 clamped 4096
[kinematics-ws] K clamp binds: eid 1002 demanded 14679 clamped 4096
[kinematics-ws] K clamp binds: eid 1003 demanded 7204 clamped 4096
[kinematics-ws] K clamp binds: eid 1001 demanded 29968 clamped 4096
[kinematics-ws] K clamp binds: eid 1002 demanded 14686 clamped 4096
[kinematics-ws] K clamp binds: eid 1003 demanded 7210 clamped 4096
[kinematics-ws] K clamp binds: eid 1001 demanded 29995 clamped 4096
[kinematics-ws] K clamp binds: eid 1003 demanded 7217 clamped 4096
[kinematics-ws] K clamp binds: eid 1002 demanded 14705 clamped 4096
[kinematics-ws] K clamp binds: eid 1002 demanded 14686 clamped 4096
[kinematics-ws] K clamp binds: eid 1001 demanded 29982 clamped 4096
[kinematics-ws] K clamp binds: eid 1003 demanded 7218 clamped 4096
[kinematics-ws] K clamp binds: eid 1003 demanded 7210 clamped 4096
[kinematics-ws] K clamp binds: eid 1001 demanded 29970 clamped 4096
[kinematics-ws] K clamp binds: eid 1002 demanded 14684 clamped 4096
[kinematics-ws] K clamp binds: eid 1003 demanded 7199 clamped 4096
[kinematics-ws] K clamp binds: eid 1002 demanded 14703 clamped 4096
[kinematics-ws] K clamp binds: eid 1001 demanded 29969 clamped 4096
[kinematics-ws] K clamp binds: eid 1001 demanded 29971 clamped 4096
[kinematics-ws] K clamp binds: eid 1002 demanded 14715 clamped 4096
[kinematics-ws] K clamp binds: eid 1003 demanded 7198 clamped 4096
[kinematics-ws] K clamp binds: eid 1003 demanded 7211 clamped 4096
[kinematics-ws] K clamp binds: eid 1002 demanded 14713 clamped 4096
[kinematics-ws] K clamp binds: eid 1001 demanded 29982 clamped 4096
[kinematics-ws] K clamp binds: eid 1001 demanded 30004 clamped 4096
[kinematics-ws] K clamp binds: eid 1002 demanded 14707 clamped 4096
[kinematics-ws] K clamp binds: eid 1003 demanded 7216 clamped 4096
[kinematics-ws] K clamp binds: eid 1001 demanded 30001 clamped 4096
[kinematics-ws] K clamp binds: eid 1003 demanded 7202 clamped 4096
[kinematics-ws] K clamp binds: eid 1002 demanded 14702 clamped 4096
[kinematics-ws] K clamp binds: eid 1002 demanded 14701 clamped 4096
[kinematics-ws] K clamp binds: eid 1001 demanded 29963 clamped 4096
[kinematics-ws] K clamp binds: eid 1003 demanded 7196 clamped 4096
[kinematics-ws] K clamp binds: eid 1002 demanded 14702 clamped 4096
[kinematics-ws] K clamp binds: eid [kinematics-ws] K clamp binds: eid 1003 1001 demanded 7212 demanded clamped30000  clamped 40964096

[kinematics-ws] K clamp binds: eid 1001 demanded 29969 clamped 4096
[kinematics-ws] K clamp binds: eid 1002 demanded 14706 clamped 4096
[kinematics-ws] K clamp binds: eid 1003 demanded 7209 clamped 4096
[kinematics-ws] K clamp binds: eid 1001 demanded 30006 clamped 4096
[kinematics-ws] K clamp binds: eid 1002 demanded 14713 clamped 4096
[kinematics-ws] K clamp binds: eid 1003 demanded 7194 clamped 4096
[kinematics-ws] K clamp binds: eid 1003 demanded 7210 clamped 4096
[kinematics-ws] K clamp binds: eid 1002 demanded 14721 clamped 4096
[kinematics-ws] K clamp binds: eid 1001 demanded 29969 clamped 4096
[kinematics-ws] K clamp binds: eid 1001 demanded 29990 clamped 4096
[kinematics-ws] K clamp binds: eid 1003 demanded 7206 clamped 4096
[kinematics-ws] K clamp binds: eid 1002 demanded 14720 clamped 4096
[kinematics-ws] K clamp binds: eid 1002 demanded 14704 clamped 4096
[kinematics-ws] K clamp binds: eid 1001 demanded 30019 clamped 4096
[kinematics-ws] K clamp binds: eid 1003 demanded 7194 clamped 4096
[kinematics-ws] K clamp binds: eid 1001 demanded 30024 clamped 4096
[kinematics-ws] K clamp binds: eid 1003 demanded 7213 clamped 4096
[kinematics-ws] K clamp binds: eid 1002 demanded 14693 clamped 4096
[kinematics-ws] K clamp binds: eid 1002 demanded 14709 clamped 4096
[kinematics-ws] K clamp binds: eid 1003 demanded 7194 clamped 4096
[kinematics-ws] K clamp binds: eid 1001 demanded 30022 clamped 4096
[kinematics-ws] K clamp binds: eid 1003 demanded 7208 clamped 4096
[kinematics-ws] K clamp binds: eid 1002 demanded 14716 clamped 4096
[kinematics-ws] K clamp binds: eid 1001 demanded 30024 clamped 4096
[kinematics-ws] K clamp binds: eid 1001 demanded 30028 clamped 4096
[kinematics-ws] K clamp binds: eid 1003 demanded 7201 clamped 4096
[kinematics-ws] K clamp binds: eid 1002 demanded 14691 clamped 4096
[kinematics-ws] K clamp binds: eid 1001 demanded 30019 clamped 4096
[kinematics-ws] K clamp binds: eid 1002 demanded 14710 clamped 4096
[kinematics-ws] K clamp binds: eid 1003 demanded 7203 clamped 4096
[kinematics-ws] K clamp binds: eid 1001 demanded 29993 clamped 4096
[kinematics-ws] K clamp binds: eid 1002 demanded 14704 clamped 4096
[kinematics-ws] K clamp binds: eid 1003 demanded 7204 clamped 4096
[kinematics-ws] K clamp binds: eid 1002 demanded 14699 clamped 4096
[kinematics-ws] K clamp binds: eid 1003 demanded 7203 clamped 4096
[kinematics-ws] K clamp binds: eid 1001 demanded 30000 clamped 4096
[kinematics-ws] K clamp binds: eid 1001 demanded 30018 clamped 4096
[kinematics-ws] K clamp binds: eid 1002 demanded 14709 clamped 4096
[kinematics-ws] K clamp binds: eid 1003 demanded 7203 clamped 4096
[kinematics-ws] K clamp binds: eid 1002 demanded 14701 clamped 4096
[kinematics-ws] K clamp binds: eid 1001 demanded 29987 clamped 4096
[kinematics-ws] K clamp binds: eid 1003 demanded 7208 clamped 4096
[kinematics-ws] K clamp binds: eid 1001 demanded 30020 clamped 4096
[kinematics-ws] K clamp binds: eid 1003 demanded 7199 clamped 4096
[kinematics-ws] K clamp binds: eid 1002 demanded 14703 clamped 4096
[kinematics-ws] K clamp binds: eid 1001 demanded 30003 clamped 4096
[kinematics-ws] K clamp binds: eid 1003 demanded 7215 clamped 4096
[kinematics-ws] K clamp binds: eid 1002 demanded 14717 clamped 4096
[kinematics-ws] K clamp binds: eid 1003 demanded 7196 clamped 4096
[kinematics-ws] K clamp binds: eid 1002 demanded 14695 clamped 4096
[kinematics-ws] K clamp binds: eid 1001 demanded 29999 clamped 4096
[kinematics-ws] K clamp binds: eid 1003 demanded 7214 clamped 4096
[kinematics-ws] K clamp binds: eid 1002 demanded 14717 clamped 4096
[kinematics-ws] K clamp binds: eid 1001 demanded 30028 clamped 4096
[kinematics-ws] K clamp binds: eid 1001 demanded 30039 clamped 4096
[kinematics-ws] K clamp binds: eid 1002 demanded 14723 clamped 4096
[kinematics-ws] K clamp binds: eid 1003 demanded 7209 clamped 4096
[kinematics-ws] K clamp binds: eid 1001 demanded 30037 clamped 4096
[kinematics-ws] K clamp binds: eid 1003 demanded 7201 clamped 4096
[kinematics-ws] K clamp binds: eid 1002 demanded 14706 clamped 4096
[kinematics-ws] K clamp binds: eid 1003 demanded 7220 clamped 4096
[kinematics-ws] K clamp binds: eid 1001 demanded 30037 clamped 4096
[kinematics-ws] K clamp binds: eid 1002 demanded 14706 clamped 4096
[kinematics-ws] K clamp binds: eid 1003 demanded 7212 clamped 4096
[kinematics-ws] K clamp binds: eid 1001 demanded 30041 clamped 4096
[kinematics-ws] K clamp binds: eid 1002 demanded 14722 clamped 4096
[kinematics-ws] K clamp binds: eid 1003 demanded 7203 clamped 4096
[kinematics-ws] K clamp binds: eid 1002 demanded 14734 clamped 4096
[kinematics-ws] K clamp binds: eid 1001 demanded 30043 clamped 4096
[kinematics-ws] K clamp binds: eid 1002 demanded 14737 clamped 4096
[kinematics-ws] K clamp binds: eid 1001 demanded 30032 clamped 4096
[kinematics-ws] K clamp binds: eid 1003 demanded 7218 clamped 4096
[kinematics-ws] K clamp binds: eid 1001 demanded 30012 clamped 4096
[kinematics-ws] K clamp binds: eid 1003 demanded 7224 clamped 4096
[kinematics-ws] K clamp binds: eid 1002 demanded 14735 clamped 4096
[kinematics-ws] K clamp binds: eid 1001 demanded 30029 clamped 4096
[kinematics-ws] K clamp binds: eid 1003 demanded 7211 clamped 4096
[kinematics-ws] K clamp binds: eid 1002 demanded 14734 clamped 4096
[kinematics-ws] K clamp binds: eid 1001 demanded 30026 clamped 4096
[kinematics-ws] K clamp binds: eid 1002 demanded 14733 clamped 4096
[kinematics-ws] K clamp binds: eid 1003 demanded 7207 clamped 4096
[kinematics-ws] K clamp binds: eid 1002 demanded 14735 clamped 4096
[kinematics-ws] K clamp binds: eid 1003 demanded 7219 clamped 4096
[kinematics-ws] K clamp binds: eid 1001 demanded 30019 clamped 4096
[kinematics-ws] K clamp binds: eid 1001 demanded 30026 clamped 4096
[kinematics-ws] K clamp binds: eid 1002 demanded 14738 clamped 4096
[kinematics-ws] K clamp binds: eid 1003 demanded 7229 clamped 4096
[kinematics-ws] K clamp binds: eid 1003 demanded 7227 clamped 4096
[kinematics-ws] K clamp binds: eid 1001 demanded 30038 clamped 4096
[kinematics-ws] K clamp binds: eid 1002 demanded 14740 clamped 4096
[kinematics-ws] K clamp binds: eid 1001 demanded 30020 clamped 4096
[kinematics-ws] K clamp binds: eid 1003 demanded 7219 clamped 4096
[kinematics-ws] K clamp binds: eid 1002 demanded 14736 clamped 4096
[kinematics-ws] K clamp binds: eid 1002 demanded 14724 clamped 4096
[kinematics-ws] K clamp binds: eid 1003 demanded 7213 clamped 4096
[kinematics-ws] K clamp binds: eid 1001 demanded 30031 clamped 4096
[kinematics-ws] K clamp binds: eid 1001 demanded 30049 clamped 4096
[kinematics-ws] K clamp binds: eid 1002 demanded 14716 clamped 4096
[kinematics-ws] K clamp binds: eid 1003 demanded 7214 clamped 4096
[kinematics-ws] K clamp binds: eid 1002 demanded 14726 clamped 4096
[kinematics-ws] K clamp binds: eid 1003 demanded 7219 clamped 4096
[kinematics-ws] K clamp binds: eid 1001 demanded 30057 clamped 4096
[kinematics-ws] K clamp binds: eid 1002 demanded 14736 clamped 4096
[kinematics-ws] K clamp binds: eid 1001 demanded 30060 clamped 4096
[kinematics-ws] K clamp binds: eid 1003 demanded 7225 clamped 4096
[kinematics-ws] K clamp binds: eid 1002 demanded 14720 clamped 4096
[kinematics-ws] K clamp binds: eid 1001 demanded 30058 clamped 4096
[kinematics-ws] K clamp binds: eid 1003 demanded 7230 clamped 4096
[kinematics-ws] K clamp binds: eid 1001 demanded 30049 clamped 4096
[kinematics-ws] K clamp binds: eid 1003 demanded 7234 clamped 4096
[kinematics-ws] K clamp binds: eid 1002 demanded 14718 clamped 4096
[kinematics-ws] K clamp binds: eid 1001 demanded 30036 clamped 4096
[kinematics-ws] K clamp binds: eid 1003 demanded 7236 clamped 4096
[kinematics-ws] K clamp binds: eid 1002 demanded 14734 clamped 4096
[kinematics-ws] K clamp binds: eid 1001 demanded 30042 clamped 4096
[kinematics-ws] K clamp binds: eid 1003 demanded 7237 clamped 4096
[kinematics-ws] K clamp binds: eid 1002 demanded 14713 clamped 4096
[kinematics-ws] K clamp binds: eid 1001 demanded 30057 clamped 4096
[kinematics-ws] K clamp binds: eid 1003 demanded 7237 clamped 4096
[kinematics-ws] K clamp binds: eid 1002 demanded 14731 clamped 4096
[kinematics-ws] K clamp binds: eid 1001 demanded 30033 clamped 4096
[kinematics-ws] K clamp binds: eid 1002 demanded 14717 clamped 4096
[kinematics-ws] K clamp binds: eid 1003 demanded 7237 clamped 4096
[kinematics-ws] K clamp binds: eid 1002 demanded 14730 clamped 4096
[kinematics-ws] K clamp binds: eid 1001 demanded 30053 clamped 4096
[kinematics-ws] K clamp binds: eid 1003 demanded 7236 clamped 4096
[kinematics-ws] K clamp binds: eid 1001 demanded 30034 clamped 4096
[kinematics-ws] K clamp binds: eid 1003 demanded 7234 clamped 4096
[kinematics-ws] K clamp binds: eid 1002 demanded 14716 clamped 4096
[kinematics-ws] K clamp binds: eid 1002 demanded 14737 clamped 4096
[kinematics-ws] K clamp binds: eid 1001 demanded 30060 clamped 4096
[kinematics-ws] K clamp binds: eid 1003 demanded 7230 clamped 4096
[kinematics-ws] K clamp binds: eid 1001 demanded 30046 clamped 4096
[kinematics-ws] K clamp binds: eid 1002 demanded 14718 clamped 4096
[kinematics-ws] K clamp binds: eid 1003 demanded 7226 clamped 4096
[kinematics-ws] K clamp binds: eid 1002 demanded 14731 clamped 4096
[kinematics-ws] K clamp binds: eid 1003 demanded 7221 clamped 4096
[kinematics-ws] K clamp binds: eid 1001 demanded 30045 clamped 4096
[kinematics-ws] K clamp binds: eid 1001 demanded 30062 clamped 4096
[kinematics-ws] K clamp binds: eid 1002 demanded 14740 clamped 4096
[kinematics-ws] K clamp binds: eid 1003 demanded 7219 clamped 4096
[kinematics-ws] K clamp binds: eid 1003 demanded 7222 clamped 4096
[kinematics-ws] K clamp binds: eid 1001 demanded 30074 clamped 4096
[kinematics-ws] K clamp binds: eid 1002 demanded 14725 clamped 4096
[kinematics-ws] K clamp binds: eid 1001 demanded 30078 clamped 4096
[kinematics-ws] K clamp binds: eid 1002 demanded 14729 clamped 4096
[kinematics-ws] K clamp binds: eid 1003 demanded 7230 clamped 4096
[kinematics-ws] K clamp binds: eid 1001 demanded 30078 clamped 4096
[kinematics-ws] K clamp binds: eid 1002 demanded 14745 clamped 4096
[kinematics-ws] K clamp binds: eid 1003 demanded 7237 clamped 4096
[kinematics-ws] K clamp binds: eid 1003 demanded 7235 clamped 4096
[kinematics-ws] K clamp binds: eid 1001 demanded 30074 clamped 4096
[kinematics-ws] K clamp binds: eid 1002 demanded 14750 clamped 4096
[kinematics-ws] K clamp binds: eid 1002 demanded 14744 clamped 4096
[kinematics-ws] K clamp binds: eid 1003 demanded 7224 clamped 4096
[kinematics-ws] K clamp binds: eid 1001 demanded 30063 clamped 4096
[kinematics-ws] K clamp binds: eid 1001 demanded 30057 clamped 4096
[kinematics-ws] K clamp binds: eid 1002 demanded 14738 clamped 4096
[kinematics-ws] K clamp binds: eid 1003 demanded 7217 clamped 4096
[kinematics-ws] K clamp binds: eid 1002 demanded 14735 clamped 4096
[kinematics-ws] K clamp binds: eid 1001 demanded 30071 clamped 4096
[kinematics-ws] K clamp binds: eid 1003 demanded 7225 clamped 4096
[kinematics-ws] K clamp binds: eid 1001 demanded 30069 clamped 4096
[kinematics-ws] K clamp binds: eid 1002 demanded 14735 clamped 4096
[kinematics-ws] K clamp binds: eid 1003 demanded 7235 clamped 4096
[kinematics-ws] K clamp binds: eid 1002 demanded 14736 clamped 4096
[kinematics-ws] K clamp binds: eid 1001 demanded 30054 clamped 4096
[kinematics-ws] K clamp binds: eid 1003 demanded 7227 clamped 4096
[kinematics-ws] K clamp binds: eid 1003 demanded 7216 clamped 4096
[kinematics-ws] K clamp binds: eid 1002 demanded 14736 clamped 4096
[kinematics-ws] K clamp binds: eid 1001 demanded 30074 clamped 4096
[kinematics-ws] K clamp binds: eid 1003 demanded 7227 clamped 4096
[kinematics-ws] K clamp binds: eid 1002 demanded 14736 clamped 4096
[kinematics-ws] K clamp binds: eid 1001 demanded 30058 clamped 4096
[kinematics-ws] K clamp binds: eid 1001 demanded 30069 clamped 4096
[kinematics-ws] K clamp binds: eid 1002 demanded 14738 clamped 4096
[kinematics-ws] K clamp binds: eid 1003 demanded 7233 clamped 4096
[kinematics-ws] K clamp binds: eid 1002 demanded 14745 clamped 4096
[kinematics-ws] K clamp binds: eid 1003 demanded 7216 clamped 4096
[kinematics-ws] K clamp binds: eid 1001 demanded 30081 clamped 4096
[kinematics-ws] K clamp binds: eid 1002 demanded 14756 clamped 4096
[kinematics-ws] K clamp binds: eid 1001 demanded 30070 clamped 4096
[kinematics-ws] K clamp binds: eid 1003 demanded 7223 clamped 4096
[kinematics-ws] K clamp binds: eid 1001 demanded 30069 clamped 4096
[kinematics-ws] K clamp binds: eid 1003 demanded 7232 clamped 4096
[kinematics-ws] K clamp binds: eid 1002 demanded 14761 clamped 4096
[kinematics-ws] K clamp binds: eid 1001 demanded 30077 clamped 4096
[kinematics-ws] K clamp binds: eid 1002 demanded 14750 clamped 4096
[kinematics-ws] K clamp binds: eid 1003 demanded 7214 clamped 4096
[kinematics-ws] K clamp binds: eid 1002 demanded 14734 clamped 4096
[kinematics-ws] K clamp binds: eid 1003 demanded 7227 clamped 4096
[kinematics-ws] K clamp binds: eid 1001 demanded 30082 clamped 4096
[kinematics-ws] K clamp binds: eid 1001 demanded 30082 clamped 4096
[kinematics-ws] K clamp binds: eid 1003 demanded 7225 clamped 4096
[kinematics-ws] K clamp binds: eid 1002 demanded 14743 clamped 4096
[kinematics-ws] K clamp binds: eid 1001 demanded 30078 clamped 4096
[kinematics-ws] K clamp binds: eid 1002 demanded 14758 clamped 4096
[kinematics-ws] K clamp binds: eid 1003 demanded 7216 clamped 4096
[kinematics-ws] K clamp binds: eid 1001 demanded 30075 clamped 4096
[kinematics-ws] K clamp binds: eid 1002 demanded 14736 clamped 4096
[kinematics-ws] K clamp binds: eid 1003 demanded 7232 clamped 4096
[kinematics-ws] K clamp binds: eid 1002 demanded 14741 clamped 4096
[kinematics-ws] K clamp binds: eid 1001 demanded 30088 clamped 4096
[kinematics-ws] K clamp binds: eid 1003 demanded 7213 clamped 4096
[kinematics-ws] K clamp binds: eid 1002 demanded 14753 clamped 4096
[kinematics-ws] K clamp binds: eid 1001 demanded 30100 clamped 4096
[kinematics-ws] K clamp binds: eid 1003 demanded 7232 clamped 4096
[kinematics-ws] K clamp binds: eid 1002 demanded 14730 clamped 4096
[kinematics-ws] K clamp binds: eid 1001 demanded 30075 clamped 4096
[kinematics-ws] K clamp binds: eid 1003 demanded 7215 clamped 4096
[kinematics-ws] K clamp binds: eid 1001 demanded 30084 clamped 4096
[kinematics-ws] K clamp binds: eid 1003 demanded 7231 clamped 4096
[kinematics-ws] K clamp binds: eid 1002 demanded 14756 clamped 4096
[kinematics-ws] K clamp binds: eid 1001 demanded 30086 clamped 4096
[kinematics-ws] K clamp binds: eid 1002 demanded 14731 clamped 4096
[kinematics-ws] K clamp binds: eid 1003 demanded 7216 clamped 4096
[kinematics-ws] K clamp binds: eid 1002 demanded 14757 clamped 4096
[kinematics-ws] K clamp binds: eid 1003 demanded 7232 clamped 4096
[kinematics-ws] K clamp binds: eid 1001 demanded 30085 clamped 4096
[kinematics-ws] K clamp binds: eid 1001 demanded 30079 clamped 4096
[kinematics-ws] K clamp binds: eid 1003 demanded 7215 clamped 4096
[kinematics-ws] K clamp binds: eid 1002 demanded 14733 clamped 4096
[kinematics-ws] K clamp binds: eid 1003 demanded 7234 clamped 4096
[kinematics-ws] K clamp binds: eid 1002 demanded 14755 clamped 4096
[kinematics-ws] K clamp binds: eid 1001 demanded 30105 clamped 4096
[kinematics-ws] K clamp binds: eid 1003 demanded 7216 clamped 4096
[kinematics-ws] K clamp binds: eid 1001 demanded 30091 clamped 4096
[kinematics-ws] K clamp binds: eid 1002 demanded 14748 clamped 4096
[kinematics-ws] K clamp binds: eid 1001 demanded 30084 clamped 4096
[kinematics-ws] K clamp binds: eid 1003 demanded 7233 clamped 4096
[kinematics-ws] K clamp binds: eid 1002 demanded 14739 clamped 4096
[kinematics-ws] K clamp binds: eid 1002 demanded 14763 clamped 4096
[kinematics-ws] K clamp binds: eid 1003 demanded 7224 clamped 4096
[kinematics-ws] K clamp binds: eid 1001 demanded 30094 clamped 4096
[kinematics-ws] K clamp binds: eid 1002 demanded 14756 clamped 4096
[kinematics-ws] K clamp binds: eid 1001 demanded 30104 clamped 4096
[kinematics-ws] K clamp binds: eid 1003 demanded 7223 clamped 4096
[kinematics-ws] K clamp binds: eid 1002 demanded 14742 clamped 4096
[kinematics-ws] K clamp binds: eid 1003 demanded 7237 clamped 4096
[kinematics-ws] K clamp binds: eid 1001 demanded 30108 clamped 4096
[kinematics-ws] K clamp binds: eid 1003 demanded 7221 clamped 4096
[kinematics-ws] K clamp binds: eid 1002 demanded 14754 clamped 4096
[kinematics-ws] K clamp binds: eid 1001 demanded 30105 clamped 4096
[kinematics-ws] K clamp binds: eid 1001 demanded 30096 clamped 4096
[kinematics-ws] K clamp binds: eid 1003 demanded 7230 clamped 4096
[kinematics-ws] K clamp binds: eid 1002 demanded 14770 clamped 4096
[kinematics-ws] K clamp binds: eid 1002 demanded 14773 clamped 4096
[kinematics-ws] K clamp binds: eid 1003 demanded 7239 clamped 4096
[kinematics-ws] K clamp binds: eid 1001 demanded 30092 clamped 4096
[kinematics-ws] K clamp binds: eid 1001 demanded 30110 clamped 4096
[kinematics-ws] K clamp binds: eid 1003 demanded 7224 clamped 4096
[kinematics-ws] K clamp binds: eid 1002 demanded 14766 clamped 4096
[kinematics-ws] K clamp binds: eid 1003 demanded 7230 clamped 4096
[kinematics-ws] K clamp binds: eid 1001 demanded 30121 clamped 4096
[kinematics-ws] K clamp binds: eid 1002 demanded 14759 clamped 4096
[kinematics-ws] K clamp binds: eid[kinematics-ws] K clamp binds: eid  1001 1002 demanded demanded 3008914755  clampedclamped  40964096

[kinematics-ws] K clamp binds: eid 1003 demanded 7243 clamped 4096
[kinematics-ws] K clamp binds: eid 1001 demanded 30112 clamped 4096
[kinematics-ws] K clamp binds: eid 1003 demanded 7235 clamped 4096
[kinematics-ws] K clamp binds: eid 1002 demanded 14754 clamped 4096
[kinematics-ws] K clamp binds: eid 1002 demanded 14754 clamped 4096
[kinematics-ws] K clamp binds: eid 1001 demanded 30098 clamped 4096
[kinematics-ws] K clamp binds: eid 1003 demanded 7226 clamped 4096
[kinematics-ws] K clamp binds: eid 1001 demanded 30114 clamped 4096
[kinematics-ws] K clamp binds: eid 1002 demanded 14755 clamped 4096
[kinematics-ws] K clamp binds: eid 1003 demanded 7236 clamped 4096
[kinematics-ws] K clamp binds: eid 1001 demanded 30092 clamped 4096
[kinematics-ws] K clamp binds: eid 1003 demanded 7247 clamped 4096
[kinematics-ws] K clamp binds: eid 1002 demanded 14756 clamped 4096
[kinematics-ws] K clamp binds: eid 1001 demanded 30125 clamped 4096
[kinematics-ws] K clamp binds: eid 1002 demanded 14761 clamped 4096
[kinematics-ws] K clamp binds: eid 1003 demanded 7244 clamped 4096
[kinematics-ws] K clamp binds: eid 1001 demanded 30120 clamped 4096
[kinematics-ws] K clamp binds: eid 1002 demanded 14770 clamped 4096
[kinematics-ws] K clamp binds: eid 1003 demanded 7234 clamped 4096
[kinematics-ws] K clamp binds: eid 1002 demanded 14780 clamped 4096
[kinematics-ws] K clamp binds: eid 1001 demanded 30103 clamped 4096
[kinematics-ws] K clamp binds: eid 1003 demanded 7231 clamped 4096
[kinematics-ws] K clamp binds: eid 1001 demanded 30106 clamped 4096
[kinematics-ws] K clamp binds: eid 1003 demanded 7238 clamped 4096
[kinematics-ws] K clamp binds: eid 1002 demanded 14781 clamped 4096
[kinematics-ws] K clamp binds: eid 1003 demanded 7247 clamped 4096
[kinematics-ws] K clamp binds: eid 1002 demanded 14766 clamped 4096
[kinematics-ws] K clamp binds: eid 1001 demanded 30117 clamped 4096
[kinematics-ws] K clamp binds: eid 1002 demanded 14752 clamped 4096
[kinematics-ws] K clamp binds: eid 1001 demanded 30122 clamped 4096
[kinematics-ws] K clamp binds: eid 1003 demanded 7252 clamped 4096
[kinematics-ws] K clamp binds: eid 1003 demanded 7252 clamped 4096
[kinematics-ws] K clamp binds: eid 1002 demanded 14765 clamped 4096
[kinematics-ws] K clamp binds: eid 1001 demanded 30120 clamped 4096
[kinematics-ws] K clamp binds: eid 1001 demanded 30112 clamped 4096
[kinematics-ws] K clamp binds: eid 1003 demanded 7248 clamped 4096
[kinematics-ws] K clamp binds: eid 1002 demanded 14779 clamped 4096
[kinematics-ws] K clamp binds: eid 1002 demanded 14756 clamped 4096
[kinematics-ws] K clamp binds: eid 1001 demanded 30110 clamped 4096
[kinematics-ws] K clamp binds: eid 1003 demanded 7244 clamped 4096
[kinematics-ws] K clamp binds: eid 1001 demanded 30129 clamped 4096
[kinematics-ws] K clamp binds: eid 1002 demanded 14758 clamped 4096
[kinematics-ws] K clamp binds: eid 1003 demanded 7240 clamped 4096
[kinematics-ws] K clamp binds: eid 1003 demanded 7238 clamped 4096
[kinematics-ws] K clamp binds: eid 1001 demanded 30146 clamped 4096
[kinematics-ws] K clamp binds: eid 1002 demanded 14777 clamped 4096
[kinematics-ws] K clamp binds: eid [kinematics-ws] K clamp binds: eid 10011003  demanded demanded 7237 clamped 30113 clamped 40964096

[kinematics-ws] K clamp binds: eid 1002 demanded 14749 clamped 4096
[kinematics-ws] K clamp binds: eid 1001 demanded 30121 clamped 4096
[kinematics-ws] K clamp binds: eid 1002 demanded 14774 clamped 4096
[kinematics-ws] K clamp binds: eid 1003 demanded 7237 clamped 4096
[kinematics-ws] K clamp binds: eid 1001 demanded 30133 clamped 4096
[kinematics-ws] K clamp binds: eid 1003 demanded 7237 clamped 4096
[kinematics-ws] K clamp binds: eid 1002 demanded 14755 clamped 4096
[kinematics-ws] K clamp binds: eid 1003 demanded 7237 clamped 4096
[kinematics-ws] K clamp binds: eid 1002 demanded 14771 clamped 4096
[kinematics-ws] K clamp binds: eid 1001 demanded 30115 clamped 4096
[kinematics-ws] K clamp binds: eid 1003 demanded 7238 clamped 4096
[kinematics-ws] K clamp binds: eid 1002 demanded 14755 clamped 4096
[kinematics-ws] K clamp binds: eid 1001 demanded 30127 clamped 4096
[kinematics-ws] K clamp binds: eid 1001 demanded 30141 clamped 4096
[kinematics-ws] K clamp binds: eid 1002 demanded 14777 clamped 4096
[kinematics-ws] K clamp binds: eid 1003 demanded 7238 clamped 4096
[kinematics-ws] K clamp binds: eid 1001 demanded 30112 clamped 4096
[kinematics-ws] K clamp binds: eid 1002 demanded 14752 clamped 4096
[kinematics-ws] K clamp binds: eid 1003 demanded 7239 clamped 4096
[kinematics-ws] K clamp binds: eid[kinematics-ws] K clamp binds: eid  10021001  demandeddemanded  14780 30132 clamped clamped 40964096

[kinematics-ws] K clamp binds: eid 1003 demanded 7241 clamped 4096
[kinematics-ws] K clamp binds: eid 1001 demanded 30157 clamped 4096
[kinematics-ws] K clamp binds: eid 1003 demanded 7245 clamped 4096
[kinematics-ws] K clamp binds: eid 1002 demanded 14766 clamped 4096
[kinematics-ws] K clamp binds: eid 1002 demanded 14760 clamped 4096
[kinematics-ws] K clamp binds: eid 1003 demanded 7251 clamped 4096
[kinematics-ws] K clamp binds: eid 1001 demanded 30161 clamped 4096
[kinematics-ws] K clamp binds: eid 1001 demanded 30156 clamped 4096
[kinematics-ws] K clamp binds: eid 1002 demanded 14785 clamped 4096
[kinematics-ws] K clamp binds: eid 1003 demanded 7256 clamped 4096
[kinematics-ws] K clamp binds: eid 1002 demanded 14778 clamped 4096
[kinematics-ws] K clamp binds: eid 1001 demanded 30155 clamped 4096
[kinematics-ws] K clamp binds: eid 1003 demanded 7259 clamped 4096
[kinematics-ws] K clamp binds: eid 1002 demanded 14762 clamped 4096
[kinematics-ws] K clamp binds: eid 1003 demanded 7257 clamped 4096
[kinematics-ws] K clamp binds: eid 1001 demanded 30158 clamped 4096
[kinematics-ws] K clamp binds: eid 1002 demanded 14772 clamped 4096
[kinematics-ws] K clamp binds: eid 1001 demanded 30164 clamped 4096
[kinematics-ws] K clamp binds: eid 1003 demanded 7248 clamped 4096
[kinematics-ws] K clamp binds: eid 1003 demanded 7239 clamped 4096
[kinematics-ws] K clamp binds: eid 1002 demanded 14790 clamped 4096
[kinematics-ws] K clamp binds: eid 1001 demanded 30164 clamped 4096
[kinematics-ws] K clamp binds: eid 1001 demanded 30145 clamped 4096
[kinematics-ws] K clamp binds: eid 1002 demanded 14795 clamped 4096
[kinematics-ws] K clamp binds: eid 1003 demanded 7238 clamped 4096
[kinematics-ws] K clamp binds: eid 1001 demanded 30129 clamped 4096
[kinematics-ws] K clamp binds: eid 1002 demanded 14789 clamped 4096
[kinematics-ws] K clamp binds: eid 1003 demanded 7248 clamped 4096
[kinematics-ws] K clamp binds: eid 1001 demanded 30155 clamped 4096
[kinematics-ws] K clamp binds: eid 1003 demanded 7257 clamped 4096
[kinematics-ws] K clamp binds: eid 1002 demanded 14781 clamped 4096
[kinematics-ws] K clamp binds: eid 1003 demanded 7253 clamped 4096
[kinematics-ws] K clamp binds: eid 1002 demanded 14775 clamped 4096
[kinematics-ws] K clamp binds: eid 1001 demanded 30146 clamped 4096
[kinematics-ws] K clamp binds: eid 1001 demanded 30134 clamped 4096
[kinematics-ws] K clamp binds: eid 1003 demanded 7239 clamped 4096
[kinematics-ws] K clamp binds: eid 1002 demanded 14773 clamped 4096
[kinematics-ws] K clamp binds: eid 1002 demanded 14773 clamped 4096
[kinematics-ws] K clamp binds: eid 1001 demanded 30154 clamped 4096
[kinematics-ws] K clamp binds: eid 1003 demanded 7238 clamped 4096
[kinematics-ws] K clamp binds: eid 1001 demanded 30140 clamped 4096
[kinematics-ws] K clamp binds: eid 1002 demanded 14773 clamped 4096
[kinematics-ws] K clamp binds: eid 1003 demanded 7253 clamped 4096
[kinematics-ws] K clamp binds: eid 1002 demanded 14775 clamped 4096
[kinematics-ws] K clamp binds: eid 1003 demanded 7253 clamped 4096
[kinematics-ws] K clamp binds: eid 1001 demanded 30142 clamped 4096
[kinematics-ws] K clamp binds: eid 1002 demanded 14778 clamped 4096
[kinematics-ws] K clamp binds: eid 1001 demanded 30167 clamped 4096
[kinematics-ws] K clamp binds: eid 1003 demanded 7236 clamped 4096
[kinematics-ws] K clamp binds: eid 1001 demanded 30146 clamped 4096
[kinematics-ws] K clamp binds: eid 1002 demanded 14785 clamped 4096
[kinematics-ws] K clamp binds: eid 1003 demanded 7240 clamped 4096
[kinematics-ws] K clamp binds: eid 1002 demanded 14796 clamped 4096
[kinematics-ws] K clamp binds: eid 1003 demanded 7255 clamped 4096
[kinematics-ws] K clamp binds: eid 1001 demanded 30141 clamped 4096
[kinematics-ws] K clamp binds: eid 1001 demanded 30158 clamped 4096
[kinematics-ws] K clamp binds: eid 1003 demanded 7241 clamped 4096
[kinematics-ws] K clamp binds: eid 1002 demanded 14804 clamped 4096
[kinematics-ws] K clamp binds: eid 1003 demanded 7236 clamped 4096
[kinematics-ws] K clamp binds: eid 1001 demanded 30173 clamped 4096
[kinematics-ws] K clamp binds: eid 1002 demanded 14798 clamped 4096
[kinematics-ws] K clamp binds: eid 1001 demanded 30179 clamped 4096
[kinematics-ws] K clamp binds: eid 1002 demanded 14779 clamped 4096
[kinematics-ws] K clamp binds: eid 1003 demanded 7254 clamped 4096
[kinematics-ws] K clamp binds: eid 1001 demanded 30180 clamped 4096
[kinematics-ws] K clamp binds: eid 1003 demanded 7239 clamped 4096
[kinematics-ws] K clamp binds: eid 1002 demanded 14772 clamped 4096
[kinematics-ws] K clamp binds: eid 1001 demanded 30176 clamped 4096
[kinematics-ws] K clamp binds: eid 1002 demanded 14792 clamped 4096
[kinematics-ws] K clamp binds: eid 1003 demanded 7239 clamped 4096
[kinematics-ws] K clamp binds: eid 1002 demanded 14799 clamped 4096
[kinematics-ws] K clamp binds: eid 1001 demanded 30165 clamped 4096
[kinematics-ws] K clamp binds: eid 1003 demanded 7253 clamped 4096
[kinematics-ws] K clamp binds: eid 1003 demanded 7233 clamped 4096
[kinematics-ws] K clamp binds: eid 1001 demanded 30152 clamped 4096
[kinematics-ws] K clamp binds: eid 1002 demanded 14772 clamped 4096
[kinematics-ws] K clamp binds: eid 1001 demanded 30160 clamped 4096
[kinematics-ws] K clamp binds: eid 1002 demanded 14782 clamped 4096
[kinematics-ws] K clamp binds: eid 1003 demanded 7250 clamped 4096
[kinematics-ws] K clamp binds: eid 1002 demanded 14797 clamped 4096
[kinematics-ws] K clamp binds: eid 1001 demanded 30182 clamped 4096
[kinematics-ws] K clamp binds: eid 1003 demanded 7241 clamped 4096
[kinematics-ws] K clamp binds: eid 1003 demanded 7239 clamped 4096
[kinematics-ws] K clamp binds: eid 1002 demanded 14768 clamped 4096
[kinematics-ws] K clamp binds: eid 1001 demanded 30161 clamped 4096
[kinematics-ws] K clamp binds: eid 1001 demanded 30155 clamped 4096
[kinematics-ws] K clamp binds: eid 1002 demanded 14795 clamped 4096
[kinematics-ws] K clamp binds: eid 1003 demanded 7250 clamped 4096
[kinematics-ws] K clamp binds: eid 1002 demanded 14776 clamped 4096
[kinematics-ws] K clamp binds: eid 1001 demanded 30177 clamped 4096
[kinematics-ws] K clamp binds: eid 1003 demanded 7234 clamped 4096
[kinematics-ws] K clamp binds: eid 1003 demanded 7253 clamped 4096
[kinematics-ws] K clamp binds: eid 1001 demanded 30150 clamped 4096
[kinematics-ws] K clamp binds: eid 1002 demanded 14787 clamped 4096
[kinematics-ws] K clamp binds: eid 1002 demanded 14781 clamped 4096
[kinematics-ws] K clamp binds: eid 1001 demanded 30176 clamped 4096
[kinematics-ws] K clamp binds: eid 1003 demanded 7233 clamped 4096
[kinematics-ws] K clamp binds: eid 1001 demanded 30166 clamped 4096
[kinematics-ws] K clamp binds: eid 1002 demanded 14789 clamped 4096
[kinematics-ws] K clamp binds: eid 1003 demanded 7254 clamped 4096
[kinematics-ws] K clamp binds: eid 1002 demanded 14776 clamped 4096
[kinematics-ws] K clamp binds: eid 1001 demanded 30157 clamped 4096
[kinematics-ws] K clamp binds: eid 1003 demanded 7233 clamped 4096
[kinematics-ws] K clamp binds: eid 1002 demanded 14799 clamped 4096
[kinematics-ws] K clamp binds: eid 1001 demanded 30187 clamped 4096
[kinematics-ws] K clamp binds: eid 1003 demanded 7254 clamped 4096
[kinematics-ws] K clamp binds: eid 1002 demanded 14771 clamped 4096
[kinematics-ws] K clamp binds: eid 1001 demanded 30188 clamped 4096
[kinematics-ws] K clamp binds: eid 1003 demanded 7235 clamped 4096
[kinematics-ws] K clamp binds: eid 1001 demanded 30174 clamped 4096
[kinematics-ws] K clamp binds: eid 1003 demanded 7251 clamped 4096
[kinematics-ws] K clamp binds: eid 1002 demanded 14799 clamped 4096
[kinematics-ws] K clamp binds: eid 1002 demanded 14793 clamped 4096
[kinematics-ws] K clamp binds: eid 1003 demanded 7242 clamped 4096
[kinematics-ws] K clamp binds: eid 1001 demanded 30168 clamped 4096
[kinematics-ws] K clamp binds: eid 1001 demanded 30169 clamped 4096
[kinematics-ws] K clamp binds: eid 1003 demanded 7244 clamped 4096
[kinematics-ws] K clamp binds: eid 1002 demanded 14776 clamped 4096
[kinematics-ws] K clamp binds: eid 1003 demanded 7253 clamped 4096
[kinematics-ws] K clamp binds: eid 1001 demanded 30171 clamped 4096
[kinematics-ws] K clamp binds: eid 1002 demanded 14800 clamped 4096
[kinematics-ws] K clamp binds: eid 1001 demanded 30170 clamped 4096
[kinematics-ws] K clamp binds: eid 1002 demanded 14807 clamped 4096
[kinematics-ws] K clamp binds: eid 1003 demanded 7236 clamped 4096
[kinematics-ws] K clamp binds: eid 1001 demanded 30171 clamped 4096
[kinematics-ws] K clamp binds: eid 1002 demanded 14788 clamped 4096
[kinematics-ws] K clamp binds: eid 1003 demanded 7257 clamped 4096
[kinematics-ws] K clamp binds: eid 1001 demanded 30182 clamped 4096
[kinematics-ws] K clamp binds: eid 1003 demanded 7244 clamped 4096
[kinematics-ws] K clamp binds: eid 1002 demanded 14783 clamped 4096
[kinematics-ws] K clamp binds: eid 1003 demanded 7243 clamped 4096
[kinematics-ws] K clamp binds: eid 1002 demanded 14799 clamped 4096
[kinematics-ws] K clamp binds: eid 1001 demanded 30203 clamped 4096
[kinematics-ws] K clamp binds: eid 1003 demanded 7260 clamped 4096
[kinematics-ws] K clamp binds: eid 1001 demanded 30200 clamped 4096
[kinematics-ws] K clamp binds: eid 1002 demanded 14814 clamped 4096
[kinematics-ws] K clamp binds: eid 1001 demanded 30168 clamped 4096
[kinematics-ws] K clamp binds: eid 1003 demanded 7244 clamped 4096
[kinematics-ws] K clamp binds: eid 1002 demanded 14817 clamped 4096
[kinematics-ws] K clamp binds: eid 1002 demanded 14812 clamped 4096
[kinematics-ws] K clamp binds: eid 1001 demanded 30187 clamped 4096
[kinematics-ws] K clamp binds: eid 1003 demanded 7246 clamped 4096
[kinematics-ws] K clamp binds: eid 1002 demanded 14805 clamped 4096
[kinematics-ws] K clamp binds: eid 1003 demanded 7263 clamped 4096
[kinematics-ws] K clamp binds: eid 1001 demanded 30192 clamped 4096
[kinematics-ws] K clamp binds: eid 1003 demanded 7251 clamped 4096
[kinematics-ws] K clamp binds: eid 1002 demanded 14800 clamped 4096
[kinematics-ws] K clamp binds: eid 1001 demanded 30170 clamped 4096
[kinematics-ws] K clamp binds: eid 1002 demanded 14798 clamped 4096
[kinematics-ws] K clamp binds: eid 1001 demanded 30197 clamped 4096
[kinematics-ws] K clamp binds: eid 1003 demanded 7243 clamped 4096
[kinematics-ws] K clamp binds: eid 1002 demanded 14797 clamped 4096
[kinematics-ws] K clamp binds: eid 1001 demanded 30178 clamped 4096
[kinematics-ws] K clamp binds: eid 1003 demanded 7260 clamped 4096
[kinematics-ws] K clamp binds: eid[kinematics-ws] K clamp binds: eid  1001 1002demanded 30182  clamped demanded 14798 clamped 40964096

[kinematics-ws] K clamp binds: eid 1003 demanded 7264 clamped 4096
[kinematics-ws] K clamp binds: eid 1001 demanded 30209 clamped 4096
[kinematics-ws] K clamp binds: eid 1003 demanded 7250 clamped 4096
[kinematics-ws] K clamp binds: eid 1002 demanded 14802 clamped 4096
[kinematics-ws] K clamp binds: eid 1003 demanded 7247 clamped 4096
[kinematics-ws] K clamp binds: eid 1002 demanded 14808 clamped 4096
[kinematics-ws] K clamp binds: eid 1001 demanded 30184 clamped 4096
[kinematics-ws] K clamp binds: eid 1002 demanded 14816 clamped 4096
[kinematics-ws] K clamp binds: eid 1001 demanded 30179 clamped 4096
[kinematics-ws] K clamp binds: eid 1003 demanded 7260 clamped 4096
[kinematics-ws] K clamp binds: eid 1002 demanded 14823 clamped 4096
[kinematics-ws] K clamp binds: eid 1001 demanded 30201 clamped 4096
[kinematics-ws] K clamp binds: eid 1003 demanded 7269 clamped 4096
[kinematics-ws] K clamp binds: eid 1002 demanded 14821 clamped 4096
[kinematics-ws] K clamp binds: eid 1003 demanded 7264 clamped 4096
[kinematics-ws] K clamp binds: eid 1001 demanded 30218 clamped 4096
[kinematics-ws] K clamp binds: eid 1002 demanded 14807 clamped 4096
[kinematics-ws] K clamp binds: eid 1001 demanded 30225 clamped 4096
[kinematics-ws] K clamp binds: eid 1003 demanded 7253 clamped 4096
[kinematics-ws] K clamp binds: eid 1001 demanded 30226 clamped 4096
[kinematics-ws] K clamp binds: eid 1003 demanded 7250 clamped 4096
[kinematics-ws] K clamp binds: eid 1002 demanded 14792 clamped 4096
[kinematics-ws] K clamp binds: eid 1003 demanded 7257 clamped 4096
[kinematics-ws] K clamp binds: eid 1002 demanded 14799 clamped 4096
[kinematics-ws] K clamp binds: eid 1001 demanded 30226 clamped 4096
[kinematics-ws] K clamp binds: eid 1002 demanded 14819 clamped 4096
[kinematics-ws] K clamp binds: eid 1003 demanded 7268 clamped 4096
[kinematics-ws] K clamp binds: eid 1001 demanded 30223 clamped 4096
[kinematics-ws] K clamp binds: eid 1001 demanded 30212 clamped 4096
[kinematics-ws] K clamp binds: eid 1002 demanded 14813 clamped 4096
[kinematics-ws] K clamp binds: eid 1003 demanded 7274 clamped 4096
[kinematics-ws] K clamp binds: eid 1001 demanded 30195 clamped 4096
[kinematics-ws] K clamp binds: eid 1002 demanded 14790 clamped 4096
[kinematics-ws] K clamp binds: eid 1003 demanded 7273 clamped 4096
[kinematics-ws] K clamp binds: eid 1001 demanded 30194 clamped 4096
[kinematics-ws] K clamp binds: eid 1002 demanded 14807 clamped 4096
[kinematics-ws] K clamp binds: eid 1003 demanded 7268 clamped 4096
[kinematics-ws] K clamp binds: eid 1002 demanded 14816 clamped 4096
[kinematics-ws] K clamp binds: eid 1001 demanded 30218 clamped 4096
[kinematics-ws] K clamp binds: eid 1003 demanded 7262 clamped 4096
[kinematics-ws] K clamp binds: eid 1002 demanded 14788 clamped 4096
[kinematics-ws] K clamp binds: eid 1001 demanded 30210 clamped 4096
[kinematics-ws] K clamp binds: eid 1003 demanded 7258 clamped 4096
[kinematics-ws] K clamp binds: eid 1001 demanded 30188 clamped 4096
[kinematics-ws] K clamp binds: eid 1003 demanded 7256 clamped 4096
[kinematics-ws] K clamp binds: eid 1002 demanded 14813 clamped 4096
[kinematics-ws] K clamp binds: eid 1003 demanded 7255 clamped 4096
[kinematics-ws] K clamp binds: eid 1001 demanded 30221 clamped 4096
[kinematics-ws] K clamp binds: eid 1002 demanded 14800 clamped 4096
[kinematics-ws] K clamp binds: eid 1001 demanded 30187 clamped 4096
[kinematics-ws] K clamp binds: eid 1002 demanded 14799 clamped 4096
[kinematics-ws] K clamp binds: eid 1003 demanded 7256 clamped 4096
[kinematics-ws] K clamp binds: eid 1001 demanded 30222 clamped 4096
[kinematics-ws] K clamp binds: eid 1002 demanded 14810 clamped 4096
[kinematics-ws] K clamp binds: eid 1003 demanded 7257 clamped 4096
[kinematics-ws] K clamp binds: eid 1001 demanded 30189 clamped 4096
[kinematics-ws] K clamp binds: eid 1002 demanded 14795 clamped 4096
[kinematics-ws] K clamp binds: eid 1003 demanded 7258 clamped 4096
[kinematics-ws] K clamp binds: eid 1003 demanded 7259 clamped 4096
[kinematics-ws] K clamp binds: eid 1001 demanded 30217 clamped 4096
[kinematics-ws] K clamp binds: eid 1002 demanded 14812 clamped 4096
[kinematics-ws] K clamp binds: eid 1003 demanded 7259 clamped 4096
[kinematics-ws] K clamp binds: eid 1002 demanded 14799 clamped 4096
[kinematics-ws] K clamp binds: eid 1001 demanded 30219 clamped 4096
[kinematics-ws] K clamp binds: eid 1001 demanded 30197 clamped 4096
[kinematics-ws] K clamp binds: eid 1003 demanded 7258 clamped 4096
[kinematics-ws] K clamp binds: eid 1002 demanded 14805 clamped 4096
[kinematics-ws] K clamp binds: eid 1002 demanded 14814 clamped 4096
[kinematics-ws] K clamp binds: eid 1003 demanded 7257 clamped 4096
[kinematics-ws] K clamp binds: eid 1001 demanded 30210 clamped 4096
[kinematics-ws] K clamp binds: eid 1002 demanded 14793 clamped 4096
[kinematics-ws] K clamp binds: eid 1003 demanded 7256 clamped 4096
[kinematics-ws] K clamp binds: eid 1001 demanded 30232 clamped 4096
[kinematics-ws] K clamp binds: eid 1001 demanded 30240 clamped 4096
[kinematics-ws] K clamp binds: eid 1003 demanded 7256 clamped 4096
[kinematics-ws] K clamp binds: eid 1002 demanded 14823 clamped 4096
[kinematics-ws] K clamp binds: eid 1003 demanded 7257 clamped 4096
[kinematics-ws] K clamp binds: eid 1001 demanded 30239 clamped 4096
[kinematics-ws] K clamp binds: eid 1002 demanded 14807 clamped 4096
[kinematics-ws] K clamp binds: eid 1002 demanded 14799 clamped 4096
[kinematics-ws] K clamp binds: eid 1003 demanded 7261 clamped 4096
[kinematics-ws] K clamp binds: eid 1001 demanded 30238 clamped 4096
[kinematics-ws] K clamp binds: eid 1001 demanded 30239 clamped 4096
[kinematics-ws] K clamp binds: eid 1003 demanded 7267 clamped 4096
[kinematics-ws] K clamp binds: eid 1002 demanded 14825 clamped 4096
[kinematics-ws] K clamp binds: eid 1001 demanded 30242 clamped 4096
[kinematics-ws] K clamp binds: eid 1002 demanded 14822 clamped 4096
[kinematics-ws] K clamp binds: eid 1003 demanded 7274 clamped 4096
[kinematics-ws] K clamp binds: eid 1001 demanded 30243 clamped 4096
[kinematics-ws] K clamp binds: eid 1002 demanded 14802 clamped 4096
[kinematics-ws] K clamp binds: eid 1003 demanded 7280 clamped 4096
[kinematics-ws] K clamp binds: eid 1003 demanded 7280 clamped 4096
[kinematics-ws] K clamp binds: eid 1001 demanded 30233 clamped 4096
[kinematics-ws] K clamp binds: eid 1002 demanded 14808 clamped 4096
[kinematics-ws] K clamp binds: eid 1003 demanded 7274 clamped 4096
[kinematics-ws] K clamp binds: eid 1002 demanded 14828 clamped 4096
[kinematics-ws] K clamp binds: eid 1001 demanded 30216 clamped 4096
[kinematics-ws] K clamp binds: eid 1001 demanded 30217 clamped 4096
[kinematics-ws] K clamp binds: eid 1003 demanded 7263 clamped 4096
[kinematics-ws] K clamp binds: eid 1002 demanded 14836 clamped 4096
[kinematics-ws] K clamp binds: eid 1002 demanded 14828 clamped 4096
[kinematics-ws] K clamp binds: eid 1001 demanded 30238 clamped 4096
[kinematics-ws] K clamp binds: eid 1003 demanded 7256 clamped 4096
[kinematics-ws] K clamp binds: eid 1001 demanded 30221 clamped 4096
[kinematics-ws] K clamp binds: eid 1003 demanded 7259 clamped 4096
[kinematics-ws] K clamp binds: eid 1002 demanded 14817 clamped 4096
[kinematics-ws] K clamp binds: eid 1001 demanded 30217 clamped 4096
[kinematics-ws] K clamp binds: eid 1002 demanded 14810 clamped 4096
[kinematics-ws] K clamp binds: eid 1003 demanded 7272 clamped 4096
[kinematics-ws] K clamp binds: eid 1003 demanded 7280 clamped 4096
[kinematics-ws] K clamp binds: eid 1001 demanded 30234 clamped 4096
[kinematics-ws] K clamp binds: eid 1002 demanded 14810 clamped 4096
[kinematics-ws] K clamp binds: eid 1003 demanded 7272 clamped 4096
[kinematics-ws] K clamp binds: eid 1001 demanded 30213 clamped 4096
[kinematics-ws] K clamp binds: eid 1002 demanded 14812 clamped 4096
[kinematics-ws] K clamp binds: eid 1001 demanded 30234 clamped 4096
[kinematics-ws] K clamp binds: eid 1003 demanded 7257 clamped 4096
[kinematics-ws] K clamp binds: eid 1002 demanded 14815 clamped 4096
[kinematics-ws] K clamp binds: eid [kinematics-ws] K clamp binds: eid 1002 1001 demanded demanded 14816 30224 clamped clamped 40964096

[kinematics-ws] K clamp binds: eid 1003 demanded 7257 clamped 4096
[kinematics-ws] K clamp binds: eid 1001 demanded 30221 clamped 4096
[kinematics-ws] K clamp binds: eid 1002 demanded 14816 clamped 4096
[kinematics-ws] K clamp binds: eid 1003 demanded 7273 clamped 4096
[kinematics-ws] K clamp binds: eid 1001 demanded 30245 clamped 4096
[kinematics-ws] K clamp binds: eid 1002 demanded 14814 clamped 4096
[kinematics-ws] K clamp binds: eid 1003 demanded 7277 clamped 4096
[kinematics-ws] K clamp binds: eid 1003 demanded 7259 clamped 4096
[kinematics-ws] K clamp binds: eid 1002 demanded 14812 clamped 4096
[kinematics-ws] K clamp binds: eid 1001 demanded 30233 clamped 4096
[kinematics-ws] K clamp binds: eid 1003 demanded 7255 clamped 4096
[kinematics-ws] K clamp binds: eid 1002 demanded 14812 clamped 4096
[kinematics-ws] K clamp binds: eid 1001 demanded 30223 clamped 4096
[kinematics-ws] K clamp binds: eid 1002 demanded 14817 [kinematics-ws] K clamp binds: eid clamped 1001 demanded 30234 clamped 40964096

[kinematics-ws] K clamp binds: eid 1003 demanded 7274 clamped 4096
[kinematics-ws] K clamp binds: eid 1002 demanded 14829 clamped 4096
[kinematics-ws] K clamp binds: eid 1003 demanded 7272 clamped 4096
[kinematics-ws] K clamp binds: eid 1001 demanded 30248 clamped 4096
[kinematics-ws] K clamp binds: eid 1002 demanded 14843 clamped 4096
[kinematics-ws] K clamp binds: eid 1001 demanded 30256 clamped 4096
[kinematics-ws] K clamp binds: eid 1003 demanded 7253 clamped 4096
[kinematics-ws] K clamp binds: eid 1001 demanded 30259 clamped 4096
[kinematics-ws] K clamp binds: eid 1002 demanded 14844 clamped 4096
[kinematics-ws] K clamp binds: eid 1003 demanded 7265 clamped 4096
[kinematics-ws] K clamp binds: eid 1002 demanded 14827 clamped 4096
[kinematics-ws] K clamp binds: eid 1001 demanded 30260 clamped 4096
[kinematics-ws] K clamp binds: eid 1003 demanded 7275 clamped 4096
[kinematics-ws] K clamp binds: eid 1001 demanded 30258 clamped 4096
[kinematics-ws] K clamp binds: eid 1002 demanded 14809 clamped 4096
[kinematics-ws] K clamp binds: eid 1003 demanded 7254 clamped 4096
[kinematics-ws] K clamp binds: eid 1001 demanded 30252 clamped 4096
[kinematics-ws] K clamp binds: eid 1002 demanded 14821 clamped 4096
[kinematics-ws] K clamp binds: eid 1003 demanded 7262 clamped 4096
[kinematics-ws] K clamp binds: eid 1001 demanded 30241 clamped 4096
[kinematics-ws] K clamp binds: eid 1002 demanded 14843 clamped 4096
[kinematics-ws] K clamp binds: eid 1003 demanded 7274 clamped 4096
[kinematics-ws] K clamp binds: eid 1001 demanded 30236 clamped 4096
[kinematics-ws] K clamp binds: eid 1002 demanded 14827 clamped 4096
[kinematics-ws] K clamp binds: eid 1003 demanded 7252 clamped 4096
[kinematics-ws] K clamp binds: eid 1001 demanded 30248 clamped 4096
[kinematics-ws] K clamp binds: eid 1003 demanded 7268 clamped 4096
[kinematics-ws] K clamp binds: eid 1002 demanded 14807 clamped 4096
[kinematics-ws] K clamp binds: eid 1001 demanded 30258 clamped 4096
[kinematics-ws] K clamp binds: eid 1002 demanded 14835 clamped 4096
[kinematics-ws] K clamp binds: eid 1003 demanded 7268 clamped 4096
[kinematics-ws] K clamp binds: eid 1003 demanded 7252 clamped 4096
[kinematics-ws] K clamp binds: eid 1002 demanded 14829 clamped 4096
[kinematics-ws] K clamp binds: eid 1001 demanded 30237 clamped 4096
[kinematics-ws] K clamp binds: eid 1003 demanded 7275 clamped 4096
[kinematics-ws] K clamp binds: eid 1002 demanded 14807 clamped 4096
[kinematics-ws] K clamp binds: eid 1001 demanded 30241 clamped 4096
[kinematics-ws] K clamp binds: eid[kinematics-ws] K clamp binds: eid  10021001  demanded demanded14840  30252 clamped clamped 40964096

[kinematics-ws] K clamp binds: eid 1003 demanded 7254 clamped 4096
[kinematics-ws] K clamp binds: eid 1001 demanded 30232 clamped 4096
[kinematics-ws] K clamp binds: eid 1002 demanded 14811 clamped 4096
[kinematics-ws] K clamp binds: eid 1003 demanded 7267 clamped 4096
[kinematics-ws] K clamp binds: eid 1003 demanded 7264 clamped 4096
[kinematics-ws] K clamp binds: eid 1001 demanded 30255 clamped 4096
[kinematics-ws] K clamp binds: eid 1002 demanded 14828 clamped 4096
[kinematics-ws] K clamp binds: eid 1001 demanded 30236 clamped 4096
[kinematics-ws] K clamp binds: eid 1003 demanded 7257 clamped 4096
[kinematics-ws] K clamp binds: eid 1002 demanded 14823 clamped 4096
[kinematics-ws] K clamp binds: eid 1001 demanded 30250 clamped 4096
[kinematics-ws] K clamp binds: eid 1002 demanded 14820 clamped 4096
[kinematics-ws] K clamp binds: eid 1003 demanded 7272 clamped 4096
[kinematics-ws] K clamp binds: eid[kinematics-ws] K clamp binds: eid  10011002  demanded demanded30256  clamped 14827 clamped 40964096

[kinematics-ws] K clamp binds: eid 1003 demanded 7252 clamped 4096
[kinematics-ws] K clamp binds: eid 1002 demanded 14822 clamped 4096
[kinematics-ws] K clamp binds: eid 1003 demanded 7275 clamped 4096
[kinematics-ws] K clamp binds: eid 1001 demanded 30239 clamped 4096
[kinematics-ws] K clamp binds: eid 1002 demanded 14822 clamped 4096
[kinematics-ws] K clamp binds: eid 1003 demanded 7251 clamped 4096
[kinematics-ws] K clamp binds: eid 1001 demanded 30255 clamped 4096
[kinematics-ws] K clamp binds: eid 1001 demanded 30270 clamped 4096
[kinematics-ws] K clamp binds: eid 1002 demanded 14835 clamped 4096
[kinematics-ws] K clamp binds: eid 1003 demanded 7276 clamped 4096
[kinematics-ws] K clamp binds: eid 1001 demanded 30264 clamped 4096
[kinematics-ws] K clamp binds: eid 1003 demanded 7251 clamped 4096
[kinematics-ws] K clamp binds: eid 1002 demanded 14811 clamped 4096
[kinematics-ws] K clamp binds: eid 1003 demanded 7276 clamped 4096
[kinematics-ws] K clamp binds: eid 1001 demanded 30256 clamped 4096
[kinematics-ws] K clamp binds: eid 1002 demanded 14845 clamped 4096
[kinematics-ws] K clamp binds: eid 1002 demanded 14818 clamped 4096
[kinematics-ws] K clamp binds: eid 1003 demanded 7253 clamped 4096
[kinematics-ws] K clamp binds: eid 1001 demanded 30253 clamped 4096
[kinematics-ws] K clamp binds: eid 1002 demanded 14824 clamped 4096
[kinematics-ws] K clamp binds: eid 1001 demanded 30253 clamped 4096
[kinematics-ws] K clamp binds: eid 1003 demanded 7274 clamped 4096
[kinematics-ws] K clamp binds: eid 1002 demanded 14848 clamped 4096
[kinematics-ws] K clamp binds: eid 1001 demanded 30254 clamped 4096
[kinematics-ws] K clamp binds: eid 1003 demanded 7258 clamped 4096
[kinematics-ws] K clamp binds: eid 1003 demanded 7268 clamped 4096
[kinematics-ws] K clamp binds: eid 1002 demanded 14823 clamped 4096
[kinematics-ws] K clamp binds: eid 1001 demanded 30254 clamped 4096
[kinematics-ws] K clamp binds: eid 1001 demanded 30255 clamped 4096
[kinematics-ws] K clamp binds: eid 1003 demanded 7268 clamped 4096
[kinematics-ws] K clamp binds: eid 1002 demanded 14821 clamped 4096
[kinematics-ws] K clamp binds: eid 1002 demanded 14849 clamped 4096
[kinematics-ws] K clamp binds: eid 1003 demanded 7258 clamped 4096
[kinematics-ws] K clamp binds: eid 1001 demanded 30262 clamped 4096
[kinematics-ws] K clamp binds: eid 1003 demanded 7278 clamped 4096
[kinematics-ws] K clamp binds: eid 1002 demanded 14848 clamped 4096
[kinematics-ws] K clamp binds: eid 1001 demanded 30276 clamped 4096
Dev window stopped.
