Dev window thread started on gates-of-truth-dev-window — sim thread on gates-of-truth-sim
Truth demo ready: nREPL 127.0.0.1:7898
Compiling body shaders...
Compiling particle shaders...
Compiling sprite shaders...
Compiling line shaders...
Compiling hud shaders...
Compiling volume shaders...
Camera reset
UI cursor : locked
[kinematics-ws] K clamp binds: eid 1001 demanded 29475 clamped 4096
[kinematics-ws] K clamp binds: eid 1003 demanded 7083 clamped 4096
[kinematics-ws] K clamp binds: eid 1002 demanded 14448 clamped 4096
[kinematics-ws] K clamp binds: eid 1001 demanded 29483 clamped 4096
[kinematics-ws] K clamp binds: eid 1002 demanded 14447 clamped 4096
[kinematics-ws] K clamp binds: eid 1003 demanded 7087 clamped 4096
[kinematics-ws] K clamp binds: eid 1003 demanded 7087 clamped 4096
[kinematics-ws] K clamp binds: eid 1001 demanded 29486 clamped 4096
[kinematics-ws] K clamp binds: eid 1002 demanded 14451 clamped 4096
[kinematics-ws] K clamp binds: eid 1001 demanded 29489 clamped 4096
[kinematics-ws] K clamp binds: eid 1002 demanded 14455 clamped 4096
[kinematics-ws] K clamp binds: eid 1003 demanded 7087 clamped 4096
[kinematics-ws] K clamp binds: eid 1001 demanded 29485 clamped 4096
[kinematics-ws] K clamp binds: eid 1003 demanded 7083 clamped 4096
[kinematics-ws] K clamp binds: eid 1002 demanded 14460 clamped 4096
[kinematics-ws] K clamp binds: eid 1001 demanded 29485 clamped 4096
[kinematics-ws] K clamp binds: eid 1003 demanded 7084 clamped 4096
[kinematics-ws] K clamp binds: eid 1002 demanded 14464 clamped 4096
[kinematics-ws] K clamp binds: eid 1003 demanded 7085 clamped 4096
[kinematics-ws] K clamp binds: eid[kinematics-ws] K clamp binds: eid 1001 demanded 29502 clamped 4096
 1002 demanded 14466 clamped 4096
[kinematics-ws] K clamp binds: eid 1003 demanded 7081 clamped 4096
[kinematics-ws] K clamp binds: eid 1002 demanded 14467 clamped 4096
[kinematics-ws] K clamp binds: eid 1001 demanded 29508 clamped 4096
[kinematics-ws] K clamp binds: eid 1001 demanded 29501 clamped 4096
[kinematics-ws] K clamp binds: eid 1002 demanded 14466 clamped 4096
[kinematics-ws] K clamp binds: eid 1003 demanded 7085 clamped 4096
[kinematics-ws] K clamp binds: eid 1002 demanded 14466 clamped 4096
[kinematics-ws] K clamp binds: eid 1001 demanded 29498 clamped 4096
[kinematics-ws] K clamp binds: eid 1003 demanded 7082 clamped 4096
[kinematics-ws] K clamp binds: eid 1001 demanded 29518 clamped 4096
[kinematics-ws] K clamp binds: eid 1003 demanded 7085 clamped 4096
[kinematics-ws] K clamp binds: eid 1002 demanded 14468 clamped 4096
[kinematics-ws] K clamp binds: eid 1003 demanded 7083 clamped 4096
[kinematics-ws] K clamp binds: eid 1001 demanded 29492 clamped 4096
[kinematics-ws] K clamp binds: eid 1002 demanded 14469 clamped 4096
[kinematics-ws] K clamp binds: eid 1003 demanded 7088 clamped 4096
[kinematics-ws] K clamp binds: eid 1002 demanded 14462 clamped 4096
[kinematics-ws] K clamp binds: eid 1001 demanded 29517 clamped 4096
[kinematics-ws] K clamp binds: eid 1001 demanded 29531 clamped 4096
[kinematics-ws] K clamp binds: eid 1002 demanded 14465 clamped 4096
[kinematics-ws] K clamp binds: eid 1003 demanded 7086 clamped 4096
[kinematics-ws] K clamp binds: eid 1001 demanded 29533 clamped 4096
[kinematics-ws] K clamp binds: eid 1003 demanded 7089 clamped 4096
[kinematics-ws] K clamp binds: eid 1002 demanded 14463 clamped 4096
[kinematics-ws] K clamp binds: eid 1003 demanded 7092 clamped 4096
[kinematics-ws] K clamp binds: eid 1002 demanded 14467 clamped 4096
[kinematics-ws] K clamp binds: eid 1001 demanded 29537 clamped 4096
[kinematics-ws] K clamp binds: eid 1001 demanded 29535 clamped 4096
[kinematics-ws] K clamp binds: eid 1003 demanded 7091 clamped 4096
[kinematics-ws] K clamp binds: eid 1002 demanded 14465 clamped 4096
[kinematics-ws] K clamp binds: eid 1002 demanded 14474 clamped 4096
[kinematics-ws] K clamp binds: eid 1001 demanded 29519 clamped 4096
[kinematics-ws] K clamp binds: eid 1003 demanded 7094 clamped 4096
[kinematics-ws] K clamp binds: eid 1002 demanded 14477 clamped 4096
[kinematics-ws] K clamp binds: eid 1003 demanded 7098 clamped 4096
[kinematics-ws] K clamp binds: eid 1001 demanded 29529 clamped 4096
[kinematics-ws] K clamp binds: eid 1001 demanded 29521 clamped 4096
[kinematics-ws] K clamp binds: eid 1003 demanded 7100 clamped 4096
[kinematics-ws] K clamp binds: eid 1002 demanded 14477 clamped 4096
[kinematics-ws] K clamp binds: eid[kinematics-ws] K clamp binds: eid 1002 demanded 14480 clamped 4096
 1001 demanded 29539 clamped 4096
[kinematics-ws] K clamp binds: eid 1003 demanded 7100 clamped 4096
[kinematics-ws] K clamp binds: eid 1001 demanded 29550 clamped 4096
[kinematics-ws] K clamp binds: eid 1002 demanded 14483 clamped 4096
[kinematics-ws] K clamp binds: eid 1003 demanded 7101 clamped 4096
[kinematics-ws] K clamp binds: eid 1002 demanded 14484 clamped 4096
[kinematics-ws] K clamp binds: eid 1003 demanded 7102 clamped 4096
[kinematics-ws] K clamp binds: eid 1001 demanded 29553 clamped 4096
[kinematics-ws] K clamp binds: eid 1001 demanded 29551 clamped 4096
[kinematics-ws] K clamp binds: eid 1003 demanded 7104 clamped 4096
[kinematics-ws] K clamp binds: eid 1002 demanded 14483 clamped 4096
[kinematics-ws] K clamp binds: eid 1001 demanded 29543 clamped 4096
[kinematics-ws] K clamp binds: eid[kinematics-ws] K clamp binds: eid  1002 demanded 14483 clamped 4096
1003 demanded 7105 clamped 4096
[kinematics-ws] K clamp binds: eid 1003 demanded 7106 clamped 4096
[kinematics-ws] K clamp binds: eid 1001 demanded 29547 clamped 4096
[kinematics-ws] K clamp binds: eid 1002 demanded 14489 clamped 4096
[kinematics-ws] K clamp binds: eid 1001 demanded 29542 clamped 4096
[kinematics-ws] K clamp binds: eid 1002 demanded 14493 clamped 4096
[kinematics-ws] K clamp binds: eid 1003 demanded 7106 clamped 4096
[kinematics-ws] K clamp binds: eid 1001 demanded 29555 clamped 4096
[kinematics-ws] K clamp binds: eid 1003 demanded 7105 clamped 4096
[kinematics-ws] K clamp binds: eid 1002 demanded 14481 clamped 4096
[kinematics-ws] K clamp binds: eid 1001 demanded 29558 clamped 4096[kinematics-ws] K clamp binds: eid 1002
 demanded 14482 clamped 4096
[kinematics-ws] K clamp binds: eid 1003 demanded 7104 clamped 4096
[kinematics-ws] K clamp binds: eid 1003 demanded 7105 clamped 4096
[kinematics-ws] K clamp binds: eid 1002 demanded 14487 clamped 4096
[kinematics-ws] K clamp binds: eid 1001 demanded 29562 clamped 4096
[kinematics-ws] K clamp binds: eid 1002 demanded 14481 clamped 4096
[kinematics-ws] K clamp binds: eid 1003 demanded 7109 clamped 4096
[kinematics-ws] K clamp binds: eid 1001 demanded 29564 clamped 4096
[kinematics-ws] K clamp binds: eid 1003 demanded 7112 clamped 4096
[kinematics-ws] K clamp binds: eid 1001 demanded 29567 clamped 4096
[kinematics-ws] K clamp binds: eid 1002 demanded 14487 clamped 4096
[kinematics-ws] K clamp binds: eid 1001 demanded 29573 clamped 4096
[kinematics-ws] K clamp binds: eid 1003 demanded 7110 clamped 4096
[kinematics-ws] K clamp binds: eid 1002 demanded 14494 clamped 4096
[kinematics-ws] K clamp binds: eid 1003 demanded 7103 clamped 4096
[kinematics-ws] K clamp binds: eid 1002 demanded 14486 clamped 4096
[kinematics-ws] K clamp binds: eid 1001 demanded 29560 clamped 4096
[kinematics-ws] K clamp binds: eid 1001 demanded 29572 clamped 4096
[kinematics-ws] K clamp binds: eid 1003 demanded 7103 clamped 4096
[kinematics-ws] K clamp binds: eid 1002 demanded 14494 clamped 4096
[kinematics-ws] K clamp binds: eid 1001 demanded 29567 clamped 4096
[kinematics-ws] K clamp binds: eid 1002 demanded 14505 clamped 4096
[kinematics-ws] K clamp binds: eid 1003 demanded 7109 clamped 4096
[kinematics-ws] K clamp binds: eid 1001 demanded 29575 clamped 4096
[kinematics-ws] K clamp binds: eid 1002 demanded 14511 clamped 4096
[kinematics-ws] K clamp binds: eid 1003 demanded 7104 clamped 4096
[kinematics-ws] K clamp binds: eid 1003 demanded 7100 clamped 4096
[kinematics-ws] K clamp binds: eid 1002 demanded 14513 clamped 4096
[kinematics-ws] K clamp binds: eid 1001 demanded 29583 clamped 4096
[kinematics-ws] K clamp binds: eid[kinematics-ws] K clamp binds: eid 1002 demanded 14514 clamped 4096
[kinematics-ws] K clamp binds: eid 1003 demanded 7108 clamped 4096
 1001 demanded 29582 clamped 4096
[kinematics-ws] K clamp binds: eid 1002 demanded 14512 clamped 4096
[kinematics-ws] K clamp binds: eid 1003 demanded 7099 clamped 4096
[kinematics-ws] K clamp binds: eid 1001 demanded 29579 clamped 4096
[kinematics-ws] K clamp binds: eid 1001 demanded 29594 clamped 4096
[kinematics-ws] K clamp binds: eid 1002 demanded 14508 clamped 4096
[kinematics-ws] K clamp binds: eid 1003 demanded 7106 clamped 4096
[kinematics-ws] K clamp binds: eid 1003 demanded 7101 clamped 4096
[kinematics-ws] K clamp binds: eid 1001 demanded 29580 clamped 4096
[kinematics-ws] K clamp binds: eid 1002 demanded 14503 clamped 4096
[kinematics-ws] K clamp binds: eid 1003 demanded 7106 clamped 4096
[kinematics-ws] K clamp binds: eid 1002 demanded 14506 clamped 4096
[kinematics-ws] K clamp binds: eid 1001 demanded 29594 clamped 4096
[kinematics-ws] K clamp binds: eid 1003 demanded 7101 clamped 4096
[kinematics-ws] K clamp binds: eid 1001 demanded 29582 clamped 4096
[kinematics-ws] K clamp binds: eid 1002 demanded 14509 clamped 4096
[kinematics-ws] K clamp binds: eid 1003 demanded 7110 clamped 4096
[kinematics-ws] K clamp binds: eid 1002 demanded 14500 clamped 4096
[kinematics-ws] K clamp binds: eid 1001 demanded 29593 clamped 4096
[kinematics-ws] K clamp binds: eid 1002 demanded 14506 clamped 4096
[kinematics-ws] K clamp binds: eid 1001 demanded 29603 clamped 4096
[kinematics-ws] K clamp binds: eid 1003 demanded 7103 clamped 4096
[kinematics-ws] K clamp binds: eid 1002 demanded 14501 clamped 4096
[kinematics-ws] K clamp binds: eid 1001 demanded 29599 clamped 4096
[kinematics-ws] K clamp binds: eid 1003 demanded 7111 clamped 4096
[kinematics-ws] K clamp binds: eid 1001 demanded 29594 clamped 4096
[kinematics-ws] K clamp binds: eid 1003 demanded 7112 clamped 4096
[kinematics-ws] K clamp binds: eid 1002 demanded 14510 clamped 4096
[kinematics-ws] K clamp binds: eid 1001 demanded 29616 clamped 4096
[kinematics-ws] K clamp binds: eid 1002 demanded 14504 clamped 4096
[kinematics-ws] K clamp binds: eid 1003 demanded 7107 clamped 4096
[kinematics-ws] K clamp binds: eid 1001 demanded 29600 clamped 4096
[kinematics-ws] K clamp binds: eid 1002 demanded 14512 clamped 4096
[kinematics-ws] K clamp binds: eid 1003 demanded 7114 clamped 4096
[kinematics-ws] K clamp binds: eid 1002 demanded 14520 clamped 4096
[kinematics-ws] K clamp binds: eid 1001 demanded 29615 clamped 4096
[kinematics-ws] K clamp binds: eid 1003 demanded 7120 clamped 4096
[kinematics-ws] K clamp binds: eid 1002 demanded 14521 clamped 4096
[kinematics-ws] K clamp binds: eid 1003 demanded 7118 clamped 4096
[kinematics-ws] K clamp binds: eid 1001 demanded 29596 clamped 4096
[kinematics-ws] K clamp binds: eid 1001 demanded 29613 clamped 4096
[kinematics-ws] K clamp binds: eid 1002 demanded 14521 clamped 4096
[kinematics-ws] K clamp binds: eid 1003 demanded 7115 clamped 4096
[kinematics-ws] K clamp binds: eid 1001 demanded 29626 clamped 4096
[kinematics-ws] K clamp binds: eid 1002 demanded 14522 clamped 4096
[kinematics-ws] K clamp binds: eid 1003 demanded 7118 clamped 4096
[kinematics-ws] K clamp binds: eid 1003 [kinematics-ws] K clamp binds: eid 1001 demanded 29622 clamped 4096
demanded 7122 clamped 4096
[kinematics-ws] K clamp binds: eid 1002 demanded 14523 clamped 4096
[kinematics-ws] K clamp binds: eid 1002 demanded 14523 clamped 4096
[kinematics-ws] K clamp binds: eid 1003 demanded 7127 clamped 4096
[kinematics-ws] K clamp binds: eid 1001 demanded 29609 clamped 4096
[kinematics-ws] K clamp binds: eid 1001 demanded 29629 clamped 4096
[kinematics-ws] K clamp binds: eid 1002 demanded 14525 clamped 4096
[kinematics-ws] K clamp binds: eid 1003 demanded 7129 clamped 4096
[kinematics-ws] K clamp binds: eid 1001 demanded 29632 clamped 4096
[kinematics-ws] K clamp binds: eid 1003 demanded 7131 clamped 4096
[kinematics-ws] K clamp binds: eid 1002 demanded 14531 clamped 4096
[kinematics-ws] K clamp binds: eid 1002 demanded 14533 clamped 4096
[kinematics-ws] K clamp binds: eid 1003 demanded 7131 clamped 4096
[kinematics-ws] K clamp binds: eid 1001 demanded 29621 clamped 4096
[kinematics-ws] K clamp binds: eid [kinematics-ws] K clamp binds: eid1002  demanded 1003 demanded 7131 clamped 409614523 
clamped 4096
[kinematics-ws] K clamp binds: eid 1001 demanded 29617 clamped 4096
[kinematics-ws] K clamp binds: eid 1002 demanded 14521 clamped 4096
[kinematics-ws] K clamp binds: eid 1001 demanded 29651 clamped 4096
[kinematics-ws] K clamp binds: eid 1003 demanded 7130 clamped 4096
[kinematics-ws] K clamp binds: eid 1003 demanded 7129 clamped 4096
[kinematics-ws] K clamp binds: eid 1002 demanded 14530 clamped 4096
[kinematics-ws] K clamp binds: eid 1001 demanded 29664 clamped 4096
[kinematics-ws] K clamp binds: eid 1002 demanded 14517 clamped 4096
[kinematics-ws] K clamp binds: eid 1003 demanded 7126 clamped 4096
[kinematics-ws] K clamp binds: eid 1001 demanded 29665 clamped 4096
[kinematics-ws] K clamp binds: eid 1001 demanded 29653 clamped 4096
[kinematics-ws] K clamp binds: eid 1002 demanded 14531 clamped 4096
[kinematics-ws] K clamp binds: eid 1003 demanded 7125 clamped 4096
[kinematics-ws] K clamp binds: eid 1002 demanded 14522 clamped 4096
[kinematics-ws] K clamp binds: eid 1001 demanded 29630 clamped 4096
[kinematics-ws] K clamp binds: eid 1003 demanded 7126 clamped 4096
[kinematics-ws] K clamp binds: eid 1001 demanded 29655 clamped 4096
[kinematics-ws] K clamp binds: eid 1002 demanded 14529 clamped 4096
[kinematics-ws] K clamp binds: eid 1003 demanded 7129 clamped 4096
[kinematics-ws] K clamp binds: eid 1003 demanded 7130 clamped 4096
[kinematics-ws] K clamp binds: eid 1002 demanded 14539 clamped 4096
[kinematics-ws] K clamp binds: eid 1001 demanded 29635 clamped 4096
[kinematics-ws] K clamp binds: eid 1001 demanded 29665 clamped 4096
[kinematics-ws] K clamp binds: eid 1003 demanded 7125 clamped 4096
[kinematics-ws] K clamp binds: eid 1002 demanded 14535 clamped 4096
[kinematics-ws] K clamp binds: eid 1001 demanded 29648 clamped 4096
[kinematics-ws] K clamp binds: eid 1002 demanded 14533 clamped 4096
[kinematics-ws] K clamp binds: eid 1003 demanded 7122 clamped 4096
[kinematics-ws] K clamp binds: eid 1001 demanded 29645 clamped 4096
[kinematics-ws] K clamp binds: eid 1003 demanded 7127 clamped 4096
[kinematics-ws] K clamp binds: eid 1002 demanded 14538 clamped 4096
[kinematics-ws] K clamp binds: eid 1002 demanded 14543 clamped 4096
[kinematics-ws] K clamp binds: eid 1003 demanded 7125 clamped 4096
[kinematics-ws] K clamp binds: eid 1001 demanded 29649 clamped 4096
[kinematics-ws] K clamp binds: eid 1002 demanded 14544 clamped 4096
[kinematics-ws] K clamp binds: eid 1003 demanded 7120 clamped 4096
[kinematics-ws] K clamp binds: eid 1001 demanded 29649 clamped 4096
[kinematics-ws] K clamp binds: eid 1003 demanded 7127 clamped 4096
[kinematics-ws] K clamp binds: eid 1002 demanded 14542 clamped 4096
[kinematics-ws] K clamp binds: eid 1001 demanded 29668 clamped 4096
[kinematics-ws] K clamp binds: eid 1001 demanded 29686 clamped 4096
[kinematics-ws] K clamp binds: eid 1003 demanded 7121 clamped 4096
[kinematics-ws] K clamp binds: eid 1002 demanded 14539 clamped 4096
[kinematics-ws] K clamp binds: eid 1001 demanded 29642 clamped 4096
[kinematics-ws] K clamp binds: eid 1002 demanded 14542 clamped 4096
[kinematics-ws] K clamp binds: eid 1003 demanded 7124 clamped 4096
[kinematics-ws] K clamp binds: eid 1001 demanded 29687 clamped 4096
[kinematics-ws] K clamp binds: eid 1002 demanded 14553 clamped 4096
[kinematics-ws] K clamp binds: eid 1003 demanded 7123 clamped 4096
[kinematics-ws] K clamp binds: eid 1002 demanded 14553 clamped 4096
[kinematics-ws] K clamp binds: eid 1003 demanded 7123 clamped 4096
[kinematics-ws] K clamp binds: eid 1001 demanded 29666 clamped 4096
[kinematics-ws] K clamp binds: eid 1001 demanded 29657 clamped 4096
[kinematics-ws] K clamp binds: eid 1003 demanded 7124 clamped 4096
[kinematics-ws] K clamp binds: eid 1002 demanded 14535 clamped 4096
[kinematics-ws] K clamp binds: eid 1001 demanded 29668 clamped 4096
[kinematics-ws] K clamp binds: eid 1003 demanded 7126 clamped 4096
[kinematics-ws] K clamp binds: eid 1002 demanded 14549 clamped 4096
[kinematics-ws] K clamp binds: eid 1002 demanded 14542 clamped 4096
[kinematics-ws] K clamp binds: eid 1003 demanded 7123 clamped 4096
[kinematics-ws] K clamp binds: eid 1001 demanded 29669 clamped 4096
[kinematics-ws] K clamp binds: eid 1003 demanded 7131 clamped 4096
[kinematics-ws] K clamp binds: eid 1001 demanded 29663 clamped 4096
[kinematics-ws] K clamp binds: eid 1002 demanded 14546 clamped 4096
[kinematics-ws] K clamp binds: eid 1002 demanded 14541 clamped 4096
[kinematics-ws] K clamp binds: eid 1003 demanded 7126 clamped 4096
[kinematics-ws] K clamp binds: eid 1001 demanded 29691 clamped 4096
[kinematics-ws] K clamp binds: eid 1003 demanded 7129 clamped 4096
[kinematics-ws] K clamp binds: eid 1002 demanded 14557 clamped 4096
[kinematics-ws] K clamp binds: eid 1001 demanded 29703 clamped 4096
[kinematics-ws] K clamp binds: eid 1003 demanded 7136 clamped 4096
[kinematics-ws] K clamp binds: eid 1002 demanded 14543 clamped 4096
[kinematics-ws] K clamp binds: eid 1001 demanded 29663 clamped 4096
[kinematics-ws] K clamp binds: eid 1003 demanded 7132 clamped 4096
[kinematics-ws] K clamp binds: eid 1001 demanded 29698 clamped 4096
[kinematics-ws] K clamp binds: eid 1002 demanded 14550 clamped 4096
[kinematics-ws] K clamp binds: eid 1003 demanded 7132 clamped 4096
[kinematics-ws] K clamp binds: eid 1002 demanded 14566 clamped 4096
[kinematics-ws] K clamp binds: eid 1001 demanded 29713 clamped 4096
[kinematics-ws] K clamp binds: eid 1001 demanded 29691 clamped 4096
[kinematics-ws] K clamp binds: eid 1003 demanded 7138 clamped 4096
[kinematics-ws] K clamp binds: eid 1002 demanded 14571 clamped 4096
[kinematics-ws] K clamp binds: eid 1003 demanded 7143 clamped 4096
[kinematics-ws] K clamp binds: eid 1001 demanded 29686 clamped 4096
[kinematics-ws] K clamp binds: eid 1002 demanded 14569 clamped 4096
[kinematics-ws] K clamp binds: eid 1001 demanded 29692 clamped 4096
[kinematics-ws] K clamp binds: eid 1002 demanded 14568 clamped 4096
[kinematics-ws] K clamp binds: eid 1003 demanded 7143 clamped 4096
[kinematics-ws] K clamp binds: eid 1003 demanded 7141 clamped 4096
[kinematics-ws] K clamp binds: eid 1001 demanded 29714 clamped 4096
[kinematics-ws] K clamp binds: eid 1002 demanded 14569 clamped 4096
[kinematics-ws] K clamp binds: eid 1001 demanded 29733 clamped 4096
[kinematics-ws] K clamp binds: eid 1002 demanded 14572 clamped 4096
[kinematics-ws] K clamp binds: eid 1003 demanded 7140 clamped 4096
[kinematics-ws] K clamp binds: eid 1003 demanded 7141 clamped 4096
[kinematics-ws] K clamp binds: eid 1001 demanded 29681 clamped 4096
[kinematics-ws] K clamp binds: eid 1002 demanded 14575 clamped 4096
[kinematics-ws] K clamp binds: eid [kinematics-ws] K clamp binds: eid1001  demanded 297271002  demanded 14575 clamped clamped 40964096

[kinematics-ws] K clamp binds: eid 1003 demanded 7142 clamped 4096
[kinematics-ws] K clamp binds: eid 1002 demanded 14565 clamped 4096
[kinematics-ws] K clamp binds: eid 1003 demanded 7144 clamped 4096
[kinematics-ws] K clamp binds: eid 1001 demanded 29681 clamped 4096
[kinematics-ws] K clamp binds: eid 1002 demanded 14559 clamped 4096
[kinematics-ws] K clamp binds: eid 1003 demanded 7144 clamped 4096
[kinematics-ws] K clamp binds: eid 1001 demanded 29720 clamped 4096
[kinematics-ws] K clamp binds: eid 1001 demanded 29748 clamped 4096
[kinematics-ws] K clamp binds: eid 1003 demanded 7144 clamped 4096
[kinematics-ws] K clamp binds: eid 1002 demanded 14570 clamped 4096
[kinematics-ws] K clamp binds: eid[kinematics-ws] K clamp binds: eid  1002 1001 demanded 29752demanded  14562 clamped 4096
clamped 4096
[kinematics-ws] K clamp binds: eid 1003 demanded 7143 clamped 4096
[kinematics-ws] K clamp binds: eid 1003 demanded 7142 clamped 4096
[kinematics-ws] K clamp binds: eid 1001 demanded 29753 clamped 4096
[kinematics-ws] K clamp binds: eid 1002 demanded 14562 clamped 4096
[kinematics-ws] K clamp binds: eid 1003 demanded 7144 clamped 4096
[kinematics-ws] K clamp binds: eid 1001 demanded 29739 clamped 4096
[kinematics-ws] K clamp binds: eid 1002 demanded 14565 clamped 4096
[kinematics-ws] K clamp binds: eid 1002 demanded 14566 clamped 4096
[kinematics-ws] K clamp binds: eid 1001 demanded 29705 clamped 4096
[kinematics-ws] K clamp binds: eid 1003 demanded 7147 clamped 4096
[kinematics-ws] K clamp binds: eid 1001 demanded 29734 clamped 4096
[kinematics-ws] K clamp binds: eid 1002 demanded 14563 clamped 4096
[kinematics-ws] K clamp binds: eid 1003 demanded 7153 clamped 4096
[kinematics-ws] K clamp binds: eid 1002 demanded 14578 clamped 4096
[kinematics-ws] K clamp binds: eid 1001 demanded 29718 clamped 4096
[kinematics-ws] K clamp binds: eid 1003 demanded 7154 clamped 4096
[kinematics-ws] K clamp binds: eid[kinematics-ws] K clamp binds: eid 1002 demanded 14572 clamped 4096
 1001 demanded 29745 clamped 4096
[kinematics-ws] K clamp binds: eid 1003 demanded 7147 clamped 4096
[kinematics-ws] K clamp binds: eid 1003 demanded 7140 clamped 4096
[kinematics-ws] K clamp binds: eid 1002 demanded 14569 clamped 4096
[kinematics-ws] K clamp binds: eid 1001 demanded 29714 clamped 4096
[kinematics-ws] K clamp binds: eid 1002 demanded 14578 clamped 4096
[kinematics-ws] K clamp binds: eid 1003 demanded 7145 clamped 4096
[kinematics-ws] K clamp binds: eid 1001 demanded 29722 clamped 4096
[kinematics-ws] K clamp binds: eid 1001 demanded 29736 clamped 4096
[kinematics-ws] K clamp binds: eid 1003 demanded 7152 clamped 4096
[kinematics-ws] K clamp binds: eid 1002 demanded 14587 clamped 4096
[kinematics-ws] K clamp binds: eid 1001 demanded 29734 clamped 4096
[kinematics-ws] K clamp binds: eid 1003 demanded 7142 clamped 4096
[kinematics-ws] K clamp binds: eid 1002 demanded 14592 clamped 4096
[kinematics-ws] K clamp binds: eid 1001 demanded 29722 clamped 4096
[kinematics-ws] K clamp binds: eid 1002 demanded 14593 clamped 4096
[kinematics-ws] K clamp binds: eid 1003 demanded 7140 clamped 4096
[kinematics-ws] K clamp binds: eid 1002 demanded 14593 clamped 4096
[kinematics-ws] K clamp binds: eid 1001 demanded 29743 clamped 4096
[kinematics-ws] K clamp binds: eid 1003 demanded 7150 clamped 4096
[kinematics-ws] K clamp binds: eid 1001 demanded 29770 clamped 4096
[kinematics-ws] K clamp binds: eid [kinematics-ws] K clamp binds: eid 1002 1003 demandeddemanded 7139 clamped  409614589 
clamped 4096
[kinematics-ws] K clamp binds: eid 1001 demanded 29717 clamped 4096
[kinematics-ws] K clamp binds: eid 1003 demanded 7144 clamped 4096
[kinematics-ws] K clamp binds: eid 1002 demanded 14584 clamped 4096
[kinematics-ws] K clamp binds: eid 1002 demanded 14581 clamped 4096
[kinematics-ws] K clamp binds: eid 1003 demanded 7144 clamped 4096
[kinematics-ws] K clamp binds: eid 1001 demanded 29770 clamped 4096
[kinematics-ws] K clamp binds: eid 1003 demanded 7140 clamped 4096
[kinematics-ws] K clamp binds: eid 1002 demanded 14589 clamped 4096
[kinematics-ws] K clamp binds: eid 1001 demanded 29754 clamped 4096
[kinematics-ws] K clamp binds: eid 1002 demanded 14591 clamped 4096
[kinematics-ws] K clamp binds: eid 1003 demanded 7147 clamped 4096
[kinematics-ws] K clamp binds: eid 1001 demanded 29731 clamped 4096
[kinematics-ws] K clamp binds: eid[kinematics-ws] K clamp binds: eid 1003 demanded 7140 clamped 4096
[kinematics-ws] K clamp binds: eid 1002 demanded 14578 clamped 4096
 1001 demanded 29740 clamped 4096
[kinematics-ws] K clamp binds: eid 1001 demanded 29743 clamped 4096
[kinematics-ws] K clamp binds: eid 1002 demanded 14587 clamped 4096
[kinematics-ws] K clamp binds: eid 1003 demanded 7147 clamped 4096
[kinematics-ws] K clamp binds: eid [kinematics-ws] K clamp binds: eid 1001 1002demanded  29737 demandedclamped  14582 clamped4096 
4096
[kinematics-ws] K clamp binds: eid 1003 demanded 7145 clamped 4096
[kinematics-ws] K clamp binds: eid 1002 demanded 14585 clamped 4096
[kinematics-ws] K clamp binds: eid 1003 demanded 7143 clamped 4096
[kinematics-ws] K clamp binds: eid 1001 demanded 29757 clamped 4096
[kinematics-ws] K clamp binds: eid 1003 demanded 7153 clamped 4096
[kinematics-ws] K clamp binds: eid 1002 demanded 14583 clamped 4096
[kinematics-ws] K clamp binds: eid 1001 demanded 29798 clamped 4096
[kinematics-ws] K clamp binds: eid 1002 demanded 14593 clamped 4096
[kinematics-ws] K clamp binds: eid 1003 demanded 7143 clamped 4096
[kinematics-ws] K clamp binds: eid 1001 demanded 29737 clamped 4096
[kinematics-ws] K clamp binds: eid 1002 demanded 14584 clamped 4096
[kinematics-ws] K clamp binds: eid 1001 demanded 29793 clamped 4096
[kinematics-ws] K clamp binds: eid 1003 demanded 7151 clamped 4096
[kinematics-ws] K clamp binds: eid 1001 demanded 29737 clamped 4096
[kinematics-ws] K clamp binds: eid 1003 demanded 7157 clamped 4096
[kinematics-ws] K clamp binds: eid 1002 demanded 14592 clamped 4096
[kinematics-ws] K clamp binds: eid 1001 demanded 29773 clamped 4096
[kinematics-ws] K clamp binds: eid 1003 demanded 7149 clamped 4096
[kinematics-ws] K clamp binds: eid 1002 demanded 14603 clamped 4096
[kinematics-ws] K clamp binds: eid 1001 demanded 29809 clamped 4096
[kinematics-ws] K clamp binds: eid 1002 demanded 14603 clamped 4096
[kinematics-ws] K clamp binds: eid 1003 demanded 7151 clamped 4096
[kinematics-ws] K clamp binds: eid 1002 demanded 14600 clamped 4096
[kinematics-ws] K clamp binds: eid 1001 demanded 29818 clamped 4096
[kinematics-ws] K clamp binds: eid 1003 demanded 7161 clamped 4096
[kinematics-ws] K clamp binds: eid 1001 demanded 29818 clamped 4096
[kinematics-ws] K clamp binds: eid 1003 demanded 7164 clamped 4096
[kinematics-ws] K clamp binds: eid 1002 demanded 14599 clamped 4096
[kinematics-ws] K clamp binds: eid 1003 demanded 7159 clamped 4096
[kinematics-ws] K clamp binds: eid 1002 demanded 14600 clamped 4096
[kinematics-ws] K clamp binds: eid 1001 demanded 29799 clamped 4096
[kinematics-ws] K clamp binds: eid 1001 demanded 29760 clamped 4096
[kinematics-ws] K clamp binds: eid 1003 demanded 7156 clamped 4096
[kinematics-ws] K clamp binds: eid 1002 demanded 14600 clamped 4096
[kinematics-ws] K clamp binds: eid[kinematics-ws] K clamp binds: eid  1002 demanded 14601 clamped 10014096 
demanded 29791 clamped 4096
[kinematics-ws] K clamp binds: eid 1003 demanded 7157 clamped 4096
[kinematics-ws] K clamp binds: eid 1001 demanded 29788 clamped 4096
[kinematics-ws] K clamp binds: eid 1002 demanded 14605 clamped 4096
[kinematics-ws] K clamp binds: eid 1003 demanded 7161 clamped 4096
[kinematics-ws] K clamp binds: eid 1001 demanded 29790 clamped 4096
[kinematics-ws] K clamp binds: eid 1002 demanded 14612 clamped 4096
[kinematics-ws] K clamp binds: eid 1003 demanded 7165 clamped 4096
[kinematics-ws] K clamp binds: eid 1003 demanded 7169 clamped 4096
[kinematics-ws] K clamp binds: eid 1002 demanded 14616 clamped 4096
[kinematics-ws] K clamp binds: eid 1001 demanded 29764 clamped 4096
[kinematics-ws] K clamp binds: eid 1002 demanded 14603 clamped 4096
[kinematics-ws] K clamp binds: eid 1003 demanded 7171 clamped 4096
[kinematics-ws] K clamp binds: eid 1001 demanded 29811 clamped 4096
[kinematics-ws] K clamp binds: eid 1002 demanded 14598 clamped 4096
[kinematics-ws] K clamp binds: eid 1003 demanded 7171 clamped 4096
[kinematics-ws] K clamp binds: eid 1001 demanded 29832 clamped 4096
[kinematics-ws] K clamp binds: eid 1001 demanded 29835 clamped 4096
[kinematics-ws] K clamp binds: eid 1002 demanded 14613 clamped 4096
[kinematics-ws] K clamp binds: eid 1003 demanded 7171 clamped 4096
[kinematics-ws] K clamp binds: eid 1003 demanded 7170 clamped 4096
[kinematics-ws] K clamp binds: eid 1001 demanded 29835 clamped 4096
[kinematics-ws] K clamp binds: eid 1002 demanded 14597 clamped 4096
[kinematics-ws] K clamp binds: eid 1001 demanded 29817 clamped 4096
[kinematics-ws] K clamp binds: eid 1002 demanded 14607 clamped 4096
[kinematics-ws] K clamp binds: eid 1003 demanded 7167 clamped 4096
[kinematics-ws] K clamp binds: eid 1003 demanded 7164 clamped 4096
[kinematics-ws] K clamp binds: eid 1002 demanded 14600 clamped 4096
[kinematics-ws] K clamp binds: eid 1001 demanded 29782 clamped 4096
[kinematics-ws] K clamp binds: eid 1003 demanded 7162 clamped 4096
[kinematics-ws] K clamp binds: eid 1001 demanded 29814 clamped 4096
[kinematics-ws] K clamp binds: eid 1002 demanded 14612 clamped 4096
[kinematics-ws] K clamp binds: eid 1002 demanded 14599 clamped 4096
[kinematics-ws] K clamp binds: eid 1003 demanded 7163 clamped 4096
[kinematics-ws] K clamp binds: eid 1001 demanded 29802 clamped 4096
[kinematics-ws] K clamp binds: eid 1002 demanded 14616 clamped 4096
[kinematics-ws] K clamp binds: eid 1001 demanded 29817 clamped 4096
[kinematics-ws] K clamp binds: eid 1003 demanded 7169 clamped 4096
[kinematics-ws] K clamp binds: eid 1002 demanded 14618 clamped 4096
[kinematics-ws] K clamp binds: eid 1003 demanded 7174 clamped 4096
[kinematics-ws] K clamp binds: eid 1001 demanded 29785 clamped 4096
[kinematics-ws] K clamp binds: eid 1003 demanded 7171 clamped 4096
[kinematics-ws] K clamp binds: eid 1002 demanded 14609 clamped 4096
[kinematics-ws] K clamp binds: eid 1001 demanded 29821 clamped 4096
[kinematics-ws] K clamp binds: eid 1003 demanded 7162 clamped 4096
[kinematics-ws] K clamp binds: eid 1002 demanded 14612 clamped 4096
[kinematics-ws] K clamp binds: eid 1001 demanded 29845 clamped 4096
[kinematics-ws] K clamp binds: eid 1003 demanded 7161 clamped 4096
[kinematics-ws] K clamp binds: eid 1002 demanded 14623 clamped 4096
[kinematics-ws] K clamp binds: eid 1001 demanded 29851 clamped 4096
[kinematics-ws] K clamp binds: eid 1001 demanded 29849 clamped 4096
[kinematics-ws] K clamp binds: eid 1002 demanded 14630 clamped 4096
[kinematics-ws] K clamp binds: eid 1003 demanded 7171 clamped 4096
[kinematics-ws] K clamp binds: eid 1003 demanded 7167 clamped 4096
[kinematics-ws] K clamp binds: eid 1002 demanded 14634 clamped 4096
[kinematics-ws] K clamp binds: eid 1001 demanded 29828 clamped 4096
[kinematics-ws] K clamp binds: eid 1003 demanded 7157 clamped 4096
[kinematics-ws] K clamp binds: eid 1002 demanded 14635 clamped 4096
[kinematics-ws] K clamp binds: eid 1001 demanded 29803 clamped 4096
[kinematics-ws] K clamp binds: eid 1003 demanded 7168 clamped 4096
[kinematics-ws] K clamp binds: eid 1002 demanded 14633 clamped 4096
[kinematics-ws] K clamp binds: eid 1001 demanded 29838 clamped 4096
[kinematics-ws] K clamp binds: eid 1002 demanded 14628 clamped 4096
[kinematics-ws] K clamp binds: eid 1001 demanded 29818 clamped 4096
[kinematics-ws] K clamp binds: eid 1003 demanded 7165 clamped 4096
[kinematics-ws] K clamp binds: eid 1001 demanded 29837 clamped 4096
[kinematics-ws] K clamp binds: eid 1002 demanded 14622 clamped 4096
[kinematics-ws] K clamp binds: eid 1003 demanded 7158 clamped 4096
[kinematics-ws] K clamp binds: eid 1003 demanded 7170 clamped 4096
[kinematics-ws] K clamp binds: eid 1002 demanded 14620 clamped 4096
[kinematics-ws] K clamp binds: eid 1001 demanded 29807 clamped 4096
[kinematics-ws] K clamp binds: eid 1002 demanded 14630 clamped 4096
[kinematics-ws] K clamp binds: eid 1001 demanded 29843 clamped 4096
[kinematics-ws] K clamp binds: eid 1003 demanded 7156 clamped 4096
[kinematics-ws] K clamp binds: eid 1003 demanded 7169 clamped 4096
[kinematics-ws] K clamp binds: eid 1002 demanded 14632 clamped 4096
[kinematics-ws] K clamp binds: eid 1001 demanded 29864 clamped 4096
[kinematics-ws] K clamp binds: eid 1001 demanded 29868 clamped 4096
[kinematics-ws] K clamp binds: eid 1002 demanded 14617 clamped 4096
[kinematics-ws] K clamp binds: eid 1003 demanded 7158 clamped 4096
[kinematics-ws] K clamp binds: eid 1002 demanded 14626 clamped 4096
[kinematics-ws] K clamp binds: eid 1001 demanded 29870 clamped 4096
[kinematics-ws] K clamp binds: eid 1003 demanded 7169 clamped 4096
[kinematics-ws] K clamp binds: eid 1001 demanded 29864 clamped 4096
[kinematics-ws] K clamp binds: eid 1003 demanded 7158 clamped 4096
[kinematics-ws] K clamp binds: eid 1002 demanded 14625 clamped 4096
[kinematics-ws] K clamp binds: eid 1001 demanded 29838 clamped 4096
[kinematics-ws] K clamp binds: eid 1002 demanded 14620 clamped 4096
[kinematics-ws] K clamp binds: eid 1003 demanded 7172 clamped 4096
[kinematics-ws] K clamp binds: eid 1002 demanded 14627 clamped 4096
[kinematics-ws] K clamp binds: eid 1001 demanded 29833 clamped 4096
[kinematics-ws] K clamp binds: eid 1003 demanded 7159 clamped 4096
[kinematics-ws] K clamp binds: eid[kinematics-ws] K clamp binds: eid  10011002 demanded  demanded14627  29862 clampedclamped  40964096

[kinematics-ws] K clamp binds: eid 1003 demanded 7171 clamped 4096
[kinematics-ws] K clamp binds: eid 1001 demanded 29826 clamped 4096
[kinematics-ws] K clamp binds: eid 1002 demanded 14622 clamped 4096
[kinematics-ws] K clamp binds: eid 1003 demanded 7168 clamped 4096
[kinematics-ws] K clamp binds: eid 1001 demanded 29859 clamped 4096
[kinematics-ws] K clamp binds: eid 1002 demanded 14638 clamped 4096
[kinematics-ws] K clamp binds: eid 1003 demanded 7164 clamped 4096
[kinematics-ws] K clamp binds: eid 1002 demanded 14632 clamped 4096
[kinematics-ws] K clamp binds: eid 1003 demanded 7177 clamped 4096
[kinematics-ws] K clamp binds: eid 1001 demanded 29863 clamped 4096
[kinematics-ws] K clamp binds: eid 1003 demanded 7172 clamped 4096
[kinematics-ws] K clamp binds: eid 1002 demanded 14627 clamped 4096
[kinematics-ws] K clamp binds: eid 1001 demanded 29845 clamped 4096
[kinematics-ws] K clamp binds: eid 1003 demanded 7167 clamped 4096
[kinematics-ws] K clamp binds: eid 1002 demanded 14638 clamped 4096
[kinematics-ws] K clamp binds: eid 1001 demanded 29844 clamped 4096
[kinematics-ws] K clamp binds: eid 1001 demanded 29847 clamped 4096
[kinematics-ws] K clamp binds: eid 1002 demanded 14648 clamped 4096
[kinematics-ws] K clamp binds: eid 1003 demanded 7177 clamped 4096
[kinematics-ws] K clamp binds: eid 1003 demanded 7183 clamped 4096
[kinematics-ws] K clamp binds: eid 1002 demanded 14652 clamped 4096
[kinematics-ws] K clamp binds: eid 1001 demanded 29847 clamped 4096
[kinematics-ws] K clamp binds: eid 1002 demanded 14653 clamped 4096
[kinematics-ws] K clamp binds: eid 1001 demanded 29860 clamped 4096
[kinematics-ws] K clamp binds: eid 1003 demanded 7177 clamped 4096
[kinematics-ws] K clamp binds: eid 1001 demanded 29888 clamped 4096
[kinematics-ws] K clamp binds: eid 1003 demanded 7173 clamped 4096
[kinematics-ws] K clamp binds: eid 1002 demanded 14654 clamped 4096
[kinematics-ws] K clamp binds: eid 1003 demanded 7176 clamped [kinematics-ws] K clamp binds: eid4096 
1001 demanded 29859 clamped 4096
[kinematics-ws] K clamp binds: eid 1002 demanded 14654 clamped 4096
[kinematics-ws] K clamp binds: eid 1002 demanded 14655 clamped 4096
[kinematics-ws] K clamp binds: eid 1003 demanded 7183 clamped 4096
[kinematics-ws] K clamp binds: eid 1001 demanded 29861 clamped 4096
[kinematics-ws] K clamp binds: eid 1003 demanded 7189 clamped 4096
[kinematics-ws] K clamp binds: eid 1002 demanded 14652 clamped 4096
[kinematics-ws] K clamp binds: eid 1001 demanded 29863 clamped 4096
[kinematics-ws] K clamp binds: eid 1003 demanded 7191 clamped 4096
[kinematics-ws] K clamp binds: eid 1002 demanded 14646 clamped 4096
[kinematics-ws] K clamp binds: eid 1001 demanded 29887 clamped 4096
[kinematics-ws] K clamp binds: eid 1003 demanded 7191 clamped 4096
[kinematics-ws] K clamp binds: eid 1001 demanded 29856 clamped 4096
[kinematics-ws] K clamp binds: eid 1002 demanded 14642 clamped 4096
[kinematics-ws] K clamp binds: eid 1001 demanded 29860 clamped 4096
[kinematics-ws] K clamp binds: eid 1002 demanded 14647 clamped 4096
[kinematics-ws] K clamp binds: eid 1003 demanded 7190 clamped 4096
[kinematics-ws] K clamp binds: eid 1003 demanded 7189 clamped 4096
[kinematics-ws] K clamp binds: eid 1002 demanded 14650 clamped 4096
[kinematics-ws] K clamp binds: eid 1001 demanded 29875 clamped 4096
[kinematics-ws] K clamp binds: eid 1003 demanded 7188 clamped 4096
[kinematics-ws] K clamp binds: eid 1001 demanded 29877 clamped 4096
[kinematics-ws] K clamp binds: eid 1002 demanded 14640 clamped 4096
[kinematics-ws] K clamp binds: eid 1002 demanded 14645 clamped 4096
[kinematics-ws] K clamp binds: eid 1001 demanded 29867 clamped 4096
[kinematics-ws] K clamp binds: eid 1003 demanded 7189 clamped 4096
[kinematics-ws] K clamp binds: eid 1003 demanded 7190 clamped 4096
[kinematics-ws] K clamp binds: eid 1002 demanded 14644 clamped 4096
[kinematics-ws] K clamp binds: eid 1001 demanded 29865 clamped 4096
[kinematics-ws] K clamp binds: eid 1002 demanded 14641 clamped 4096
[kinematics-ws] K clamp binds: eid 1003 demanded 7191 clamped 4096
[kinematics-ws] K clamp binds: eid 1001 demanded 29903 clamped 4096
[kinematics-ws] K clamp binds: eid 1002 demanded 14646 clamped 4096
[kinematics-ws] K clamp binds: eid 1001 demanded 29891 clamped 4096
[kinematics-ws] K clamp binds: eid 1003 demanded 7193 clamped 4096
[kinematics-ws] K clamp binds: eid 1002 demanded 14646 clamped 4096
[kinematics-ws] K clamp binds: eid 1001 demanded 29868 clamped 4096
[kinematics-ws] K clamp binds: eid 1003 demanded 7194 clamped 4096
[kinematics-ws] K clamp binds: eid 1002 demanded 14644 clamped 4096
[kinematics-ws] K clamp binds: eid 1003 demanded 7193 clamped 4096
[kinematics-ws] K clamp binds: eid 1001 demanded 29895 clamped 4096
[kinematics-ws] K clamp binds: eid 1001 demanded 29901 clamped 4096
[kinematics-ws] K clamp binds: eid 1003 demanded 7189 clamped 4096
[kinematics-ws] K clamp binds: eid 1002 demanded 14655 clamped 4096
[kinematics-ws] K clamp binds: eid 1001 demanded 29868 clamped 4096
[kinematics-ws] K clamp binds: eid 1002 demanded 14652 clamped 4096
[kinematics-ws] K clamp binds: eid 1003 demanded 7184 clamped 4096
[kinematics-ws] K clamp binds: eid 1001 demanded 29885 clamped 4096
[kinematics-ws] K clamp binds: eid 1003 demanded 7183 clamped 4096
[kinematics-ws] K clamp binds: eid 1002 demanded 14650 clamped 4096
[kinematics-ws] K clamp binds: eid 1001 demanded 29906 clamped 4096
[kinematics-ws] K clamp binds: eid 1002 demanded 14658 clamped 4096
[kinematics-ws] K clamp binds: eid 1003 demanded 7188 clamped 4096
[kinematics-ws] K clamp binds: eid 1001 demanded 29910 clamped 4096
[kinematics-ws] K clamp binds: eid 1002 demanded 14666 clamped 4096
[kinematics-ws] K clamp binds: eid 1003 demanded 7192 clamped 4096
[kinematics-ws] K clamp binds: eid 1001 demanded 29897 clamped 4096
[kinematics-ws] K clamp binds: eid 1002 demanded 14668 clamped 4096
[kinematics-ws] K clamp binds: eid 1003 demanded 7186 clamped 4096
[kinematics-ws] K clamp binds: eid 1003 demanded 7180 clamped 4096
[kinematics-ws] K clamp binds: eid 1002 demanded 14669 clamped 4096
[kinematics-ws] K clamp binds: eid 1001 demanded 29879 clamped 4096
[kinematics-ws] K clamp binds: eid 1003 demanded 7186 clamped 4096
[kinematics-ws] K clamp binds: eid 1001 demanded 29904 clamped 4096
[kinematics-ws] K clamp binds: eid 1002 demanded 14669 clamped 4096
[kinematics-ws] K clamp binds: eid[kinematics-ws] K clamp binds: eid  10021001  demandeddemanded  14669 29931clamped  clamped 40964096

[kinematics-ws] K clamp binds: eid 1003 demanded 7189 clamped 4096
[kinematics-ws] K clamp binds: eid 1003 demanded 7180 clamped 4096
[kinematics-ws] K clamp binds: eid 1001 demanded 29874 clamped 4096
[kinematics-ws] K clamp binds: eid 1002 demanded 14670 clamped 4096
[kinematics-ws] K clamp binds: eid 1001 demanded 29935 clamped 4096
[kinematics-ws] K clamp binds: eid 1003 demanded 7184 clamped 4096
[kinematics-ws] K clamp binds: eid 1002 demanded 14671 clamped 4096
[kinematics-ws] K clamp binds: eid 1002 demanded 14671 clamped 4096
[kinematics-ws] K clamp binds: eid 1001 demanded 29886 clamped 4096
[kinematics-ws] K clamp binds: eid 1003 demanded 7187 clamped 4096
[kinematics-ws] K clamp binds: eid 1001 demanded 29902 clamped 4096
[kinematics-ws] K clamp binds: eid 1002 demanded 14668 clamped 4096
[kinematics-ws] K clamp binds: eid 1003 demanded 7178 clamped 4096
[kinematics-ws] K clamp binds: eid 1002 demanded 14665 clamped 4096
[kinematics-ws] K clamp binds: eid 1003 demanded 7187 clamped 4096
[kinematics-ws] K clamp binds: eid 1001 demanded 29944 clamped 4096
[kinematics-ws] K clamp binds: eid 1002 demanded 14665 clamped 4096
[kinematics-ws] K clamp binds: eid 1001 demanded 29952 clamped 4096
[kinematics-ws] K clamp binds: eid 1003 demanded 7180 clamped 4096
[kinematics-ws] K clamp binds: eid 1002 demanded 14667 clamped 4096
[kinematics-ws] K clamp binds: eid 1003 demanded 7184 clamped 4096
[kinematics-ws] K clamp binds: eid 1001 demanded 29951 clamped 4096
[kinematics-ws] K clamp binds: eid 1003 demanded 7183 clamped 4096
[kinematics-ws] K clamp binds: eid 1002 demanded 14663 clamped 4096
[kinematics-ws] K clamp binds: eid 1001 demanded 29954 clamped 4096
[kinematics-ws] K clamp binds: eid 1001 demanded 29952 clamped 4096
[kinematics-ws] K clamp binds: eid 1002 demanded 14663 clamped 4096
[kinematics-ws] K clamp binds: eid 1003 demanded 7183 clamped 4096
[kinematics-ws] K clamp binds: eid 1001 demanded 29922 clamped 4096
[kinematics-ws] K clamp binds: eid 1003 demanded 7183 clamped 4096
[kinematics-ws] K clamp binds: eid 1002 demanded 14665 clamped 4096
[kinematics-ws] K clamp binds: eid 1002 demanded 14662 clamped 4096
[kinematics-ws] K clamp binds: eid 1001 demanded 29903 clamped 4096
[kinematics-ws] K clamp binds: eid 1003 demanded 7186 clamped 4096
[kinematics-ws] K clamp binds: eid 1003 demanded 7182 clamped 4096
[kinematics-ws] K clamp binds: eid 1001 demanded 29949 clamped 4096
[kinematics-ws] K clamp binds: eid 1002 demanded 14666 clamped 4096
[kinematics-ws] K clamp binds: eid 1003 demanded 7190 clamped 4096
[kinematics-ws] K clamp binds: eid 1001 demanded 29901 clamped 4096
[kinematics-ws] K clamp binds: eid 1002 demanded 14664 clamped 4096
[kinematics-ws] K clamp binds: eid 1001 demanded 29951 clamped 4096
[kinematics-ws] K clamp binds: eid 1003 demanded 7181 clamped 4096
[kinematics-ws] K clamp binds: eid 1002 demanded 14666 clamped 4096
[kinematics-ws] K clamp binds: eid 1002 demanded 14672 clamped 4096
[kinematics-ws] K clamp binds: eid 1001 demanded 29912 clamped 4096
[kinematics-ws] K clamp binds: eid 1003 demanded 7191 clamped 4096
[kinematics-ws] K clamp binds: eid 1001 demanded 29920 clamped 4096
[kinematics-ws] K clamp binds: eid 1003 demanded 7189 clamped 4096
[kinematics-ws] K clamp binds: eid 1002 demanded 14670 clamped 4096
[kinematics-ws] K clamp binds: eid 1001 demanded 29954 clamped 4096
[kinematics-ws] K clamp binds: eid[kinematics-ws] K clamp binds: eid  10021003 demanded 7185 clamped  demanded 14673 clamped 40964096

[kinematics-ws] K clamp binds: eid 1002 demanded 14679 clamped 4096
[kinematics-ws] K clamp binds: eid 1001 demanded 29969 clamped 4096
[kinematics-ws] K clamp binds: eid 1003 demanded 7196 clamped 4096
[kinematics-ws] K clamp binds: eid 1002 demanded 14682 clamped 4096
[kinematics-ws] K clamp binds: eid 1003 demanded 7194 clamped 4096
[kinematics-ws] K clamp binds: eid 1001 demanded 29972 clamped 4096
[kinematics-ws] K clamp binds: eid 1001 demanded 29967 clamped 4096
[kinematics-ws] K clamp binds: eid 1003 demanded 7189 clamped 4096
[kinematics-ws] K clamp binds: eid 1002 demanded 14682 clamped 4096
[kinematics-ws] K clamp binds: eid 1001 demanded 29948 clamped 4096
[kinematics-ws] K clamp binds: eid 1002 demanded 14682 clamped 4096
[kinematics-ws] K clamp binds: eid 1003 demanded 7195 clamped 4096
[kinematics-ws] K clamp binds: eid 1002 demanded 14683 clamped 4096
[kinematics-ws] K clamp binds: eid 1003 demanded 7202 clamped 4096
[kinematics-ws] K clamp binds: eid 1001 demanded 29924 clamped 4096
[kinematics-ws] K clamp binds: eid 1001 demanded 29953 clamped 4096
[kinematics-ws] K clamp binds: eid 1002 demanded 14684 clamped 4096
[kinematics-ws] K clamp binds: eid 1003 demanded 7199 clamped 4096
[kinematics-ws] K clamp binds: eid 1001 demanded 29951 clamped 4096
[kinematics-ws] K clamp binds: eid 1002 demanded 14684 clamped 4096
[kinematics-ws] K clamp binds: eid 1003 demanded 7195 clamped 4096
[kinematics-ws] K clamp binds: eid 1001 demanded 29934 clamped 4096
[kinematics-ws] K clamp binds: eid 1002 demanded 14684 clamped 4096
[kinematics-ws] K clamp binds: eid 1003 demanded 7196 clamped 4096
[kinematics-ws] K clamp binds: eid 1001 demanded 29948 clamped 4096
[kinematics-ws] K clamp binds: eid 1003 demanded 7201 clamped 4096
[kinematics-ws] K clamp binds: eid 1002 demanded 14685 clamped 4096
[kinematics-ws] K clamp binds: eid 1003 demanded 7207 clamped 4096
[kinematics-ws] K clamp binds: eid 1001 demanded 29967 clamped 4096
[kinematics-ws] K clamp binds: eid 1002 demanded 14688 clamped 4096
[kinematics-ws] K clamp binds: eid 1001 demanded 29937 clamped 4096
[kinematics-ws] K clamp binds: eid 1002 demanded 14692 clamped 4096
[kinematics-ws] K clamp binds: eid 1003 demanded 7209 clamped 4096
[kinematics-ws] K clamp binds: eid 1001 demanded 29940 clamped 4096
[kinematics-ws] K clamp binds: eid 1002 demanded 14690 clamped 4096
[kinematics-ws] K clamp binds: eid 1003 demanded 7209 clamped 4096
[kinematics-ws] K clamp binds: eid 1002 demanded 14682 clamped 4096
[kinematics-ws] K clamp binds: eid 1003 demanded 7207 clamped 4096
[kinematics-ws] K clamp binds: eid 1001 demanded 29955 clamped 4096
[kinematics-ws] K clamp binds: eid 1003 demanded 7206 clamped 4096
[kinematics-ws] K clamp binds: eid 1002 demanded 14683 clamped 4096
[kinematics-ws] K clamp binds: eid 1001 demanded 29961 clamped 4096
[kinematics-ws] K clamp binds: eid 1003 demanded 7205 clamped 4096
[kinematics-ws] K clamp binds: eid 1001 demanded 29953 clamped 4096
[kinematics-ws] K clamp binds: eid 1002 demanded 14689 clamped 4096
[kinematics-ws] K clamp binds: eid 1003 demanded 7205 clamped 4096
[kinematics-ws] K clamp binds: eid 1002 demanded 14680 clamped 4096
[kinematics-ws] K clamp binds: eid 1001 demanded 29942 clamped 4096
[kinematics-ws] K clamp binds: eid 1003 demanded 7205 clamped 4096
[kinematics-ws] K clamp binds: eid 1002 demanded 14685 clamped 4096
[kinematics-ws] K clamp binds: eid 1001 demanded 29961 clamped 4096
[kinematics-ws] K clamp binds: eid 1001 demanded 29992 clamped 4096
[kinematics-ws] K clamp binds: eid 1002 demanded 14683 clamped 4096
[kinematics-ws] K clamp binds: eid 1003 demanded 7206 clamped 4096
[kinematics-ws] K clamp binds: eid 1001 demanded 29943 clamped 4096
[kinematics-ws] K clamp binds: eid 1002 demanded 14684 clamped 4096
[kinematics-ws] K clamp binds: eid 1003 demanded 7207 clamped 4096
[kinematics-ws] K clamp binds: eid 1001 demanded 29980 clamped 4096
[kinematics-ws] K clamp binds: eid 1002 demanded 14683 clamped 4096
[kinematics-ws] K clamp binds: eid 1003 demanded 7209 clamped 4096
[kinematics-ws] K clamp binds: eid 1001 demanded 29944 clamped 4096
[kinematics-ws] K clamp binds: eid 1003 demanded 7211 clamped 4096
[kinematics-ws] K clamp binds: eid 1002 demanded 14689 clamped 4096
[kinematics-ws] K clamp binds: eid 1002 demanded 14683 clamped 4096
[kinematics-ws] K clamp binds: eid 1003 demanded 7213 clamped 4096
[kinematics-ws] K clamp binds: eid 1001 demanded 29995 clamped 4096
[kinematics-ws] K clamp binds: eid 1001 demanded 29968 clamped 4096
[kinematics-ws] K clamp binds: eid 1002 demanded 14693 clamped 4096
[kinematics-ws] K clamp binds: eid 1003 demanded 7213 clamped 4096
[kinematics-ws] K clamp binds: eid 1001 demanded 29952 clamped 4096
[kinematics-ws] K clamp binds: eid 1003 demanded 7210 clamped 4096
[kinematics-ws] K clamp binds: eid 1002 demanded 14694 clamped 4096
[kinematics-ws] K clamp binds: eid 1003 demanded 7206 clamped 4096
[kinematics-ws] K clamp binds: eid 1002 demanded 14690 clamped 4096
[kinematics-ws] K clamp binds: eid 1001 demanded 29965 clamped 4096
[kinematics-ws] K clamp binds: eid 1002 demanded 14695 clamped 4096
[kinematics-ws] K clamp binds: eid 1003 demanded 7203 clamped 4096
[kinematics-ws] K clamp binds: eid 1001 demanded 29977 clamped 4096
[kinematics-ws] K clamp binds: eid 1001 demanded 29974 clamped 4096
[kinematics-ws] K clamp binds: eid 1003 demanded 7206 clamped 4096
[kinematics-ws] K clamp binds: eid 1002 demanded 14703 clamped 4096
[kinematics-ws] K clamp binds: eid 1001 demanded 29961 clamped 4096
[kinematics-ws] K clamp binds: eid 1003 demanded 7211 clamped 4096
[kinematics-ws] K clamp binds: eid 1002 demanded 14707 clamped 4096
[kinematics-ws] K clamp binds: eid 1001 demanded 29965 clamped 4096
[kinematics-ws] K clamp binds: eid 1003 demanded 7209 clamped 4096
[kinematics-ws] K clamp binds: eid 1002 demanded 14707 clamped 4096
[kinematics-ws] K clamp binds: eid 1001 demanded 30008 clamped 4096
[kinematics-ws] K clamp binds: eid 1002 demanded 14707 clamped 4096
[kinematics-ws] K clamp binds: eid 1003 demanded 7202 clamped 4096
[kinematics-ws] K clamp binds: eid[kinematics-ws] K clamp binds: eid  1001 1003demanded  demanded 29992 7203clamped  clamped 40964096

[kinematics-ws] K clamp binds: eid 1002 demanded 14707 clamped 4096
[kinematics-ws] K clamp binds: eid 1003 demanded 7209 clamped 4096
[kinematics-ws] K clamp binds: eid 1001 demanded 29962 clamped 4096
[kinematics-ws] K clamp binds: eid 1002 demanded 14707 clamped 4096
[kinematics-ws] K clamp binds: eid 1003 demanded 7205 clamped 4096
[kinematics-ws] K clamp binds: eid 1001 demanded 30007 clamped 4096
[kinematics-ws] K clamp binds: eid 1002 demanded 14708 clamped 4096
[kinematics-ws] K clamp binds: eid 1001 demanded 29975 clamped 4096
[kinematics-ws] K clamp binds: eid 1002 demanded 14710 clamped 4096
[kinematics-ws] K clamp binds: eid 1003 demanded 7200 clamped 4096
[kinematics-ws] K clamp binds: eid 1003 demanded 7208 clamped 4096
[kinematics-ws] K clamp binds: eid 1002 demanded 14711 clamped 4096
[kinematics-ws] K clamp binds: eid 1001 demanded 29974 clamped 4096
[kinematics-ws] K clamp binds: eid 1002 demanded 14711 clamped 4096
[kinematics-ws] K clamp binds: eid 1001 demanded 30023 clamped 4096
[kinematics-ws] K clamp binds: eid 1003 demanded 7203 clamped 4096
[kinematics-ws] K clamp binds: eid 1001 demanded 30020 clamped 4096
[kinematics-ws] K clamp binds: eid 1002 demanded 14707 clamped 4096
[kinematics-ws] K clamp binds: eid 1003 demanded 7200 clamped 4096
[kinematics-ws] K clamp binds: eid 1001 demanded 30003 clamped 4096
[kinematics-ws] K clamp binds: eid 1002 demanded 14703 clamped 4096
[kinematics-ws] K clamp binds: eid 1003 demanded 7208 clamped 4096
[kinematics-ws] K clamp binds: eid 1001 demanded 29998 clamped 4096
[kinematics-ws] K clamp binds: eid 1003 demanded 7198 clamped 4096
[kinematics-ws] K clamp binds: eid 1002 demanded 14706 clamped 4096
[kinematics-ws] K clamp binds: eid 1001 demanded 30005 clamped 4096
[kinematics-ws] K clamp binds: eid 1002 demanded 14708 clamped 4096
[kinematics-ws] K clamp binds: eid 1003 demanded 7206 clamped 4096
[kinematics-ws] K clamp binds: eid 1003 demanded 7201 clamped 4096
[kinematics-ws] K clamp binds: eid 1001 demanded 30024 clamped 4096
[kinematics-ws] K clamp binds: eid 1002 demanded 14701 clamped 4096
[kinematics-ws] K clamp binds: eid 1001 demanded 30037 clamped 4096
[kinematics-ws] K clamp binds: eid 1003 demanded 7204 clamped 4096
[kinematics-ws] K clamp binds: eid 1002 demanded 14704 clamped 4096
[kinematics-ws] K clamp binds: eid 1001 demanded 29999 clamped 4096
[kinematics-ws] K clamp binds: eid 1003 demanded 7202 clamped 4096
[kinematics-ws] K clamp binds: eid 1002 demanded 14704 clamped 4096
[kinematics-ws] K clamp binds: eid 1002 demanded 14702 clamped 4096
[kinematics-ws] K clamp binds: eid 1003 demanded 7205 clamped 4096
[kinematics-ws] K clamp binds: eid 1001 demanded 29985 clamped 4096
[kinematics-ws] K clamp binds: eid 1002 demanded 14705 clamped 4096
[kinematics-ws] K clamp binds: eid 1003 demanded 7202 clamped 4096
[kinematics-ws] K clamp binds: eid 1001 demanded 30031 clamped 4096
[kinematics-ws] K clamp binds: eid 1003 demanded 7207 clamped 4096
[kinematics-ws] K clamp binds: eid 1002 demanded 14703 clamped 4096
[kinematics-ws] K clamp binds: eid 1001 demanded 29976 clamped 4096
[kinematics-ws] K clamp binds: eid 1001 demanded 30029 clamped 4096
[kinematics-ws] K clamp binds: eid 1003 demanded 7201 clamped 4096
[kinematics-ws] K clamp binds: eid 1002 demanded 14706 clamped 4096
[kinematics-ws] K clamp binds: eid 1001 demanded 30010 clamped 4096
[kinematics-ws] K clamp binds: eid 1002 demanded 14710 clamped 4096
[kinematics-ws] K clamp binds: eid 1003 demanded 7211 clamped 4096
[kinematics-ws] K clamp binds: eid 1001 demanded 29986 clamped 4096
[kinematics-ws] K clamp binds: eid 1002 demanded 14706 clamped 4096
[kinematics-ws] K clamp binds: eid 1003 demanded 7202 clamped 4096
[kinematics-ws] K clamp binds: eid 1001 demanded 30017 clamped 4096
[kinematics-ws] K clamp binds: eid 1002 demanded 14713 clamped 4096
[kinematics-ws] K clamp binds: eid 1003 demanded 7209 clamped 4096
[kinematics-ws] K clamp binds: eid 1003 demanded 7211 clamped 4096
[kinematics-ws] K clamp binds: eid 1002 demanded 14717 clamped 4096
[kinematics-ws] K clamp binds: eid 1001 demanded 30043 clamped 4096
[kinematics-ws] K clamp binds: eid 1001 demanded 30051 clamped 4096
[kinematics-ws] K clamp binds: eid 1003 demanded 7205 clamped 4096
[kinematics-ws] K clamp binds: eid 1002 demanded 14715 clamped 4096
[kinematics-ws] K clamp binds: eid 1002 demanded 14715 clamped 4096
[kinematics-ws] K clamp binds: eid 1003 demanded 7214 clamped 4096
[kinematics-ws] K clamp binds: eid 1001 demanded 30050 clamped 4096
[kinematics-ws] K clamp binds: eid 1002 demanded 14720 clamped 4096
[kinematics-ws] K clamp binds: eid 1001 demanded 30037 clamped 4096
[kinematics-ws] K clamp binds: eid 1003 demanded 7214 clamped 4096
[kinematics-ws] K clamp binds: eid[kinematics-ws] K clamp binds: eid  1001 1002demanded  demanded 30009 14725 clamped clamped 40964096

[kinematics-ws] K clamp binds: eid 1003 demanded 7208 clamped 4096
[kinematics-ws] K clamp binds: eid 1002 demanded 14728 clamped 4096
[kinematics-ws] K clamp binds: eid 1003 demanded 7214 clamped 4096
[kinematics-ws] K clamp binds: eid 1001 demanded 30006 clamped 4096
[kinematics-ws] K clamp binds: eid 1003 demanded 7220 clamped 4096
[kinematics-ws] K clamp binds: eid 1001 demanded 30050 clamped 4096
[kinematics-ws] K clamp binds: eid 1002 demanded 14729 clamped 4096
[kinematics-ws] K clamp binds: eid 1002 demanded 14730 clamped 4096
[kinematics-ws] K clamp binds: eid 1001 demanded 30012 clamped 4096
[kinematics-ws] K clamp binds: eid 1003 demanded 7217 clamped 4096
[kinematics-ws] K clamp binds: eid 1003 demanded 7213 clamped 4096
[kinematics-ws] K clamp binds: eid 1002 demanded 14730 clamped 4096
[kinematics-ws] K clamp binds: eid 1001 demanded 30029 clamped 4096
[kinematics-ws] K clamp binds: eid 1003 demanded 7216 clamped 4096
[kinematics-ws] K clamp binds: eid 1001 demanded 30014 clamped 4096
[kinematics-ws] K clamp binds: eid 1002 demanded 14730 clamped 4096
[kinematics-ws] K clamp binds: eid 1003 demanded 7223 clamped 4096
[kinematics-ws] K clamp binds: eid 1002 demanded 14729 clamped 4096
[kinematics-ws] K clamp binds: eid 1001 demanded 30052 clamped 4096
[kinematics-ws] K clamp binds: eid 1003 demanded 7226 clamped 4096
[kinematics-ws] K clamp binds: eid 1002 demanded 14728 clamped 4096
[kinematics-ws] K clamp binds: eid 1001 demanded 30010 clamped 4096
[kinematics-ws] K clamp binds: eid 1002 demanded 14727 clamped 4096
[kinematics-ws] K clamp binds: eid 1003 demanded 7224 clamped 4096
[kinematics-ws] K clamp binds: eid 1001 demanded 30019 clamped 4096
[kinematics-ws] K clamp binds: eid 1002 demanded 14727 clamped 4096
[kinematics-ws] K clamp binds: eid 1003 demanded 7222 clamped 4096
[kinematics-ws] K clamp binds: eid 1001 demanded 30052 clamped 4096
[kinematics-ws] K clamp binds: eid 1002 demanded 14728 clamped 4096
[kinematics-ws] K clamp binds: eid 1003 demanded 7220 clamped 4096
[kinematics-ws] K clamp binds: eid 1001 demanded 30069 clamped 4096
[kinematics-ws] K clamp binds: eid 1002 demanded 14726 clamped 4096
[kinematics-ws] K clamp binds: eid 1003 demanded 7220 clamped 4096
[kinematics-ws] K clamp binds: eid 1001 demanded 30073 clamped 4096
[kinematics-ws] K clamp binds: eid 1001 demanded 30069 clamped 4096
[kinematics-ws] K clamp binds: eid 1002 demanded 14723 clamped 4096
[kinematics-ws] K clamp binds: eid 1003 demanded 7221 clamped 4096
[kinematics-ws] K clamp binds: eid 1001 demanded 30052 clamped 4096
[kinematics-ws] K clamp binds: eid 1002 demanded 14725 clamped 4096
[kinematics-ws] K clamp binds: eid 1003 demanded 7223 clamped 4096
[kinematics-ws] K clamp binds: eid 1002 demanded 14724 clamped 4096
[kinematics-ws] K clamp binds: eid 1003 demanded 7225 clamped 4096
[kinematics-ws] K clamp binds: eid 1001 demanded 30025 clamped 4096
[kinematics-ws] K clamp binds: eid 1002 demanded 14722 clamped 4096
[kinematics-ws] K clamp binds: eid 1001 demanded 30035 clamped 4096
[kinematics-ws] K clamp binds: eid 1003 demanded 7226 clamped 4096
[kinematics-ws] K clamp binds: eid 1002 demanded 14725 clamped 4096
[kinematics-ws] K clamp binds: eid 1003 demanded 7226 clamped 4096
[kinematics-ws] K clamp binds: eid 1001 demanded 30071 clamped 4096
[kinematics-ws] K clamp binds: eid 1001 demanded 30022 clamped 4096
[kinematics-ws] K clamp binds: eid 1003 demanded 7226 clamped 4096
[kinematics-ws] K clamp binds: eid 1002 demanded 14722 clamped 4096
[kinematics-ws] K clamp binds: eid 1001 demanded 30062 clamped 4096
[kinematics-ws] K clamp binds: eid 1002 demanded 14725 clamped 4096
[kinematics-ws] K clamp binds: eid 1003 demanded 7225 clamped 4096
[kinematics-ws] K clamp binds: eid 1001 demanded 30023 clamped 4096
[kinematics-ws] K clamp binds: eid 1002 demanded 14723 clamped 4096
[kinematics-ws] K clamp binds: eid 1003 demanded 7224 clamped 4096
[kinematics-ws] K clamp binds: eid 1001 demanded 30074 clamped 4096
[kinematics-ws] K clamp binds: eid 1003 demanded 7223 clamped 4096
[kinematics-ws] K clamp binds: eid 1002 demanded 14727 clamped 4096
[kinematics-ws] K clamp binds: eid 1003 demanded 7222 clamped 4096
[kinematics-ws] K clamp binds: eid 1001 demanded 30046 clamped 4096
[kinematics-ws] K clamp binds: eid 1002 demanded 14727 clamped 4096
[kinematics-ws] K clamp binds: eid 1002 demanded 14728 clamped 4096
[kinematics-ws] K clamp binds: eid 1001 demanded 30031 clamped 4096
[kinematics-ws] K clamp binds: eid 1003 demanded 7223 clamped 4096
[kinematics-ws] K clamp binds: eid 1001 demanded 30054 clamped 4096
[kinematics-ws] K clamp binds: eid 1002 demanded 14733 clamped 4096
[kinematics-ws] K clamp binds: eid 1003 demanded 7227 clamped 4096
[kinematics-ws] K clamp binds: eid 1001 demanded 30075 clamped 4096
[kinematics-ws] K clamp binds: eid 1002 demanded 14733 clamped 4096
[kinematics-ws] K clamp binds: eid 1003 demanded 7231 clamped 4096
[kinematics-ws] K clamp binds: eid 1003 demanded 7234 clamped 4096
[kinematics-ws] K clamp binds: eid 1002 demanded 14734 clamped 4096
[kinematics-ws] K clamp binds: eid 1001 demanded 30082 clamped 4096
[kinematics-ws] K clamp binds: eid 1001 demanded 30078 clamped 4096
[kinematics-ws] K clamp binds: eid 1003 demanded 7232 clamped 4096
[kinematics-ws] K clamp binds: eid 1002 demanded 14738 clamped 4096
[kinematics-ws] K clamp binds: eid 1001 demanded 30060 clamped 4096
[kinematics-ws] K clamp binds: eid 1002 demanded 14741 clamped 4096
[kinematics-ws] K clamp binds: eid 1003 demanded 7225 clamped 4096
[kinematics-ws] K clamp binds: eid 1002 demanded 14743 clamped 4096
[kinematics-ws] K clamp binds: eid 1003 demanded 7221 clamped 4096
[kinematics-ws] K clamp binds: eid 1001 demanded 30042 clamped 4096
[kinematics-ws] K clamp binds: eid 1002 demanded 14744 clamped 4096
[kinematics-ws] K clamp binds: eid 1003 demanded 7225 clamped 4096
[kinematics-ws] K clamp binds: eid 1001 demanded 30061 clamped 4096
[kinematics-ws] K clamp binds: eid 1003 demanded 7232 clamped 4096
[kinematics-ws] K clamp binds: eid 1002 demanded 14745 clamped 4096
[kinematics-ws] K clamp binds: eid 1001 demanded 30092 clamped 4096
[kinematics-ws] K clamp binds: eid 1001 demanded 30042 clamped 4096
[kinematics-ws] K clamp binds: eid 1003 demanded 7229 clamped 4096
[kinematics-ws] K clamp binds: eid 1002 demanded 14746 clamped 4096
[kinematics-ws] K clamp binds: eid 1001 demanded 30079 clamped 4096
[kinematics-ws] K clamp binds: eid 1002 demanded 14746 clamped 4096
[kinematics-ws] K clamp binds: eid 1003 demanded 7220 clamped 4096
[kinematics-ws] K clamp binds: eid [kinematics-ws] K clamp binds: eid 10021001 demanded 30047  demandedclamped  14746 4096clamped 
4096
[kinematics-ws] K clamp binds: eid 1003 demanded 7223 clamped 4096
[kinematics-ws] K clamp binds: eid 1002 demanded 14746 clamped 4096
[kinematics-ws] K clamp binds: eid 1001 demanded 30092 clamped 4096
[kinematics-ws] K clamp binds: eid 1003 demanded 7231 clamped 4096
[kinematics-ws] K clamp binds: eid 1001 demanded 30048 clamped 4096
[kinematics-ws] K clamp binds: eid 1002 demanded 14747 clamped 4096
[kinematics-ws] K clamp binds: eid 1003 demanded 7223 clamped 4096
[kinematics-ws] K clamp binds: eid 1001 demanded 30063 clamped 4096
[kinematics-ws] K clamp binds: eid 1002 demanded 14749 clamped 4096
[kinematics-ws] K clamp binds: eid 1003 demanded 7219 clamped 4096
[kinematics-ws] K clamp binds: eid 1001 demanded 30100 clamped 4096
[kinematics-ws] K clamp binds: eid 1002 demanded 14750 clamped 4096
[kinematics-ws] K clamp binds: eid 1003 demanded 7230 clamped 4096
[kinematics-ws] K clamp binds: eid 1003 demanded 7221 clamped 4096
[kinematics-ws] K clamp binds: eid 1002 demanded 14750 clamped 4096
[kinematics-ws] K clamp binds: eid 1001 demanded 30109 clamped 4096
[kinematics-ws] K clamp binds: eid 1001 demanded 30105 clamped 4096
[kinematics-ws] K clamp binds: eid 1003 demanded 7220 clamped 4096
[kinematics-ws] K clamp binds: eid 1002 demanded 14746 clamped 4096
[kinematics-ws] K clamp binds: eid 1002 demanded 14743 clamped 4096
[kinematics-ws] K clamp binds: eid[kinematics-ws] K clamp binds: eid  1001 demanded 30105 1003 clamped demanded 40967229 clamped
 4096
[kinematics-ws] K clamp binds: eid 1001 demanded 30110 clamped 4096
[kinematics-ws] K clamp binds: eid 1002 demanded 14746 clamped 4096
[kinematics-ws] K clamp binds: eid 1003 demanded 7217 clamped 4096
[kinematics-ws] K clamp binds: eid 1001 demanded 30111 clamped 4096
[kinematics-ws] K clamp binds: eid 1002 demanded 14746 clamped 4096
[kinematics-ws] K clamp binds: eid 1003 demanded 7227 clamped 4096
[kinematics-ws] K clamp binds: eid 1003 demanded 7221 clamped 4096
[kinematics-ws] K clamp binds: eid 1002 demanded 14741 clamped 4096
[kinematics-ws] K clamp binds: eid 1001 demanded 30089 clamped 4096
[kinematics-ws] K clamp binds: eid 1001 demanded 30063 clamped 4096
[kinematics-ws] K clamp binds: eid 1002 demanded 14745 clamped 4096
[kinematics-ws] K clamp binds: eid 1003 demanded 7223 clamped 4096
[kinematics-ws] K clamp binds: eid 1001 demanded 30095 clamped 4096
[kinematics-ws] K clamp binds: eid 1002 demanded 14742 clamped 4096
[kinematics-ws] K clamp binds: eid 1003 demanded 7225 clamped 4096
[kinematics-ws] K clamp binds: eid 1001 demanded 30089 clamped 4096
[kinematics-ws] K clamp binds: eid 1003 demanded 7221 clamped 4096
[kinematics-ws] K clamp binds: eid 1002 demanded 14743 clamped 4096
[kinematics-ws] K clamp binds: eid[kinematics-ws] K clamp binds: eid  1001 1003demanded  30072 clampeddemanded  7226 clamped 40964096

[kinematics-ws] K clamp binds: eid 1002 demanded 14744 clamped 4096
[kinematics-ws] K clamp binds: eid 1002 demanded 14743 clamped 4096
[kinematics-ws] K clamp binds: eid 1003 demanded 7221 clamped 4096
[kinematics-ws] K clamp binds: eid 1001 demanded 30093 clamped 4096
[kinematics-ws] K clamp binds: eid 1003 demanded 7226 clamped 4096
[kinematics-ws] K clamp binds: eid 1002 demanded 14745 clamped 4096
[kinematics-ws] K clamp binds: eid 1001 demanded 30091 clamped 4096
[kinematics-ws] K clamp binds: eid 1001 demanded 30070 clamped 4096
[kinematics-ws] K clamp binds: eid 1003 demanded 7225 clamped 4096
[kinematics-ws] K clamp binds: eid 1002 demanded 14747 clamped 4096
[kinematics-ws] K clamp binds: eid 1001 demanded 30108 clamped 4096
[kinematics-ws] K clamp binds: eid 1003 demanded 7223 clamped 4096
[kinematics-ws] K clamp binds: eid 1002 demanded 14745 clamped 4096
[kinematics-ws] K clamp binds: eid 1003 demanded 7230 clamped 4096
[kinematics-ws] K clamp binds: eid 1002 demanded 14752 clamped 4096
[kinematics-ws] K clamp binds: eid 1001 demanded 30119 clamped 4096
[kinematics-ws] K clamp binds: eid 1001 demanded 30106 clamped 4096
[kinematics-ws] K clamp binds: eid 1002 demanded 14751 clamped 4096
[kinematics-ws] K clamp binds: eid 1003 demanded 7220 clamped 4096
[kinematics-ws] K clamp binds: eid 1003 demanded 7233 clamped 4096
[kinematics-ws] K clamp binds: eid 1002 demanded 14750 clamped 4096
[kinematics-ws] K clamp binds: eid 1001 demanded 30097 clamped 4096
[kinematics-ws] K clamp binds: eid 1001 demanded 30096 clamped 4096
[kinematics-ws] K clamp binds: eid 1002 demanded 14756 clamped 4096
[kinematics-ws] K clamp binds: eid 1003 demanded 7226 clamped 4096
[kinematics-ws] K clamp binds: eid 1003 demanded 7226 clamped 4096
[kinematics-ws] K clamp binds: eid 1002 demanded 14760 clamped 4096
[kinematics-ws] K clamp binds: eid 1001 demanded 30102 clamped 4096
[kinematics-ws] K clamp binds: eid 1003 demanded 7236 clamped 4096
[kinematics-ws] K clamp binds: eid 1001 demanded 30116 clamped 4096
[kinematics-ws] K clamp binds: eid 1002 demanded 14759 clamped 4096
[kinematics-ws] K clamp binds: eid 1002 demanded 14759 clamped 4096
[kinematics-ws] K clamp binds: eid 1003 demanded 7227 clamped 4096
[kinematics-ws] K clamp binds: eid 1001 demanded 30130 clamped 4096
[kinematics-ws] K clamp binds: eid 1002 demanded 14760 clamped 4096
[kinematics-ws] K clamp binds: eid 1003 demanded 7228 clamped 4096
[kinematics-ws] K clamp binds: eid 1001 demanded 30112 clamped 4096
[kinematics-ws] K clamp binds: eid 1002 demanded 14763 clamped 4096
[kinematics-ws] K clamp binds: eid 1001 demanded 30083 clamped 4096
[kinematics-ws] K clamp binds: eid 1003 demanded 7239 clamped 4096
[kinematics-ws] K clamp binds: eid 1002 demanded 14765 clamped 4096
[kinematics-ws] K clamp binds: eid 1001 demanded 30120 clamped 4096
[kinematics-ws] K clamp binds: eid 1003 demanded 7234 clamped 4096
[kinematics-ws] K clamp binds: eid 1002 demanded 14767 clamped 4096
[kinematics-ws] K clamp binds: eid 1003 demanded 7228 clamped 4096
[kinematics-ws] K clamp binds: eid 1001 demanded 30096 clamped 4096
[kinematics-ws] K clamp binds: eid 1001 demanded 30110 clamped 4096
[kinematics-ws] K clamp binds: eid 1003 demanded 7236 clamped 4096
[kinematics-ws] K clamp binds: eid 1002 demanded 14767 clamped 4096
[kinematics-ws] K clamp binds: eid 1001 demanded 30092 clamped 4096
[kinematics-ws] K clamp binds: eid 1003 demanded 7243 clamped 4096
[kinematics-ws] K clamp binds: eid 1002 demanded 14767 clamped 4096
[kinematics-ws] K clamp binds: eid 1001 demanded 30130 clamped 4096
[kinematics-ws] K clamp binds: eid 1003 demanded 7239 clamped 4096
[kinematics-ws] K clamp binds: eid 1002 demanded 14766 clamped 4096
[kinematics-ws] K clamp binds: eid 1002 demanded 14764 clamped 4096
[kinematics-ws] K clamp binds: eid 1001 demanded 30099 clamped 4096
[kinematics-ws] K clamp binds: eid 1003 demanded 7233 clamped 4096
[kinematics-ws] K clamp binds: eid 1001 demanded 30098 clamped 4096
[kinematics-ws] K clamp binds: eid 1003 demanded 7235 clamped 4096
[kinematics-ws] K clamp binds: eid 1002 demanded 14764 clamped 4096
[kinematics-ws] K clamp binds: eid 1002 demanded 14767 clamped 4096
[kinematics-ws] K clamp binds: eid 1003 demanded 7242 clamped 4096
[kinematics-ws] K clamp binds: eid 1001 demanded 30126 clamped 4096
[kinematics-ws] K clamp binds: eid 1001 demanded 30143 clamped 4096
[kinematics-ws] K clamp binds: eid 1003 demanded 7247 clamped 4096
[kinematics-ws] K clamp binds: eid 1002 demanded 14771 clamped 4096
[kinematics-ws] K clamp binds: eid 1001 demanded 30148 clamped 4096
[kinematics-ws] K clamp binds: eid 1002 demanded 14771 clamped 4096
[kinematics-ws] K clamp binds: eid 1003 demanded 7248 clamped 4096
[kinematics-ws] K clamp binds: eid 1002 demanded 14764 clamped 4096
[kinematics-ws] K clamp binds: eid 1001 demanded 30149 clamped 4096
[kinematics-ws] K clamp binds: eid 1003 demanded 7245 clamped 4096
[kinematics-ws] K clamp binds: eid 1003 demanded 7241 clamped 4096
[kinematics-ws] K clamp binds: eid 1002 demanded 14761 clamped 4096
[kinematics-ws] K clamp binds: eid 1001 demanded 30146 clamped 4096
[kinematics-ws] K clamp binds: eid 1003 demanded 7239 clamped 4096
[kinematics-ws] K clamp binds: eid 1002 demanded 14768 clamped 4096
[kinematics-ws] K clamp binds: eid 1001 demanded 30134 clamped 4096
[kinematics-ws] K clamp binds: eid 1002 demanded 14765 clamped 4096
[kinematics-ws] K clamp binds: eid 1003 demanded 7239 clamped 4096
[kinematics-ws] K clamp binds: eid 1001 demanded 30113 clamped 4096
[kinematics-ws] K clamp binds: eid 1001 demanded 30114 clamped 4096
[kinematics-ws] K clamp binds: eid 1002 demanded 14759 clamped 4096
[kinematics-ws] K clamp binds: eid 1003 demanded 7240 clamped 4096
[kinematics-ws] K clamp binds: eid 1001 demanded 30143 clamped 4096
[kinematics-ws] K clamp binds: eid 1002 demanded 14768 clamped 4096
[kinematics-ws] K clamp binds: eid 1003 demanded 7242 clamped 4096
[kinematics-ws] K clamp binds: eid 1003 demanded 7243 clamped 4096
[kinematics-ws] K clamp binds: eid 1001 demanded 30117 clamped 4096
[kinematics-ws] K clamp binds: eid 1002 demanded 14760 clamped 4096
[kinematics-ws] K clamp binds: eid 1002 demanded 14765 clamped 4096
[kinematics-ws] K clamp binds: eid 1001 demanded 30121 clamped 4096
[kinematics-ws] K clamp binds: eid 1003 demanded 7244 clamped 4096
[kinematics-ws] K clamp binds: eid 1003 demanded 7245 clamped 4096
[kinematics-ws] K clamp binds: eid 1002 demanded 14762 clamped 4096
[kinematics-ws] K clamp binds: eid 1001 demanded 30127 clamped 4096
[kinematics-ws] K clamp binds: eid 1002 demanded 14765 clamped 4096
[kinematics-ws] K clamp binds: eid 1003 demanded 7245 clamped 4096
[kinematics-ws] K clamp binds: eid 1001 demanded 30128 clamped 4096
[kinematics-ws] K clamp binds: eid 1001 demanded 30113 clamped 4096
[kinematics-ws] K clamp binds: eid 1002 demanded 14762 clamped 4096
[kinematics-ws] K clamp binds: eid 1003 demanded 7244 clamped 4096
[kinematics-ws] K clamp binds: eid 1001 demanded 30150 clamped 4096
[kinematics-ws] K clamp binds: eid 1003 demanded 7243 clamped 4096
[kinematics-ws] K clamp binds: eid 1002 demanded 14770 clamped 4096
[kinematics-ws] K clamp binds: eid 1001 demanded 30140 clamped 4096
[kinematics-ws] K clamp binds: eid 1002 demanded 14762 clamped 4096
[kinematics-ws] K clamp binds: eid 1003 demanded 7241 clamped 4096
[kinematics-ws] K clamp binds: eid 1003 demanded 7241 clamped 4096
[kinematics-ws] K clamp binds: eid 1001 demanded 30122 clamped 4096
[kinematics-ws] K clamp binds: eid 1002 demanded 14772 clamped 4096
[kinematics-ws] K clamp binds: eid 1001 demanded 30124 clamped 4096
[kinematics-ws] K clamp binds: eid 1002 demanded 14771 clamped 4096
[kinematics-ws] K clamp binds: eid 1003 demanded 7241 clamped 4096
[kinematics-ws] K clamp binds: eid 1001 demanded 30134 clamped 4096
[kinematics-ws] K clamp binds: eid 1003 demanded 7244 clamped 4096
[kinematics-ws] K clamp binds: eid 1002 demanded 14767 clamped 4096
[kinematics-ws] K clamp binds: eid 1002 demanded 14776 clamped 4096
[kinematics-ws] K clamp binds: eid 1001 demanded 30138 clamped 4096
[kinematics-ws] K clamp binds: eid 1003 demanded 7250 clamped 4096
[kinematics-ws] K clamp binds: eid 1001 demanded 30134 clamped 4096
[kinematics-ws] K clamp binds: eid 1002 demanded 14780 clamped 4096
[kinematics-ws] K clamp binds: eid 1003 demanded 7255 clamped 4096
[kinematics-ws] K clamp binds: eid 1002 demanded 14776 clamped 4096
[kinematics-ws] K clamp binds: eid 1001 demanded 30127 clamped 4096
[kinematics-ws] K clamp binds: eid 1003 demanded 7256 clamped 4096
[kinematics-ws] K clamp binds: eid 1001 demanded 30131 clamped 4096
[kinematics-ws] K clamp binds: eid 1003 demanded 7251 clamped 4096
[kinematics-ws] K clamp binds: eid 1002 demanded 14774 clamped 4096
[kinematics-ws] K clamp binds: eid 1001 demanded 30158 clamped 4096
[kinematics-ws] K clamp binds: eid 1002 demanded 14779 clamped 4096
[kinematics-ws] K clamp binds: eid 1003 demanded 7243 clamped 4096
[kinematics-ws] K clamp binds: eid 1001 demanded 30165 clamped 4096
[kinematics-ws] K clamp binds: eid 1002 demanded 14784 clamped 4096
[kinematics-ws] K clamp binds: eid 1003 demanded 7239 clamped 4096
[kinematics-ws] K clamp binds: eid 1001 demanded 30124 clamped 4096
[kinematics-ws] K clamp binds: eid 1003 demanded 7245 clamped 4096
[kinematics-ws] K clamp binds: eid 1002 demanded 14788 clamped 4096
[kinematics-ws] K clamp binds: eid 1003 demanded 7254 clamped 4096
[kinematics-ws] K clamp binds: eid 1002 demanded 14790 clamped 4096
[kinematics-ws] K clamp binds: eid 1001 demanded 30153 clamped 4096
[kinematics-ws] K clamp binds: eid 1001 demanded 30141 clamped 4096
[kinematics-ws] K clamp binds: eid 1003 demanded 7251 clamped 4096
[kinematics-ws] K clamp binds: eid 1002 demanded 14791 clamped 4096
[kinematics-ws] K clamp binds: eid 1002 demanded 14791 clamped 4096
[kinematics-ws] K clamp binds: eid 1003 demanded 7240 clamped 4096
[kinematics-ws] K clamp binds: eid 1001 demanded 30147 clamped 4096
[kinematics-ws] K clamp binds: eid 1003 demanded 7240 clamped 4096
[kinematics-ws] K clamp binds: eid 1001 demanded 30134 clamped 4096
[kinematics-ws] K clamp binds: eid 1002 demanded 14791 clamped 4096
[kinematics-ws] K clamp binds: eid 1001 demanded 30171 clamped 4096
[kinematics-ws] K clamp binds: eid 1002 demanded 14792 clamped 4096
[kinematics-ws] K clamp binds: eid 1003 demanded 7252 clamped 4096
[kinematics-ws] K clamp binds: eid 1002 demanded 14791 clamped 4096
[kinematics-ws] K clamp binds: eid 1003 demanded 7249 clamped 4096
[kinematics-ws] K clamp binds: eid 1001 demanded 30137 clamped 4096
[kinematics-ws] K clamp binds: eid 1001 demanded 30139 clamped 4096
[kinematics-ws] K clamp binds: eid 1002 demanded 14790 clamped 4096
[kinematics-ws] K clamp binds: eid 1003 demanded 7237 clamped 4096
[kinematics-ws] K clamp binds: eid 1002 demanded 14787 clamped 4096
[kinematics-ws] K clamp binds: eid 1003 demanded 7245 clamped 4096
[kinematics-ws] K clamp binds: eid 1001 demanded 30169 clamped 4096
[kinematics-ws] K clamp binds: eid [kinematics-ws] K clamp binds: eid 1003 1001 demanded 30185demanded  7251 clampedclamped  40964096

[kinematics-ws] K clamp binds: eid 1002 demanded 14786 clamped 4096
[kinematics-ws] K clamp binds: eid 1003 demanded 7237 clamped 4096
[kinematics-ws] K clamp binds: eid 1002 demanded 14786 clamped 4096
[kinematics-ws] K clamp binds: eid 1001 demanded 30187 clamped 4096
[kinematics-ws] K clamp binds: eid 1001 demanded 30187 clamped 4096
[kinematics-ws] K clamp binds: eid 1003 demanded 7243 clamped 4096
[kinematics-ws] K clamp binds: eid 1002 demanded 14788 clamped 4096
[kinematics-ws] K clamp binds: eid 1001 demanded 30188 clamped 4096
[kinematics-ws] K clamp binds: eid 1003 demanded 7250 clamped 4096
[kinematics-ws] K clamp binds: eid 1002 demanded 14789 clamped 4096
[kinematics-ws] K clamp binds: eid 1001 demanded 30188 clamped 4096
[kinematics-ws] K clamp binds: eid 1002 demanded 14784 clamped 4096
[kinematics-ws] K clamp binds: eid 1003 demanded 7235 clamped 4096
[kinematics-ws] K clamp binds: eid 1002 demanded 14783 clamped 4096
[kinematics-ws] K clamp binds: eid 1001 demanded 30176 clamped 4096
[kinematics-ws] K clamp binds: eid 1003 demanded 7248 clamped 4096
[kinematics-ws] K clamp binds: eid 1003 demanded 7243 clamped 4096
[kinematics-ws] K clamp binds: eid 1001 demanded 30153 clamped 4096
[kinematics-ws] K clamp binds: eid 1002 demanded 14787 clamped 4096
[kinematics-ws] K clamp binds: eid 1002 demanded 14783 clamped 4096
[kinematics-ws] K clamp binds: eid 1003 demanded 7238 clamped 4096
[kinematics-ws] K clamp binds: eid 1001 demanded 30154 clamped 4096
[kinematics-ws] K clamp binds: eid [kinematics-ws] K clamp binds: eid 1001 demanded 1003 demanded 301837250  clampedclamped  40964096

[kinematics-ws] K clamp binds: eid 1002 demanded 14782 clamped 4096
[kinematics-ws] K clamp binds: eid 1001 demanded 30155 clamped 4096
[kinematics-ws] K clamp binds: eid 1002 demanded 14785 clamped 4096
[kinematics-ws] K clamp binds: eid 1003 demanded 7235 clamped 4096
[kinematics-ws] K clamp binds: eid 1001 demanded 30164 clamped 4096
[kinematics-ws] K clamp binds: eid 1003 demanded 7251 clamped 4096
[kinematics-ws] K clamp binds: eid 1002 demanded 14780 clamped 4096
[kinematics-ws] K clamp binds: eid 1001 demanded 30166 clamped 4096
[kinematics-ws] K clamp binds: eid 1002 demanded 14786 clamped 4096
[kinematics-ws] K clamp binds: eid 1003 demanded 7236 clamped 4096
[kinematics-ws] K clamp binds: eid 1003 demanded 7249 clamped 4096
[kinematics-ws] K clamp binds: eid 1002 demanded 14781 clamped 4096
[kinematics-ws] K clamp binds: eid 1001 demanded 30168 clamped 4096
[kinematics-ws] K clamp binds: eid 1001 demanded 30154 clamped 4096
[kinematics-ws] K clamp binds: eid 1002 demanded 14786 clamped 4096
[kinematics-ws] K clamp binds: eid 1003 demanded 7237 clamped 4096
[kinematics-ws] K clamp binds: eid 1001 demanded 30189 clamped 4096
[kinematics-ws] K clamp binds: eid 1003 demanded 7250 clamped 4096
[kinematics-ws] K clamp binds: eid 1002 demanded 14782 clamped 4096
[kinematics-ws] K clamp binds: eid 1003 demanded 7237 clamped 4096
[kinematics-ws] K clamp binds: eid 1001 demanded 30170 clamped 4096
[kinematics-ws] K clamp binds: eid 1002 demanded 14788 clamped 4096
[kinematics-ws] K clamp binds: eid 1003 demanded 7251 clamped 4096
[kinematics-ws] K clamp binds: eid 1001 demanded 30158 clamped 4096
[kinematics-ws] K clamp binds: eid 1002 demanded 14785 clamped 4096
[kinematics-ws] K clamp binds: eid 1001 demanded 30174 clamped 4096
[kinematics-ws] K clamp binds: eid 1003 demanded 7237 clamped 4096
[kinematics-ws] K clamp binds: eid 1002 demanded 14788 clamped 4096
[kinematics-ws] K clamp binds: eid 1002 demanded 14792 clamped 4096
[kinematics-ws] K clamp binds: eid 1001 demanded 30192 clamped 4096
[kinematics-ws] K clamp binds: eid 1003 demanded 7253 clamped 4096
[kinematics-ws] K clamp binds: eid 1001 demanded 30201 clamped 4096
[kinematics-ws] K clamp binds: eid 1002 demanded 14789 clamped 4096
[kinematics-ws] K clamp binds: eid 1003 demanded 7239 clamped 4096
[kinematics-ws] K clamp binds: eid 1001 demanded 30203 clamped 4096
[kinematics-ws] K clamp binds: eid 1003 demanded 7250 clamped 4096
[kinematics-ws] K clamp binds: eid 1002 demanded 14792 clamped 4096
[kinematics-ws] K clamp binds: eid [kinematics-ws] K clamp binds: eid 1001 demanded 30200 clamped 1002 demanded 14797 clamped 40964096

[kinematics-ws] K clamp binds: eid 1003 demanded 7248 clamped 4096
[kinematics-ws] K clamp binds: eid 1003 demanded 7241 clamped 4096
[kinematics-ws] K clamp binds: eid 1002 demanded 14796 clamped 4096
[kinematics-ws] K clamp binds: eid 1001 demanded 30190 clamped 4096
[kinematics-ws] K clamp binds: eid 1001 demanded 30174 clamped 4096
[kinematics-ws] K clamp binds: eid 1002 demanded 14795 clamped 4096
[kinematics-ws] K clamp binds: eid 1003 demanded 7256 clamped 4096
[kinematics-ws] K clamp binds: eid 1001 demanded 30172 clamped 4096
[kinematics-ws] K clamp binds: eid 1003 demanded 7243 clamped 4096
[kinematics-ws] K clamp binds: eid 1002 demanded 14798 clamped 4096
[kinematics-ws] K clamp binds: eid 1001 demanded 30197 clamped 4096
[kinematics-ws] K clamp binds: eid 1003 demanded 7248 clamped 4096
[kinematics-ws] K clamp binds: eid 1002 demanded 14802 clamped 4096
[kinematics-ws] K clamp binds: eid 1001 demanded 30194 clamped 4096
[kinematics-ws] K clamp binds: eid 1003 demanded 7258 clamped 4096
[kinematics-ws] K clamp binds: eid 1002 demanded 14805 clamped 4096
[kinematics-ws] K clamp binds: eid 1003 demanded 7245 clamped 4096
[kinematics-ws] K clamp binds: eid 1002 demanded 14807 clamped 4096
[kinematics-ws] K clamp binds: eid 1001 demanded 30165 clamped 4096
[kinematics-ws] K clamp binds: eid 1001 demanded 30201 clamped 4096
[kinematics-ws] K clamp binds: eid 1003 demanded 7248 clamped 4096
[kinematics-ws] K clamp binds: eid 1002 demanded 14807 clamped 4096
[kinematics-ws] K clamp binds: eid 1001 demanded 30167 clamped 4096
[kinematics-ws] K clamp binds: eid 1003 demanded 7261 clamped 4096
[kinematics-ws] K clamp binds: eid 1002 demanded 14807 clamped 4096
[kinematics-ws] K clamp binds: eid 1001 demanded 30202 clamped 4096
[kinematics-ws] K clamp binds: eid 1003 demanded 7253 clamped 4096
[kinematics-ws] K clamp binds: eid 1002 demanded 14807 clamped 4096
[kinematics-ws] K clamp binds: eid 1002 demanded 14807 clamped 4096
[kinematics-ws] K clamp binds: eid 1003 demanded 7246 clamped 4096
[kinematics-ws] K clamp binds: eid 1001 demanded 30168 clamped 4096
[kinematics-ws] K clamp binds: eid 1003 demanded 7257 clamped 4096
[kinematics-ws] K clamp binds: eid 1002 demanded 14808 clamped 4096
[kinematics-ws] K clamp binds: eid 1001 demanded 30199 clamped 4096
[kinematics-ws] K clamp binds: eid 1003 demanded 7264 clamped 4096
[kinematics-ws] K clamp binds: eid 1002 demanded 14808 clamped 4096
[kinematics-ws] K clamp binds: eid 1001 demanded 30202 clamped 4096
[kinematics-ws] K clamp binds: eid 1002 demanded 14809 clamped 4096
[kinematics-ws] K clamp binds: eid 1003 demanded 7257 clamped 4096
[kinematics-ws] K clamp binds: eid 1001 demanded 30179 clamped 4096
[kinematics-ws] K clamp binds: eid 1001 demanded 30185 clamped 4096
[kinematics-ws] K clamp binds: eid 1003 demanded 7250 clamped 4096
[kinematics-ws] K clamp binds: eid 1002 demanded 14810 clamped 4096
[kinematics-ws] K clamp binds: eid 1003 demanded 7255 clamped 4096
[kinematics-ws] K clamp binds: eid 1002 demanded 14810 clamped 4096
[kinematics-ws] K clamp binds: eid 1001 demanded 30205 clamped 4096
[kinematics-ws] K clamp binds: eid 1002 demanded 14809 clamped 4096
[kinematics-ws] K clamp binds: eid 1003 demanded 7265 clamped 4096
[kinematics-ws] K clamp binds: eid 1001 demanded 30218 clamped 4096
[kinematics-ws] K clamp binds: eid 1001 demanded 30223 clamped 4096
[kinematics-ws] K clamp binds: eid 1002 demanded 14807 clamped 4096
[kinematics-ws] K clamp binds: eid 1003 demanded 7268 clamped 4096
[kinematics-ws] K clamp binds: eid 1001 demanded 30223 clamped 4096
[kinematics-ws] K clamp binds: eid 1003 demanded 7263 clamped 4096
[kinematics-ws] K clamp binds: eid 1002 demanded 14805 clamped 4096
[kinematics-ws] K clamp binds: eid 1003 demanded 7257 clamped 4096
[kinematics-ws] K clamp binds: eid 1001 demanded 30219 clamped 4096
[kinematics-ws] K clamp binds: eid 1002 demanded 14806 clamped 4096
[kinematics-ws] K clamp binds: eid[kinematics-ws] K clamp binds: eid  10021003  demanded 14807 demanded clamped7254  clamped 40964096

[kinematics-ws] K clamp binds: eid 1001 demanded 30207 clamped 4096
[kinematics-ws] K clamp binds: eid 1001 demanded 30192 clamped 4096
[kinematics-ws] K clamp binds: eid 1003 demanded 7257 clamped 4096
[kinematics-ws] K clamp binds: eid 1002 demanded 14805 clamped 4096
[kinematics-ws] K clamp binds: eid 1001 demanded 30196 clamped 4096
[kinematics-ws] K clamp binds: eid 1002 demanded 14803 clamped 4096
[kinematics-ws] K clamp binds: eid 1003 demanded 7263 clamped 4096
[kinematics-ws] K clamp binds: eid 1003 demanded 7268 clamped 4096
[kinematics-ws] K clamp binds: eid 1001 demanded 30221 clamped 4096
[kinematics-ws] K clamp binds: eid 1002 demanded 14805 clamped 4096
[kinematics-ws] K clamp binds: eid 1001 demanded 30208 clamped 4096
[kinematics-ws] K clamp binds: eid 1002 demanded 14803 clamped 4096
[kinematics-ws] K clamp binds: eid 1003 demanded 7272 clamped 4096
[kinematics-ws] K clamp binds: eid 1002 demanded 14802 clamped 4096
[kinematics-ws] K clamp binds: eid 1001 demanded 30189 clamped 4096
[kinematics-ws] K clamp binds: eid 1003 demanded 7274 clamped 4096
[kinematics-ws] K clamp binds: eid 1003 demanded 7274 clamped 4096
[kinematics-ws] K clamp binds: eid 1002 demanded 14805 clamped 4096
[kinematics-ws] K clamp binds: eid 1001 demanded 30221 clamped 4096
[kinematics-ws] K clamp binds: eid 1002 demanded 14801 clamped 4096
[kinematics-ws] K clamp binds: eid 1001 demanded 30186 clamped 4096
[kinematics-ws] K clamp binds: eid 1003 demanded 7273 clamped 4096
[kinematics-ws] K clamp binds: eid 1001 demanded 30222 clamped 4096
[kinematics-ws] K clamp binds: eid 1002 demanded 14805 clamped 4096
[kinematics-ws] K clamp binds: eid 1003 demanded 7272 clamped 4096
[kinematics-ws] K clamp binds: eid 1002 demanded 14802 clamped 4096
[kinematics-ws] K clamp binds: eid 1001 demanded 30190 clamped 4096
[kinematics-ws] K clamp binds: eid 1003 demanded 7271 clamped 4096
[kinematics-ws] K clamp binds: eid 1001 demanded 30214 clamped 4096
[kinematics-ws] K clamp binds: eid 1002 demanded 14805 clamped 4096
[kinematics-ws] K clamp binds: eid 1003 demanded 7270 clamped 4096
[kinematics-ws] K clamp binds: eid [kinematics-ws] K clamp binds: eid 1001 demanded 30224 clamped 1003 demanded 7270 clamped4096 
4096
[kinematics-ws] K clamp binds: eid 1002 demanded 14803 clamped 4096
[kinematics-ws] K clamp binds: eid 1003 demanded 7271 clamped 4096
[kinematics-ws] K clamp binds: eid 1001 demanded 30200 clamped 4096
[kinematics-ws] K clamp binds: eid 1002 demanded 14807 clamped 4096
[kinematics-ws] K clamp binds: eid 1002 demanded 14805 clamped 4096
[kinematics-ws] K clamp binds: eid 1003 demanded 7272 clamped 4096
[kinematics-ws] K clamp binds: eid 1001 demanded 30205 clamped 4096
[kinematics-ws] K clamp binds: eid 1003 demanded 7273 clamped 4096
[kinematics-ws] K clamp binds: eid 1001 demanded 30226 clamped 4096
[kinematics-ws] K clamp binds: eid 1002 demanded 14808 clamped 4096
[kinematics-ws] K clamp binds: eid 1002 demanded 14809 clamped 4096
[kinematics-ws] K clamp binds: eid 1001 demanded 30239 clamped 4096
[kinematics-ws] K clamp binds: eid 1003 demanded 7274 clamped 4096
[kinematics-ws] K clamp binds: eid 1001 demanded 30243 clamped 4096
[kinematics-ws] K clamp binds: eid 1003 demanded 7275 clamped 4096
[kinematics-ws] K clamp binds: eid 1002 demanded 14808 clamped 4096
[kinematics-ws] K clamp binds: eid 1003 demanded 7275 clamped 4096
[kinematics-ws] K clamp binds: eid 1001 demanded 30244 clamped 4096
[kinematics-ws] K clamp binds: eid 1002 demanded 14812 clamped 4096
[kinematics-ws] K clamp binds: eid 1002 demanded 14814 clamped 4096
[kinematics-ws] K clamp binds: eid 1001 demanded 30244 clamped 4096
[kinematics-ws] K clamp binds: eid 1003 demanded 7273 clamped 4096
[kinematics-ws] K clamp binds: eid 1001 demanded 30241 clamped 4096
[kinematics-ws] K clamp binds: eid 1003 demanded 7269 clamped 4096
[kinematics-ws] K clamp binds: eid 1002 demanded 14813 clamped 4096
[kinematics-ws] K clamp binds: eid 1001 demanded 30229 clamped 4096
[kinematics-ws] K clamp binds: eid 1003 demanded 7265 clamped 4096
[kinematics-ws] K clamp binds: eid 1002 demanded 14815 clamped 4096
[kinematics-ws] K clamp binds: eid 1001 demanded 30214 clamped 4096
[kinematics-ws] K clamp binds: eid 1003 demanded 7262 clamped 4096
[kinematics-ws] K clamp binds: eid 1002 demanded 14819 clamped 4096
[kinematics-ws] K clamp binds: eid 1002 demanded 14821 clamped 4096
[kinematics-ws] K clamp binds: eid 1001 demanded 30218 clamped 4096
[kinematics-ws] K clamp binds: eid 1003 demanded 7262 clamped 4096
[kinematics-ws] K clamp binds: eid 1001 demanded 30239 clamped 4096
[kinematics-ws] K clamp binds: eid 1003 demanded 7267 clamped 4096
[kinematics-ws] K clamp binds: eid 1002 demanded 14821 clamped 4096
[kinematics-ws] K clamp binds: eid 1002 demanded 14821 clamped 4096
[kinematics-ws] K clamp binds: eid 1003 demanded 7273 clamped 4096
[kinematics-ws] K clamp binds: eid 1001 demanded 30224 clamped 4096
[kinematics-ws] K clamp binds: eid 1001 demanded 30213 clamped 4096
[kinematics-ws] K clamp binds: eid 1003 demanded 7274 clamped 4096
[kinematics-ws] K clamp binds: eid 1002 demanded 14822 clamped 4096
[kinematics-ws] K clamp binds: eid 1001 demanded 30238 clamped 4096
[kinematics-ws] K clamp binds: eid 1002 demanded 14823 clamped 4096
[kinematics-ws] K clamp binds: eid 1003 demanded 7268 clamped 4096
[kinematics-ws] K clamp binds: eid 1003 demanded 7261 clamped 4096
[kinematics-ws] K clamp binds: eid 1002 demanded 14825 clamped 4096
[kinematics-ws] K clamp binds: eid 1001 demanded 30208 clamped 4096
[kinematics-ws] K clamp binds: eid 1001 demanded 30239 clamped 4096
[kinematics-ws] K clamp binds: eid 1002 demanded 14826 clamped 4096
[kinematics-ws] K clamp binds: eid 1003 demanded 7262 clamped 4096
[kinematics-ws] K clamp binds: eid 1002 demanded 14827 clamped 4096
[kinematics-ws] K clamp binds: eid 1003 demanded 7270 clamped 4096
[kinematics-ws] K clamp binds: eid 1001 demanded 30214 clamped 4096
[kinematics-ws] K clamp binds: eid 1003 demanded 7273 clamped 4096
[kinematics-ws] K clamp binds: eid 1001 demanded 30230 clamped 4096
[kinematics-ws] K clamp binds: eid 1002 demanded 14827 clamped 4096
[kinematics-ws] K clamp binds: eid 1001 demanded 30243 clamped 4096
[kinematics-ws] K clamp binds: eid 1003 demanded 7264 clamped 4096
[kinematics-ws] K clamp binds: eid 1002 demanded 14827 clamped 4096
[kinematics-ws] K clamp binds: eid 1001 demanded 30222 clamped 4096
[kinematics-ws] K clamp binds: eid 1002 demanded 14826 clamped 4096
[kinematics-ws] K clamp binds: eid 1003 demanded 7259 clamped 4096
[kinematics-ws] K clamp binds: eid 1001 demanded 30226 clamped 4096
[kinematics-ws] K clamp binds: eid 1003 demanded 7267 clamped 4096
[kinematics-ws] K clamp binds: eid 1002 demanded 14825 clamped 4096
[kinematics-ws] K clamp binds: eid 1001 demanded 30246 clamped 4096
[kinematics-ws] K clamp binds: eid 1002 demanded 14825 clamped 4096
[kinematics-ws] K clamp binds: eid 1003 demanded 7271 clamped 4096
[kinematics-ws] K clamp binds: eid 1001 demanded 30257 clamped 4096
[kinematics-ws] K clamp binds: eid 1003 demanded 7261 clamped 4096
[kinematics-ws] K clamp binds: eid 1002 demanded 14826 clamped 4096
[kinematics-ws] K clamp binds: eid 1003 demanded 7260 clamped 4096
[kinematics-ws] K clamp binds: eid 1002 demanded 14829 clamped 4096
[kinematics-ws] K clamp binds: eid 1001 demanded 30260 clamped 4096
[kinematics-ws] K clamp binds: eid[kinematics-ws] K clamp binds: eid  1002 1001demanded  14831 demanded clamped 30259 clamped 40964096

[kinematics-ws] K clamp binds: eid 1003 demanded 7271 clamped 4096
[kinematics-ws] K clamp binds: eid 1001 demanded 30260 clamped 4096
[kinematics-ws] K clamp binds: eid 1003 demanded 7264 clamped 4096
[kinematics-ws] K clamp binds: eid 1002 demanded 14830 clamped 4096
[kinematics-ws] K clamp binds: eid 1002 demanded 14825 clamped 4096
[kinematics-ws] K clamp binds: eid 1003 demanded 7258 clamped 4096
[kinematics-ws] K clamp binds: eid 1001 demanded 30261 clamped 4096
[kinematics-ws] K clamp binds: eid 1002 demanded 14823 clamped 4096
[kinematics-ws] K clamp binds: eid 1003 demanded 7269 clamped 4096
[kinematics-ws] K clamp binds: eid 1001 demanded 30260 clamped 4096
[kinematics-ws] K clamp binds: eid 1001 demanded 30251 clamped 4096
[kinematics-ws] K clamp binds: eid 1003 demanded 7263 clamped 4096
[kinematics-ws] K clamp binds: eid 1002 demanded 14827 clamped 4096
[kinematics-ws] K clamp binds: eid 1002 demanded 14828 clamped 4096
[kinematics-ws] K clamp binds: eid 1001 demanded 30237 clamped 4096
[kinematics-ws] K clamp binds: eid 1003 demanded 7258 clamped 4096
[kinematics-ws] K clamp binds: eid 1003 demanded 7270 clamped 4096
[kinematics-ws] K clamp binds: eid 1001 demanded 30239 clamped 4096
[kinematics-ws] K clamp binds: eid 1002 demanded 14822 clamped 4096
[kinematics-ws] K clamp binds: eid 1003 demanded 7259 clamped 4096
[kinematics-ws] K clamp binds: eid 1002 demanded 14824 clamped 4096
[kinematics-ws] K clamp binds: eid 1001 demanded 30256 clamped 4096
[kinematics-ws] K clamp binds: eid 1001 demanded 30243 clamped 4096
[kinematics-ws] K clamp binds: eid 1003 demanded 7263 clamped 4096
[kinematics-ws] K clamp binds: eid 1002 demanded 14827 clamped 4096
[kinematics-ws] K clamp binds: eid 1001 demanded 30236 clamped 4096
[kinematics-ws] K clamp binds: eid 1002 demanded 14820 clamped 4096
[kinematics-ws] K clamp binds: eid 1003 demanded 7267 clamped 4096
[kinematics-ws] K clamp binds: eid 1001 demanded 30254 clamped 4096
[kinematics-ws] K clamp binds: eid 1003 demanded 7256 clamped 4096
[kinematics-ws] K clamp binds: eid 1002 demanded 14825 clamped 4096
[kinematics-ws] K clamp binds: eid 1002 demanded 14823 clamped 4096
[kinematics-ws] K clamp binds: eid 1001 demanded 30232 clamped 4096
[kinematics-ws] K clamp binds: eid 1003 demanded 7269 clamped 4096
[kinematics-ws] K clamp binds: eid 1003 demanded 7257 clamped 4096
[kinematics-ws] K clamp binds: eid 1001 demanded 30256 clamped 4096
[kinematics-ws] K clamp binds: eid 1002 demanded 14821 clamped 4096
[kinematics-ws] K clamp binds: eid 1002 demanded 14825 clamped 4096
[kinematics-ws] K clamp binds: eid 1003 demanded 7267 clamped 4096
[kinematics-ws] K clamp binds: eid 1001 demanded 30237 clamped 4096
[kinematics-ws] K clamp binds: eid 1003 demanded 7261 clamped 4096
[kinematics-ws] K clamp binds: eid 1002 demanded 14821 clamped 4096
[kinematics-ws] K clamp binds: eid 1001 demanded 30249 clamped 4096
[kinematics-ws] K clamp binds: eid 1001 demanded 30260 clamped 4096
[kinematics-ws] K clamp binds: eid 1002 demanded 14826 clamped 4096
[kinematics-ws] K clamp binds: eid 1003 demanded 7263 clamped 4096
[kinematics-ws] K clamp binds: eid 1002 demanded 14822 clamped 4096
[kinematics-ws] K clamp binds: eid 1001 demanded 30243 clamped 4096
[kinematics-ws] K clamp binds: eid 1003 demanded 7264 clamped 4096
[kinematics-ws] K clamp binds: eid 1001 demanded 30249 clamped 4096
[kinematics-ws] K clamp binds: eid 1003 demanded 7262 clamped 4096
[kinematics-ws] K clamp binds: eid 1002 demanded 14826 clamped 4096
[kinematics-ws] K clamp binds: eid 1001 demanded 30266 clamped 4096
[kinematics-ws] K clamp binds: eid 1002 demanded 14826 clamped 4096
[kinematics-ws] K clamp binds: eid 1003 demanded 7265 clamped 4096
[kinematics-ws] K clamp binds: eid 1001 demanded 30274 clamped 4096
[kinematics-ws] K clamp binds: eid 1002 demanded 14824 clamped 4096
[kinematics-ws] K clamp binds: eid 1003 demanded 7263 clamped 4096
[kinematics-ws] K clamp binds: eid 1003 demanded 7264 clamped 4096
[kinematics-ws] K clamp binds: eid 1002 demanded 14831 clamped 4096
[kinematics-ws] K clamp binds: eid 1001 demanded 30272 clamped 4096
[kinematics-ws] K clamp binds: eid 1001 demanded 30270 clamped 4096
[kinematics-ws] K clamp binds: eid 1003 demanded 7265 clamped 4096
[kinematics-ws] K clamp binds: eid 1002 demanded 14826 clamped 4096
[kinematics-ws] K clamp binds: eid 1001 demanded 30269 clamped 4096
[kinematics-ws] K clamp binds: eid 1003 demanded 7262 clamped 4096
[kinematics-ws] K clamp binds: eid 1002 demanded 14830 clamped 4096
[kinematics-ws] K clamp binds: eid 1002 demanded 14835 clamped 4096
[kinematics-ws] K clamp binds: eid 1003 demanded 7269 clamped 4096
[kinematics-ws] K clamp binds: eid 1001 demanded 30271 clamped 4096
[kinematics-ws] K clamp binds: eid 1002 demanded 14831 clamped 4096
[kinematics-ws] K clamp binds: eid 1001 demanded 30274 clamped 4096
[kinematics-ws] K clamp binds: eid 1003 demanded 7259 clamped 4096
[kinematics-ws] K clamp binds: eid 1002 demanded 14832 clamped 4096
[kinematics-ws] K clamp binds: eid 1003 demanded 7272 clamped 4096
[kinematics-ws] K clamp binds: eid 1001 demanded 30278 clamped 4096
[kinematics-ws] K clamp binds: eid 1003 demanded 7260 clamped 4096
[kinematics-ws] K clamp binds: eid 1002 demanded 14838 clamped 4096
[kinematics-ws] K clamp binds: eid 1001 demanded 30276 clamped 4096
[kinematics-ws] K clamp binds: eid 1002 demanded 14840 clamped 4096
[kinematics-ws] K clamp binds: eid 1003 demanded 7269 clamped 4096
[kinematics-ws] K clamp binds: eid 1001 demanded 30264 clamped 4096
[kinematics-ws] K clamp binds: eid 1001 demanded 30257 clamped 4096
[kinematics-ws] K clamp binds: eid 1003 demanded 7269 clamped 4096
[kinematics-ws] K clamp binds: eid 1002 demanded 14838 clamped 4096
[kinematics-ws] K clamp binds: eid 1003 demanded 7262 clamped 4096
[kinematics-ws] K clamp binds: eid 1001 demanded 30271 clamped 4096
[kinematics-ws] K clamp binds: eid 1002 demanded 14836 clamped 4096
[kinematics-ws] K clamp binds: eid 1002 demanded 14839 clamped 4096
[kinematics-ws] K clamp binds: eid 1001 demanded 30268 clamped 4096
[kinematics-ws] K clamp binds: eid 1003 demanded 7275 clamped 4096
[kinematics-ws] K clamp binds: eid 1001 demanded 30254 clamped 4096
[kinematics-ws] K clamp binds: eid 1002 demanded 14843 clamped 4096
[kinematics-ws] K clamp binds: eid 1003 demanded 7266 clamped 4096
[kinematics-ws] K clamp binds: eid 1002 demanded 14846 clamped 4096
[kinematics-ws] K clamp binds: eid 1001 demanded 30273 clamped 4096
[kinematics-ws] K clamp binds: eid 1003 demanded 7266 clamped 4096
[kinematics-ws] K clamp binds: eid 1002 demanded 14848 clamped 4096
[kinematics-ws] K clamp binds: eid 1003 demanded 7277 clamped 4096
[kinematics-ws] K clamp binds: eid 1001 demanded 30254 clamped 4096
[kinematics-ws] K clamp binds: eid 1001 demanded 30273 clamped 4096
[kinematics-ws] K clamp binds: eid 1002 demanded 14849 clamped 4096
[kinematics-ws] K clamp binds: eid 1003 demanded 7267 clamped 4096
[kinematics-ws] K clamp binds: eid 1002 demanded 14849 clamped 4096
[kinematics-ws] K clamp binds: eid 1003 demanded 7268 clamped 4096
[kinematics-ws] K clamp binds: eid 1001 demanded 30256 clamped 4096
[kinematics-ws] K clamp binds: eid 1001 demanded 30275 clamped 4096
[kinematics-ws] K clamp binds: eid 1003 demanded 7279 clamped 4096
[kinematics-ws] K clamp binds: eid 1002 demanded 14849 clamped 4096
[kinematics-ws] K clamp binds: eid 1001 demanded 30269 clamped 4096
[kinematics-ws] K clamp binds: eid 1003 demanded 7273 clamped 4096
[kinematics-ws] K clamp binds: eid 1002 demanded 14849 clamped 4096
[kinematics-ws] K clamp binds: eid 1003 demanded 7267 clamped 4096
[kinematics-ws] K clamp binds: eid 1002 demanded 14849 clamped 4096
[kinematics-ws] K clamp binds: eid 1001 demanded 30263 clamped 4096
[kinematics-ws] K clamp binds: eid 1001 demanded 30280 clamped 4096
[kinematics-ws] K clamp binds: eid 1002 demanded 14849 clamped 4096
[kinematics-ws] K clamp binds: eid 1003 demanded 7276 clamped 4096
[kinematics-ws] K clamp binds: eid 1001 demanded 30286 clamped 4096
[kinematics-ws] K clamp binds: eid 1003 demanded 7281 clamped 4096
[kinematics-ws] K clamp binds: eid 1002 demanded 14850 clamped 4096
[kinematics-ws] K clamp binds: eid 1001 demanded 30280 clamped 4096
[kinematics-ws] K clamp binds: eid 1002 demanded 14850 clamped 4096
[kinematics-ws] K clamp binds: eid 1003 demanded 7273 clamped 4096
[kinematics-ws] K clamp binds: eid 1001 demanded 30275 clamped 4096
[kinematics-ws] K clamp binds: eid 1002 demanded 14850 clamped 4096
[kinematics-ws] K clamp binds: eid 1003 demanded 7270 clamped 4096
[kinematics-ws] K clamp binds: eid 1001 demanded 30275 clamped 4096
[kinematics-ws] K clamp binds: eid 1002 demanded 14849 clamped 4096
[kinematics-ws] K clamp binds: eid 1003 demanded 7278 clamped 4096
[kinematics-ws] K clamp binds: eid 1001 demanded 30277 clamped 4096
[kinematics-ws] K clamp binds: eid 1002 demanded 14848 clamped 4096
[kinematics-ws] K clamp binds: eid 1003 demanded 7284 clamped 4096
[kinematics-ws] K clamp binds: eid 1002 demanded 14846 clamped 4096
[kinematics-ws] K clamp binds: eid 1003 demanded 7280 clamped 4096
[kinematics-ws] K clamp binds: eid 1001 demanded 30278 clamped 4096
[kinematics-ws] K clamp binds: eid 1001 demanded 30277 clamped 4096
[kinematics-ws] K clamp binds: eid 1002 demanded 14846 clamped 4096
[kinematics-ws] K clamp binds: eid 1003 demanded 7274 clamped 4096
[kinematics-ws] K clamp binds: eid 1003 demanded 7274 clamped 4096
[kinematics-ws] K clamp binds: eid 1001 demanded 30277 clamped 4096
[kinematics-ws] K clamp binds: eid 1002 demanded 14848 clamped 4096
[kinematics-ws] K clamp binds: eid 1001 demanded 30281 clamped 4096
[kinematics-ws] K clamp binds: eid 1002 demanded 14848 clamped 4096
[kinematics-ws] K clamp binds: eid 1003 demanded 7281 clamped 4096
[kinematics-ws] K clamp binds: eid 1001 demanded 30292 clamped 4096
[kinematics-ws] K clamp binds: eid 1003 demanded 7287 clamped 4096
[kinematics-ws] K clamp binds: eid 1002 demanded 14846 clamped 4096
[kinematics-ws] K clamp binds: eid 1001 demanded 30300 clamped 4096
[kinematics-ws] K clamp binds: eid 1003 demanded 7287 clamped 4096
[kinematics-ws] K clamp binds: eid 1002 demanded 14844 clamped 4096
[kinematics-ws] K clamp binds: eid 1001 demanded 30288 clamped 4096
[kinematics-ws] K clamp binds: eid 1003 demanded 7283 clamped 4096
[kinematics-ws] K clamp binds: eid 1002 demanded 14846 clamped 4096
[kinematics-ws] K clamp binds: eid 1002 demanded 14846 clamped 4096
[kinematics-ws] K clamp binds: eid 1001 demanded 30273 clamped 4096
[kinematics-ws] K clamp binds: eid 1003 demanded 7278 clamped 4096
[kinematics-ws] K clamp binds: eid 1001 demanded 30291 clamped 4096
[kinematics-ws] K clamp binds: eid 1002 demanded 14843 clamped 4096
[kinematics-ws] K clamp binds: eid 1003 demanded 7277 clamped 4096
[kinematics-ws] K clamp binds: eid 1001 demanded 30287 clamped 4096
[kinematics-ws] K clamp binds: eid 1003 demanded 7278 clamped 4096
[kinematics-ws] K clamp binds: eid 1002 demanded 14844 clamped 4096
[kinematics-ws] K clamp binds: eid 1001 demanded 30274 clamped 4096
[kinematics-ws] K clamp binds: eid 1002 demanded 14844 clamped 4096
[kinematics-ws] K clamp binds: eid 1003 demanded 7282 clamped 4096
[kinematics-ws] K clamp binds: eid 1003 demanded 7287 clamped 4096
[kinematics-ws] K clamp binds: eid 1001 demanded 30295 clamped 4096
[kinematics-ws] K clamp binds: eid 1002 demanded 14842 clamped 4096
[kinematics-ws] K clamp binds: eid 1001 demanded 30272 clamped 4096
[kinematics-ws] K clamp binds: eid 1002 demanded 14844 clamped 4096
[kinematics-ws] K clamp binds: eid 1003 demanded 7290 clamped 4096
[kinematics-ws] K clamp binds: eid 1001 demanded 30296 clamped 4096
[kinematics-ws] K clamp binds: eid 1002 demanded 14842 clamped 4096
[kinematics-ws] K clamp binds: eid 1003 demanded 7292 clamped 4096
[kinematics-ws] K clamp binds: eid 1002 demanded 14843 clamped 4096
[kinematics-ws] K clamp binds: eid 1003 demanded 7293 clamped 4096
[kinematics-ws] K clamp binds: eid 1001 demanded 30279 clamped 4096
[kinematics-ws] K clamp binds: eid 1001 demanded 30286 clamped 4096
[kinematics-ws] K clamp binds: eid 1002 demanded 14843 clamped 4096
[kinematics-ws] K clamp binds: eid 1003 demanded 7292 clamped 4096
[kinematics-ws] K clamp binds: eid 1001 demanded 30301 clamped 4096
[kinematics-ws] K clamp binds: eid 1003 demanded 7292 clamped 4096
[kinematics-ws] K clamp binds: eid 1002 demanded 14843 clamped 4096
[kinematics-ws] K clamp binds: eid 1002 demanded 14844 clamped 4096
[kinematics-ws] K clamp binds: eid 1003 demanded 7291 clamped 4096
[kinematics-ws] K clamp binds: eid 1001 demanded 30284 clamped 4096
[kinematics-ws] K clamp binds: eid 1002 demanded 14844 clamped 4096
[kinematics-ws] K clamp binds: eid 1001 demanded 30287 clamped 4096
[kinematics-ws] K clamp binds: eid 1003 demanded 7290 clamped 4096
[kinematics-ws] K clamp binds: eid 1001 demanded 30306 clamped 4096
[kinematics-ws] K clamp binds: eid 1003 demanded 7290 clamped 4096
[kinematics-ws] K clamp binds: eid 1002 demanded 14844 clamped 4096
[kinematics-ws] K clamp binds: eid 1003 demanded 7290 clamped 4096
[kinematics-ws] K clamp binds: eid 1001 demanded 30313 clamped 4096
[kinematics-ws] K clamp binds: eid 1002 demanded 14847 clamped 4096
[kinematics-ws] K clamp binds: eid 1003 demanded 7290 clamped 4096
[kinematics-ws] K clamp binds: eid 1001 demanded 30308 clamped 4096
[kinematics-ws] K clamp binds: eid 1002 demanded 14845 clamped 4096
[kinematics-ws] K clamp binds: eid 1001 demanded 30302 clamped 4096
[kinematics-ws] K clamp binds: eid 1003 demanded 7290 clamped 4096
[kinematics-ws] K clamp binds: eid 1002 demanded 14849 clamped 4096
[kinematics-ws] K clamp binds: eid 1003 demanded 7291 clamped 4096
[kinematics-ws] K clamp binds: eid 1002 demanded 14847 clamped 4096
[kinematics-ws] K clamp binds: eid 1001 demanded 30299 clamped 4096
[kinematics-ws] K clamp binds: eid 1003 demanded 7292 clamped 4096
[kinematics-ws] K clamp binds: eid 1002 demanded 14848 clamped 4096
[kinematics-ws] K clamp binds: eid 1001 demanded 30299 clamped 4096
[kinematics-ws] K clamp binds: eid 1003 demanded 7293 clamped 4096
[kinematics-ws] K clamp binds: eid 1002 demanded 14852 clamped 4096
[kinematics-ws] K clamp binds: eid 1001 demanded 30300 clamped 4096
[kinematics-ws] K clamp binds: eid 1001 demanded 30304 clamped 4096
[kinematics-ws] K clamp binds: eid 1002 demanded 14851 clamped 4096
[kinematics-ws] K clamp binds: eid 1003 demanded 7294 clamped 4096
[kinematics-ws] K clamp binds: eid 1002 demanded 14852 clamped 4096
[kinematics-ws] K clamp binds: eid 1003 demanded 7294 clamped 4096
[kinematics-ws] K clamp binds: eid 1001 demanded 30312 clamped 4096
[kinematics-ws] K clamp binds: eid [kinematics-ws] K clamp binds: eid 1001 demanded 1003 30320demanded  7293 clampedclamped  40964096

[kinematics-ws] K clamp binds: eid 1002 demanded 14855 clamped 4096
[kinematics-ws] K clamp binds: eid 1002 demanded 14856 clamped 4096
[kinematics-ws] K clamp binds: eid 1001 demanded 30318 clamped 4096
[kinematics-ws] K clamp binds: eid 1003 demanded 7291 clamped 4096
[kinematics-ws] K clamp binds: eid 1001 demanded 30301 clamped 4096
[kinematics-ws] K clamp binds: eid 1002 demanded 14855 clamped 4096
[kinematics-ws] K clamp binds: eid 1003 demanded 7288 clamped 4096
[kinematics-ws] K clamp binds: eid 1003 demanded 7285 clamped 4096
[kinematics-ws] K clamp binds: eid 1002 demanded 14857 clamped 4096
[kinematics-ws] K clamp binds: eid 1001 demanded 30295 clamped 4096
[kinematics-ws] K clamp binds: eid 1002 demanded 14860 clamped 4096
[kinematics-ws] K clamp binds: eid 1001 demanded 30314 clamped 4096
[kinematics-ws] K clamp binds: eid 1003 demanded 7283 clamped 4096
[kinematics-ws] K clamp binds: eid 1002 demanded 14862 clamped 4096
[kinematics-ws] K clamp binds: eid 1003 demanded 7284 clamped 4096
[kinematics-ws] K clamp binds: eid 1001 demanded 30306 clamped 4096
[kinematics-ws] K clamp binds: eid 1001 demanded 30293 clamped 4096
[kinematics-ws] K clamp binds: eid 1002 demanded 14862 clamped 4096
[kinematics-ws] K clamp binds: eid 1003 demanded 7288 clamped 4096
[kinematics-ws] K clamp binds: eid 1002 demanded 14862 clamped 4096
[kinematics-ws] K clamp binds: eid 1001 demanded 30316 clamped 4096
[kinematics-ws] K clamp binds: eid 1003 demanded 7292 clamped 4096
[kinematics-ws] K clamp binds: eid 1001 demanded 30291 clamped 4096
[kinematics-ws] K clamp binds: eid 1002 demanded 14862 clamped 4096
[kinematics-ws] K clamp binds: eid 1003 demanded 7293 clamped 4096
[kinematics-ws] K clamp binds: eid 1001 demanded 30316 clamped 4096
[kinematics-ws] K clamp binds: eid 1003 demanded 7290 clamped 4096
[kinematics-ws] K clamp binds: eid 1002 demanded 14863 clamped 4096
[kinematics-ws] K clamp binds: eid 1002 demanded 14864 clamped 4096[kinematics-ws] K clamp binds: eid
 1001 demanded 30292 clamped 4096
[kinematics-ws] K clamp binds: eid 1003 demanded 7284 clamped 4096
[kinematics-ws] K clamp binds: eid 1001 demanded 30318 clamped 4096
[kinematics-ws] K clamp binds: eid 1002 demanded 14865 clamped 4096
[kinematics-ws] K clamp binds: eid 1003 demanded 7282 clamped 4096
[kinematics-ws] K clamp binds: eid 1001 demanded 30302 clamped 4096
[kinematics-ws] K clamp binds: eid 1003 demanded 7286 clamped 4096
[kinematics-ws] K clamp binds: eid 1002 demanded 14866 clamped 4096
[kinematics-ws] K clamp binds: eid 1001 demanded 30304 clamped 4096
[kinematics-ws] K clamp binds: eid 1003 demanded 7291 clamped 4096
[kinematics-ws] K clamp binds: eid 1002 demanded 14867 clamped 4096
[kinematics-ws] K clamp binds: eid 1002 demanded 14867 clamped 4096
[kinematics-ws] K clamp binds: eid 1001 demanded 30325 clamped 4096
[kinematics-ws] K clamp binds: eid 1003 demanded 7291 clamped 4096
[kinematics-ws] K clamp binds: eid 1003 demanded 7284 clamped 4096
[kinematics-ws] K clamp binds: eid 1001 demanded 30314 clamped 4096
[kinematics-ws] K clamp binds: eid 1002 demanded 14867 clamped 4096
[kinematics-ws] K clamp binds: eid 1003 demanded 7281 clamped 4096
[kinematics-ws] K clamp binds: eid 1002 demanded 14866 clamped 4096
[kinematics-ws] K clamp binds: eid 1001 demanded 30304 clamped 4096
[kinematics-ws] K clamp binds: eid 1001 demanded 30315 clamped 4096
[kinematics-ws] K clamp binds: eid 1002 demanded 14866 clamped 4096
[kinematics-ws] K clamp binds: eid 1003 demanded 7287 clamped 4096
[kinematics-ws] K clamp binds: eid 1002 demanded 14865 clamped 4096
[kinematics-ws] K clamp binds: eid 1003 demanded 7291 clamped 4096
[kinematics-ws] K clamp binds: eid 1001 demanded 30329 clamped 4096
[kinematics-ws] K clamp binds: eid 1003 demanded 7286 clamped 4096
[kinematics-ws] K clamp binds: eid 1001 demanded 30336 clamped 4096
[kinematics-ws] K clamp binds: eid 1002 demanded 14866 clamped 4096
[kinematics-ws] K clamp binds: eid 1001 demanded 30337 clamped 4096
[kinematics-ws] K clamp binds: eid 1002 demanded 14867 clamped 4096
[kinematics-ws] K clamp binds: eid 1003 demanded 7280 clamped 4096
[kinematics-ws] K clamp binds: eid 1001 demanded 30337 clamped 4096
[kinematics-ws] K clamp binds: eid 1003 demanded 7286 clamped 4096
[kinematics-ws] K clamp binds: eid 1002 demanded 14869 clamped 4096
[kinematics-ws] K clamp binds: eid 1003 demanded 7290 clamped 4096
[kinematics-ws] K clamp binds: eid 1001 demanded 30337 clamped 4096
[kinematics-ws] K clamp binds: eid 1002 demanded 14871 clamped 4096
[kinematics-ws] K clamp binds: eid 1001 demanded 30338 clamped 4096
[kinematics-ws] K clamp binds: eid 1002 demanded 14871 clamped 4096
[kinematics-ws] K clamp binds: eid 1003 demanded 7282 clamped 4096
[kinematics-ws] K clamp binds: eid 1003 demanded 7281 clamped 4096
[kinematics-ws] K clamp binds: eid 1001 demanded 30339 clamped 4096
[kinematics-ws] K clamp binds: eid 1002 demanded 14867 clamped 4096
[kinematics-ws] K clamp binds: eid 1001 demanded 30337 clamped 4096
[kinematics-ws] K clamp binds: eid 1003 demanded 7289 clamped 4096
[kinematics-ws] K clamp binds: eid 1002 demanded 14864 clamped 4096
[kinematics-ws] K clamp binds: eid 1003 demanded 7285 clamped 4096
[kinematics-ws] K clamp binds: eid 1001 demanded 30329 clamped 4096
[kinematics-ws] K clamp binds: eid 1002 demanded 14865 clamped 4096
[kinematics-ws] K clamp binds: eid 1001 demanded 30319 clamped 4096
[kinematics-ws] K clamp binds: eid 1003 demanded 7279 clamped 4096
[kinematics-ws] K clamp binds: eid 1002 demanded 14869 clamped 4096
[kinematics-ws] K clamp binds: eid 1002 demanded 14867 clamped 4096
[kinematics-ws] K clamp binds: eid 1001 demanded 30320 clamped 4096
[kinematics-ws] K clamp binds: eid 1003 demanded 7287 clamped 4096
[kinematics-ws] K clamp binds: eid 1003 demanded 7285 clamped 4096
[kinematics-ws] K clamp binds: eid 1002 demanded 14862 clamped 4096
[kinematics-ws] K clamp binds: eid 1001 demanded 30334 clamped 4096
[kinematics-ws] K clamp binds: eid 1002 demanded 14864 clamped 4096
[kinematics-ws] K clamp binds: eid 1003 demanded 7278 clamped 4096
[kinematics-ws] K clamp binds: eid 1001 demanded 30329 clamped 4096
[kinematics-ws] K clamp binds: eid 1003 demanded 7287 clamped 4096
[kinematics-ws] K clamp binds: eid 1002 demanded 14868 clamped 4096
[kinematics-ws] K clamp binds: eid 1001 demanded 30314 clamped 4096
[kinematics-ws] K clamp binds: eid 1001 demanded 30330 clamped 4096
[kinematics-ws] K clamp binds: eid 1003 demanded 7283 clamped 4096
[kinematics-ws] K clamp binds: eid 1002 demanded 14862 clamped 4096
[kinematics-ws] K clamp binds: eid 1001 demanded 30322 clamped 4096
[kinematics-ws] K clamp binds: eid 1003 demanded 7279 clamped 4096
[kinematics-ws] K clamp binds: eid 1002 demanded 14863 clamped 4096
[kinematics-ws] K clamp binds: eid 1001 demanded 30321 clamped 4096
[kinematics-ws] K clamp binds: eid 1003 demanded 7288 clamped 4096
[kinematics-ws] K clamp binds: eid 1002 demanded 14867 clamped 4096
[kinematics-ws] K clamp binds: eid 1001 demanded 30327 clamped 4096
[kinematics-ws] K clamp binds: eid 1003 demanded 7279 clamped 4096
[kinematics-ws] K clamp binds: eid 1002 demanded 14860 clamped 4096
[kinematics-ws] K clamp binds: eid 1003 demanded 7283 clamped 4096
[kinematics-ws] K clamp binds: eid 1001 demanded 30321 clamped 4096
[kinematics-ws] K clamp binds: eid 1002 demanded 14864 clamped 4096
[kinematics-ws] K clamp binds: eid 1003 demanded 7286 clamped 4096
[kinematics-ws] K clamp binds: eid 1001 demanded 30326 clamped 4096
[kinematics-ws] K clamp binds: eid 1002 demanded 14863 clamped 4096
[kinematics-ws] K clamp binds: eid 1001 demanded 30331 clamped 4096
[kinematics-ws] K clamp binds: eid 1003 demanded 7278 clamped 4096
[kinematics-ws] K clamp binds: eid 1002 demanded 14861 clamped 4096
[kinematics-ws] K clamp binds: eid 1003 demanded 7288 clamped 4096
[kinematics-ws] K clamp binds: eid 1002 demanded 14866 clamped 4096
[kinematics-ws] K clamp binds: eid 1001 demanded 30319 clamped 4096
[kinematics-ws] K clamp binds: eid 1003 demanded 7278 clamped 4096
[kinematics-ws] K clamp binds: eid 1001 demanded 30338 clamped 4096
[kinematics-ws] K clamp binds: eid 1002 demanded 14860 clamped 4096
[kinematics-ws] K clamp binds: eid 1003 demanded 7285 clamped 4096
[kinematics-ws] K clamp binds: eid 1002 demanded 14866 clamped 4096
[kinematics-ws] K clamp binds: eid 1001 demanded 30334 clamped 4096
[kinematics-ws] K clamp binds: eid 1001 demanded 30325 clamped 4096
[kinematics-ws] K clamp binds: eid 1002 demanded 14860 clamped 4096
[kinematics-ws] K clamp binds: eid 1003 demanded 7282 clamped 4096
[kinematics-ws] K clamp binds: eid 1001 demanded 30335 clamped 4096
[kinematics-ws] K clamp binds: eid 1002 demanded 14867 clamped 4096
[kinematics-ws] K clamp binds: eid 1003 demanded 7282 clamped 4096
[kinematics-ws] K clamp binds: eid 1001 demanded 30348 clamped 4096
[kinematics-ws] K clamp binds: eid 1002 demanded 14862 clamped 4096
[kinematics-ws] K clamp binds: eid 1003 demanded 7285 clamped 4096
[kinematics-ws] K clamp binds: eid[kinematics-ws] K clamp binds: eid  1002 1003 demanded 14867 clamped 4096
demanded 7280 clamped 4096
[kinematics-ws] K clamp binds: eid 1001 demanded 30349 clamped 4096
[kinematics-ws] K clamp binds: eid 1001 demanded 30345 clamped 4096
[kinematics-ws] K clamp binds: eid 1002 demanded 14865 clamped 4096
[kinematics-ws] K clamp binds: eid 1003 demanded 7287 clamped 4096
[kinematics-ws] K clamp binds: eid 1003 demanded 7279 clamped 4096
[kinematics-ws] K clamp binds: eid 1001 demanded 30341 clamped 4096
[kinematics-ws] K clamp binds: eid 1002 demanded 14865 clamped 4096
[kinematics-ws] K clamp binds: eid 1001 demanded 30339 clamped 4096
[kinematics-ws] K clamp binds: eid 1002 demanded 14870 clamped 4096
[kinematics-ws] K clamp binds: eid 1003 demanded 7288 clamped 4096
[kinematics-ws] K clamp binds: eid 1003 demanded 7279 clamped 4096
[kinematics-ws] K clamp binds: eid 1001 demanded 30339 clamped 4096
[kinematics-ws] K clamp binds: eid 1002 demanded 14865 clamped 4096
[kinematics-ws] K clamp binds: eid 1001 demanded 30339 clamped 4096
[kinematics-ws] K clamp binds: eid 1003 demanded 7288 clamped 4096
[kinematics-ws] K clamp binds: eid 1002 demanded 14871 clamped 4096
[kinematics-ws] K clamp binds: eid 1003 demanded 7280 clamped 4096
[kinematics-ws] K clamp binds: eid 1002 demanded 14871 clamped 4096
[kinematics-ws] K clamp binds: eid 1001 demanded 30341 clamped 4096
[kinematics-ws] K clamp binds: eid 1001 demanded 30346 clamped 4096
[kinematics-ws] K clamp binds: eid 1003 demanded 7288 clamped 4096
[kinematics-ws] K clamp binds: eid 1002 demanded 14867 clamped 4096
[kinematics-ws] K clamp binds: eid 1001 demanded 30353 clamped 4096
[kinematics-ws] K clamp binds: eid 1003 demanded 7281 clamped 4096
[kinematics-ws] K clamp binds: eid 1002 demanded 14873 clamped 4096
[kinematics-ws] K clamp binds: eid 1003 demanded 7286 clamped 4096
[kinematics-ws] K clamp binds: eid 1001 demanded 30359 clamped 4096
[kinematics-ws] K clamp binds: eid 1002 demanded 14876 clamped 4096
[kinematics-ws] K clamp binds: eid 1003 demanded 7285 clamped 4096
[kinematics-ws] K clamp binds: eid 1001 demanded 30353 clamped 4096
[kinematics-ws] K clamp binds: eid 1002 demanded 14872 clamped 4096
[kinematics-ws] K clamp binds: eid 1002 demanded 14873 clamped 4096
[kinematics-ws] K clamp binds: eid 1003 demanded 7283 clamped 4096
[kinematics-ws] K clamp binds: eid 1001 demanded 30339 clamped 4096
[kinematics-ws] K clamp binds: eid 1001 demanded 30339 clamped 4096
[kinematics-ws] K clamp binds: eid 1003 demanded 7289 clamped 4096
[kinematics-ws] K clamp binds: eid 1002 demanded 14879 clamped 4096
[kinematics-ws] K clamp binds: eid 1001 demanded 30354 clamped 4096
[kinematics-ws] K clamp binds: eid 1003 demanded 7281 clamped 4096
[kinematics-ws] K clamp binds: eid 1002 demanded 14880 clamped 4096
[kinematics-ws] K clamp binds: eid 1003 demanded 7291 clamped 4096
[kinematics-ws] K clamp binds: eid 1001 demanded 30345 clamped 4096
[kinematics-ws] K clamp binds: eid 1002 demanded 14878 clamped 4096
[kinematics-ws] K clamp binds: eid 1002 demanded 14876 clamped 4096
[kinematics-ws] K clamp binds: eid 1003 demanded 7283 clamped 4096
[kinematics-ws] K clamp binds: eid 1001 demanded 30335 clamped 4096
[kinematics-ws] K clamp binds: eid 1003 demanded 7288 clamped 4096
[kinematics-ws] K clamp binds: eid 1002 demanded 14879 clamped 4096
[kinematics-ws] K clamp binds: eid 1001 demanded 30354 clamped 4096
[kinematics-ws] K clamp binds: eid 1002 demanded 14883 clamped 4096
[kinematics-ws] K clamp binds: eid 1001 demanded 30334 clamped 4096
[kinematics-ws] K clamp binds: eid 1003 demanded 7290 clamped 4096
[kinematics-ws] K clamp binds: eid 1003 demanded 7283 clamped 4096
[kinematics-ws] K clamp binds: eid 1002 demanded 14886 clamped 4096
[kinematics-ws] K clamp binds: eid 1001 demanded 30351 clamped 4096
[kinematics-ws] K clamp binds: eid 1001 demanded 30336 clamped 4096
[kinematics-ws] K clamp binds: eid 1002 demanded 14886 clamped 4096
[kinematics-ws] K clamp binds: eid 1003 demanded 7293 clamped 4096
[kinematics-ws] K clamp binds: eid 1003 demanded 7288 clamped 4096
[kinematics-ws] K clamp binds: eid 1002 demanded 14886 clamped 4096
[kinematics-ws] K clamp binds: eid 1001 demanded 30353 clamped 4096
[kinematics-ws] K clamp binds: eid 1001 demanded 30335 clamped 4096
[kinematics-ws] K clamp binds: eid 1002 demanded 14885 clamped 4096
[kinematics-ws] K clamp binds: eid 1003 demanded 7286 clamped 4096
[kinematics-ws] K clamp binds: eid 1003 demanded 7295 clamped 4096
[kinematics-ws] K clamp binds: eid 1002 demanded 14884 clamped 4096
[kinematics-ws] K clamp binds: eid 1001 demanded 30357 clamped 4096
[kinematics-ws] K clamp binds: eid 1001 demanded 30344 clamped 4096
[kinematics-ws] K clamp binds: eid 1003 demanded 7288 clamped 4096
[kinematics-ws] K clamp binds: eid 1002 demanded 14883 clamped 4096
[kinematics-ws] K clamp binds: eid 1001 demanded 30344 clamped 4096
[kinematics-ws] K clamp binds: eid 1003 demanded 7287 clamped 4096
[kinematics-ws] K clamp binds: eid 1002 demanded 14883 clamped 4096
[kinematics-ws] K clamp binds: eid 1001 demanded 30363 clamped 4096
[kinematics-ws] K clamp binds: eid 1003 demanded 7296 clamped 4096
[kinematics-ws] K clamp binds: eid 1002 demanded 14884 clamped 4096
[kinematics-ws] K clamp binds: eid 1003 demanded 7290 clamped 4096
[kinematics-ws] K clamp binds: eid 1002 demanded 14884 clamped 4096
[kinematics-ws] K clamp binds: eid 1001 demanded 30356 clamped 4096
[kinematics-ws] K clamp binds: eid 1002 demanded 14884 clamped 4096
[kinematics-ws] K clamp binds: eid 1001 demanded 30347 clamped 4096
[kinematics-ws] K clamp binds: eid 1003 demanded 7288 clamped 4096
[kinematics-ws] K clamp binds: eid 1003 demanded 7297 clamped 4096
[kinematics-ws] K clamp binds: eid 1001 demanded 30353 clamped 4096
[kinematics-ws] K clamp binds: eid 1002 demanded 14884 clamped 4096
[kinematics-ws] K clamp binds: eid 1002 demanded 14884 clamped 4096
[kinematics-ws] K clamp binds: eid 1001 demanded 30366 clamped 4096
[kinematics-ws] K clamp binds: eid 1003 demanded 7296 clamped 4096
[kinematics-ws] K clamp binds: eid 1001 demanded 30373 clamped 4096
[kinematics-ws] K clamp binds: eid 1002 demanded 14885 clamped 4096
[kinematics-ws] K clamp binds: eid 1003 demanded 7289 clamped 4096
[kinematics-ws] K clamp binds: eid[kinematics-ws] K clamp binds: eid  10011002 demanded 14887 demanded  clamped30374  clamped 4096
4096[kinematics-ws] K clamp binds: eid 1003 demanded 7293 clamped 4096

[kinematics-ws] K clamp binds: eid 1001 demanded 30372 clamped 4096
[kinematics-ws] K clamp binds: eid 1003 demanded 7300 clamped 4096
[kinematics-ws] K clamp binds: eid 1002 demanded 14890 clamped 4096
[kinematics-ws] K clamp binds: eid 1002 demanded 14892 clamped 4096
[kinematics-ws] K clamp binds: eid 1001 demanded 30371 clamped 4096
[kinematics-ws] K clamp binds: eid 1003 demanded 7296 clamped 4096
[kinematics-ws] K clamp binds: eid 1003 demanded 7291 clamped 4096
[kinematics-ws] K clamp binds: eid 1001 demanded 30371 clamped 4096
[kinematics-ws] K clamp binds: eid 1002 demanded 14893 clamped 4096
[kinematics-ws] K clamp binds: eid 1003 demanded 7295 clamped 4096
[kinematics-ws] K clamp binds: eid 1002 demanded 14891 clamped 4096
[kinematics-ws] K clamp binds: eid 1001 demanded 30372 clamped 4096
[kinematics-ws] K clamp binds: eid 1001 demanded 30375 clamped 4096
[kinematics-ws] K clamp binds: eid 1002 demanded 14886 clamped 4096
[kinematics-ws] K clamp binds: eid 1003 demanded 7302 clamped 4096
[kinematics-ws] K clamp binds: eid 1002 demanded 14883 clamped 4096
[kinematics-ws] K clamp binds: eid 1001 demanded 30377 clamped 4096
[kinematics-ws] K clamp binds: eid 1003 demanded 7300 clamped 4096
[kinematics-ws] K clamp binds: eid 1001 demanded 30375 clamped 4096
[kinematics-ws] K clamp binds: eid 1002 demanded 14885 clamped 4096
[kinematics-ws] K clamp binds: eid 1003 demanded 7294 clamped 4096
[kinematics-ws] K clamp binds: eid 1002 demanded 14890 clamped 4096
[kinematics-ws] K clamp binds: eid 1003 demanded 7294 clamped 4096
[kinematics-ws] K clamp binds: eid 1001 demanded 30368 clamped 4096
[kinematics-ws] K clamp binds: eid 1001 demanded 30360 clamped 4096
[kinematics-ws] K clamp binds: eid 1002 demanded 14890 clamped 4096
[kinematics-ws] K clamp binds: eid 1003 demanded 7300 clamped 4096
[kinematics-ws] K clamp binds: eid 1001 demanded 30362 clamped 4096
[kinematics-ws] K clamp binds: eid 1002 demanded 14884 clamped 4096
[kinematics-ws] K clamp binds: eid 1003 demanded 7305 clamped 4096
[kinematics-ws] K clamp binds: eid 1003 demanded 7303 clamped 4096
[kinematics-ws] K clamp binds: eid 1002 demanded 14882 clamped 4096
[kinematics-ws] K clamp binds: eid 1001 demanded 30373 clamped 4096
[kinematics-ws] K clamp binds: eid 1001 demanded 30368 clamped 4096
[kinematics-ws] K clamp binds: eid 1003 demanded 7298 clamped 4096
[kinematics-ws] K clamp binds: eid 1002 demanded 14888 clamped 4096
[kinematics-ws] K clamp binds: eid 1001 demanded 30356 clamped 4096
[kinematics-ws] K clamp binds: eid 1002 demanded 14888 clamped 4096
[kinematics-ws] K clamp binds: eid 1003 demanded 7296 clamped 4096
[kinematics-ws] K clamp binds: eid 1001 demanded 30369 clamped 4096
[kinematics-ws] K clamp binds: eid 1003 demanded 7298 clamped 4096
[kinematics-ws] K clamp binds: eid 1002 demanded 14880 clamped 4096
[kinematics-ws] K clamp binds: eid 1003 demanded 7303 clamped 4096
[kinematics-ws] K clamp binds: eid 1001 demanded 30364 clamped 4096
[kinematics-ws] K clamp binds: eid 1002 demanded 14884 clamped 4096
[kinematics-ws] K clamp binds: eid 1002 demanded 14888 clamped 4096
[kinematics-ws] K clamp binds: eid 1001 demanded 30358 clamped 4096
[kinematics-ws] K clamp binds: eid 1003 demanded 7307 clamped 4096
[kinematics-ws] K clamp binds: eid 1003 demanded 7308 clamped 4096
[kinematics-ws] K clamp binds: eid 1001 demanded 30370 clamped 4096
[kinematics-ws] K clamp binds: eid 1002 demanded 14880 clamped 4096
[kinematics-ws] K clamp binds: eid 1003 demanded 7305 clamped 4096
[kinematics-ws] K clamp binds: eid 1001 demanded 30356 clamped 4096
[kinematics-ws] K clamp binds: eid 1002 demanded 14884 clamped 4096
[kinematics-ws] K clamp binds: eid 1003 demanded 7302 clamped 4096
[kinematics-ws] K clamp binds: eid 1002 demanded 14886 clamped 4096
[kinematics-ws] K clamp binds: eid 1001 demanded 30371 clamped 4096
[kinematics-ws] K clamp binds: eid 1002 demanded 14878 clamped 4096
[kinematics-ws] K clamp binds: eid 1003 demanded 7299 clamped 4096
[kinematics-ws] K clamp binds: eid 1001 demanded 30359 clamped 4096
[kinematics-ws] K clamp binds: eid 1001 demanded 30369 clamped 4096
[kinematics-ws] K clamp binds: eid 1002 demanded 14887 clamped 4096
[kinematics-ws] K clamp binds: eid 1003 demanded 7299 clamped 4096
[kinematics-ws] K clamp binds: eid 1001 demanded 30369 clamped 4096
[kinematics-ws] K clamp binds: eid 1003 demanded 7301 clamped 4096
[kinematics-ws] K clamp binds: eid 1002 demanded 14880 clamped 4096
[kinematics-ws] K clamp binds: eid[kinematics-ws] K clamp binds: eid  1002 1003demanded  demanded 148837303 clamped  4096clamped 4096

[kinematics-ws] K clamp binds: eid 1001 demanded 30362 clamped 4096
[kinematics-ws] K clamp binds: eid 1001 demanded 30378 clamped 4096
[kinematics-ws] K clamp binds: eid 1003 demanded 7306 clamped 4096
[kinematics-ws] K clamp binds: eid 1002 demanded 14884 clamped 4096
[kinematics-ws] K clamp binds: eid 1001 demanded 30373 clamped 4096
[kinematics-ws] K clamp binds: eid 1002 demanded 14881 clamped 4096
[kinematics-ws] K clamp binds: eid 1003 demanded 7309 clamped 4096
[kinematics-ws] K clamp binds: eid 1003 demanded 7311 clamped 4096
[kinematics-ws] K clamp binds: eid 1001 demanded 30366 clamped 4096
[kinematics-ws] K clamp binds: eid 1002 demanded 14886 clamped 4096
[kinematics-ws] K clamp binds: eid 1001 demanded 30376 clamped 4096
[kinematics-ws] K clamp binds: eid 1002 demanded 14881 clamped 4096
[kinematics-ws] K clamp binds: eid 1003 demanded 7311 clamped 4096
[kinematics-ws] K clamp binds: eid 1002 demanded 14886 clamped 4096
[kinematics-ws] K clamp binds: eid 1001 demanded 30386 clamped 4096
[kinematics-ws] K clamp binds: eid 1003 demanded 7312 clamped 4096
[kinematics-ws] K clamp binds: eid 1003 demanded 7311 clamped 4096
[kinematics-ws] K clamp binds: eid 1002 demanded 14882 clamped 4096
[kinematics-ws] K clamp binds: eid 1001 demanded 30385 clamped 4096
[kinematics-ws] K clamp binds: eid 1002 demanded 14885 clamped 4096
[kinematics-ws] K clamp binds: eid 1003 demanded 7311 clamped 4096
[kinematics-ws] K clamp binds: eid 1001 demanded 30379 clamped 4096
[kinematics-ws] K clamp binds: eid 1001 demanded 30376 clamped 4096
[kinematics-ws] K clamp binds: eid 1003 demanded 7310 clamped 4096
[kinematics-ws] K clamp binds: eid 1002 demanded 14886 clamped 4096
[kinematics-ws] K clamp binds: eid 1001 demanded 30377 clamped 4096
[kinematics-ws] K clamp binds: eid 1003 demanded 7310 clamped 4096
[kinematics-ws] K clamp binds: eid 1002 demanded 14883 clamped 4096
[kinematics-ws] K clamp binds: eid 1002 demanded 14890 clamped 4096
[kinematics-ws] K clamp binds: eid 1001 demanded 30379 clamped 4096
[kinematics-ws] K clamp binds: eid 1003 demanded 7310 clamped 4096
[kinematics-ws] K clamp binds: eid 1001 demanded 30380 clamped 4096
[kinematics-ws] K clamp binds: eid 1002 demanded 14882 clamped 4096
[kinematics-ws] K clamp binds: eid 1003 demanded 7310 clamped 4096
[kinematics-ws] K clamp binds: eid 1003 demanded 7310 clamped 4096
[kinematics-ws] K clamp binds: eid 1001 demanded 30380 clamped 4096
[kinematics-ws] K clamp binds: eid 1002 demanded 14891 clamped 4096
[kinematics-ws] K clamp binds: eid 1003 demanded 7310 clamped 4096
[kinematics-ws] K clamp binds: eid 1002 demanded 14889 clamped 4096
[kinematics-ws] K clamp binds: eid 1001 demanded 30380 clamped 4096
[kinematics-ws] K clamp binds: eid 1001 demanded 30378 clamped 4096
[kinematics-ws] K clamp binds: eid 1002 demanded 14885 clamped 4096
[kinematics-ws] K clamp binds: eid 1003 demanded 7310 clamped 4096
[kinematics-ws] K clamp binds: eid 1002 demanded 14894 clamped 4096
[kinematics-ws] K clamp binds: eid 1001 demanded 30379 clamped 4096
[kinematics-ws] K clamp binds: eid 1003 demanded 7311 clamped 4096
[kinematics-ws] K clamp binds: eid 1001 demanded 30385 clamped 4096
[kinematics-ws] K clamp binds: eid 1002 demanded 14890 clamped 4096
[kinematics-ws] K clamp binds: eid 1003 demanded 7311 clamped 4096
[kinematics-ws] K clamp binds: eid 1001 demanded 30394 clamped 4096
[kinematics-ws] K clamp binds: eid 1003 demanded 7312 clamped 4096
[kinematics-ws] K clamp binds: eid 1002 demanded 14888 clamped 4096
[kinematics-ws] K clamp binds: eid 1003 demanded 7313 clamped 4096
[kinematics-ws] K clamp binds: eid 1002 demanded 14896 clamped 4096
[kinematics-ws] K clamp binds: eid 1001 demanded 30398 clamped 4096
[kinematics-ws] K clamp binds: eid 1001 demanded 30388 clamped 4096
[kinematics-ws] K clamp binds: eid 1002 demanded 14896 clamped 4096
[kinematics-ws] K clamp binds: eid 1003 demanded 7313 clamped 4096
[kinematics-ws] K clamp binds: eid 1001 demanded 30376 clamped 4096
[kinematics-ws] K clamp binds: eid 1003 demanded 7312 clamped 4096
[kinematics-ws] K clamp binds: eid 1002 demanded 14890 clamped 4096
[kinematics-ws] K clamp binds: eid 1001 demanded 30384 clamped 4096
[kinematics-ws] K clamp binds: eid 1003 demanded 7311 clamped 4096
[kinematics-ws] K clamp binds: eid 1002 demanded 14893 clamped 4096
[kinematics-ws] K clamp binds: eid 1002 demanded 14901 clamped 4096
[kinematics-ws] K clamp binds: eid 1001 demanded 30395 clamped 4096
[kinematics-ws] K clamp binds: eid 1003 demanded 7310 clamped 4096
[kinematics-ws] K clamp binds: eid 1001 demanded 30377 clamped 4096
[kinematics-ws] K clamp binds: eid 1003 demanded 7307 clamped 4096
[kinematics-ws] K clamp binds: eid 1002 demanded 14900 clamped 4096
[kinematics-ws] K clamp binds: eid 1001 demanded 30381 clamped 4096
[kinematics-ws] K clamp binds: eid 1002 demanded 14896 clamped 4096
[kinematics-ws] K clamp binds: eid 1003 demanded 7305 clamped 4096
[kinematics-ws] K clamp binds: eid 1002 demanded 14895 clamped 4096
[kinematics-ws] K clamp binds: eid 1001 demanded 30392 clamped 4096
[kinematics-ws] K clamp binds: eid 1003 demanded 7304 clamped 4096
[kinematics-ws] K clamp binds: eid[kinematics-ws] K clamp binds: eid  10011002  demanded 30372 demanded clamped14899  clamped 40964096

[kinematics-ws] K clamp binds: eid 1003 demanded 7305 clamped 4096
[kinematics-ws] K clamp binds: eid 1001 demanded 30393 clamped 4096
[kinematics-ws] K clamp binds: eid 1002 demanded 14905 clamped 4096
[kinematics-ws] K clamp binds: eid 1003 demanded 7307 clamped 4096
[kinematics-ws] K clamp binds: eid 1003 demanded 7309 clamped 4096
[kinematics-ws] K clamp binds: eid 1002 demanded 14906 clamped 4096
[kinematics-ws] K clamp binds: eid 1001 demanded 30374 clamped 4096
[kinematics-ws] K clamp binds: eid 1001 demanded 30393 clamped 4096
[kinematics-ws] K clamp binds: eid 1002 demanded 14905 clamped 4096
[kinematics-ws] K clamp binds: eid 1003 demanded 7312 clamped 4096
[kinematics-ws] K clamp binds: eid 1003 demanded 7312 clamped 4096
[kinematics-ws] K clamp binds: eid 1002 demanded 14902 clamped 4096
[kinematics-ws] K clamp binds: eid 1001 demanded 30374 clamped 4096
[kinematics-ws] K clamp binds: eid 1003 demanded 7310 clamped 4096
[kinematics-ws] K clamp binds: eid 1001 demanded 30396 clamped 4096
[kinematics-ws] K clamp binds: eid 1002 demanded 14900 clamped 4096
[kinematics-ws] K clamp binds: eid 1001 demanded 30378 clamped 4096
[kinematics-ws] K clamp binds: eid 1003 demanded 7306 clamped 4096
[kinematics-ws] K clamp binds: eid 1002 demanded 14900 clamped 4096
[kinematics-ws] K clamp binds: eid 1002 demanded 14901 clamped 4096
[kinematics-ws] K clamp binds: eid 1003 demanded 7304 clamped 4096
[kinematics-ws] K clamp binds: eid 1001 demanded 30390 clamped 4096
[kinematics-ws] K clamp binds: eid 1003 demanded 7305 clamped 4096
[kinematics-ws] K clamp binds: eid 1001 demanded 30396 clamped 4096
[kinematics-ws] K clamp binds: eid 1002 demanded 14903 clamped 4096
[kinematics-ws] K clamp binds: eid 1002 demanded 14905 clamped 4096
[kinematics-ws] K clamp binds: eid 1001 demanded 30381 clamped 4096
[kinematics-ws] K clamp binds: eid 1003 demanded 7309 clamped 4096
[kinematics-ws] K clamp binds: eid 1001 demanded 30394 clamped 4096
[kinematics-ws] K clamp binds: eid 1002 demanded 14906 clamped 4096
[kinematics-ws] K clamp binds: eid 1003 demanded 7312 clamped 4096
[kinematics-ws] K clamp binds: eid 1003 demanded 7310 clamped 4096
[kinematics-ws] K clamp binds: eid 1001 demanded 30405 clamped 4096
[kinematics-ws] K clamp binds: eid 1002 demanded 14907 clamped 4096
[kinematics-ws] K clamp binds: eid 1002 demanded 14908 clamped 4096
[kinematics-ws] K clamp binds: eid 1001 demanded 30395 clamped 4096
[kinematics-ws] K clamp binds: eid 1003 demanded 7306 clamped 4096
[kinematics-ws] K clamp binds: eid 1001 demanded 30388 clamped 4096
[kinematics-ws] K clamp binds: eid 1003 demanded 7303 clamped 4096
[kinematics-ws] K clamp binds: eid 1002 demanded 14908 clamped 4096
[kinematics-ws] K clamp binds: eid 1002 demanded 14907 clamped 4096
[kinematics-ws] K clamp binds: eid 1001 demanded 30395 clamped 4096
[kinematics-ws] K clamp binds: eid 1003 demanded 7305 clamped 4096
[kinematics-ws] K clamp binds: eid 1002 demanded 14906 clamped 4096
[kinematics-ws] K clamp binds: eid 1001 demanded 30407 clamped 4096
[kinematics-ws] K clamp binds: eid 1003 demanded 7310 clamped 4096
[kinematics-ws] K clamp binds: eid 1003 demanded 7310 clamped 4096
[kinematics-ws] K clamp binds: eid 1002 demanded 14905 clamped 4096
[kinematics-ws] K clamp binds: eid 1001 demanded 30413 clamped 4096
[kinematics-ws] K clamp binds: eid 1003 demanded 7305 clamped 4096
[kinematics-ws] K clamp binds: eid 1002 demanded 14904 clamped 4096
[kinematics-ws] K clamp binds: eid 1001 demanded 30414 clamped 4096
[kinematics-ws] K clamp binds: eid 1002 demanded 14903 clamped 4096
[kinematics-ws] K clamp binds: eid 1001 demanded 30413 clamped 4096
[kinematics-ws] K clamp binds: eid 1003 demanded 7302 clamped 4096
[kinematics-ws] K clamp binds: eid 1002 demanded 14903 clamped 4096
[kinematics-ws] K clamp binds: eid 1001 demanded 30411 clamped 4096
[kinematics-ws] K clamp binds: eid 1003 demanded 7307 clamped 4096
[kinematics-ws] K clamp binds: eid 1003 demanded 7310 clamped 4096
[kinematics-ws] K clamp binds: eid 1002 demanded 14906 clamped 4096
[kinematics-ws] K clamp binds: eid 1001 demanded 30411 clamped 4096
[kinematics-ws] K clamp binds: eid 1001 demanded 30411 clamped 4096
[kinematics-ws] K clamp binds: eid 1003 demanded 7306 clamped 4096
[kinematics-ws] K clamp binds: eid 1002 demanded 14910 clamped 4096
[kinematics-ws] K clamp binds: eid 1002 demanded 14913 clamped 4096
[kinematics-ws] K clamp binds: eid 1001 demanded 30413 clamped 4096
[kinematics-ws] K clamp binds: eid 1003 demanded 7301 clamped 4096
[kinematics-ws] K clamp binds: eid 1001 demanded 30416 clamped 4096
[kinematics-ws] K clamp binds: eid 1002 demanded 14914 clamped 4096
[kinematics-ws] K clamp binds: eid 1003 demanded 7305 clamped 4096
[kinematics-ws] K clamp binds: eid 1003 demanded 7310 clamped 4096
[kinematics-ws] K clamp binds: eid 1002 demanded 14910 clamped 4096
[kinematics-ws] K clamp binds: eid 1001 demanded 30417 clamped 4096
[kinematics-ws] K clamp binds: eid 1002 demanded 14904 clamped 4096
[kinematics-ws] K clamp binds: eid 1001 demanded 30415 clamped 4096
[kinematics-ws] K clamp binds: eid 1003 demanded 7305 clamped 4096
[kinematics-ws] K clamp binds: eid 1001 demanded 30407 clamped 4096
[kinematics-ws] K clamp binds: eid 1003 demanded 7301 clamped 4096
[kinematics-ws] K clamp binds: eid 1002 demanded 14902 clamped 4096
[kinematics-ws] K clamp binds: eid 1001 demanded 30400 clamped 4096
[kinematics-ws] K clamp binds: eid 1003 demanded 7306 clamped 4096
[kinematics-ws] K clamp binds: eid 1002 demanded 14907 clamped 4096
[kinematics-ws] K clamp binds: eid 1003 demanded 7308 clamped 4096
[kinematics-ws] K clamp binds: eid 1002 demanded 14912 clamped 4096
[kinematics-ws] K clamp binds: eid 1001 demanded 30402 clamped 4096
[kinematics-ws] K clamp binds: eid 1002 demanded 14909 clamped 4096
[kinematics-ws] K clamp binds: eid 1001 demanded 30412 clamped 4096
[kinematics-ws] K clamp binds: eid 1003 demanded 7302 clamped 4096
[kinematics-ws] K clamp binds: eid 1002 demanded 14901 clamped 4096
[kinematics-ws] K clamp binds: eid 1001 demanded 30412 clamped 4096
[kinematics-ws] K clamp binds: eid 1003 demanded 7303 clamped 4096
[kinematics-ws] K clamp binds: eid 1001 demanded 30398 clamped 4096
[kinematics-ws] K clamp binds: eid 1003 demanded 7309 clamped 4096
[kinematics-ws] K clamp binds: eid 1002 demanded 14902 clamped 4096
[kinematics-ws] K clamp binds: eid 1003 demanded 7303 clamped 4096
[kinematics-ws] K clamp binds: eid 1002 demanded 14910 clamped 4096
[kinematics-ws] K clamp binds: eid 1001 demanded 30403 clamped 4096
[kinematics-ws] K clamp binds: eid 1002 demanded 14908 clamped 4096
[kinematics-ws] K clamp binds: eid 1003 demanded 7301 clamped 4096
[kinematics-ws] K clamp binds: eid 1001 demanded 30412 clamped 4096
[kinematics-ws] K clamp binds: eid 1002 demanded 14899 clamped 4096
[kinematics-ws] K clamp binds: eid 1001 demanded 30396 clamped 4096
[kinematics-ws] K clamp binds: eid 1003 demanded 7308 clamped 4096
[kinematics-ws] K clamp binds: eid 1001 demanded 30406 clamped 4096
[kinematics-ws] K clamp binds: eid 1002 demanded 14905 clamped 4096
[kinematics-ws] K clamp binds: eid 1003 demanded 7304 clamped 4096
[kinematics-ws] K clamp binds: eid 1001 demanded 30404 clamped 4096
[kinematics-ws] K clamp binds: eid 1003 demanded 7300 clamped 4096
[kinematics-ws] K clamp binds: eid 1002 demanded 14910 clamped 4096
[kinematics-ws] K clamp binds: eid 1002[kinematics-ws] K clamp binds: eid  1003 demanded 14899 clamped demanded 7307 clamped 4096
4096
[kinematics-ws] K clamp binds: eid 1001 demanded 30399 clamped 4096
[kinematics-ws] K clamp binds: eid 1001 demanded 30409 clamped 4096
[kinematics-ws] K clamp binds: eid 1003 demanded 7304 clamped 4096
[kinematics-ws] K clamp binds: eid 1002 demanded 14903 clamped 4096
[kinematics-ws] K clamp binds: eid 1003 demanded 7300 clamped 4096
[kinematics-ws] K clamp binds: eid 1001 demanded 30398 clamped 4096
[kinematics-ws] K clamp binds: eid 1002 demanded 14909 clamped 4096
[kinematics-ws] K clamp binds: eid 1001 demanded 30409 clamped 4096
[kinematics-ws] K clamp binds: eid 1002 demanded 14898 clamped 4096
[kinematics-ws] K clamp binds: eid 1003 demanded 7307 clamped 4096
[kinematics-ws] K clamp binds: eid 1002 demanded 14905 clamped 4096
[kinematics-ws] K clamp binds: eid 1003 demanded 7302 clamped 4096
[kinematics-ws] K clamp binds: eid 1001 demanded 30402 clamped 4096
[kinematics-ws] K clamp binds: eid 1002 demanded 14905 clamped 4096
[kinematics-ws] K clamp binds: eid 1001 demanded 30405 clamped 4096
[kinematics-ws] K clamp binds: eid 1003 demanded 7301 clamped 4096
[kinematics-ws] K clamp binds: eid 1003 demanded 7307 clamped 4096
[kinematics-ws] K clamp binds: eid 1001 demanded 30413 clamped 4096
[kinematics-ws] K clamp binds: eid 1002 demanded 14898 clamped 4096
[kinematics-ws] K clamp binds: eid 1002 demanded 14909 clamped 4096
[kinematics-ws] K clamp binds: eid 1001 demanded 30400 clamped 4096
[kinematics-ws] K clamp binds: eid 1003 demanded 7299 clamped 4096
[kinematics-ws] K clamp binds: eid 1003 demanded 7304 clamped 4096
[kinematics-ws] K clamp binds: eid 1002 demanded 14897 clamped 4096
[kinematics-ws] K clamp binds: eid 1001 demanded 30414 clamped 4096
[kinematics-ws] K clamp binds: eid 1003 demanded 7304 clamped 4096
[kinematics-ws] K clamp binds: eid 1002 demanded 14907 clamped 4096
[kinematics-ws] K clamp binds: eid 1001 demanded 30416 clamped 4096
[kinematics-ws] K clamp binds: eid 1001 demanded 30405 clamped 4096
[kinematics-ws] K clamp binds: eid 1002 demanded 14901 clamped 4096
[kinematics-ws] K clamp binds: eid 1003 demanded 7299 clamped 4096
[kinematics-ws] K clamp binds: eid 1002 demanded 14904 clamped 4096
[kinematics-ws] K clamp binds: eid 1001 demanded 30413 clamped 4096
[kinematics-ws] K clamp binds: eid 1003 demanded 7307 clamped 4096
[kinematics-ws] K clamp binds: eid 1001 demanded 30424 clamped 4096
[kinematics-ws] K clamp binds: eid 1002 demanded 14903 clamped 4096
[kinematics-ws] K clamp binds: eid 1003 demanded 7299 clamped 4096
[kinematics-ws] K clamp binds: eid 1001 demanded 30421 clamped 4096
[kinematics-ws] K clamp binds: eid 1003 demanded 7304 clamped 4096
[kinematics-ws] K clamp binds: eid 1002 demanded 14903 clamped 4096
[kinematics-ws] K clamp binds: eid 1001 demanded 30414 clamped 4096
[kinematics-ws] K clamp binds: eid 1002 demanded 14904 clamped 4096
[kinematics-ws] K clamp binds: eid 1003 demanded 7303 clamped 4096
[kinematics-ws] K clamp binds: eid 1002 demanded 14904 clamped 4096
[kinematics-ws] K clamp binds: eid 1003 demanded 7300 clamped 4096
[kinematics-ws] K clamp binds: eid 1001 demanded 30413 clamped 4096
[kinematics-ws] K clamp binds: eid 1001 demanded 30419 clamped 4096
[kinematics-ws] K clamp binds: eid 1003 demanded 7306 clamped 4096
[kinematics-ws] K clamp binds: eid 1002 demanded 14903 clamped 4096
[kinematics-ws] K clamp binds: eid 1002 demanded 14906 clamped 4096
[kinematics-ws] K clamp binds: eid 1001 demanded 30426 clamped 4096
[kinematics-ws] K clamp binds: eid 1003 demanded 7298 clamped 4096
[kinematics-ws] K clamp binds: eid 1001 demanded 30431 clamped 4096
[kinematics-ws] K clamp binds: eid 1003 demanded 7307 clamped 4096
[kinematics-ws] K clamp binds: eid 1002 demanded 14901 clamped 4096
[kinematics-ws] K clamp binds: eid 1003 demanded 7299 clamped 4096
[kinematics-ws] K clamp binds: eid [kinematics-ws] K clamp binds: eid 1001 1002 demanded demanded 14910 30434 clampedclamped  40964096

[kinematics-ws] K clamp binds: eid 1002 demanded 14900 clamped 4096
[kinematics-ws] K clamp binds: eid 1001 demanded 30435 clamped 4096
[kinematics-ws] K clamp binds: eid 1003 demanded 7305 clamped 4096
[kinematics-ws] K clamp binds: eid 1001 demanded 30435 clamped 4096
[kinematics-ws] K clamp binds: eid 1002 demanded 14912 clamped 4096
[kinematics-ws] K clamp binds: eid 1003 demanded 7301 clamped 4096
[kinematics-ws] K clamp binds: eid 1003 demanded 7303 clamped 4096
[kinematics-ws] K clamp binds: eid 1001 demanded 30435 clamped 4096
[kinematics-ws] K clamp binds: eid 1002 demanded 14904 clamped 4096
[kinematics-ws] K clamp binds: eid 1001 demanded 30435 clamped 4096
[kinematics-ws] K clamp binds: eid 1003 demanded 7303 clamped 4096
[kinematics-ws] K clamp binds: eid 1002 demanded 14906 clamped 4096
[kinematics-ws] K clamp binds: eid 1001 demanded 30433 clamped 4096
[kinematics-ws] K clamp binds: eid 1002 demanded 14913 clamped 4096
[kinematics-ws] K clamp binds: eid 1003 demanded 7302 clamped 4096
[kinematics-ws] K clamp binds: eid 1001 demanded 30429 clamped 4096
[kinematics-ws] K clamp binds: eid 1003 demanded 7305 clamped 4096
[kinematics-ws] K clamp binds: eid 1002 demanded 14903 clamped 4096
[kinematics-ws] K clamp binds: eid 1002 demanded 14911 clamped 4096
[kinematics-ws] K clamp binds: eid 1001 demanded 30425 clamped 4096
[kinematics-ws] K clamp binds: eid 1003 demanded 7301 clamped 4096
[kinematics-ws] K clamp binds: eid 1003 demanded 7305 clamped 4096
[kinematics-ws] K clamp binds: eid 1002 demanded 14914 clamped 4096
[kinematics-ws] K clamp binds: eid 1001 demanded 30421 clamped 4096
[kinematics-ws] K clamp binds: eid 1001 demanded 30424 clamped 4096
[kinematics-ws] K clamp binds: eid 1002 demanded 14905 clamped 4096
[kinematics-ws] K clamp binds: eid 1003 demanded 7301 clamped 4096
[kinematics-ws] K clamp binds: eid 1002 demanded 14913 clamped 4096
[kinematics-ws] K clamp binds: eid 1001 demanded 30431 clamped 4096
[kinematics-ws] K clamp binds: eid 1003 demanded 7305 clamped 4096
[kinematics-ws] K clamp binds: eid 1001 demanded 30433 clamped 4096
[kinematics-ws] K clamp binds: eid 1003 demanded 7302 clamped 4096
[kinematics-ws] K clamp binds: eid 1002 demanded 14918 clamped 4096
[kinematics-ws] K clamp binds: eid 1002 demanded 14909 clamped 4096
[kinematics-ws] K clamp binds: eid 1001 demanded 30425 clamped 4096
[kinematics-ws] K clamp binds: eid 1003 demanded 7305 clamped 4096
[kinematics-ws] K clamp binds: eid 1001 demanded 30419 clamped 4096
[kinematics-ws] K clamp binds: eid 1003 demanded 7303 clamped 4096
[kinematics-ws] K clamp binds: eid 1002 demanded 14910 clamped 4096
[kinematics-ws] K clamp binds: eid 1001 demanded 30428 clamped 4096
[kinematics-ws] K clamp binds: eid 1003 demanded 7304 clamped 4096
[kinematics-ws] K clamp binds: eid 1002 demanded 14920 clamped 4096
[kinematics-ws] K clamp binds: eid 1001 demanded 30429 clamped 4096
[kinematics-ws] K clamp binds: eid 1003 demanded 7305 clamped 4096
[kinematics-ws] K clamp binds: eid 1002 demanded 14919 clamped 4096
[kinematics-ws] K clamp binds: eid 1002 demanded 14911 clamped 4096
[kinematics-ws] K clamp binds: eid 1001 demanded 30417 clamped 4096
[kinematics-ws] K clamp binds: eid 1003 demanded 7303 clamped 4096
[kinematics-ws] K clamp binds: eid 1003 demanded 7308 clamped 4096
[kinematics-ws] K clamp binds: eid 1002 demanded 14913 clamped 4096
[kinematics-ws] K clamp binds: eid 1001 demanded 30427 clamped 4096
[kinematics-ws] K clamp binds: eid 1002 demanded 14921 clamped 4096
[kinematics-ws] K clamp binds: eid 1001 demanded 30425 clamped 4096
[kinematics-ws] K clamp binds: eid 1003 demanded 7301 clamped 4096
[kinematics-ws] K clamp binds: eid 1001 demanded 30418 clamped 4096
[kinematics-ws] K clamp binds: eid 1003 demanded 7309 clamped 4096
[kinematics-ws] K clamp binds: eid 1002 demanded 14924 clamped 4096
[kinematics-ws] K clamp binds: eid 1002 demanded 14920 clamped 4096
[kinematics-ws] K clamp binds: eid 1001 demanded 30430 clamped 4096
[kinematics-ws] K clamp binds: eid 1003 demanded 7301 clamped 4096
[kinematics-ws] K clamp binds: eid 1002 demanded 14915 clamped 4096
[kinematics-ws] K clamp binds: eid 1001 demanded 30416 clamped 4096
[kinematics-ws] K clamp binds: eid 1003 demanded 7309 clamped 4096
[kinematics-ws] K clamp binds: eid 1003 demanded 7304 clamped 4096
[kinematics-ws] K clamp binds: eid 1001 demanded 30430 clamped 4096
[kinematics-ws] K clamp binds: eid 1002 demanded 14916 clamped 4096
[kinematics-ws] K clamp binds: eid 1001 demanded 30417 clamped 4096
[kinematics-ws] K clamp binds: eid 1003 demanded 7305 clamped 4096
[kinematics-ws] K clamp binds: eid 1002 demanded 14921 clamped 4096
[kinematics-ws] K clamp binds: eid 1003 demanded 7309 clamped 4096
[kinematics-ws] K clamp binds: eid 1002 demanded 14927 clamped 4096
[kinematics-ws] K clamp binds: eid 1001 demanded 30431 clamped 4096
[kinematics-ws] K clamp binds: eid 1003 demanded 7302 clamped 4096
[kinematics-ws] K clamp binds: eid 1002 demanded 14929 clamped 4096
[kinematics-ws] K clamp binds: eid 1001 demanded 30418 clamped 4096
[kinematics-ws] K clamp binds: eid 1001 demanded 30431 clamped 4096
[kinematics-ws] K clamp binds: eid 1002 demanded 14927 clamped 4096
[kinematics-ws] K clamp binds: eid 1003 demanded 7311 clamped 4096
[kinematics-ws] K clamp binds: eid 1001 demanded 30425 clamped 4096
[kinematics-ws] K clamp binds: eid 1002 demanded 14924 clamped 4096
[kinematics-ws] K clamp binds: eid 1003 demanded 7305 clamped 4096
[kinematics-ws] K clamp binds: eid 1002 demanded 14921 clamped 4096
[kinematics-ws] K clamp binds: eid 1003 demanded 7307 clamped 4096
[kinematics-ws] K clamp binds: eid 1001 demanded 30425 clamped 4096
[kinematics-ws] K clamp binds: eid 1003 demanded 7311 clamped 4096
[kinematics-ws] K clamp binds: eid 1001 demanded 30436 clamped 4096
[kinematics-ws] K clamp binds: eid 1002 demanded 14920 clamped 4096
[kinematics-ws] K clamp binds: eid 1002 demanded 14920 clamped 4096
[kinematics-ws] K clamp binds: eid 1003 demanded 7304 clamped 4096
[kinematics-ws] K clamp binds: eid 1001 demanded 30426 clamped 4096
[kinematics-ws] K clamp binds: eid 1002 demanded 14920 clamped 4096
[kinematics-ws] K clamp binds: eid 1001 demanded 30429 clamped 4096
[kinematics-ws] K clamp binds: eid 1003 demanded 7311 clamped 4096
[kinematics-ws] K clamp binds: eid 1001 demanded 30440 clamped 4096
[kinematics-ws] K clamp binds: eid 1003 demanded 7310 clamped 4096
[kinematics-ws] K clamp binds: eid 1002 demanded 14922 clamped 4096
[kinematics-ws] K clamp binds: eid 1001 demanded 30436 clamped 4096
[kinematics-ws] K clamp binds: eid 1003 demanded 7305 clamped 4096
[kinematics-ws] K clamp binds: eid 1002 demanded 14923 clamped 4096
[kinematics-ws] K clamp binds: eid 1003 demanded 7313 clamped 4096
[kinematics-ws] K clamp binds: eid 1002 demanded 14925 clamped 4096
[kinematics-ws] K clamp binds: eid 1001 demanded 30430 clamped 4096
[kinematics-ws] K clamp binds: eid 1002 demanded 14925 clamped 4096
[kinematics-ws] K clamp binds: eid 1003 demanded 7310 clamped 4096
[kinematics-ws] K clamp binds: eid 1001 demanded 30435 clamped 4096
[kinematics-ws] K clamp binds: eid 1002 demanded 14926 clamped 4096
[kinematics-ws] K clamp binds: eid 1003 demanded 7307 clamped 4096
[kinematics-ws] K clamp binds: eid 1001 demanded 30444 clamped 4096
[kinematics-ws] K clamp binds: eid 1002 demanded 14926 clamped 4096
[kinematics-ws] K clamp binds: eid 1003 demanded 7314 clamped 4096
[kinematics-ws] K clamp binds: eid 1001 demanded 30448 clamped 4096
[kinematics-ws] K clamp binds: eid 1002 demanded 14925 clamped 4096
[kinematics-ws] K clamp binds: eid 1001 demanded 30445 clamped 4096
[kinematics-ws] K clamp binds: eid 1003 demanded 7311 clamped 4096
[kinematics-ws] K clamp binds: eid 1002 demanded 14924 clamped 4096
[kinematics-ws] K clamp binds: eid 1001 demanded 30441 clamped 4096
[kinematics-ws] K clamp binds: eid 1003 demanded 7307 clamped 4096
[kinematics-ws] K clamp binds: eid 1002 demanded 14923 clamped 4096
[kinematics-ws] K clamp binds: eid 1003 demanded 7315 clamped 4096
[kinematics-ws] K clamp binds: eid 1001 demanded 30439 clamped 4096
[kinematics-ws] K clamp binds: eid 1001 demanded 30439 clamped 4096
[kinematics-ws] K clamp binds: eid 1003 demanded 7314 clamped 4096
[kinematics-ws] K clamp binds: eid 1002 demanded 14922 clamped 4096
[kinematics-ws] K clamp binds: eid 1002 demanded 14921 clamped 4096
[kinematics-ws] K clamp binds: eid 1001 demanded 30439 clamped 4096
[kinematics-ws] K clamp binds: eid 1003 demanded 7308 clamped 4096
[kinematics-ws] K clamp binds: eid 1003 demanded 7314 clamped 4096
[kinematics-ws] K clamp binds: eid 1001 demanded 30440 clamped 4096
[kinematics-ws] K clamp binds: eid 1002 demanded 14922 clamped 4096
[kinematics-ws] K clamp binds: eid [kinematics-ws] K clamp binds: eid 1001 1002 demanded demanded 30441 14925 clamped clamped 40964096

[kinematics-ws] K clamp binds: eid 1003 demanded 7317 clamped 4096
[kinematics-ws] K clamp binds: eid 1001 demanded 30441 clamped 4096
[kinematics-ws] K clamp binds: eid 1002 demanded 14929 clamped 4096
[kinematics-ws] K clamp binds: eid 1003 demanded 7311 clamped 4096
[kinematics-ws] K clamp binds: eid 1001 demanded 30440 clamped 4096
[kinematics-ws] K clamp binds: eid [kinematics-ws] K clamp binds: eid1003  demanded 7311 clamped 1002 demanded 14933 clamped 40964096

[kinematics-ws] K clamp binds: eid 1001 demanded 30440 clamped 4096
[kinematics-ws] K clamp binds: eid 1003 demanded 7318 clamped 4096
[kinematics-ws] K clamp binds: eid 1002 demanded 14936 clamped 4096
[kinematics-ws] K clamp binds: eid 1002 demanded 14934 clamped 4096
[kinematics-ws] K clamp binds: eid 1003 demanded 7317 clamped 4096
[kinematics-ws] K clamp binds: eid 1001 demanded 30442 clamped 4096
[kinematics-ws] K clamp binds: eid 1003 demanded 7311 clamped 4096
[kinematics-ws] K clamp binds: eid 1001 demanded 30446 clamped 4096
[kinematics-ws] K clamp binds: eid 1002 demanded 14928 clamped 4096
[kinematics-ws] K clamp binds: eid 1002 demanded 14922 clamped 4096
[kinematics-ws] K clamp binds: eid 1001 demanded 30453 clamped 4096
[kinematics-ws] K clamp binds: eid 1003 demanded 7314 clamped 4096
[kinematics-ws] K clamp binds: eid 1001 demanded 30457 clamped 4096
[kinematics-ws] K clamp binds: eid 1003 demanded 7320 clamped 4096
[kinematics-ws] K clamp binds: eid 1002 demanded 14921 clamped 4096
[kinematics-ws] K clamp binds: eid 1003 demanded 7318 clamped 4096
[kinematics-ws] K clamp binds: eid 1002 demanded 14927 clamped 4096
[kinematics-ws] K clamp binds: eid 1001 demanded 30453 clamped 4096
[kinematics-ws] K clamp binds: eid 1003 demanded 7313 clamped 4096
[kinematics-ws] K clamp binds: eid 1001 demanded 30442 clamped 4096
[kinematics-ws] K clamp binds: eid 1002 demanded 14934 clamped 4096
[kinematics-ws] K clamp binds: eid 1001 demanded 30438 clamped 4096
[kinematics-ws] K clamp binds: eid 1003 demanded 7314 clamped 4096
[kinematics-ws] K clamp binds: eid 1002 demanded 14933 clamped 4096
[kinematics-ws] K clamp binds: eid 1001 demanded 30449 clamped 4096
[kinematics-ws] K clamp binds: eid 1003 demanded 7320 clamped 4096
[kinematics-ws] K clamp binds: eid 1002 demanded 14924 clamped 4096
[kinematics-ws] K clamp binds: eid 1001 demanded 30454 clamped 4096
[kinematics-ws] K clamp binds: eid 1002 demanded 14919 clamped 4096
[kinematics-ws] K clamp binds: eid 1003 demanded 7321 clamped 4096
[kinematics-ws] K clamp binds: eid 1002 demanded 14926 clamped 4096
[kinematics-ws] K clamp binds: eid 1003 demanded 7317 clamped 4096
[kinematics-ws] K clamp binds: eid 1001 demanded 30440 clamped 4096
[kinematics-ws] K clamp binds: eid 1002 demanded 14933 clamped 4096
[kinematics-ws] K clamp binds: eid 1001 demanded 30439 clamped 4096
[kinematics-ws] K clamp binds: eid 1003 demanded 7314 clamped 4096
[kinematics-ws] K clamp binds: eid 1003 demanded 7318 clamped 4096
[kinematics-ws] K clamp binds: eid 1001 demanded 30453 clamped 4096
[kinematics-ws] K clamp binds: eid 1002 demanded 14926 clamped 4096
[kinematics-ws] K clamp binds: eid 1001 demanded 30440 clamped 4096[kinematics-ws] K clamp binds: eid 
1003 demanded 7322 clamped 4096
[kinematics-ws] K clamp binds: eid 1002 demanded 14918 clamped 4096
[kinematics-ws] K clamp binds: eid 1003 demanded 7323 clamped 4096
[kinematics-ws] K clamp binds: eid 1001 demanded 30439 clamped 4096
[kinematics-ws] K clamp binds: eid 1002 demanded 14926 clamped 4096
[kinematics-ws] K clamp binds: eid 1002 demanded 14932 clamped 4096
[kinematics-ws] K clamp binds: eid 1001 demanded 30451 clamped 4096
[kinematics-ws] K clamp binds: eid 1003 demanded 7319 clamped 4096
[kinematics-ws] K clamp binds: eid 1003 demanded 7316 clamped 4096
[kinematics-ws] K clamp binds: eid 1002 demanded 14921 clamped 4096
[kinematics-ws] K clamp binds: eid 1001 demanded 30434 clamped 4096
[kinematics-ws] K clamp binds: eid 1001 demanded 30450 clamped 4096
[kinematics-ws] K clamp binds: eid 1003 demanded 7318 clamped 4096
[kinematics-ws] K clamp binds: eid 1002 demanded 14919 clamped 4096
[kinematics-ws] K clamp binds: eid 1001 demanded 30437 clamped 4096
[kinematics-ws] K clamp binds: eid 1003 demanded 7322 clamped 4096
[kinematics-ws] K clamp binds: eid 1002 demanded 14931 clamped 4096
[kinematics-ws] K clamp binds: eid 1002 demanded 14924 clamped 4096
[kinematics-ws] K clamp binds: eid 1001 demanded 30448 clamped 4096
[kinematics-ws] K clamp binds: eid 1003 demanded 7325 clamped 4096
[kinematics-ws] K clamp binds: eid 1001 demanded 30439 clamped 4096
[kinematics-ws] K clamp binds: eid 1002 demanded 14917 clamped 4096
[kinematics-ws] K clamp binds: eid 1003 demanded 7324 clamped 4096
[kinematics-ws] K clamp binds: eid 1003 demanded 7321 clamped 4096
[kinematics-ws] K clamp binds: eid 1002 demanded 14930 clamped 4096
[kinematics-ws] K clamp binds: eid 1001 demanded 30449 clamped 4096
[kinematics-ws] K clamp binds: eid 1001 demanded 30438 clamped 4096
[kinematics-ws] K clamp binds: eid 1003 demanded 7318 clamped 4096
[kinematics-ws] K clamp binds: eid 1002 demanded 14922 clamped 4096
[kinematics-ws] K clamp binds: eid 1003 demanded 7318 clamped 4096
[kinematics-ws] K clamp binds: eid 1002 demanded 14918 clamped 4096
[kinematics-ws] K clamp binds: eid 1001 demanded 30454 clamped 4096
[kinematics-ws] K clamp binds: eid 1001 demanded 30437 clamped 4096
[kinematics-ws] K clamp binds: eid 1003 demanded 7322 clamped 4096
[kinematics-ws] K clamp binds: eid 1002 demanded 14930 clamped 4096
[kinematics-ws] K clamp binds: eid 1001 demanded 30453 clamped 4096
[kinematics-ws] K clamp binds: eid 1003 demanded 7325 clamped 4096
[kinematics-ws] K clamp binds: eid 1002 demanded 14918 clamped 4096
[kinematics-ws] K clamp binds: eid 1003 demanded 7327 clamped 4096
[kinematics-ws] K clamp binds: eid 1001 demanded 30448 clamped 4096
[kinematics-ws] K clamp binds: eid 1002 demanded 14924 clamped 4096
[kinematics-ws] K clamp binds: eid 1002 demanded 14926 clamped 4096
[kinematics-ws] K clamp binds: eid 1003 demanded 7327 clamped 4096
[kinematics-ws] K clamp binds: eid 1001 demanded 30442 clamped 4096
[kinematics-ws] K clamp binds: eid 1003 demanded 7324 clamped 4096
[kinematics-ws] K clamp binds: eid 1002 demanded 14916 clamped 4096
[kinematics-ws] K clamp binds: eid 1001 demanded 30459 clamped 4096
[kinematics-ws] K clamp binds: eid 1001 demanded 30452 clamped 4096
[kinematics-ws] K clamp binds: eid 1003 demanded 7322 clamped 4096
[kinematics-ws] K clamp binds: eid 1002 demanded 14930 clamped 4096
[kinematics-ws] K clamp binds: eid 1001 demanded 30444 clamped 4096
[kinematics-ws] K clamp binds: eid 1002 demanded 14916 clamped 4096
[kinematics-ws] K clamp binds: eid 1003 demanded 7320 clamped 4096
[kinematics-ws] K clamp binds: eid 1001 demanded 30458 clamped 4096
[kinematics-ws] K clamp binds: eid 1003 demanded 7320 clamped 4096
[kinematics-ws] K clamp binds: eid 1002 demanded 14928 clamped 4096
[kinematics-ws] K clamp binds: eid 1001 demanded 30464 clamped 4096
[kinematics-ws] K clamp binds: eid 1002 demanded 14920 clamped 4096
[kinematics-ws] K clamp binds: eid 1003 demanded 7322 clamped 4096
[kinematics-ws] K clamp binds: eid[kinematics-ws] K clamp binds: eid  10021003  demanded demanded 7324 14924 clampedclamped  40964096

[kinematics-ws] K clamp binds: eid 1001 demanded 30455 clamped 4096
[kinematics-ws] K clamp binds: eid 1001 demanded 30450 clamped 4096
[kinematics-ws] K clamp binds: eid 1003 demanded 7327 clamped 4096
[kinematics-ws] K clamp binds: eid 1002 demanded 14923 clamped 4096
[kinematics-ws] K clamp binds: eid 1002 demanded 14922 clamped 4096
[kinematics-ws] K clamp binds: eid 1003 demanded 7329 clamped 4096
[kinematics-ws] K clamp binds: eid 1001 demanded 30457 clamped 4096
[kinematics-ws] K clamp binds: eid 1002 demanded 14925 clamped [kinematics-ws] K clamp binds: eid 40961001 demanded 30467 clamped 
4096
[kinematics-ws] K clamp binds: eid 1003 demanded 7330 clamped 4096
[kinematics-ws] K clamp binds: eid 1002 demanded 14922 clamped 4096
[kinematics-ws] K clamp binds: eid 1001 demanded 30471 clamped 4096
[kinematics-ws] K clamp binds: eid 1003 demanded 7330 clamped 4096
[kinematics-ws] K clamp binds: eid[kinematics-ws] K clamp binds: eid  10031002  demanded demanded 14924 clamped 4096
7329 clamped 4096
[kinematics-ws] K clamp binds: eid 1001 demanded 30469 clamped 4096
[kinematics-ws] K clamp binds: eid 1002 demanded 14924 clamped 4096
[kinematics-ws] K clamp binds: eid 1003 demanded 7328 clamped 4096
[kinematics-ws] K clamp binds: eid 1001 demanded 30465 clamped 4096
[kinematics-ws] K clamp binds: eid 1001 demanded 30461 clamped 4096
[kinematics-ws] K clamp binds: eid 1002 demanded 14923 clamped 4096
[kinematics-ws] K clamp binds: eid 1003 demanded 7326 clamped 4096
[kinematics-ws] K clamp binds: eid 1003 demanded 7325 clamped 4096
[kinematics-ws] K clamp binds: eid 1002 demanded 14928 clamped 4096
[kinematics-ws] K clamp binds: eid 1001 demanded 30459 clamped 4096
[kinematics-ws] K clamp binds: eid 1002 demanded 14920 clamped 4096
[kinematics-ws] K clamp binds: eid 1001 demanded 30458 clamped 4096
[kinematics-ws] K clamp binds: eid 1003 demanded 7324 clamped 4096
[kinematics-ws] K clamp binds: eid 1002 demanded 14932 clamped 4096
[kinematics-ws] K clamp binds: eid 1001 demanded 30458 clamped 4096
[kinematics-ws] K clamp binds: eid 1003 demanded 7323 clamped 4096
[kinematics-ws] K clamp binds: eid 1003 demanded 7323 clamped 4096
[kinematics-ws] K clamp binds: eid 1002 demanded 14918 clamped 4096
[kinematics-ws] K clamp binds: eid 1001 demanded 30458 clamped 4096
[kinematics-ws] K clamp binds: eid 1001 demanded 30459 clamped 4096
[kinematics-ws] K clamp binds: eid 1002 demanded 14932 clamped 4096
[kinematics-ws] K clamp binds: eid 1003 demanded 7323 clamped 4096
[kinematics-ws] K clamp binds: eid 1002 demanded 14923 clamped 4096
[kinematics-ws] K clamp binds: eid 1003 demanded 7323 clamped 4096
[kinematics-ws] K clamp binds: eid 1001 demanded 30459 clamped 4096
[kinematics-ws] K clamp binds: eid 1001 demanded 30461 clamped 4096
[kinematics-ws] K clamp binds: eid 1002 demanded 14926 clamped 4096
[kinematics-ws] K clamp binds: eid 1003 demanded 7323 clamped 4096
[kinematics-ws] K clamp binds: eid 1002 demanded 14933 clamped 4096
[kinematics-ws] K clamp binds: eid 1001 demanded 30465 clamped 4096
[kinematics-ws] K clamp binds: eid 1003 demanded 7323 clamped 4096
[kinematics-ws] K clamp binds: eid 1003 demanded 7323 clamped 4096
[kinematics-ws] K clamp binds: eid 1002 demanded 14921 clamped 4096
[kinematics-ws] K clamp binds: eid 1001 demanded 30471 clamped 4096
[kinematics-ws] K clamp binds: eid 1002 demanded 14933 clamped 4096
[kinematics-ws] K clamp binds: eid 1001 demanded 30477 clamped 4096
[kinematics-ws] K clamp binds: eid 1003 demanded 7323 clamped 4096
[kinematics-ws] K clamp binds: eid 1002 demanded 14930 clamped 4096
[kinematics-ws] K clamp binds: eid 1001 demanded 30478 clamped 4096
[kinematics-ws] K clamp binds: eid 1003 demanded 7323 clamped 4096
[kinematics-ws] K clamp binds: eid 1001 demanded 30471 clamped 4096
[kinematics-ws] K clamp binds: eid 1003 demanded 7323 clamped 4096
[kinematics-ws] K clamp binds: eid 1002 demanded 14923 clamped 4096
[kinematics-ws] K clamp binds: eid 1001 demanded 30461 clamped 4096
[kinematics-ws] K clamp binds: eid 1003 demanded 7323 clamped 4096
[kinematics-ws] K clamp binds: eid 1002 demanded 14936 clamped 4096
[kinematics-ws] K clamp binds: eid 1001 demanded 30458 clamped 4096
[kinematics-ws] K clamp binds: eid 1003 demanded 7323 clamped 4096
[kinematics-ws] K clamp binds: eid 1002 demanded 14931 clamped 4096
[kinematics-ws] K clamp binds: eid 1002 demanded 14924 clamped 4096
[kinematics-ws] K clamp binds: eid 1001 demanded 30468 clamped 4096
[kinematics-ws] K clamp binds: eid 1003 demanded 7323 clamped 4096
[kinematics-ws] K clamp binds: eid 1001 demanded 30476 clamped 4096
[kinematics-ws] K clamp binds: eid [kinematics-ws] K clamp binds: eid 1003 1002demanded  demanded 7323 14937clamped  clamped 40964096

[kinematics-ws] K clamp binds: eid 1003 demanded 7323 clamped 4096
[kinematics-ws] K clamp binds: eid 1002 demanded 14936 clamped 4096
[kinematics-ws] K clamp binds: eid 1001 demanded 30465 clamped 4096
[kinematics-ws] K clamp binds: eid 1001 demanded 30455 clamped 4096
[kinematics-ws] K clamp binds: eid 1003 demanded 7323 clamped 4096
[kinematics-ws] K clamp binds: eid 1002 demanded 14926 clamped 4096
[kinematics-ws] K clamp binds: eid 1001 demanded 30469 clamped 4096
[kinematics-ws] K clamp binds: eid 1002 demanded 14933 clamped 4096
[kinematics-ws] K clamp binds: eid 1003 demanded 7324 clamped 4096
[kinematics-ws] K clamp binds: eid [kinematics-ws] K clamp binds: eid 1003 demanded 7324 clamped 4096
1001 demanded 30471 clamped 4096
[kinematics-ws] K clamp binds: eid 1002 demanded 14942 clamped 4096
[kinematics-ws] K clamp binds: eid 1003 demanded 7325 clamped 4096
[kinematics-ws] K clamp binds: eid 1002 demanded 14934 clamped 4096
[kinematics-ws] K clamp binds: eid 1001 demanded 30454 clamped 4096
[kinematics-ws] K clamp binds: eid 1002 demanded 14928 clamped 4096
[kinematics-ws] K clamp binds: eid 1003 demanded 7327 clamped 4096
[kinematics-ws] K clamp binds: eid 1001 demanded 30468 clamped 4096
[kinematics-ws] K clamp binds: eid 1001 demanded 30467 clamped 4096
[kinematics-ws] K clamp binds: eid 1002 demanded 14937 clamped 4096
[kinematics-ws] K clamp binds: eid 1003 demanded 7329 clamped 4096
[kinematics-ws] K clamp binds: eid 1001 demanded 30454 clamped 4096
[kinematics-ws] K clamp binds: eid 1002 demanded 14944 clamped 4096
[kinematics-ws] K clamp binds: eid 1003 demanded 7330 clamped 4096
[kinematics-ws] K clamp binds: eid 1003 demanded 7332 clamped 4096
[kinematics-ws] K clamp binds: eid 1002 demanded 14939 clamped 4096
[kinematics-ws] K clamp binds: eid 1001 demanded 30473 clamped 4096
[kinematics-ws] K clamp binds: eid 1002 demanded 14931 clamped 4096
[kinematics-ws] K clamp binds: eid 1001 demanded 30455 clamped 4096
[kinematics-ws] K clamp binds: eid 1003 demanded 7333 clamped 4096
[kinematics-ws] K clamp binds: eid 1003 demanded 7334 clamped 4096
[kinematics-ws] K clamp binds: eid 1001 demanded 30468 clamped 4096
[kinematics-ws] K clamp binds: eid 1002 demanded 14934 clamped 4096
[kinematics-ws] K clamp binds: eid 1001 demanded 30460 clamped 4096
[kinematics-ws] K clamp binds: eid 1002 demanded 14943 clamped 4096
[kinematics-ws] K clamp binds: eid 1003 demanded 7333 clamped 4096
[kinematics-ws] K clamp binds: eid 1001 demanded 30466 clamped 4096
[kinematics-ws] K clamp binds: eid 1002 demanded 14947 clamped 4096
[kinematics-ws] K clamp binds: eid 1003 demanded 7331 clamped 4096
[kinematics-ws] K clamp binds: eid 1002 demanded 14943 clamped 4096
[kinematics-ws] K clamp binds: eid 1003 demanded 7329 clamped 4096
[kinematics-ws] K clamp binds: eid 1001 demanded 30461 clamped 4096
[kinematics-ws] K clamp binds: eid 1003 demanded 7326 clamped 4096
[kinematics-ws] K clamp binds: eid 1001 demanded 30467 clamped 4096
[kinematics-ws] K clamp binds: eid 1002 demanded 14937 clamped 4096
[kinematics-ws] K clamp binds: eid 1001 demanded 30459 clamped 4096
[kinematics-ws] K clamp binds: eid 1002 demanded 14934 clamped 4096
[kinematics-ws] K clamp binds: eid 1003 demanded 7324 clamped 4096
[kinematics-ws] K clamp binds: eid 1003 demanded 7323 clamped 4096
[kinematics-ws] K clamp binds: eid 1002 demanded 14938 clamped 4096
[kinematics-ws] K clamp binds: eid 1001 demanded 30473 clamped 4096
[kinematics-ws] K clamp binds: eid 1001 demanded 30456 clamped 4096
[kinematics-ws] K clamp binds: eid 1002 demanded 14944 clamped 4096
[kinematics-ws] K clamp binds: eid 1003 demanded 7325 clamped 4096
[kinematics-ws] K clamp binds: eid 1003 demanded 7328 clamped 4096
[kinematics-ws] K clamp binds: eid 1001 demanded 30476 clamped 4096
[kinematics-ws] K clamp binds: eid 1002 demanded 14949 clamped 4096
[kinematics-ws] K clamp binds: eid 1003 demanded 7331 clamped 4096
[kinematics-ws] K clamp binds: eid 1002 demanded 14951 clamped 4096
[kinematics-ws] K clamp binds: eid 1001 demanded 30463 clamped 4096
[kinematics-ws] K clamp binds: eid 1002 demanded 14948 clamped 4096
[kinematics-ws] K clamp binds: eid 1001 demanded 30465 clamped 4096
[kinematics-ws] K clamp binds: eid 1003 demanded 7333 clamped 4096
[kinematics-ws] K clamp binds: eid 1003 demanded 7333 clamped 4096
[kinematics-ws] K clamp binds: eid 1002 demanded 14944 clamped 4096
[kinematics-ws] K clamp binds: eid 1001 demanded 30479 clamped 4096
[kinematics-ws] K clamp binds: eid 1002 demanded 14941 clamped 4096
[kinematics-ws] K clamp binds: eid 1001 demanded 30464 clamped 4096
[kinematics-ws] K clamp binds: eid 1003 demanded 7330 clamped 4096
[kinematics-ws] K clamp binds: eid 1001 demanded 30468 clamped 4096
[kinematics-ws] K clamp binds: eid 1002 demanded 14939 clamped 4096
[kinematics-ws] K clamp binds: eid 1003 demanded 7326 clamped 4096
[kinematics-ws] K clamp binds: eid 1002 demanded 14938 clamped 4096
[kinematics-ws] K clamp binds: eid 1001 demanded 30483 clamped 4096
[kinematics-ws] K clamp binds: eid 1003 demanded 7323 clamped 4096
[kinematics-ws] K clamp binds: eid 1001 demanded 30474 clamped 4096
[kinematics-ws] K clamp binds: eid 1002 demanded 14939 clamped 4096
[kinematics-ws] K clamp binds: eid 1003 demanded 7324 clamped 4096
[kinematics-ws] K clamp binds: eid 1001 demanded 30465 clamped 4096
[kinematics-ws] K clamp binds: eid 1003 demanded 7327 clamped 4096
[kinematics-ws] K clamp binds: eid 1002 demanded 14941 clamped 4096
[kinematics-ws] K clamp binds: eid 1003 demanded 7332 clamped 4096
[kinematics-ws] K clamp binds: eid 1002 demanded 14943 clamped 4096
[kinematics-ws] K clamp binds: eid 1001 demanded 30476 clamped 4096
[kinematics-ws] K clamp binds: eid 1003 demanded 7333 clamped 4096
[kinematics-ws] K clamp binds: eid 1001 demanded 30488 clamped 4096
[kinematics-ws] K clamp binds: eid 1002 demanded 14945 clamped 4096
[kinematics-ws] K clamp binds: eid 1003 demanded 7330 clamped 4096
[kinematics-ws] K clamp binds: eid 1002 demanded 14946 clamped 4096
[kinematics-ws] K clamp binds: eid 1001 demanded 30484 clamped 4096
[kinematics-ws] K clamp binds: eid 1001 demanded 30474 clamped 4096
[kinematics-ws] K clamp binds: eid 1002 demanded 14947 clamped 4096
[kinematics-ws] K clamp binds: eid 1003 demanded 7325 clamped 4096
[kinematics-ws] K clamp binds: eid 1002 demanded 14948 clamped 4096
[kinematics-ws] K clamp binds: eid 1001 demanded 30471 clamped 4096
[kinematics-ws] K clamp binds: eid 1003 demanded 7322 clamped 4096
[kinematics-ws] K clamp binds: eid 1003 demanded 7325 clamped 4096
[kinematics-ws] K clamp binds: eid 1002 demanded 14948 clamped 4096
[kinematics-ws] K clamp binds: eid 1001 demanded 30477 clamped 4096
[kinematics-ws] K clamp binds: eid 1001 demanded 30486 clamped 4096
[kinematics-ws] K clamp binds: eid 1002 demanded 14948 clamped 4096
[kinematics-ws] K clamp binds: eid 1003 demanded 7330 clamped 4096
[kinematics-ws] K clamp binds: eid 1001 demanded 30493 clamped 4096
[kinematics-ws] K clamp binds: eid 1002 demanded 14947 clamped 4096
[kinematics-ws] K clamp binds: eid 1003 demanded 7332 clamped 4096
[kinematics-ws] K clamp binds: eid 1002 demanded 14946 clamped 4096
[kinematics-ws] K clamp binds: eid 1003 demanded 7329 clamped 4096
[kinematics-ws] K clamp binds: eid 1001 demanded 30495 clamped 4096
[kinematics-ws] K clamp binds: eid 1002 demanded 14944 clamped 4096
[kinematics-ws] K clamp binds: eid 1001 demanded 30494 clamped 4096
[kinematics-ws] K clamp binds: eid 1003 demanded 7323 clamped 4096
[kinematics-ws] K clamp binds: eid 1001 demanded 30492 clamped 4096
[kinematics-ws] K clamp binds: eid 1002 demanded 14943 clamped 4096
[kinematics-ws] K clamp binds: eid 1003 demanded 7322 clamped 4096
[kinematics-ws] K clamp binds: eid 1002 demanded 14941 clamped 4096
[kinematics-ws] K clamp binds: eid 1001 demanded 30491 clamped 4096
[kinematics-ws] K clamp binds: eid 1003 demanded 7327 clamped 4096
[kinematics-ws] K clamp binds: eid 1002 demanded 14940 clamped 4096
[kinematics-ws] K clamp binds: eid 1001 demanded 30489 clamped 4096
[kinematics-ws] K clamp binds: eid 1003 demanded 7332 clamped 4096
[kinematics-ws] K clamp binds: eid 1002 demanded 14941 clamped 4096
[kinematics-ws] K clamp binds: eid 1003 demanded 7330 clamped 4096
[kinematics-ws] K clamp binds: eid 1001 demanded 30489 clamped 4096
[kinematics-ws] K clamp binds: eid 1002 demanded 14943 clamped 4096
[kinematics-ws] K clamp binds: eid 1003 demanded 7324 clamped 4096
[kinematics-ws] K clamp binds: eid 1001 demanded 30490 clamped 4096
[kinematics-ws] K clamp binds: eid 1002 demanded 14946 clamped 4096
[kinematics-ws] K clamp binds: eid 1003 demanded 7322 clamped 4096
[kinematics-ws] K clamp binds: eid 1001 demanded 30492 clamped 4096
[kinematics-ws] K clamp binds: eid 1002 demanded 14951 clamped 4096
[kinematics-ws] K clamp binds: eid 1003 demanded 7327 clamped 4096
[kinematics-ws] K clamp binds: eid 1001 demanded 30494 clamped 4096
[kinematics-ws] K clamp binds: eid 1003 demanded 7332 clamped 4096
[kinematics-ws] K clamp binds: eid 1001 demanded 30496 clamped 4096
[kinematics-ws] K clamp binds: eid 1002 demanded 14955 clamped 4096
[kinematics-ws] K clamp binds: eid 1001 demanded 30497 clamped 4096
[kinematics-ws] K clamp binds: eid 1002 demanded 14957 clamped 4096
[kinematics-ws] K clamp binds: eid 1003 demanded 7328 clamped 4096
[kinematics-ws] K clamp binds: eid 1003 demanded 7322 clamped 4096
[kinematics-ws] K clamp binds: eid 1002 demanded 14954 clamped 4096
[kinematics-ws] K clamp binds: eid 1001 demanded 30495 clamped 4096
[kinematics-ws] K clamp binds: eid 1001 demanded 30490 clamped 4096
[kinematics-ws] K clamp binds: eid 1003 demanded 7323 clamped 4096
[kinematics-ws] K clamp binds: eid 1002 demanded 14948 clamped 4096
[kinematics-ws] K clamp binds: eid 1001 demanded 30483 clamped 4096
[kinematics-ws] K clamp binds: eid 1002 demanded 14942 clamped 4096
[kinematics-ws] K clamp binds: eid 1003 demanded 7330 clamped 4096
[kinematics-ws] K clamp binds: eid 1003 demanded 7330 clamped 4096
[kinematics-ws] K clamp binds: eid 1002 demanded 14940 clamped 4096
[kinematics-ws] K clamp binds: eid 1001 demanded 30479 clamped 4096
[kinematics-ws] K clamp binds: eid 1001 demanded 30483 clamped 4096
[kinematics-ws] K clamp binds: eid 1002 demanded 14944 clamped 4096
[kinematics-ws] K clamp binds: eid 1003 demanded 7323 clamped 4096
[kinematics-ws] K clamp binds: eid 1003 demanded 7321 clamped 4096
[kinematics-ws] K clamp binds: eid 1001 demanded 30492 clamped 4096
[kinematics-ws] K clamp binds: eid 1002 demanded 14952 clamped 4096
[kinematics-ws] K clamp binds: eid[kinematics-ws] K clamp binds: eid  1002 1001 demanded demanded 30495 14956 clamped clamped 40964096

[kinematics-ws] K clamp binds: eid 1003 demanded 7328 clamped 4096
[kinematics-ws] K clamp binds: eid 1001 demanded 30485 clamped 4096
[kinematics-ws] K clamp binds: eid 1002 demanded 14950 clamped 4096
[kinematics-ws] K clamp binds: eid 1003 demanded 7330 clamped 4096
[kinematics-ws] K clamp binds: eid 1003 demanded 7323 clamped 4096
[kinematics-ws] K clamp binds: eid 1001 demanded 30478 clamped 4096
[kinematics-ws] K clamp binds: eid 1002 demanded 14941 clamped 4096
[kinematics-ws] K clamp binds: eid 1001 demanded 30486 clamped 4096
[kinematics-ws] K clamp binds: eid 1002 demanded 14939 clamped 4096
[kinematics-ws] K clamp binds: eid 1003 demanded 7321 clamped 4096
[kinematics-ws] K clamp binds: eid 1002 demanded 14948 clamped 4096
[kinematics-ws] K clamp binds: eid 1001 demanded 30493 clamped 4096
[kinematics-ws] K clamp binds: eid 1003 demanded 7328 clamped 4096
[kinematics-ws] K clamp binds: eid 1002 demanded 14955 clamped 4096
[kinematics-ws] K clamp binds: eid 1001 demanded 30481 clamped 4096
[kinematics-ws] K clamp binds: eid 1003 demanded 7329 clamped 4096
[kinematics-ws] K clamp binds: eid 1003 demanded 7321 clamped 4096
[kinematics-ws] K clamp binds: eid 1002 demanded 14949 clamped 4096
[kinematics-ws] K clamp binds: eid 1001 demanded 30478 clamped 4096
[kinematics-ws] K clamp binds: eid 1002 demanded 14939 clamped 4096
[kinematics-ws] K clamp binds: eid [kinematics-ws] K clamp binds: eid 1001 demanded 30492 clamped 1003 4096demanded 7322 clamped 4096

[kinematics-ws] K clamp binds: eid 1001 demanded 30482 clamped 4096
[kinematics-ws] K clamp binds: eid 1003 demanded 7330 clamped 4096
[kinematics-ws] K clamp binds: eid 1002 demanded 14941 clamped 4096
[kinematics-ws] K clamp binds: eid[kinematics-ws] K clamp binds: eid  [kinematics-ws] K clamp binds: eid 1001 1003 demanded demanded 100230478  7326 demanded clampedclamped 14953 clamped 4096 40964096


[kinematics-ws] K clamp binds: eid 1001 demanded 30492 clamped 4096
[kinematics-ws] K clamp binds: eid 1003 demanded 7320 clamped 4096
[kinematics-ws] K clamp binds: eid 1002 demanded 14950 clamped 4096
[kinematics-ws] K clamp binds: eid 1003 demanded 7325 clamped 4096
[kinematics-ws] K clamp binds: eid [kinematics-ws] K clamp binds: eid 10011002  demanded demanded 1493830477  clamped clamped 40964096

[kinematics-ws] K clamp binds: eid 1001 demanded 30485 clamped 4096
[kinematics-ws] K clamp binds: eid 1002 demanded 14941 clamped 4096
[kinematics-ws] K clamp binds: eid 1003 demanded 7330 clamped 4096
[kinematics-ws] K clamp binds: eid 1002 demanded 14953 clamped 4096
[kinematics-ws] K clamp binds: eid 1003 demanded 7322 clamped 4096
[kinematics-ws] K clamp binds: eid 1001 demanded 30485 clamped 4096
[kinematics-ws] K clamp binds: eid 1001 demanded 30478 clamped 4096
[kinematics-ws] K clamp binds: eid 1003 demanded 7321 clamped 4096
[kinematics-ws] K clamp binds: eid 1002 demanded 14946 clamped 4096
[kinematics-ws] K clamp binds: eid 1001 demanded 30490 clamped 4096
[kinematics-ws] K clamp binds: eid 1003 demanded 7329 clamped 4096
[kinematics-ws] K clamp binds: eid 1002 demanded 14936 clamped 4096
[kinematics-ws] K clamp binds: eid 1001 demanded 30475 clamped 4096
[kinematics-ws] K clamp binds: eid 1003 demanded 7325 clamped 4096
[kinematics-ws] K clamp binds: eid 1002 demanded 14948 clamped 4096
[kinematics-ws] K clamp binds: eid 1001 demanded 30491 clamped 4096
[kinematics-ws] K clamp binds: eid 1003 demanded 7319 clamped 4096
[kinematics-ws] K clamp binds: eid 1002 demanded 14950 clamped 4096
[kinematics-ws] K clamp binds: eid 1002 demanded 14937 clamped 4096
[kinematics-ws] K clamp binds: eid 1003 demanded 7327 clamped 4096
[kinematics-ws] K clamp binds: eid 1001 demanded 30475 clamped 4096
[kinematics-ws] K clamp binds: eid 1001 demanded 30492 clamped 4096
[kinematics-ws] K clamp binds: eid 1003 demanded 7327 clamped 4096
[kinematics-ws] K clamp binds: eid 1002 demanded 14944 clamped 4096
[kinematics-ws] K clamp binds: eid 1003 demanded 7319 clamped 4096
[kinematics-ws] K clamp binds: eid 1002 demanded 14951 clamped 4096
[kinematics-ws] K clamp binds: eid 1001 demanded 30477 clamped 4096
[kinematics-ws] K clamp binds: eid 1001 demanded 30490 clamped 4096
[kinematics-ws] K clamp binds: eid 1003 demanded 7326 clamped 4096
[kinematics-ws] K clamp binds: eid 1002 demanded 14936 clamped 4096
[kinematics-ws] K clamp binds: eid 1002 demanded 14944 clamped 4096
[kinematics-ws] K clamp binds: eid 1001 demanded 30483 clamped 4096
[kinematics-ws] K clamp binds: eid 1003 demanded 7328 clamped 4096
[kinematics-ws] K clamp binds: eid 1001 demanded 30484 clamped 4096
[kinematics-ws] K clamp binds: eid 1002 demanded 14950 clamped 4096
[kinematics-ws] K clamp binds: eid 1003 demanded 7319 clamped 4096
[kinematics-ws] K clamp binds: eid 1003 demanded 7325 clamped 4096
[kinematics-ws] K clamp binds: eid 1002 demanded 14935 clamped 4096
[kinematics-ws] K clamp binds: eid 1001 demanded 30493 clamped 4096
[kinematics-ws] K clamp binds: eid 1003 demanded 7328 clamped 4096
[kinematics-ws] K clamp binds: eid 1002 demanded 14948 clamped 4096
[kinematics-ws] K clamp binds: eid 1001 demanded 30479 clamped 4096
[kinematics-ws] K clamp binds: eid 1002 demanded 14945 clamped 4096
[kinematics-ws] K clamp binds: eid 1001 demanded 30494 clamped 4096
[kinematics-ws] K clamp binds: eid 1003 demanded 7319 clamped 4096
[kinematics-ws] K clamp binds: eid 1002 demanded 14936 clamped 4096
[kinematics-ws] K clamp binds: eid 1003 demanded 7325 clamped 4096
[kinematics-ws] K clamp binds: eid 1001 demanded 30491 clamped 4096
[kinematics-ws] K clamp binds: eid 1002 demanded 14951 clamped 4096
[kinematics-ws] K clamp binds: eid 1003 demanded 7327 clamped 4096
[kinematics-ws] K clamp binds: eid 1001 demanded 30482 clamped 4096
[kinematics-ws] K clamp binds: eid 1001 demanded 30497 clamped 4096
[kinematics-ws] K clamp binds: eid 1002 demanded 14937 clamped 4096
[kinematics-ws] K clamp binds: eid 1003 demanded 7318 clamped 4096
[kinematics-ws] K clamp binds: eid 1001 demanded 30495 clamped 4096
[kinematics-ws] K clamp binds: eid 1003 demanded 7326 clamped 4096
[kinematics-ws] K clamp binds: eid 1002 demanded 14945 clamped 4096
[kinematics-ws] K clamp binds: eid 1003 demanded 7326 clamped 4096
[kinematics-ws] K clamp binds: eid 1001 demanded 30485 clamped 4096
[kinematics-ws] K clamp binds: eid 1002 demanded 14945 clamped 4096
[kinematics-ws] K clamp binds: eid 1002 demanded 14937 clamped 4096
[kinematics-ws] K clamp binds: eid 1003 demanded 7318 clamped 4096
[kinematics-ws] K clamp binds: eid 1001 demanded 30494 clamped 4096
[kinematics-ws] K clamp binds: eid 1002 demanded 14951 clamped 4096
[kinematics-ws] K clamp binds: eid 1003 demanded 7327 clamped 4096
[kinematics-ws] K clamp binds: eid 1001 demanded 30504 clamped 4096
[kinematics-ws] K clamp binds: eid [kinematics-ws] K clamp binds: eid 1002 1003 demanded demanded 14935 7323clamped  clamped 40964096

[kinematics-ws] K clamp binds: eid 1001 demanded 30496 clamped 4096
[kinematics-ws] K clamp binds: eid 1001 demanded 30489 clamped 4096
[kinematics-ws] K clamp binds: eid 1002 demanded 14950 clamped 4096
[kinematics-ws] K clamp binds: eid 1003 demanded 7319 clamped 4096
[kinematics-ws] K clamp binds: eid 1001 demanded 30495 clamped 4096
[kinematics-ws] K clamp binds: eid 1002 demanded 14937 clamped 4096
[kinematics-ws] K clamp binds: eid 1003 demanded 7328 clamped 4096
[kinematics-ws] K clamp binds: eid 1001 demanded 30505 clamped 4096
[kinematics-ws] K clamp binds: eid 1003 demanded 7320 clamped 4096
[kinematics-ws] K clamp binds: eid 1002 demanded 14947 clamped 4096
[kinematics-ws] K clamp binds: eid 1001 demanded 30508 clamped 4096
[kinematics-ws] K clamp binds: eid 1003 demanded 7322 clamped 4096
[kinematics-ws] K clamp binds: eid 1002 demanded 14941 clamped 4096
[kinematics-ws] K clamp binds: eid 1001 demanded 30503 clamped 4096
[kinematics-ws] K clamp binds: eid 1003 demanded 7327 clamped 4096
[kinematics-ws] K clamp binds: eid 1002 demanded 14944 clamped 4096
[kinematics-ws] K clamp binds: eid 1001 demanded 30496 clamped 4096
[kinematics-ws] K clamp binds: eid 1002 demanded 14944 clamped 4096
[kinematics-ws] K clamp binds: eid 1003 demanded 7318 clamped 4096
[kinematics-ws] K clamp binds: eid 1001 demanded 30494 clamped 4096
[kinematics-ws] K clamp binds: eid 1003 demanded 7326 clamped 4096
[kinematics-ws] K clamp binds: eid 1002 demanded 14942 clamped 4096
[kinematics-ws] K clamp binds: eid 1003 demanded 7323 clamped 4096
[kinematics-ws] K clamp binds: eid 1002 demanded 14945 clamped 4096
[kinematics-ws] K clamp binds: eid 1001 demanded 30497 clamped 4096
[kinematics-ws] K clamp binds: eid 1001 demanded 30503 clamped 4096
[kinematics-ws] K clamp binds: eid 1003 demanded 7320 clamped 4096
[kinematics-ws] K clamp binds: eid 1002 demanded 14942 clamped 4096
[kinematics-ws] K clamp binds: eid 1003 demanded 7328 clamped 4096
[kinematics-ws] K clamp binds: eid 1002 demanded 14944 clamped 4096
[kinematics-ws] K clamp binds: eid 1001 demanded 30508 clamped 4096
[kinematics-ws] K clamp binds: eid 1001 demanded 30512 clamped 4096
[kinematics-ws] K clamp binds: eid 1003 demanded 7318 clamped 4096
[kinematics-ws] K clamp binds: eid 1002 demanded 14944 clamped 4096
[kinematics-ws] K clamp binds: eid 1001 demanded 30514 clamped 4096
[kinematics-ws] K clamp binds: eid 1002 demanded 14943 clamped 4096
[kinematics-ws] K clamp binds: eid 1003 demanded 7325 clamped 4096
[kinematics-ws] K clamp binds: eid 1003 demanded 7323 clamped 4096
[kinematics-ws] K clamp binds: eid 1002 demanded 14947 clamped 4096
[kinematics-ws] K clamp binds: eid 1001 demanded 30515 clamped 4096
[kinematics-ws] K clamp binds: eid 1003 demanded 7320 clamped 4096
[kinematics-ws] K clamp binds: eid 1001 demanded 30515 clamped 4096
[kinematics-ws] K clamp binds: eid 1002 demanded 14940 clamped 4096
[kinematics-ws] K clamp binds: eid 1001 demanded 30515 clamped 4096
[kinematics-ws] K clamp binds: eid 1002 demanded 14951 clamped 4096
[kinematics-ws] K clamp binds: eid 1003 demanded 7328 clamped 4096
[kinematics-ws] K clamp binds: eid 1001 demanded 30515 clamped 4096
[kinematics-ws] K clamp binds: eid 1002 demanded 14937 clamped 4096
[kinematics-ws] K clamp binds: eid 1003 demanded 7318 clamped 4096
[kinematics-ws] K clamp binds: eid 1001 demanded 30515 clamped 4096
[kinematics-ws] K clamp binds: eid 1002 demanded 14953 clamped 4096
[kinematics-ws] K clamp binds: eid 1003 demanded 7327 clamped 4096
[kinematics-ws] K clamp binds: eid 1001 demanded 30515 clamped 4096
[kinematics-ws] K clamp binds: eid 1003 demanded 7321 clamped 4096
[kinematics-ws] K clamp binds: eid 1002 demanded 14938 clamped 4096
[kinematics-ws] K clamp binds: eid 1002 demanded 14950 clamped 4096
[kinematics-ws] K clamp binds: eid 1003 demanded 7322 clamped 4096
[kinematics-ws] K clamp binds: eid 1001 demanded 30513 clamped 4096
[kinematics-ws] K clamp binds: eid 1003 demanded 7326 clamped 4096
[kinematics-ws] K clamp binds: eid 1001 demanded 30511 clamped 4096
[kinematics-ws] K clamp binds: eid 1002 demanded 14946 clamped 4096
[kinematics-ws] K clamp binds: eid 1001 demanded 30508 clamped 4096
[kinematics-ws] K clamp binds: eid 1003 demanded 7318 clamped 4096
[kinematics-ws] K clamp binds: eid 1002 demanded 14942 clamped 4096
[kinematics-ws] K clamp binds: eid 1002 demanded 14954 clamped 4096
[kinematics-ws] K clamp binds: eid 1001 demanded 30504 clamped 4096
[kinematics-ws] K clamp binds: eid 1003 demanded 7328 clamped 4096
[kinematics-ws] K clamp binds: eid 1001 demanded 30501 clamped 4096
[kinematics-ws] K clamp binds: eid 1002 demanded 14939 clamped 4096
[kinematics-ws] K clamp binds: eid 1003 demanded 7318 clamped 4096
[kinematics-ws] K clamp binds: eid 1001 demanded 30503 clamped 4096
[kinematics-ws] K clamp binds: eid 1002 demanded 14952 clamped 4096
[kinematics-ws] K clamp binds: eid 1003 demanded 7327 clamped 4096
[kinematics-ws] K clamp binds: eid 1001 demanded 30508 clamped 4096
[kinematics-ws] K clamp binds: eid 1003 demanded 7320 clamped 4096
[kinematics-ws] K clamp binds: eid 1002 demanded 14949 clamped 4096
[kinematics-ws] K clamp binds: eid 1002 demanded 14941 clamped 4096
[kinematics-ws] K clamp binds: eid 1001 demanded 30513 clamped 4096
[kinematics-ws] K clamp binds: eid 1003 demanded 7323 clamped 4096
[kinematics-ws] K clamp binds: eid 1003 demanded 7324 clamped 4096
[kinematics-ws] K clamp binds: eid 1002 demanded 14957 clamped 4096
[kinematics-ws] K clamp binds: eid 1001 demanded 30514 clamped 4096
[kinematics-ws] K clamp binds: eid 1003 demanded 7320 clamped 4096
[kinematics-ws] K clamp binds: eid 1002 demanded 14946 clamped 4096
[kinematics-ws] K clamp binds: eid 1001 demanded 30508 clamped 4096
[kinematics-ws] K clamp binds: eid 1002 demanded 14945 clamped 4096
[kinematics-ws] K clamp binds: eid 1003 demanded 7326 clamped 4096
[kinematics-ws] K clamp binds: eid 1001 demanded 30500 clamped 4096
[kinematics-ws] K clamp binds: eid 1001 demanded 30503 clamped 4096
[kinematics-ws] K clamp binds: eid 1003 demanded 7318 clamped 4096
[kinematics-ws] K clamp binds: eid 1002 demanded 14958 clamped 4096
[kinematics-ws] K clamp binds: eid 1001 demanded 30511 clamped 4096
[kinematics-ws] K clamp binds: eid 1002 demanded 14946 clamped 4096
[kinematics-ws] K clamp binds: eid 1003 demanded 7328 clamped 4096
[kinematics-ws] K clamp binds: eid 1001 demanded 30511 clamped 4096
[kinematics-ws] K clamp binds: eid 1002 demanded 14946 clamped 4096
[kinematics-ws] K clamp binds: eid 1003 demanded 7318 clamped 4096
[kinematics-ws] K clamp binds: eid 1002 demanded 14959 clamped 4096
[kinematics-ws] K clamp binds: eid 1001 demanded 30501 clamped 4096
[kinematics-ws] K clamp binds: eid 1003 demanded 7328 clamped 4096
[kinematics-ws] K clamp binds: eid 1001 demanded 30501 clamped 4096
[kinematics-ws] K clamp binds: eid 1002 demanded 14949 clamped 4096
[kinematics-ws] K clamp binds: eid 1003 demanded 7318 clamped 4096
[kinematics-ws] K clamp binds: eid 1003 demanded 7328 clamped 4096
[kinematics-ws] K clamp binds: eid 1002 demanded 14945 clamped 4096
[kinematics-ws] K clamp binds: eid 1001 demanded 30511 clamped 4096
[kinematics-ws] K clamp binds: eid 1001 demanded 30506 clamped 4096
[kinematics-ws] K clamp binds: eid 1002 demanded 14959 clamped 4096
[kinematics-ws] K clamp binds: eid 1003 demanded 7319 clamped 4096
[kinematics-ws] K clamp binds: eid 1003 demanded 7327 clamped 4096
[kinematics-ws] K clamp binds: eid 1001 demanded 30497 clamped 4096
[kinematics-ws] K clamp binds: eid 1002 demanded 14956 clamped 4096
[kinematics-ws] K clamp binds: eid[kinematics-ws] K clamp binds: eid 1001 demanded 30508 clamped 4096
 1003 demanded 7320 clamped 4096
[kinematics-ws] K clamp binds: eid 1002 demanded 14945 clamped 4096
[kinematics-ws] K clamp binds: eid 1003 demanded 7326 clamped 4096
[kinematics-ws] K clamp binds: eid 1001 demanded 30506 clamped 4096
[kinematics-ws] K clamp binds: eid 1002 demanded 14953 clamped 4096
[kinematics-ws] K clamp binds: eid 1001 demanded 30497 clamped 4096
[kinematics-ws] K clamp binds: eid 1002 demanded 14963 clamped 4096
[kinematics-ws] K clamp binds: eid 1003 demanded 7320 clamped 4096
[kinematics-ws] K clamp binds: eid 1001 demanded 30509 clamped 4096
[kinematics-ws] K clamp binds: eid 1003 demanded 7326 clamped 4096
[kinematics-ws] K clamp binds: eid 1002 demanded 14954 clamped 4096
[kinematics-ws] K clamp binds: eid 1001 demanded 30501 clamped 4096
[kinematics-ws] K clamp binds: eid 1003 demanded 7320 clamped 4096
[kinematics-ws] K clamp binds: eid 1002 demanded 14947 clamped 4096
[kinematics-ws] K clamp binds: eid 1001 demanded 30501 clamped 4096
[kinematics-ws] K clamp binds: eid 1002 demanded 14957 clamped 4096
[kinematics-ws] K clamp binds: eid 1003 demanded 7326 clamped 4096
[kinematics-ws] K clamp binds: eid 1001 demanded 30508 clamped 4096
[kinematics-ws] K clamp binds: eid 1003 demanded 7320 clamped 4096
[kinematics-ws] K clamp binds: eid 1002 demanded 14965 clamped 4096
[kinematics-ws] K clamp binds: eid 1001 demanded 30496 clamped 4096
[kinematics-ws] K clamp binds: eid 1003 demanded 7327 clamped 4096
[kinematics-ws] K clamp binds: eid 1002 demanded 14957 clamped 4096
[kinematics-ws] K clamp binds: eid 1001 demanded 30510 clamped 4096
[kinematics-ws] K clamp binds: eid 1002 demanded 14949 clamped 4096
[kinematics-ws] K clamp binds: eid 1003 demanded 7320 clamped 4096
[kinematics-ws] K clamp binds: eid 1001 demanded 30497 clamped 4096
[kinematics-ws] K clamp binds: eid 1003 demanded 7328 clamped 4096
[kinematics-ws] K clamp binds: eid 1002 demanded 14954 clamped 4096
[kinematics-ws] K clamp binds: eid 1002 demanded 14965 clamped 4096
[kinematics-ws] K clamp binds: eid 1003 demanded 7320 clamped 4096
[kinematics-ws] K clamp binds: eid 1001 demanded 30508 clamped 4096
[kinematics-ws] K clamp binds: eid 1002 demanded 14965 clamped 4096
[kinematics-ws] K clamp binds: eid 1001 demanded 30499 clamped 4096
[kinematics-ws] K clamp binds: eid 1003 demanded 7328 clamped 4096
[kinematics-ws] K clamp binds: eid 1002 demanded 14957 clamped 4096
[kinematics-ws] K clamp binds: eid 1001 demanded 30508 clamped 4096
[kinematics-ws] K clamp binds: eid 1003 demanded 7319 clamped 4096
[kinematics-ws] K clamp binds: eid 1001 demanded 30499 clamped 4096
[kinematics-ws] K clamp binds: eid 1003 demanded 7329 clamped 4096
[kinematics-ws] K clamp binds: eid 1002 demanded 14951 clamped 4096
[kinematics-ws] K clamp binds: eid 1001 demanded 30509 clamped 4096
[kinematics-ws] K clamp binds: eid 1002 demanded 14956 clamped 4096
[kinematics-ws] K clamp binds: eid 1003 demanded 7319 clamped 4096
[kinematics-ws] K clamp binds: eid 1001 demanded 30498 clamped 4096
[kinematics-ws] K clamp binds: eid 1002 demanded 14965 clamped 4096
[kinematics-ws] K clamp binds: eid 1003 demanded 7329 clamped 4096
[kinematics-ws] K clamp binds: eid 1001 demanded 30512 clamped 4096
[kinematics-ws] K clamp binds: eid 1002 demanded 14969 clamped 4096
[kinematics-ws] K clamp binds: eid 1003 demanded 7320 clamped 4096
[kinematics-ws] K clamp binds: eid [kinematics-ws] K clamp binds: eid 10021001  demanded demanded 30498 14965 clamped clamped 40964096

[kinematics-ws] K clamp binds: eid 1003 demanded 7328 clamped 4096
[kinematics-ws] K clamp binds: eid 1002 demanded 14957 clamped 4096
[kinematics-ws] K clamp binds: eid 1003 demanded 7322 clamped 4096
[kinematics-ws] K clamp binds: eid 1001 demanded 30512 clamped 4096
[kinematics-ws] K clamp binds: eid 1002 demanded 14954 clamped 4096
[kinematics-ws] K clamp binds: eid 1003 demanded 7326 clamped 4096
[kinematics-ws] K clamp binds: eid 1001 demanded 30504 clamped 4096
[kinematics-ws] K clamp binds: eid 1003 demanded 7326 clamped 4096
[kinematics-ws] K clamp binds: eid 1001 demanded 30505 clamped 4096
[kinematics-ws] K clamp binds: eid 1002 demanded 14956 clamped 4096
[kinematics-ws] K clamp binds: eid 1002 demanded 14963 clamped 4096
[kinematics-ws] K clamp binds: eid 1001 demanded 30514 clamped 4096
[kinematics-ws] K clamp binds: eid 1003 demanded 7322 clamped 4096
[kinematics-ws] K clamp binds: eid 1002 demanded 14969 clamped 4096
[kinematics-ws] K clamp binds: eid 1001 demanded 30501 clamped 4096
[kinematics-ws] K clamp binds: eid 1003 demanded 7329 clamped 4096
[kinematics-ws] K clamp binds: eid 1003 demanded 7320 clamped 4096
[kinematics-ws] K clamp binds: eid 1002 demanded 14971 clamped 4096
[kinematics-ws] K clamp binds: eid 1001 demanded 30512 clamped 4096
[kinematics-ws] K clamp binds: eid 1001 demanded 30513 clamped 4096
[kinematics-ws] K clamp binds: eid 1002 demanded 14969 clamped 4096
[kinematics-ws] K clamp binds: eid 1003 demanded 7331 clamped 4096
[kinematics-ws] K clamp binds: eid 1001 demanded 30504 clamped 4096
[kinematics-ws] K clamp binds: eid 1002 demanded 14965 clamped 4096
[kinematics-ws] K clamp binds: eid 1003 demanded 7321 clamped 4096
[kinematics-ws] K clamp binds: eid 1002 demanded 14960 clamped 4096
[kinematics-ws] K clamp binds: eid 1003 demanded 7328 clamped 4096
[kinematics-ws] K clamp binds: eid 1001 demanded 30514 clamped 4096
[kinematics-ws] K clamp binds: eid 1002 demanded 14957 clamped 4096
[kinematics-ws] K clamp binds: eid 1001 demanded 30518 clamped 4096
[kinematics-ws] K clamp binds: eid 1003 demanded 7325 clamped 4096
[kinematics-ws] K clamp binds: eid 1001 demanded 30507 clamped 4096
[kinematics-ws] K clamp binds: eid 1003 demanded 7324 clamped 4096
[kinematics-ws] K clamp binds: eid 1002 demanded 14957 clamped 4096
[kinematics-ws] K clamp binds: eid 1003 demanded 7330 clamped 4096
[kinematics-ws] K clamp binds: eid 1002 demanded 14959 clamped 4096
[kinematics-ws] K clamp binds: eid 1001 demanded 30511 clamped 4096
[kinematics-ws] K clamp binds: eid 1001 demanded 30521 clamped 4096
[kinematics-ws] K clamp binds: eid 1002 demanded 14962 clamped 4096
[kinematics-ws] K clamp binds: eid 1003 demanded 7321 clamped 4096
[kinematics-ws] K clamp binds: eid 1001 demanded 30518 clamped 4096
[kinematics-ws] K clamp binds: eid 1002 demanded 14966 clamped 4096
[kinematics-ws] K clamp binds: eid 1003 demanded 7331 clamped 4096
[kinematics-ws] K clamp binds: eid 1002 demanded 14969 clamped 4096
[kinematics-ws] K clamp binds: eid 1001 demanded 30510 clamped 4096
[kinematics-ws] K clamp binds: eid 1003 demanded 7324 clamped 4096
[kinematics-ws] K clamp binds: eid 1002 demanded 14972 clamped 4096
[kinematics-ws] K clamp binds: eid 1003 demanded 7326 clamped 4096
[kinematics-ws] K clamp binds: eid 1001 demanded 30513 clamped 4096
[kinematics-ws] K clamp binds: eid 1003 demanded 7331 clamped 4096
[kinematics-ws] K clamp binds: eid 1002 demanded 14974 clamped 4096
[kinematics-ws] K clamp binds: eid 1001 demanded 30523 clamped 4096
[kinematics-ws] K clamp binds: eid [kinematics-ws] K clamp binds: eid 10031001  demanded demanded7322  clamped 30526 clamped 4096
[kinematics-ws] K clamp binds: eid 1002 demanded 14975 clamped 4096
4096
[kinematics-ws] K clamp binds: eid 1001 demanded 30520 clamped 4096
[kinematics-ws] K clamp binds: eid 1003 demanded 7331 clamped 4096
[kinematics-ws] K clamp binds: eid 1002 demanded 14975 clamped 4096
[kinematics-ws] K clamp binds: eid 1003 demanded 7326 clamped 4096
[kinematics-ws] K clamp binds: eid 1001 demanded 30515 clamped 4096
[kinematics-ws] K clamp binds: eid 1002 demanded 14975 clamped 4096
[kinematics-ws] K clamp binds: eid 1001 demanded 30515 clamped 4096
[kinematics-ws] K clamp binds: eid 1003 demanded 7325 clamped 4096
[kinematics-ws] K clamp binds: eid 1002 demanded 14975 clamped 4096
[kinematics-ws] K clamp binds: eid 1002 demanded 14974 clamped 4096
[kinematics-ws] K clamp binds: eid 1001 demanded 30520 clamped 4096
[kinematics-ws] K clamp binds: eid 1003 demanded 7333 clamped 4096
[kinematics-ws] K clamp binds: eid 1001 demanded 30527 clamped 4096
[kinematics-ws] K clamp binds: eid 1002 demanded 14974 clamped 4096
[kinematics-ws] K clamp binds: eid 1003 demanded 7323 clamped 4096
[kinematics-ws] K clamp binds: eid 1001 demanded 30530 clamped 4096
[kinematics-ws] K clamp binds: eid 1002 demanded 14974 clamped 4096
[kinematics-ws] K clamp binds: eid 1003 demanded 7330 clamped 4096
[kinematics-ws] K clamp binds: eid 1002 demanded 14974 clamped 4096
[kinematics-ws] K clamp binds: eid 1001 demanded 30531 clamped 4096
[kinematics-ws] K clamp binds: eid 1003 demanded 7331 clamped 4096
[kinematics-ws] K clamp binds: eid 1002 demanded 14974 clamped 4096
[kinematics-ws] K clamp binds: eid 1001 demanded 30529 clamped 4096
[kinematics-ws] K clamp binds: eid 1003 demanded 7323 clamped 4096
[kinematics-ws] K clamp binds: eid[kinematics-ws] K clamp binds: eid  10021003  demanded demanded 7333 14974 clampedclamped  40964096

[kinematics-ws] K clamp binds: eid 1001 demanded 30526 clamped 4096
[kinematics-ws] K clamp binds: eid 1001 demanded 30523 clamped 4096
[kinematics-ws] K clamp binds: eid 1003 demanded 7329 clamped 4096
[kinematics-ws] K clamp binds: eid 1002 demanded 14975 clamped 4096
[kinematics-ws] K clamp binds: eid 1001 demanded 30522 clamped 4096
[kinematics-ws] K clamp binds: eid 1002 demanded 14975 clamped 4096
[kinematics-ws] K clamp binds: eid 1003 demanded 7325 clamped 4096
[kinematics-ws] K clamp binds: eid 1001 demanded 30521 clamped 4096
[kinematics-ws] K clamp binds: eid 1003 demanded 7334 clamped 4096
[kinematics-ws] K clamp binds: eid 1002 demanded 14975 clamped 4096
[kinematics-ws] K clamp binds: eid 1001 demanded 30520 clamped 4096
[kinematics-ws] K clamp binds: eid 1003 demanded 7328 clamped 4096
[kinematics-ws] K clamp binds: eid 1002 demanded 14975 clamped 4096
[kinematics-ws] K clamp binds: eid 1001 demanded 30520 clamped 4096
[kinematics-ws] K clamp binds: eid 1003 demanded 7326 clamped 4096
[kinematics-ws] K clamp binds: eid 1002 demanded 14975 clamped 4096
[kinematics-ws] K clamp binds: eid [kinematics-ws] K clamp binds: eid 10031002  demanded demanded 7335 14973 clampedclamped  40964096

[kinematics-ws] K clamp binds: eid 1001 demanded 30520 clamped 4096
[kinematics-ws] K clamp binds: eid 1003 demanded 7328 clamped 4096
[kinematics-ws] K clamp binds: eid 1002 demanded 14971 clamped 4096
[kinematics-ws] K clamp binds: eid 1001 demanded 30521 clamped 4096
[kinematics-ws] K clamp binds: eid 1003 demanded 7327 clamped 4096
[kinematics-ws] K clamp binds: eid 1002 demanded 14969 clamped 4096
[kinematics-ws] K clamp binds: eid 1001 demanded 30521 clamped 4096
[kinematics-ws] K clamp binds: eid 1002 demanded 14966 clamped 4096
[kinematics-ws] K clamp binds: eid 1003 demanded 7336 clamped 4096
[kinematics-ws] K clamp binds: eid 1001 demanded 30522 clamped 4096
[kinematics-ws] K clamp binds: eid 1002 demanded 14963 clamped 4096
[kinematics-ws] K clamp binds: eid 1001 demanded 30523 clamped 4096
[kinematics-ws] K clamp binds: eid 1003 demanded 7329 clamped 4096
[kinematics-ws] K clamp binds: eid 1001 demanded 30526 clamped 4096
[kinematics-ws] K clamp binds: eid 1003 demanded 7327 clamped 4096
[kinematics-ws] K clamp binds: eid 1002 demanded 14962 clamped 4096
[kinematics-ws] K clamp binds: eid 1001 demanded 30529 clamped 4096
[kinematics-ws] K clamp binds: eid 1003 demanded 7336 clamped 4096
[kinematics-ws] K clamp binds: eid 1002 demanded 14962 clamped 4096
[kinematics-ws] K clamp binds: eid 1003 demanded 7331 clamped 4096
[kinematics-ws] K clamp binds: eid 1002 demanded 14964 clamped 4096
[kinematics-ws] K clamp binds: eid 1001 demanded 30533 clamped 4096
[kinematics-ws] K clamp binds: eid 1001 demanded 30536 clamped 4096
[kinematics-ws] K clamp binds: eid 1003 demanded 7327 clamped 4096
[kinematics-ws] K clamp binds: eid 1002 demanded 14968 clamped 4096
[kinematics-ws] K clamp binds: eid 1003 demanded 7336 clamped 4096
[kinematics-ws] K clamp binds: eid 1002 demanded 14972 clamped 4096
[kinematics-ws] K clamp binds: eid 1001 demanded 30536 clamped 4096
[kinematics-ws] K clamp binds: eid 1002 demanded 14975 clamped 4096
[kinematics-ws] K clamp binds: eid 1001 demanded 30532 clamped 4096
[kinematics-ws] K clamp binds: eid 1003 demanded 7334 clamped 4096
[kinematics-ws] K clamp binds: eid 1001 demanded 30526 clamped 4096
[kinematics-ws] K clamp binds: eid 1002 demanded 14975 clamped 4096
[kinematics-ws] K clamp binds: eid 1003 demanded 7327 clamped 4096
[kinematics-ws] K clamp binds: eid 1002 demanded 14970 clamped 4096
[kinematics-ws] K clamp binds: eid 1001 demanded 30521 clamped 4096
[kinematics-ws] K clamp binds: eid 1003 demanded 7334 clamped 4096
[kinematics-ws] K clamp binds: eid 1003 demanded 7337 clamped 4096
[kinematics-ws] K clamp binds: eid 1001 demanded 30521 clamped 4096
[kinematics-ws] K clamp binds: eid 1002 demanded 14965 clamped 4096
[kinematics-ws] K clamp binds: eid 1002 demanded 14961 clamped 4096
[kinematics-ws] K clamp binds: eid 1001 demanded 30528 clamped 4096
[kinematics-ws] K clamp binds: eid 1003 demanded 7329 clamped 4096
[kinematics-ws] K clamp binds: eid 1001 demanded 30535 clamped 4096
[kinematics-ws] K clamp binds: eid 1003 demanded 7330 clamped 4096
[kinematics-ws] K clamp binds: eid 1002 demanded 14962 clamped 4096
[kinematics-ws] K clamp binds: eid 1003 demanded 7338 clamped 4096
[kinematics-ws] K clamp binds: eid 1001 demanded 30532 clamped 4096
[kinematics-ws] K clamp binds: eid 1002 demanded 14968 clamped 4096
[kinematics-ws] K clamp binds: eid 1003 demanded 7334 clamped 4096
[kinematics-ws] K clamp binds: eid 1001 demanded 30522 clamped 4096
[kinematics-ws] K clamp binds: eid 1002 demanded 14973 clamped 4096
[kinematics-ws] K clamp binds: eid 1002 demanded 14974 clamped 4096
[kinematics-ws] K clamp binds: eid 1001 demanded 30519 clamped 4096
[kinematics-ws] K clamp binds: eid 1003 demanded 7329 clamped 4096
[kinematics-ws] K clamp binds: eid 1001 demanded 30528 clamped 4096
[kinematics-ws] K clamp binds: eid 1002 demanded 14969 clamped 4096
[kinematics-ws] K clamp binds: eid 1003 demanded 7335 clamped 4096
[kinematics-ws] K clamp binds: eid 1001 demanded 30534 clamped 4096
[kinematics-ws] K clamp binds: eid 1003 demanded 7339 clamped 4096
[kinematics-ws] K clamp binds: eid 1002 demanded 14962 clamped 4096
[kinematics-ws] K clamp binds: eid 1002 demanded 14961 clamped 4096
[kinematics-ws] K clamp binds: eid 1003 demanded 7332 clamped 4096
[kinematics-ws] K clamp binds: eid 1001 demanded 30524 clamped 4096
[kinematics-ws] K clamp binds: eid 1001 demanded 30518 clamped 4096
[kinematics-ws] K clamp binds: eid 1003 demanded 7330 clamped 4096
[kinematics-ws] K clamp binds: eid 1002 demanded 14967 clamped 4096
[kinematics-ws] K clamp binds: eid 1001 demanded 30528 clamped 4096
[kinematics-ws] K clamp binds: eid 1003 demanded 7338 clamped 4096
[kinematics-ws] K clamp binds: eid 1002 demanded 14973 clamped 4096
[kinematics-ws] K clamp binds: eid 1002 demanded 14972 clamped 4096
[kinematics-ws] K clamp binds: eid 1001 demanded 30531 clamped 4096
[kinematics-ws] K clamp binds: eid 1003 demanded 7339 clamped 4096
[kinematics-ws] K clamp binds: eid 1002 demanded 14964 clamped 4096
[kinematics-ws] K clamp binds: eid 1001 demanded 30518 clamped 4096
[kinematics-ws] K clamp binds: eid 1003 demanded 7332 clamped 4096
[kinematics-ws] K clamp binds: eid 1001 demanded 30523 clamped 4096
[kinematics-ws] K clamp binds: eid 1003 demanded 7331 clamped 4096
[kinematics-ws] K clamp binds: eid 1002 demanded 14960 clamped 4096
[kinematics-ws] K clamp binds: eid 1001 demanded 30532 clamped 4096
[kinematics-ws] K clamp binds: eid 1003 demanded 7339 clamped 4096
[kinematics-ws] K clamp binds: eid 1002 demanded 14966 clamped 4096
[kinematics-ws] K clamp binds: eid 1003 demanded 7340 clamped 4096
[kinematics-ws] K clamp binds: eid 1001 demanded 30518 clamped 4096
[kinematics-ws] K clamp binds: eid 1002 demanded 14973 clamped 4096
[kinematics-ws] K clamp binds: eid 1003 demanded 7333 clamped 4096
[kinematics-ws] K clamp binds: eid 1001 demanded 30522 clamped 4096
[kinematics-ws] K clamp binds: eid 1002 demanded 14970 clamped 4096
[kinematics-ws] K clamp binds: eid 1003 demanded 7332 clamped 4096
[kinematics-ws] K clamp binds: eid 1001 demanded 30530 clamped 4096
[kinematics-ws] K clamp binds: eid 1002 demanded 14961 clamped 4096
[kinematics-ws] K clamp binds: eid 1003 demanded 7338 clamped 4096
[kinematics-ws] K clamp binds: eid 1001 demanded 30516 clamped 4096
[kinematics-ws] K clamp binds: eid 1002 demanded 14961 clamped 4096
[kinematics-ws] K clamp binds: eid 1003 demanded 7342 clamped 4096
[kinematics-ws] K clamp binds: eid 1001 demanded 30526 clamped 4096
[kinematics-ws] K clamp binds: eid 1002 demanded 14970 clamped 4096
[kinematics-ws] K clamp binds: eid 1001 demanded 30525 clamped 4096
[kinematics-ws] K clamp binds: eid 1002 demanded 14971 clamped 4096
[kinematics-ws] K clamp binds: eid 1003 demanded 7336 clamped 4096
[kinematics-ws] K clamp binds: eid 1001 demanded 30517 clamped 4096
[kinematics-ws] K clamp binds: eid 1002 demanded 14961 clamped 4096
[kinematics-ws] K clamp binds: eid 1003 demanded 7332 clamped 4096
[kinematics-ws] K clamp binds: eid 1003 demanded 7336 clamped 4096
[kinematics-ws] K clamp binds: eid 1002 demanded 14960 clamped 4096
[kinematics-ws] K clamp binds: eid 1001 demanded 30531 clamped 4096
[kinematics-ws] K clamp binds: eid 1001 demanded 30515 clamped 4096
[kinematics-ws] K clamp binds: eid 1003 demanded 7342 clamped 4096
[kinematics-ws] K clamp binds: eid 1002 demanded 14970 clamped 4096
[kinematics-ws] K clamp binds: eid 1001 demanded 30529 clamped 4096
[kinematics-ws] K clamp binds: eid 1002 demanded 14970 clamped 4096
[kinematics-ws] K clamp binds: eid 1003 demanded 7341 clamped 4096
[kinematics-ws] K clamp binds: eid 1001 demanded 30519 clamped 4096
[kinematics-ws] K clamp binds: eid 1002 demanded 14960 clamped 4096
[kinematics-ws] K clamp binds: eid 1003 demanded 7335 clamped 4096
[kinematics-ws] K clamp binds: eid 1003 demanded 7333 clamped 4096
[kinematics-ws] K clamp binds: eid 1002 demanded 14962 clamped 4096
[kinematics-ws] K clamp binds: eid 1001 demanded 30525 clamped 4096
[kinematics-ws] K clamp binds: eid 1001 demanded 30522 clamped 4096
[kinematics-ws] K clamp binds: eid 1003 demanded 7339 clamped 4096
[kinematics-ws] K clamp binds: eid 1002 demanded 14972 clamped 4096
[kinematics-ws] K clamp binds: eid 1001 demanded 30523 clamped 4096
[kinematics-ws] K clamp binds: eid 1002 demanded 14965 clamped 4096
[kinematics-ws] K clamp binds: eid 1003 demanded 7344 clamped 4096
[kinematics-ws] K clamp binds: eid 1001 demanded 30524 clamped 4096
[kinematics-ws] K clamp binds: eid 1002 demanded 14958 clamped 4096
[kinematics-ws] K clamp binds: eid 1003 demanded 7341 clamped 4096
[kinematics-ws] K clamp binds: eid 1001 demanded 30523 clamped 4096
[kinematics-ws] K clamp binds: eid 1003 demanded 7335 clamped 4096
[kinematics-ws] K clamp binds: eid 1002 demanded 14968 clamped 4096
[kinematics-ws] K clamp binds: eid 1002 demanded 14969 clamped 4096
[kinematics-ws] K clamp binds: eid 1003 demanded 7334 clamped 4096
[kinematics-ws] K clamp binds: eid 1001 demanded 30524 clamped 4096
[kinematics-ws] K clamp binds: eid 1001 demanded 30526 clamped 4096
[kinematics-ws] K clamp binds: eid 1003 demanded 7340 clamped 4096
[kinematics-ws] K clamp binds: eid 1002 demanded 14958 clamped 4096
[kinematics-ws] K clamp binds: eid 1003 demanded 7345 clamped 4096
[kinematics-ws] K clamp binds: eid 1002 demanded 14964 clamped 4096
[kinematics-ws] K clamp binds: eid 1001 demanded 30521 clamped 4096
[kinematics-ws] K clamp binds: eid 1001 demanded 30530 clamped 4096
[kinematics-ws] K clamp binds: eid 1003 demanded 7343 clamped 4096
[kinematics-ws] K clamp binds: eid 1002 demanded 14971 clamped 4096
[kinematics-ws] K clamp binds: eid 1001 demanded 30518 clamped 4096
[kinematics-ws] K clamp binds: eid 1003 demanded 7337 clamped 4096
[kinematics-ws] K clamp binds: eid 1002 demanded 14959 clamped 4096
[kinematics-ws] K clamp binds: eid 1001 demanded 30533 clamped 4096
[kinematics-ws] K clamp binds: eid 1002 demanded 14962 clamped 4096
[kinematics-ws] K clamp binds: eid 1003 demanded 7335 clamped 4096
[kinematics-ws] K clamp binds: eid 1001 demanded 30519 clamped 4096
[kinematics-ws] K clamp binds: eid 1002 demanded 14970 clamped 4096
[kinematics-ws] K clamp binds: eid 1003 demanded 7338 clamped 4096
[kinematics-ws] K clamp binds: eid 1001 demanded 30530 clamped 4096
[kinematics-ws] K clamp binds: eid 1003 demanded 7344 clamped 4096
[kinematics-ws] K clamp binds: eid 1002 demanded 14959 clamped 4096
[kinematics-ws] K clamp binds: eid 1003 demanded 7346 clamped 4096
[kinematics-ws] K clamp binds: eid 1002 demanded 14962 clamped 4096
[kinematics-ws] K clamp binds: eid 1001 demanded 30528 clamped 4096
[kinematics-ws] K clamp binds: eid 1002 demanded 14970 clamped 4096
[kinematics-ws] K clamp binds: eid 1003 demanded 7342 clamped 4096
[kinematics-ws] K clamp binds: eid 1001 demanded 30521 clamped 4096
[kinematics-ws] K clamp binds: eid 1002 demanded 14957 clamped 4096
[kinematics-ws] K clamp binds: eid 1003 demanded 7337 clamped 4096
[kinematics-ws] K clamp binds: eid 1001 demanded 30536 clamped 4096
[kinematics-ws] K clamp binds: eid 1001 demanded 30524 clamped 4096
[kinematics-ws] K clamp binds: eid 1002 demanded 14964 clamped 4096
[kinematics-ws] K clamp binds: eid 1003 demanded 7336 clamped 4096
[kinematics-ws] K clamp binds: eid 1001 demanded 30527 clamped 4096
[kinematics-ws] K clamp binds: eid 1002 demanded 14968 clamped 4096
[kinematics-ws] K clamp binds: eid 1003 demanded 7339 clamped 4096
[kinematics-ws] K clamp binds: eid 1001 demanded 30538 clamped 4096
[kinematics-ws] K clamp binds: eid 1003 demanded 7344 clamped 4096
[kinematics-ws] K clamp binds: eid 1002 demanded 14956 clamped 4096
[kinematics-ws] K clamp binds: eid 1001 demanded 30526 clamped 4096
[kinematics-ws] K clamp binds: eid 1003 demanded 7347 clamped 4096
[kinematics-ws] K clamp binds: eid 1002 demanded 14968 clamped 4096
[kinematics-ws] K clamp binds: eid 1001 demanded 30528 clamped 4096
[kinematics-ws] K clamp binds: eid 1002 demanded 14963 clamped 4096
[kinematics-ws] K clamp binds: eid 1003 demanded 7345 clamped 4096
[kinematics-ws] K clamp binds: eid 1001 demanded 30540 clamped 4096
[kinematics-ws] K clamp binds: eid 1002 demanded 14959 clamped 4096
[kinematics-ws] K clamp binds: eid 1003 demanded 7340 clamped 4096
[kinematics-ws] K clamp binds: eid 1001 demanded 30531 clamped 4096
[kinematics-ws] K clamp binds: eid 1003 demanded 7337 clamped 4096
[kinematics-ws] K clamp binds: eid 1002 demanded 14970 clamped 4096
[kinematics-ws] K clamp binds: eid 1001 demanded 30526 clamped 4096
[kinematics-ws] K clamp binds: eid [kinematics-ws] K clamp binds: eid 10031002  demandeddemanded  7338 14957 clamped clamped 40964096

[kinematics-ws] K clamp binds: eid 1002 demanded 14966 clamped 4096
[kinematics-ws] K clamp binds: eid 1003 demanded 7342 clamped 4096
[kinematics-ws] K clamp binds: eid 1001 demanded 30538 clamped 4096
[kinematics-ws] K clamp binds: eid 1003 demanded 7346 clamped 4096
[kinematics-ws] K clamp binds: eid 1001 demanded 30541 clamped 4096
[kinematics-ws] K clamp binds: eid 1002 demanded 14964 clamped 4096
[kinematics-ws] K clamp binds: eid 1001 demanded 30530 clamped 4096
[kinematics-ws] K clamp binds: eid 1002 demanded 14958 clamped 4096
[kinematics-ws] K clamp binds: eid 1003 demanded 7348 clamped 4096
[kinematics-ws] K clamp binds: eid 1003 demanded 7346 clamped 4096
[kinematics-ws] K clamp binds: eid 1001 demanded 30530 clamped 4096
[kinematics-ws] K clamp binds: eid 1002 demanded 14969 clamped 4096
[kinematics-ws] K clamp binds: eid 1002 demanded 14956 clamped 4096
[kinematics-ws] K clamp binds: eid 1003 demanded 7342 clamped 4096
[kinematics-ws] K clamp binds: eid 1001 demanded 30541 clamped 4096
[kinematics-ws] K clamp binds: eid 1001 demanded 30545 clamped 4096
[kinematics-ws] K clamp binds: eid 1002 demanded 14968 clamped 4096
[kinematics-ws] K clamp binds: eid 1003 demanded 7339 clamped 4096
[kinematics-ws] K clamp binds: eid 1001 demanded 30538 clamped 4096
[kinematics-ws] K clamp binds: eid 1002 demanded 14960 clamped 4096
[kinematics-ws] K clamp binds: eid 1003 demanded 7338 clamped 4096
[kinematics-ws] K clamp binds: eid 1001 demanded 30531 clamped 4096
[kinematics-ws] K clamp binds: eid 1002 demanded 14963 clamped 4096
[kinematics-ws] K clamp binds: eid 1003 demanded 7340 clamped 4096
[kinematics-ws] K clamp binds: eid 1002 demanded 14965 clamped 4096
[kinematics-ws] K clamp binds: eid 1001 demanded 30535 clamped 4096
[kinematics-ws] K clamp binds: eid 1003 demanded 7344 clamped 4096
[kinematics-ws] K clamp binds: eid 1001 demanded 30544 clamped 4096
[kinematics-ws] K clamp binds: eid 1002 demanded 14958 clamped 4096
[kinematics-ws] K clamp binds: eid 1003 demanded 7347 clamped 4096
[kinematics-ws] K clamp binds: eid 1001 demanded 30549 clamped 4096
[kinematics-ws] K clamp binds: eid 1003 demanded 7349 clamped 4096
[kinematics-ws] K clamp binds: eid 1002 demanded 14969 clamped 4096
[kinematics-ws] K clamp binds: eid 1003 demanded 7348 clamped 4096
[kinematics-ws] K clamp binds: eid 1002 demanded 14956 clamped 4096
[kinematics-ws] K clamp binds: eid 1001 demanded 30546 clamped 4096
[kinematics-ws] K clamp binds: eid 1002 demanded 14970 clamped 4096
[kinematics-ws] K clamp binds: eid 1003 demanded 7345 clamped 4096
[kinematics-ws] K clamp binds: eid 1001 demanded 30539 clamped 4096
[kinematics-ws] K clamp binds: eid 1003 demanded 7342 clamped 4096
[kinematics-ws] K clamp binds: eid 1001 demanded 30535 clamped 4096
[kinematics-ws] K clamp binds: eid 1002 demanded 14956 clamped 4096
[kinematics-ws] K clamp binds: eid 1001 demanded 30536 clamped 4096
[kinematics-ws] K clamp binds: eid 1003 demanded 7339 clamped 4096
[kinematics-ws] K clamp binds: eid 1002 demanded 14969 clamped 4096
[kinematics-ws] K clamp binds: eid 1001 demanded 30540 clamped 4096
[kinematics-ws] K clamp binds: eid 1003 demanded 7339 clamped 4096
[kinematics-ws] K clamp binds: eid 1002 demanded 14958 clamped 4096
[kinematics-ws] K clamp binds: eid 1002 demanded 14968 clamped 4096
[kinematics-ws] K clamp binds: eid 1001 demanded 30546 clamped 4096
[kinematics-ws] K clamp binds: eid 1003 demanded 7341 clamped 4096
[kinematics-ws] K clamp binds: eid 1001 demanded 30550 clamped 4096
[kinematics-ws] K clamp binds: eid 1002 demanded 14959 clamped 4096
[kinematics-ws] K clamp binds: eid 1003 demanded 7344 clamped 4096
[kinematics-ws] K clamp binds: eid 1003 demanded 7347 clamped 4096
[kinematics-ws] K clamp binds: eid 1001 demanded 30553 clamped 4096
[kinematics-ws] K clamp binds: eid 1002 demanded 14967 clamped 4096
[kinematics-ws] K clamp binds: eid 1002 demanded 14960 clamped 4096
[kinematics-ws] K clamp binds: eid 1003 demanded 7349 clamped 4096
[kinematics-ws] K clamp binds: eid 1001 demanded 30553 clamped 4096
[kinematics-ws] K clamp binds: eid 1003 demanded 7350 clamped 4096
[kinematics-ws] K clamp binds: eid 1002 demanded 14967 clamped 4096
[kinematics-ws] K clamp binds: eid 1001 demanded 30552 clamped 4096
[kinematics-ws] K clamp binds: eid 1002 demanded 14960 clamped 4096
[kinematics-ws] K clamp binds: eid 1001 demanded 30550 clamped 4096
[kinematics-ws] K clamp binds: eid 1003 demanded 7349 clamped 4096
[kinematics-ws] K clamp binds: eid 1001 demanded 30549 clamped 4096
[kinematics-ws] K clamp binds: eid 1002 demanded 14967 clamped 4096
[kinematics-ws] K clamp binds: eid 1003 demanded 7348 clamped 4096
[kinematics-ws] K clamp binds: eid [kinematics-ws] K clamp binds: eid 10031002 demanded 7345  clamped demanded 14959 clamped 4096
4096
[kinematics-ws] K clamp binds: eid 1001 demanded 30547 clamped 4096
[kinematics-ws] K clamp binds: eid 1003 demanded 7343 clamped 4096
[kinematics-ws] K clamp binds: eid 1002 demanded 14969 clamped 4096
[kinematics-ws] K clamp binds: eid 1001 demanded 30546 clamped 4096
[kinematics-ws] K clamp binds: eid 1002 demanded 14958 clamped 4096
[kinematics-ws] K clamp binds: eid 1003 demanded 7341 clamped 4096
[kinematics-ws] K clamp binds: eid 1001 demanded 30546 clamped 4096
[kinematics-ws] K clamp binds: eid 1002 demanded 14970 clamped 4096
[kinematics-ws] K clamp binds: eid 1003 demanded 7340 clamped 4096
[kinematics-ws] K clamp binds: eid 1001 demanded 30546 clamped 4096
[kinematics-ws] K clamp binds: eid 1003 demanded 7341 clamped 4096
[kinematics-ws] K clamp binds: eid 1002 demanded 14958 clamped 4096
[kinematics-ws] K clamp binds: eid 1001 demanded 30546 clamped 4096
[kinematics-ws] K clamp binds: eid 1001 demanded 30547 clamped 4096
[kinematics-ws] K clamp binds: eid 1003 demanded 7342 clamped 4096
[kinematics-ws] K clamp binds: eid 1002 demanded 14971 clamped 4096
[kinematics-ws] K clamp binds: eid 1001 demanded 30548 clamped 4096
[kinematics-ws] K clamp binds: eid[kinematics-ws] K clamp binds: eid 1002 demanded 14958 clamped 4096
 1003 demanded 7344 clamped 4096
[kinematics-ws] K clamp binds: eid 1001 demanded 30550 clamped 4096
[kinematics-ws] K clamp binds: eid 1002 demanded 14971 clamped 4096
[kinematics-ws] K clamp binds: eid 1003 demanded 7346 clamped 4096
[kinematics-ws] K clamp binds: eid 1002 demanded 14960 clamped 4096
[kinematics-ws] K clamp binds: eid 1001 demanded 30552 clamped 4096
[kinematics-ws] K clamp binds: eid 1003 demanded 7348 clamped 4096
[kinematics-ws] K clamp binds: eid 1002 demanded 14968 clamped 4096
[kinematics-ws] K clamp binds: eid 1003 demanded 7350 clamped 4096
[kinematics-ws] K clamp binds: eid 1001 demanded 30554 clamped 4096
[kinematics-ws] K clamp binds: eid 1002 demanded 14965 clamped 4096
[kinematics-ws] K clamp binds: eid 1003 demanded 7351 clamped 4096
[kinematics-ws] K clamp binds: eid 1001 demanded 30555 clamped 4096
[kinematics-ws] K clamp binds: eid 1001 demanded 30556 clamped 4096
[kinematics-ws] K clamp binds: eid 1003 demanded 7351 clamped 4096
[kinematics-ws] K clamp binds: eid 1002 demanded 14962 clamped 4096
[kinematics-ws] K clamp binds: eid 1003 demanded 7351 clamped 4096
[kinematics-ws] K clamp binds: eid 1001 demanded 30554 clamped 4096
[kinematics-ws] K clamp binds: eid 1002 demanded 14971 clamped 4096
[kinematics-ws] K clamp binds: eid 1001 demanded 30551 clamped 4096
[kinematics-ws] K clamp binds: eid 1002 demanded 14959 clamped 4096
[kinematics-ws] K clamp binds: eid 1003 demanded 7351 clamped 4096
[kinematics-ws] K clamp binds: eid 1002 demanded 14973 clamped 4096
[kinematics-ws] K clamp binds: eid 1001 demanded 30546 clamped 4096
[kinematics-ws] K clamp binds: eid 1003 demanded 7350 clamped 4096
[kinematics-ws] K clamp binds: eid 1001 demanded 30542 clamped 4096
[kinematics-ws] K clamp binds: eid 1002 demanded 14962 clamped 4096
[kinematics-ws] K clamp binds: eid 1003 demanded 7348 clamped 4096
[kinematics-ws] K clamp binds: eid 1002 demanded 14967 clamped 4096
[kinematics-ws] K clamp binds: eid 1001 demanded 30541 clamped 4096
[kinematics-ws] K clamp binds: eid 1003 demanded 7347 clamped 4096
[kinematics-ws] K clamp binds: eid 1003 demanded 7346 clamped 4096
[kinematics-ws] K clamp binds: eid 1002 demanded 14970 clamped 4096
[kinematics-ws] K clamp binds: eid 1001 demanded 30545 clamped 4096
[kinematics-ws] K clamp binds: eid 1001 demanded 30551 clamped 4096[kinematics-ws] K clamp binds: eid
 1002 demanded 14961 clamped 4096
[kinematics-ws] K clamp binds: eid 1003 demanded 7345 clamped 4096
[kinematics-ws] K clamp binds: eid 1003 demanded 7344 clamped 4096
[kinematics-ws] K clamp binds: eid 1002 demanded 14974 clamped 4096
[kinematics-ws] K clamp binds: eid 1001 demanded 30555 clamped 4096
[kinematics-ws] K clamp binds: eid 1001 demanded 30552 clamped 4096
[kinematics-ws] K clamp binds: eid 1003 demanded 7343 clamped 4096
[kinematics-ws] K clamp binds: eid 1002 demanded 14963 clamped 4096
[kinematics-ws] K clamp binds: eid 1003 demanded 7342 clamped 4096
[kinematics-ws] K clamp binds: eid 1001 demanded 30545 clamped 4096
[kinematics-ws] K clamp binds: eid 1002 demanded 14967 clamped 4096
[kinematics-ws] K clamp binds: eid 1002 demanded 14973 clamped 4096
[kinematics-ws] K clamp binds: eid 1003 demanded 7342 clamped 4096
[kinematics-ws] K clamp binds: eid 1001 demanded 30540 clamped 4096
[kinematics-ws] K clamp binds: eid 1001 demanded 30544 clamped 4096
[kinematics-ws] K clamp binds: eid 1002 demanded 14961 clamped 4096
[kinematics-ws] K clamp binds: eid 1003 demanded 7342 clamped 4096
[kinematics-ws] K clamp binds: eid 1001 demanded 30552 clamped 4096
[kinematics-ws] K clamp binds: eid 1002 demanded 14973 clamped 4096
[kinematics-ws] K clamp binds: eid 1003 demanded 7342 clamped 4096
[kinematics-ws] K clamp binds: eid 1001 demanded 30553 clamped 4096
[kinematics-ws] K clamp binds: eid 1002 demanded 14970 clamped 4096
[kinematics-ws] K clamp binds: eid 1003 demanded 7342 clamped 4096
[kinematics-ws] K clamp binds: eid 1001 demanded 30544 clamped 4096
[kinematics-ws] K clamp binds: eid 1003 demanded 7342 clamped 4096
[kinematics-ws] K clamp binds: eid 1002 demanded 14963 clamped 4096
[kinematics-ws] K clamp binds: eid 1003 demanded 7342 clamped 4096
[kinematics-ws] K clamp binds: eid 1002 demanded 14975 clamped 4096
[kinematics-ws] K clamp binds: eid 1001 demanded 30539 clamped 4096
[kinematics-ws] K clamp binds: eid [kinematics-ws] K clamp binds: eid 1001 demanded 30547 1002clamped  demanded 14968 4096clamped 
4096
[kinematics-ws] K clamp binds: eid 1003 demanded 7343 clamped 4096
[kinematics-ws] K clamp binds: eid 1003 demanded 7343 clamped 4096
[kinematics-ws] K clamp binds: eid 1002 demanded 14965 clamped 4096
[kinematics-ws] K clamp binds: eid 1001 demanded 30553 clamped 4096
[kinematics-ws] K clamp binds: eid 1002 demanded 14977 clamped 4096
[kinematics-ws] K clamp binds: eid 1001 demanded 30545 clamped 4096
[kinematics-ws] K clamp binds: eid 1003 demanded 7343 clamped 4096
[kinematics-ws] K clamp binds: eid 1001 demanded 30538 clamped 4096
[kinematics-ws] K clamp binds: eid 1003 demanded 7343 clamped 4096
[kinematics-ws] K clamp binds: eid 1002 demanded 14968 clamped 4096
[kinematics-ws] K clamp binds: eid 1001 demanded 30548 clamped 4096
[kinematics-ws] K clamp binds: eid 1003 demanded 7343 clamped 4096
[kinematics-ws] K clamp binds: eid 1002 demanded 14966 clamped 4096
[kinematics-ws] K clamp binds: eid [kinematics-ws] K clamp binds: eid 10011002  demanded demanded 14977 clamped 30551 clamped 40964096

[kinematics-ws] K clamp binds: eid 1003 demanded 7344 clamped 4096
[kinematics-ws] K clamp binds: eid 1001 demanded 30539 clamped 4096
[kinematics-ws] K clamp binds: eid 1002 demanded 14970 clamped 4096
[kinematics-ws] K clamp binds: eid 1003 demanded 7344 clamped 4096
[kinematics-ws] K clamp binds: eid 1002 demanded 14965 clamped 4096
[kinematics-ws] K clamp binds: eid 1001 demanded 30542 clamped 4096
[kinematics-ws] K clamp binds: eid 1003 demanded 7344 clamped 4096
[kinematics-ws] K clamp binds: eid 1003 demanded 7344 clamped 4096
[kinematics-ws] K clamp binds: eid 1002 demanded 14977 clamped 4096
[kinematics-ws] K clamp binds: eid 1001 demanded 30551 clamped 4096
[kinematics-ws] K clamp binds: eid 1002 demanded 14974 clamped 4096
[kinematics-ws] K clamp binds: eid 1001 demanded 30541 clamped 4096
[kinematics-ws] K clamp binds: eid 1003 demanded 7344 clamped 4096
[kinematics-ws] K clamp binds: eid 1002 demanded 14965 clamped 4096
[kinematics-ws] K clamp binds: eid 1001 demanded 30540 clamped 4096
[kinematics-ws] K clamp binds: eid 1003 demanded 7343 clamped 4096
[kinematics-ws] K clamp binds: eid 1001 demanded 30551 clamped 4096
[kinematics-ws] K clamp binds: eid 1002 demanded 14974 clamped 4096
[kinematics-ws] K clamp binds: eid 1003 demanded 7343 clamped 4096
[kinematics-ws] K clamp binds: eid 1001 demanded 30540 clamped 4096
[kinematics-ws] K clamp binds: eid 1002 demanded 14979 clamped 4096
[kinematics-ws] K clamp binds: eid 1003 demanded 7343 clamped 4096
[kinematics-ws] K clamp binds: eid 1003 demanded 7343 clamped 4096
[kinematics-ws] K clamp binds: eid 1002 demanded 14968 clamped 4096
[kinematics-ws] K clamp binds: eid 1001 demanded 30541 clamped 4096
[kinematics-ws] K clamp binds: eid 1001 demanded 30550 clamped 4096
[kinematics-ws] K clamp binds: eid 1003 demanded 7343 clamped 4096
[kinematics-ws] K clamp binds: eid 1002 demanded 14969 clamped 4096
[kinematics-ws] K clamp binds: eid 1003 demanded 7342 clamped 4096
[kinematics-ws] K clamp binds: eid 1002 demanded 14980 clamped 4096
[kinematics-ws] K clamp binds: eid 1001 demanded 30537 clamped 4096
[kinematics-ws] K clamp binds: eid 1001 demanded 30546 clamped 4096
[kinematics-ws] K clamp binds: eid 1003 demanded 7342 clamped 4096
[kinematics-ws] K clamp binds: eid 1002 demanded 14976 clamped 4096
[kinematics-ws] K clamp binds: eid 1001 demanded 30545 clamped 4096
[kinematics-ws] K clamp binds: eid 1003 demanded 7342 clamped 4096
[kinematics-ws] K clamp binds: eid 1002 demanded 14968 clamped 4096
[kinematics-ws] K clamp binds: eid 1001 demanded 30537 clamped 4096
[kinematics-ws] K clamp binds: eid 1003 demanded 7342 clamped 4096
[kinematics-ws] K clamp binds: eid 1002 demanded 14974 clamped 4096
[kinematics-ws] K clamp binds: eid 1002 demanded 14982 clamped 4096
[kinematics-ws] K clamp binds: eid 1001 demanded 30550 clamped 4096
[kinematics-ws] K clamp binds: eid 1003 demanded 7342 clamped 4096
[kinematics-ws] K clamp binds: eid 1003 demanded 7343 clamped 4096
[kinematics-ws] K clamp binds: eid 1002 demanded 14976 clamped 4096
[kinematics-ws] K clamp binds: eid 1001 demanded 30536 clamped 4096
[kinematics-ws] K clamp binds: eid 1003 demanded 7343 clamped 4096
[kinematics-ws] K clamp binds: eid 1002 demanded 14969 clamped 4096
[kinematics-ws] K clamp binds: eid 1001 demanded 30547 clamped 4096
[kinematics-ws] K clamp binds: eid 1001 demanded 30541 clamped 4096
[kinematics-ws] K clamp binds: eid 1002 demanded 14975 clamped 4096
[kinematics-ws] K clamp binds: eid 1003 demanded 7344 clamped 4096
[kinematics-ws] K clamp binds: eid 1001 demanded 30542 clamped 4096
[kinematics-ws] K clamp binds: eid 1002 demanded 14983 clamped 4096
[kinematics-ws] K clamp binds: eid 1003 demanded 7345 clamped 4096
[kinematics-ws] K clamp binds: eid 1001 demanded 30545 clamped 4096
[kinematics-ws] K clamp binds: eid 1003 demanded 7347 clamped 4096
[kinematics-ws] K clamp binds: eid 1002 demanded 14978 clamped 4096
[kinematics-ws] K clamp binds: eid 1002 demanded 14970 clamped 4096
[kinematics-ws] K clamp binds: eid 1001 demanded 30539 clamped 4096
[kinematics-ws] K clamp binds: eid 1003 demanded 7348 clamped 4096
[kinematics-ws] K clamp binds: eid 1003 demanded 7350 clamped 4096
[kinematics-ws] K clamp binds: eid 1001 demanded 30548 clamped 4096
[kinematics-ws] K clamp binds: eid 1002 demanded 14974 clamped 4096
[kinematics-ws] K clamp binds: eid 1002 demanded 14983 clamped 4096
[kinematics-ws] K clamp binds: eid 1003 demanded 7351 clamped 4096
[kinematics-ws] K clamp binds: eid 1001 demanded 30537 clamped 4096
[kinematics-ws] K clamp binds: eid 1003 demanded 7352 clamped 4096
[kinematics-ws] K clamp binds: eid 1002 demanded 14983 clamped 4096
[kinematics-ws] K clamp binds: eid 1001 demanded 30549 clamped 4096
[kinematics-ws] K clamp binds: eid 1001 demanded 30537 clamped 4096
[kinematics-ws] K clamp binds: eid 1003 demanded 7354 clamped 4096
[kinematics-ws] K clamp binds: eid 1002 demanded 14975 clamped 4096
[kinematics-ws] K clamp binds: eid 1001 demanded 30549 clamped 4096
[kinematics-ws] K clamp binds: eid 1003 demanded 7354 clamped 4096
[kinematics-ws] K clamp binds: eid 1002 demanded 14971 clamped 4096
[kinematics-ws] K clamp binds: eid 1001 demanded 30538 clamped 4096
[kinematics-ws] K clamp binds: eid 1003 demanded 7354 clamped 4096
[kinematics-ws] K clamp binds: eid 1002 demanded 14978 clamped 4096
[kinematics-ws] K clamp binds: eid 1002 demanded 14985 clamped 4096
[kinematics-ws] K clamp binds: eid 1003 demanded 7354 clamped 4096
[kinematics-ws] K clamp binds: eid 1001 demanded 30549 clamped 4096
[kinematics-ws] K clamp binds: eid 1001 demanded 30540 clamped 4096
[kinematics-ws] K clamp binds: eid 1002 demanded 14984 clamped 4096
[kinematics-ws] K clamp binds: eid 1003 demanded 7353 clamped 4096
[kinematics-ws] K clamp binds: eid 1001 demanded 30547 clamped 4096
[kinematics-ws] K clamp binds: eid 1002 demanded 14977 clamped 4096
[kinematics-ws] K clamp binds: eid 1003 demanded 7351 clamped 4096
[kinematics-ws] K clamp binds: eid 1001 demanded 30545 clamped 4096
[kinematics-ws] K clamp binds: eid 1003 demanded 7349 clamped 4096
[kinematics-ws] K clamp binds: eid 1002 demanded 14973 clamped 4096
[kinematics-ws] K clamp binds: eid 1001 demanded 30543 clamped 4096
[kinematics-ws] K clamp binds: eid 1002 demanded 14977 clamped 4096
[kinematics-ws] K clamp binds: eid 1003 demanded 7346 clamped 4096
[kinematics-ws] K clamp binds: eid 1001 demanded 30550 clamped 4096
[kinematics-ws] K clamp binds: eid 1002 demanded 14985 clamped 4096
[kinematics-ws] K clamp binds: eid 1003 demanded 7344 clamped 4096
[kinematics-ws] K clamp binds: eid 1001 demanded 30539 clamped 4096
[kinematics-ws] K clamp binds: eid 1003 demanded 7343 clamped 4096
[kinematics-ws] K clamp binds: eid 1002 demanded 14987 clamped 4096
[kinematics-ws] K clamp binds: eid 1001 demanded 30553 clamped 4096
[kinematics-ws] K clamp binds: eid 1003 demanded 7342 clamped 4096
[kinematics-ws] K clamp binds: eid 1002 demanded 14983 clamped 4096
[kinematics-ws] K clamp binds: eid 1002 demanded 14976 clamped 4096
[kinematics-ws] K clamp binds: eid 1003 demanded 7343 clamped 4096
[kinematics-ws] K clamp binds: eid 1001 demanded 30541 clamped 4096
[kinematics-ws] K clamp binds: eid 1003 demanded 7345 clamped 4096
[kinematics-ws] K clamp binds: eid 1002 demanded 14974 clamped 4096
[kinematics-ws] K clamp binds: eid 1001 demanded 30548 clamped 4096
[kinematics-ws] K clamp binds: eid 1003 demanded 7347 clamped 4096
[kinematics-ws] K clamp binds: eid 1002 demanded 14979 clamped 4096
[kinematics-ws] K clamp binds: eid 1001 demanded 30551 clamped 4096
[kinematics-ws] K clamp binds: eid 1002 demanded 14985 clamped 4096
[kinematics-ws] K clamp binds: eid 1001 demanded 30541 clamped 4096
[kinematics-ws] K clamp binds: eid 1003 demanded 7350 clamped 4096
[kinematics-ws] K clamp binds: eid 1001 demanded 30554 clamped 4096
[kinematics-ws] K clamp binds: eid 1003 demanded 7353 clamped 4096
[kinematics-ws] K clamp binds: eid 1002 demanded 14989 clamped 4096
[kinematics-ws] K clamp binds: eid 1001 demanded 30547 clamped 4096
[kinematics-ws] K clamp binds: eid 1002 demanded 14987 clamped 4096
[kinematics-ws] K clamp binds: eid 1003 demanded 7354 clamped 4096
[kinematics-ws] K clamp binds: eid 1001 demanded 30545 clamped 4096
[kinematics-ws] K clamp binds: eid 1003 demanded 7354 clamped 4096
[kinematics-ws] K clamp binds: eid 1002 demanded 14982 clamped 4096
[kinematics-ws] K clamp binds: eid 1001 demanded 30556 clamped 4096
[kinematics-ws] K clamp binds: eid 1002 demanded 14977 clamped 4096
[kinematics-ws] K clamp binds: eid 1003 demanded 7353 clamped 4096
[kinematics-ws] K clamp binds: eid 1002 demanded 14976 clamped 4096
[kinematics-ws] K clamp binds: eid 1001 demanded 30547 clamped 4096
[kinematics-ws] K clamp binds: eid 1003 demanded 7350 clamped 4096
[kinematics-ws] K clamp binds: eid 1001 demanded 30547 clamped 4096
[kinematics-ws] K clamp binds: eid 1003 demanded 7347 clamped 4096
[kinematics-ws] K clamp binds: eid 1002 demanded 14979 clamped 4096
[kinematics-ws] K clamp binds: eid 1001 demanded 30558 clamped 4096
[kinematics-ws] K clamp binds: eid 1002 demanded 14985 clamped 4096
[kinematics-ws] K clamp binds: eid 1003 demanded 7344 clamped 4096
[kinematics-ws] K clamp binds: eid 1001 demanded 30549 clamped 4096
[kinematics-ws] K clamp binds: eid 1003 demanded 7342 clamped 4096
[kinematics-ws] K clamp binds: eid 1002 demanded 14989 clamped 4096
[kinematics-ws] K clamp binds: eid 1001 demanded 30547 clamped 4096
[kinematics-ws] K clamp binds: eid 1003 demanded 7343 clamped 4096
[kinematics-ws] K clamp binds: eid 1002 demanded 14991 clamped 4096
[kinematics-ws] K clamp binds: eid 1001 demanded 30558 clamped 4096
[kinematics-ws] K clamp binds: eid 1002 demanded 14989 clamped 4096
[kinematics-ws] K clamp binds: eid 1003 demanded 7345 clamped 4096
[kinematics-ws] K clamp binds: eid 1002 demanded 14985 clamped 4096
[kinematics-ws] K clamp binds: eid 1001 demanded 30556 clamped 4096
[kinematics-ws] K clamp binds: eid 1003 demanded 7349 clamped 4096
[kinematics-ws] K clamp binds: eid 1001 demanded 30547 clamped 4096
[kinematics-ws] K clamp binds: eid 1003 demanded 7352 clamped 4096
[kinematics-ws] K clamp binds: eid 1002 demanded 14981 clamped 4096
[kinematics-ws] K clamp binds: eid [kinematics-ws] K clamp binds: eid 1001 demanded 1002 30554 demandedclamped  14978 clamped 40964096

[kinematics-ws] K clamp binds: eid 1003 demanded 7354 clamped 4096
[kinematics-ws] K clamp binds: eid 1001 demanded 30562 clamped 4096
[kinematics-ws] K clamp binds: eid 1002 demanded 14978 clamped 4096
[kinematics-ws] K clamp binds: eid 1003 demanded 7354 clamped 4096
Dev window stopped.
