Dev window thread started on gates-of-truth-dev-window — sim thread on gates-of-truth-sim
Truth demo ready: nREPL 127.0.0.1:7898
Compiling body shaders...
Compiling particle shaders...
Compiling sprite shaders...
Compiling line shaders...
Compiling hud shaders...
Compiling volume shaders...
Camera reset
UI cursor : locked
[kinematics-ws] K clamp binds: eid 1002 demanded 14447 clamped 4096
[kinematics-ws] K clamp binds: eid 1001 demanded 29472 clamped 4096
[kinematics-ws] K clamp binds: eid 1003 demanded 7082 clamped 4096
[kinematics-ws] K clamp binds: eid 1001 demanded 29477 clamped 4096
[kinematics-ws] K clamp binds: eid 1002 demanded 14445 clamped 4096
[kinematics-ws] K clamp binds: eid 1003 demanded 7088 clamped 4096
[kinematics-ws] K clamp binds: eid 1002 demanded 14445 clamped 4096
[kinematics-ws] K clamp binds: eid 1001 demanded 29484 clamped 4096
[kinematics-ws] K clamp binds: eid 1003 demanded 7087 clamped 4096
[kinematics-ws] K clamp binds: eid 1002 demanded 14448 clamped 4096
[kinematics-ws] K clamp binds: eid 1003 demanded 7088 clamped 4096
[kinematics-ws] K clamp binds: eid 1001 demanded 29482 clamped 4096
[kinematics-ws] K clamp binds: eid 1001 demanded 29489 clamped 4096
[kinematics-ws] K clamp binds: eid 1003 demanded 7087 clamped 4096
[kinematics-ws] K clamp binds: eid 1002 demanded 14449 clamped 4096
[kinematics-ws] K clamp binds: eid 1002 [kinematics-ws] K clamp binds: eid 1001 demanded 29490 clamped 4096
demanded 14453 clamped 4096
[kinematics-ws] K clamp binds: eid 1003 demanded 7084 clamped 4096
[kinematics-ws] K clamp binds: eid 1001 demanded 29477 clamped 4096
[kinematics-ws] K clamp binds: eid [kinematics-ws] K clamp binds: eid1002 demanded 14458 clamped 4096
 1003 demanded 7084 clamped 4096
[kinematics-ws] K clamp binds: eid 1003 demanded 7086 clamped 4096
[kinematics-ws] K clamp binds: eid 1002 demanded 14461 clamped 4096
[kinematics-ws] K clamp binds: eid 1001 demanded 29491 clamped 4096
[kinematics-ws] K clamp binds: eid 1003 demanded 7083 clamped 4096
[kinematics-ws] K clamp binds: eid 1001 demanded 29497 clamped 4096
[kinematics-ws] K clamp binds: eid 1002 demanded 14463 clamped 4096
[kinematics-ws] K clamp binds: eid 1002 demanded 14465 clamped 4096
[kinematics-ws] K clamp binds: eid 1001 demanded 29494 clamped 4096
[kinematics-ws] K clamp binds: eid 1003 demanded 7083 clamped 4096
[kinematics-ws] K clamp binds: eid 1001 demanded 29497 clamped 4096
[kinematics-ws] K clamp binds: eid 1002 demanded 14466 clamped 4096
[kinematics-ws] K clamp binds: eid 1003 demanded 7084 clamped 4096
[kinematics-ws] K clamp binds: eid 1002 demanded 14466 clamped 4096
[kinematics-ws] K clamp binds: eid 1003 demanded 7081 clamped 4096
[kinematics-ws] K clamp binds: eid 1001 demanded 29499 clamped 4096
[kinematics-ws] K clamp binds: eid 1001 demanded 29501 clamped 4096
[kinematics-ws] K clamp binds: eid 1002 demanded 14466 clamped 4096
[kinematics-ws] K clamp binds: eid 1003 demanded 7084 clamped 4096
[kinematics-ws] K clamp binds: eid 1001 demanded 29513 clamped [kinematics-ws] K clamp binds: eid 1003 demanded 7082 clamped 4096
4096
[kinematics-ws] K clamp binds: eid 1002 demanded 14467 clamped 4096
[kinematics-ws] K clamp binds: eid 1001 demanded 29511 clamped 4096
[kinematics-ws] K clamp binds: eid 1002 demanded 14470 clamped 4096
[kinematics-ws] K clamp binds: eid 1003 demanded 7085 clamped 4096
[kinematics-ws] K clamp binds: eid 1002 demanded 14469 clamped 4096
[kinematics-ws] K clamp binds: eid 1003 demanded 7083 clamped 4096
[kinematics-ws] K clamp binds: eid 1001 demanded 29495 clamped 4096
[kinematics-ws] K clamp binds: eid 1002 demanded 14463 clamped 4096
[kinematics-ws] K clamp binds: eid 1001 demanded 29513 clamped 4096
[kinematics-ws] K clamp binds: eid 1003 demanded 7086 clamped 4096
[kinematics-ws] K clamp binds: eid 1003 demanded 7084 clamped 4096
[kinematics-ws] K clamp binds: eid 1001 demanded 29515 clamped 4096
[kinematics-ws] K clamp binds: eid 1002 demanded 14464 clamped 4096
[kinematics-ws] K clamp binds: eid 1002 demanded 14466 clamped 4096
[kinematics-ws] K clamp binds: eid 1001 demanded 29507 clamped 4096
[kinematics-ws] K clamp binds: eid 1003 demanded 7088 clamped 4096
[kinematics-ws] K clamp binds: eid 1001 demanded 29513 clamped 4096
[kinematics-ws] K clamp binds: eid 1003 demanded 7088 clamped 4096
[kinematics-ws] K clamp binds: eid 1002 demanded 14460 clamped 4096
[kinematics-ws] K clamp binds: eid 1001 demanded 29516 clamped 4096
[kinematics-ws] K clamp binds: eid 1003 demanded 7088 clamped 4096
[kinematics-ws] K clamp binds: eid 1002 demanded 14467 clamped 4096
[kinematics-ws] K clamp binds: eid 1003 demanded 7092 clamped 4096
[kinematics-ws] K clamp binds: eid 1002 demanded 14463 clamped 4096
[kinematics-ws] K clamp binds: eid 1001 demanded 29514 clamped 4096
[kinematics-ws] K clamp binds: eid 1003 demanded 7093 clamped 4096
[kinematics-ws] K clamp binds: eid 1001 demanded 29522 clamped 4096
[kinematics-ws] K clamp binds: eid 1002 demanded 14468 clamped 4096
[kinematics-ws] K clamp binds: eid 1003 demanded 7093 clamped 4096
[kinematics-ws] K clamp binds: eid 1001 demanded 29542 clamped 4096
[kinematics-ws] K clamp binds: eid 1002 demanded 14473 clamped 4096
[kinematics-ws] K clamp binds: eid [kinematics-ws] K clamp binds: eid 10011003  demandeddemanded 29512 clamped 4096
 7096 clamped 4096
[kinematics-ws] K clamp binds: eid 1002 demanded 14471 clamped 4096
[kinematics-ws] K clamp binds: eid 1003 demanded 7099 clamped 4096
[kinematics-ws] K clamp binds: eid 1002 demanded 14475 clamped 4096
[kinematics-ws] K clamp binds: eid 1001 demanded 29538 clamped 4096
[kinematics-ws] K clamp binds: eid 1001 demanded 29513 clamped 4096
[kinematics-ws] K clamp binds: eid 1003 demanded 7100 clamped 4096
[kinematics-ws] K clamp binds: eid 1002 demanded 14481 clamped 4096
[kinematics-ws] K clamp binds: eid 1002 demanded 14486 clamped 4096
[kinematics-ws] K clamp binds: eid 1001 demanded 29536 clamped 4096
[kinematics-ws] K clamp binds: eid 1003 demanded 7100 clamped 4096
[kinematics-ws] K clamp binds: eid 1003 demanded 7101 clamped 4096
[kinematics-ws] K clamp binds: eid 1002 demanded 14489 clamped 4096
[kinematics-ws] K clamp binds: eid 1001 demanded 29556 clamped 4096
[kinematics-ws] K clamp binds: eid 1003 demanded 7102 clamped 4096
[kinematics-ws] K clamp binds: eid 1001 demanded 29562 clamped 4096
[kinematics-ws] K clamp binds: eid 1002 demanded 14490 clamped 4096
[kinematics-ws] K clamp binds: eid 1001 demanded 29562 clamped 4096
[kinematics-ws] K clamp binds: eid 1002 demanded 14490 clamped 4096
[kinematics-ws] K clamp binds: eid 1003 demanded 7104 clamped 4096
[kinematics-ws] K clamp binds: eid 1001 demanded 29550 clamped 4096
[kinematics-ws] K clamp binds: eid 1003 demanded 7106 clamped 4096
[kinematics-ws] K clamp binds: eid 1002 demanded 14489 clamped 4096
[kinematics-ws] K clamp binds: eid [kinematics-ws] K clamp binds: eid 1002 demanded 14487 clamped 4096
1003 demanded 7107 clamped 4096
[kinematics-ws] K clamp binds: eid 1001 demanded 29533 clamped 4096
[kinematics-ws] K clamp binds: eid 1002 demanded 14486 clamped 4096
[kinematics-ws] K clamp binds: eid 1003 demanded 7108 clamped 4096
[kinematics-ws] K clamp binds: eid 1001 demanded 29553 clamped 4096
[kinematics-ws] K clamp binds: eid 1003 demanded 7108 clamped 4096
[kinematics-ws] K clamp binds: eid 1002 demanded 14487 clamped 4096
[kinematics-ws] K clamp binds: eid 1001 demanded 29538 clamped 4096
[kinematics-ws] K clamp binds: eid 1001 demanded 29557 clamped 4096
[kinematics-ws] K clamp binds: eid 1003 demanded 7107 clamped 4096
[kinematics-ws] K clamp binds: eid 1002 demanded 14487 clamped 4096
[kinematics-ws] K clamp binds: eid 1001 demanded 29540 clamped 4096
[kinematics-ws] K clamp binds: eid 1003 demanded 7107 clamped 4096
[kinematics-ws] K clamp binds: eid 1002 demanded 14483 clamped 4096
[kinematics-ws] K clamp binds: eid 1002 demanded 14484 clamped 4096
[kinematics-ws] K clamp binds: eid 1003 demanded 7106 clamped 4096
[kinematics-ws] K clamp binds: eid 1001 demanded 29550 clamped 4096
[kinematics-ws] K clamp binds: eid 1001 demanded 29565 clamped 4096
[kinematics-ws] K clamp binds: eid 1003 demanded 7106 clamped 4096
[kinematics-ws] K clamp binds: eid 1002 demanded 14483 clamped 4096
[kinematics-ws] K clamp binds: eid 1001 demanded 29568 clamped 4096
[kinematics-ws] K clamp binds: eid 1002 demanded 14484 clamped 4096
[kinematics-ws] K clamp binds: eid 1003 demanded 7108 clamped 4096
[kinematics-ws] K clamp binds: eid 1003 demanded 7110 clamped 4096
[kinematics-ws] K clamp binds: eid 1001 demanded 29559 clamped 4096
[kinematics-ws] K clamp binds: eid 1002 demanded 14485 clamped 4096
[kinematics-ws] K clamp binds: eid 1002 demanded 14488 clamped 4096
[kinematics-ws] K clamp binds: eid 1003 demanded 7110 clamped 4096
[kinematics-ws] K clamp binds: eid 1001 demanded 29552 clamped 4096
[kinematics-ws] K clamp binds: eid 1002 demanded 14488 clamped 4096
[kinematics-ws] K clamp binds: eid 1001 demanded 29576 clamped 4096
[kinematics-ws] K clamp binds: eid 1003 demanded 7107 clamped 4096
[kinematics-ws] K clamp binds: eid 1001 demanded 29562 clamped 4096
[kinematics-ws] K clamp binds: eid 1003 demanded 7103 clamped 4096
[kinematics-ws] K clamp binds: eid 1002 demanded 14493 clamped 4096
[kinematics-ws] K clamp binds: eid 1003 demanded 7106 clamped 4096
[kinematics-ws] K clamp binds: eid 1001 demanded 29568 clamped 4096
[kinematics-ws] K clamp binds: eid 1002 demanded 14498 clamped 4096
[kinematics-ws] K clamp binds: eid 1002 demanded 14499 clamped 4096
[kinematics-ws] K clamp binds: eid 1001 demanded 29556 clamped 4096
[kinematics-ws] K clamp binds: eid 1003 demanded 7108 clamped 4096
[kinematics-ws] K clamp binds: eid 1001 demanded 29588 clamped 4096
[kinematics-ws] K clamp binds: eid 1002 demanded 14500 clamped 4096
[kinematics-ws] K clamp binds: eid 1003 demanded 7103 clamped 4096
[kinematics-ws] K clamp binds: eid 1001 demanded 29596 clamped 4096
[kinematics-ws] K clamp binds: eid 1002 demanded 14503 clamped 4096
[kinematics-ws] K clamp binds: eid 1003 demanded 7103 clamped 4096
[kinematics-ws] K clamp binds: eid 1002 demanded 14504 clamped 4096
[kinematics-ws] K clamp binds: eid 1001 demanded 29596 clamped 4096
[kinematics-ws] K clamp binds: eid 1003 demanded 7107 clamped 4096
[kinematics-ws] K clamp binds: eid 1001 demanded 29599 clamped 4096
[kinematics-ws] K clamp binds: eid 1003 demanded 7101 clamped 4096
[kinematics-ws] K clamp binds: eid 1002 demanded 14505 clamped 4096
[kinematics-ws] K clamp binds: eid 1001 demanded 29602 clamped 4096
[kinematics-ws] K clamp binds: eid 1003 demanded 7104 clamped 4096
[kinematics-ws] K clamp binds: eid 1002 demanded 14504 clamped 4096
[kinematics-ws] K clamp binds: eid 1001 demanded 29588 clamped 4096
[kinematics-ws] K clamp binds: eid 1003 demanded 7103 clamped 4096
[kinematics-ws] K clamp binds: eid 1002 demanded 14504 clamped 4096
[kinematics-ws] K clamp binds: eid 1001 demanded 29574 clamped 4096
[kinematics-ws] K clamp binds: eid 1002 demanded 14507 clamped 4096
[kinematics-ws] K clamp binds: eid 1003 demanded 7102 clamped 4096
[kinematics-ws] K clamp binds: eid 1001 demanded 29596 clamped 4096
[kinematics-ws] K clamp binds: eid 1002 demanded 14512 clamped 4096
[kinematics-ws] K clamp binds: eid 1003 demanded 7105 clamped 4096
[kinematics-ws] K clamp binds: eid 1002 demanded 14509 clamped 4096
[kinematics-ws] K clamp binds: eid 1001 demanded 29575 clamped 4096
[kinematics-ws] K clamp binds: eid 1003 demanded 7102 clamped 4096
[kinematics-ws] K clamp binds: eid 1003 demanded 7105 clamped 4096
[kinematics-ws] K clamp binds: eid 1001 demanded 29593 clamped 4096
[kinematics-ws] K clamp binds: eid 1002 demanded 14500 clamped 4096
[kinematics-ws] K clamp binds: eid 1003 demanded 7105 clamped 4096
[kinematics-ws] K clamp binds: eid 1002 demanded 14506 clamped 4096
[kinematics-ws] K clamp binds: eid 1001 demanded 29608 clamped 4096
[kinematics-ws] K clamp binds: eid 1001 demanded 29607 clamped 4096
[kinematics-ws] K clamp binds: eid 1002 demanded 14505 clamped 4096
[kinematics-ws] K clamp binds: eid 1003 demanded 7105 clamped 4096
[kinematics-ws] K clamp binds: eid 1001 demanded 29607 clamped 4096
[kinematics-ws] K clamp binds: eid 1002 demanded 14501 clamped 4096
[kinematics-ws] K clamp binds: eid 1003 demanded 7110 clamped 4096
[kinematics-ws] K clamp binds: eid 1001 demanded 29611 clamped 4096
[kinematics-ws] K clamp binds: eid 1002 demanded 14507 clamped 4096
[kinematics-ws] K clamp binds: eid 1003 demanded 7105 clamped 4096
[kinematics-ws] K clamp binds: eid 1002 demanded 14504 clamped 4096
[kinematics-ws] K clamp binds: eid 1001 demanded 29617 clamped 4096
[kinematics-ws] K clamp binds: eid 1003 demanded 7111 clamped 4096
[kinematics-ws] K clamp binds: eid 1003 demanded 7113 clamped 4096
[kinematics-ws] K clamp binds: eid 1002 demanded 14505 clamped 4096
[kinematics-ws] K clamp binds: eid 1001 demanded 29611 clamped 4096
[kinematics-ws] K clamp binds: eid 1002 demanded 14515 clamped 4096
[kinematics-ws] K clamp binds: eid 1001 demanded 29596 clamped 4096
[kinematics-ws] K clamp binds: eid 1003 demanded 7110 clamped 4096
[kinematics-ws] K clamp binds: eid 1001 demanded 29613 clamped 4096
[kinematics-ws] K clamp binds: eid 1003 demanded 7113 clamped 4096
[kinematics-ws] K clamp binds: eid 1002 demanded 14510 clamped 4096
[kinematics-ws] K clamp binds: eid 1001 demanded 29598 clamped 4096
[kinematics-ws] K clamp binds: eid 1002 demanded 14512 clamped 4096
[kinematics-ws] K clamp binds: eid 1003 demanded 7119 clamped 4096
[kinematics-ws] K clamp binds: eid 1001 demanded 29613 clamped 4096
[kinematics-ws] K clamp binds: eid 1003 demanded 7119 clamped 4096
[kinematics-ws] K clamp binds: eid 1002 demanded 14520 clamped 4096
[kinematics-ws] K clamp binds: eid 1001 demanded 29626 [kinematics-ws] K clamp binds: eid 1002 demanded 14527 clamped 4096
clamped 4096
[kinematics-ws] K clamp binds: eid 1003 demanded 7117 clamped 4096
[kinematics-ws] K clamp binds: eid 1001 demanded 29628 clamped 4096
[kinematics-ws] K clamp binds: eid 1002 demanded 14530 clamped 4096
[kinematics-ws] K clamp binds: eid 1003 demanded 7118 clamped 4096
[kinematics-ws] K clamp binds: eid 1001 demanded 29630 clamped 4096
[kinematics-ws] K clamp binds: eid 1002 demanded 14531 clamped 4096
[kinematics-ws] K clamp binds: eid 1003 demanded 7121 clamped 4096
[kinematics-ws] K clamp binds: eid 1001 demanded 29632 clamped 4096
[kinematics-ws] K clamp binds: eid 1003 demanded 7125 clamped 4096
[kinematics-ws] K clamp binds: eid 1002 demanded 14531 clamped 4096
[kinematics-ws] K clamp binds: eid 1002 demanded 14531 clamped 4096
[kinematics-ws] K clamp binds: eid 1003 demanded 7127 clamped 4096
[kinematics-ws] K clamp binds: eid 1001 demanded 29634 clamped 4096
[kinematics-ws] K clamp binds: eid 1001 demanded 29626 clamped 4096
[kinematics-ws] K clamp binds: eid 1002 demanded 14531 clamped 4096
[kinematics-ws] K clamp binds: eid 1003 demanded 7128 clamped 4096
[kinematics-ws] K clamp binds: eid 1003 demanded 7129 clamped 4096
[kinematics-ws] K clamp binds: eid 1002 demanded 14528 clamped 4096
[kinematics-ws] K clamp binds: eid 1001 demanded 29621 clamped 4096
[kinematics-ws] K clamp binds: eid 1003 demanded 7129 clamped 4096
[kinematics-ws] K clamp binds: eid 1002 demanded 14526 clamped 4096
[kinematics-ws] K clamp binds: eid 1001 demanded 29628 clamped 4096
[kinematics-ws] K clamp binds: eid 1003 demanded 7129 clamped 4096
[kinematics-ws] K clamp binds: eid 1001 demanded 29624 clamped 4096
[kinematics-ws] K clamp binds: eid 1002 demanded 14526 clamped 4096
[kinematics-ws] K clamp binds: eid [kinematics-ws] K clamp binds: eid 1002 demanded1003  demanded 7130 14527clamped  clamped 40964096

[kinematics-ws] K clamp binds: eid 1001 demanded 29629 clamped 4096
[kinematics-ws] K clamp binds: eid 1002 demanded 14523 clamped 4096[kinematics-ws] K clamp binds: eid
 1003 demanded 7130 clamped 4096
[kinematics-ws] K clamp binds: eid 1001 demanded 29642 clamped 4096
[kinematics-ws] K clamp binds: eid 1001 demanded 29648 clamped 4096
[kinematics-ws] K clamp binds: eid 1003 demanded 7130 clamped 4096
[kinematics-ws] K clamp binds: eid 1002 demanded 14523 clamped 4096
[kinematics-ws] K clamp binds: eid 1001 demanded 29651 clamped 4096
[kinematics-ws] K clamp binds: eid 1002 demanded 14524 clamped 4096
[kinematics-ws] K clamp binds: eid 1003 demanded 7129 clamped 4096
[kinematics-ws] K clamp binds: eid 1003 demanded 7128 clamped 4096
[kinematics-ws] K clamp binds: eid 1001 demanded 29651 clamped 4096
[kinematics-ws] K clamp binds: eid 1002 demanded 14523 clamped 4096
[kinematics-ws] K clamp binds: eid 1002 demanded 14526 clamped 4096
[kinematics-ws] K clamp binds: eid 1003 demanded 7127 clamped 4096
[kinematics-ws] K clamp binds: eid 1001 demanded 29648 clamped 4096
[kinematics-ws] K clamp binds: eid 1003 demanded 7127 clamped 4096
[kinematics-ws] K clamp binds: eid 1002 demanded 14527 clamped 4096
[kinematics-ws] K clamp binds: eid 1001 demanded 29645 clamped 4096
[kinematics-ws] K clamp binds: eid 1001 demanded 29646 clamped 4096
[kinematics-ws] K clamp binds: eid 1003 demanded 7128 clamped 4096
[kinematics-ws] K clamp binds: eid 1002 demanded 14527 clamped 4096
[kinematics-ws] K clamp binds: eid 1001 demanded 29643 clamped 4096
[kinematics-ws] K clamp binds: eid 1002 demanded 14533 clamped 4096
[kinematics-ws] K clamp binds: eid 1003 demanded 7128 clamped 4096
[kinematics-ws] K clamp binds: eid 1001 demanded 29648 clamped 4096
[kinematics-ws] K clamp binds: eid 1003 demanded 7126 clamped 4096
[kinematics-ws] K clamp binds: eid 1002 demanded 14536 clamped 4096
[kinematics-ws] K clamp binds: eid 1002 demanded 14536 clamped 4096
[kinematics-ws] K clamp binds: eid 1003 demanded 7125 clamped 4096
[kinematics-ws] K clamp binds: eid 1001 demanded 29650 clamped 4096
[kinematics-ws] K clamp binds: eid 1003 demanded 7125 clamped 4096
[kinematics-ws] K clamp binds: eid 1002 demanded 14539 clamped 4096
[kinematics-ws] K clamp binds: eid 1001 demanded 29656 clamped 4096
[kinematics-ws] K clamp binds: eid 1003 demanded 7125 clamped 4096
[kinematics-ws] K clamp binds: eid 1001 demanded 29662 clamped 4096
[kinematics-ws] K clamp binds: eid 1002 demanded 14543 clamped 4096
[kinematics-ws] K clamp binds: eid 1001 demanded 29666 clamped 4096
[kinematics-ws] K clamp binds: eid 1002 demanded 14546 clamped 4096
[kinematics-ws] K clamp binds: eid 1003 demanded 7123 clamped 4096
[kinematics-ws] K clamp binds: eid 1001 demanded 29666 clamped 4096
[kinematics-ws] K clamp binds: eid 1003 demanded 7124 clamped 4096
[kinematics-ws] K clamp binds: eid 1002 demanded 14547 clamped 4096
[kinematics-ws] K clamp binds: eid 1002 demanded 14547 clamped 4096
[kinematics-ws] K clamp binds: eid 1003 demanded 7124 clamped 4096
[kinematics-ws] K clamp binds: eid 1001 demanded 29664 clamped 4096
[kinematics-ws] K clamp binds: eid 1001 demanded 29668 clamped 4096
[kinematics-ws] K clamp binds: eid 1002 demanded 14546 clamped 4096
[kinematics-ws] K clamp binds: eid 1003 demanded 7122 clamped 4096
[kinematics-ws] K clamp binds: eid 1002 demanded 14544 clamped 4096
[kinematics-ws] K clamp binds: eid 1001 demanded 29668 clamped 4096
[kinematics-ws] K clamp binds: eid 1003 demanded 7124 clamped 4096
[kinematics-ws] K clamp binds: eid 1003 demanded 7122 clamped 4096
[kinematics-ws] K clamp binds: eid 1002 demanded 14546 clamped 4096
[kinematics-ws] K clamp binds: eid 1001 demanded 29659 clamped 4096
[kinematics-ws] K clamp binds: eid 1002 demanded 14551 clamped 4096
[kinematics-ws] K clamp binds: eid 1001 demanded 29670 clamped 4096
[kinematics-ws] K clamp binds: eid 1003 demanded 7123 clamped 4096
[kinematics-ws] K clamp binds: eid 1003 demanded 7123 clamped 4096
[kinematics-ws] K clamp binds: eid 1001 demanded 29670 clamped 4096
[kinematics-ws] K clamp binds: eid 1002 demanded 14549 clamped 4096
[kinematics-ws] K clamp binds: eid 1001 demanded 29670 clamped 4096
[kinematics-ws] K clamp binds: eid 1002 demanded 14540 clamped 4096
[kinematics-ws] K clamp binds: eid 1003 demanded 7124 clamped 4096
[kinematics-ws] K clamp binds: eid 1001 demanded 29679 clamped 4096
[kinematics-ws] K clamp binds: eid 1002 demanded 14545 clamped 4096
[kinematics-ws] K clamp binds: eid 1003 demanded 7124 clamped 4096
[kinematics-ws] K clamp binds: eid 1003 demanded 7126 clamped 4096
[kinematics-ws] K clamp binds: eid 1002 demanded 14545 clamped 4096
[kinematics-ws] K clamp binds: eid 1001 demanded 29686 clamped 4096
[kinematics-ws] K clamp binds: eid 1003 demanded 7125 clamped 4096
[kinematics-ws] K clamp binds: eid 1002 demanded 14541 clamped 4096
[kinematics-ws] K clamp binds: eid 1001 demanded 29686 clamped 4096
[kinematics-ws] K clamp binds: eid 1002 demanded 14547 clamped 4096
[kinematics-ws] K clamp binds: eid 1001 demanded 29681 clamped 4096
[kinematics-ws] K clamp binds: eid 1003 demanded 7128 clamped 4096
[kinematics-ws] K clamp binds: eid [kinematics-ws] K clamp binds: eid1001 demanded 29683 clamped 4096
[kinematics-ws] K clamp binds: eid 1003 demanded 7128 clamped 4096
 1002 demanded 14543 clamped 4096
[kinematics-ws] K clamp binds: eid 1003 demanded 7129 clamped 4096
[kinematics-ws] K clamp binds: eid 1002 demanded 14546 clamped 4096
[kinematics-ws] K clamp binds: eid 1001 demanded 29695 clamped 4096
[kinematics-ws] K clamp binds: eid 1001 demanded 29677 clamped 4096
[kinematics-ws] K clamp binds: eid 1002 demanded 14553 clamped 4096
[kinematics-ws] K clamp binds: eid 1003 demanded 7132 clamped 4096
[kinematics-ws] K clamp binds: eid 1002 demanded 14548 clamped 4096
[kinematics-ws] K clamp binds: eid 1001 demanded 29692 clamped 4096
[kinematics-ws] K clamp binds: eid 1003 demanded 7132 clamped 4096
[kinematics-ws] K clamp binds: eid 1002 demanded 14553 clamped 4096
[kinematics-ws] K clamp binds: eid 1001 demanded 29679 clamped 4096
[kinematics-ws] K clamp binds: eid 1003 demanded 7133 clamped 4096
[kinematics-ws] K clamp binds: eid 1001 demanded 29696 clamped 4096
[kinematics-ws] K clamp binds: eid 1002 demanded 14561 clamped 4096
[kinematics-ws] K clamp binds: eid 1003 demanded 7136 clamped 4096
[kinematics-ws] K clamp binds: eid 1003 demanded 7138 clamped 4096
[kinematics-ws] K clamp binds: eid 1001 demanded 29709 clamped 4096
[kinematics-ws] K clamp binds: eid 1002 demanded 14565 clamped 4096
[kinematics-ws] K clamp binds: eid 1003 demanded 7138 clamped 4096
[kinematics-ws] K clamp binds: eid 1002 demanded 14565 clamped 4096
[kinematics-ws] K clamp binds: eid 1001 demanded 29711 clamped 4096
[kinematics-ws] K clamp binds: eid 1003 demanded 7139 clamped 4096
[kinematics-ws] K clamp binds: eid 1001 demanded 29713 clamped 4096
[kinematics-ws] K clamp binds: eid 1002 demanded 14565 clamped 4096
[kinematics-ws] K clamp binds: eid 1002 demanded 14565 clamped 4096
[kinematics-ws] K clamp binds: eid 1001 demanded 29714 clamped 4096
[kinematics-ws] K clamp binds: eid 1003 demanded 7141 clamped 4096
[kinematics-ws] K clamp binds: eid 1002 demanded 14565 clamped 4096
[kinematics-ws] K clamp binds: eid 1001 demanded 29712 clamped 4096
[kinematics-ws] K clamp binds: eid 1003 demanded 7143 clamped 4096
[kinematics-ws] K clamp binds: eid 1002 demanded 14567 clamped 4096
[kinematics-ws] K clamp binds: eid 1003 demanded 7144 clamped 4096
[kinematics-ws] K clamp binds: eid 1001 demanded 29703 clamped 4096
[kinematics-ws] K clamp binds: eid 1001 demanded 29704 clamped 4096
[kinematics-ws] K clamp binds: eid 1003 demanded 7146 clamped 4096
[kinematics-ws] K clamp binds: eid 1002 demanded 14569 clamped 4096
[kinematics-ws] K clamp binds: eid 1002 demanded 14572 clamped 4096
[kinematics-ws] K clamp binds: eid 1001 demanded 29705 clamped 4096
[kinematics-ws] K clamp binds: eid 1003 demanded 7146 clamped 4096
[kinematics-ws] K clamp binds: eid 1001 demanded 29706 clamped 4096
[kinematics-ws] K clamp binds: eid 1003 demanded 7147 clamped 4096
[kinematics-ws] K clamp binds: eid 1002 demanded 14571 clamped 4096
[kinematics-ws] K clamp binds: eid 1002 demanded 14564 clamped 4096
[kinematics-ws] K clamp binds: eid 1001 demanded 29706 clamped 4096
[kinematics-ws] K clamp binds: eid 1003 demanded 7147 clamped 4096
[kinematics-ws] K clamp binds: eid 1003 demanded 7148 clamped 4096
[kinematics-ws] K clamp binds: eid 1002 demanded 14562 clamped 4096
[kinematics-ws] K clamp binds: eid 1001 demanded 29719 clamped 4096
[kinematics-ws] K clamp binds: eid 1001 demanded 29726 clamped 4096
[kinematics-ws] K clamp binds: eid 1003 demanded 7148 clamped 4096
[kinematics-ws] K clamp binds: eid 1002 demanded 14568 clamped 4096
[kinematics-ws] K clamp binds: eid 1001 demanded 29730 clamped 4096
[kinematics-ws] K clamp binds: eid 1002 demanded 14561 clamped 4096
[kinematics-ws] K clamp binds: eid 1003 demanded 7148 clamped 4096
[kinematics-ws] K clamp binds: eid 1001 demanded 29731 clamped 4096
[kinematics-ws] K clamp binds: eid 1002 demanded 14564 clamped 4096
[kinematics-ws] K clamp binds: eid 1003 demanded 7147 clamped 4096
[kinematics-ws] K clamp binds: eid 1001 demanded 29729 clamped 4096
[kinematics-ws] K clamp binds: eid 1003 demanded 7148 clamped 4096
[kinematics-ws] K clamp binds: eid 1002 demanded 14563 clamped 4096
[kinematics-ws] K clamp binds: eid 1002 demanded 14565 clamped 4096
[kinematics-ws] K clamp binds: eid 1003 demanded 7148 clamped 4096
[kinematics-ws] K clamp binds: eid 1001 demanded 29726 clamped 4096
[kinematics-ws] K clamp binds: eid 1001 demanded 29726 clamped 4096
[kinematics-ws] K clamp binds: eid 1003 demanded 7149 clamped 4096
[kinematics-ws] K clamp binds: eid 1002 demanded 14563 clamped 4096
[kinematics-ws] K clamp binds: eid 1002 demanded 14572 clamped 4096
[kinematics-ws] K clamp binds: eid 1003 demanded 7149 clamped 4096
[kinematics-ws] K clamp binds: eid 1001 demanded 29724 clamped 4096
[kinematics-ws] K clamp binds: eid 1003 demanded 7148 clamped 4096
[kinematics-ws] K clamp binds: eid 1002 demanded 14567 clamped 4096
[kinematics-ws] K clamp binds: eid 1001 demanded 29724 clamped 4096
[kinematics-ws] K clamp binds: eid 1001 demanded 29727 clamped 4096
[kinematics-ws] K clamp binds: eid 1003 demanded 7146 clamped 4096
[kinematics-ws] K clamp binds: eid 1002 demanded 14571 clamped 4096
[kinematics-ws] K clamp binds: eid 1003 demanded 7145 clamped 4096
[kinematics-ws] K clamp binds: eid 1001 demanded 29734 clamped 4096
[kinematics-ws] K clamp binds: eid 1002 demanded 14580 clamped 4096
[kinematics-ws] K clamp binds: eid [kinematics-ws] K clamp binds: eid 10011002 demanded 29738 clamped 4096 
demanded 14582 clamped 4096
[kinematics-ws] K clamp binds: eid 1003 demanded 7147 clamped 4096
[kinematics-ws] K clamp binds: eid 1001 demanded 29742 clamped 4096
[kinematics-ws] K clamp binds: eid 1002 demanded 14581 clamped 4096
[kinematics-ws] K clamp binds: eid 1003 demanded 7147 clamped 4096
[kinematics-ws] K clamp binds: eid 1003 demanded 7144 clamped 4096
[kinematics-ws] K clamp binds: eid 1002 demanded 14581 clamped 4096
[kinematics-ws] K clamp binds: eid 1001 demanded 29745 clamped 4096
[kinematics-ws] K clamp binds: eid 1002 demanded 14581 clamped 4096
[kinematics-ws] K clamp binds: eid 1003 demanded 7144 clamped 4096
[kinematics-ws] K clamp binds: eid 1001 demanded 29745 clamped 4096
[kinematics-ws] K clamp binds: eid 1002 demanded 14582 clamped 4096
[kinematics-ws] K clamp binds: eid 1003 demanded 7145 clamped 4096
[kinematics-ws] K clamp binds: eid 1001 demanded 29745 clamped 4096
[kinematics-ws] K clamp binds: eid 1002 demanded 14582 clamped 4096
[kinematics-ws] K clamp binds: eid 1003 demanded 7143 clamped 4096
[kinematics-ws] K clamp binds: eid 1001 demanded 29750 clamped 4096
[kinematics-ws] K clamp binds: eid[kinematics-ws] K clamp binds: eid 1002 demanded 14583 clamped 4096
 1001 demanded 29747 clamped 4096
[kinematics-ws] K clamp binds: eid 1003 demanded 7143 clamped 4096
[kinematics-ws] K clamp binds: eid 1001 demanded 29740 clamped 4096
[kinematics-ws] K clamp binds: eid 1002 demanded 14585 clamped 4096
[kinematics-ws] K clamp binds: eid 1003 demanded 7144 clamped 4096
[kinematics-ws] K clamp binds: eid 1001 demanded 29749 clamped 4096
[kinematics-ws] K clamp binds: eid 1003 demanded 7142 clamped 4096
[kinematics-ws] K clamp binds: eid 1002 demanded 14591 clamped 4096
[kinematics-ws] K clamp binds: eid 1001 demanded 29747 clamped 4096
[kinematics-ws] K clamp binds: eid 1003 demanded 7144 clamped 4096
[kinematics-ws] K clamp binds: eid 1002 demanded 14594 clamped 4096
[kinematics-ws] K clamp binds: eid 1001 demanded 29749 clamped 4096
[kinematics-ws] K clamp binds: eid 1003 demanded 7142 clamped 4096
[kinematics-ws] K clamp binds: eid 1002 demanded 14585 clamped 4096
[kinematics-ws] K clamp binds: eid 1002 demanded 14579 clamped 4096
[kinematics-ws] K clamp binds: eid 1001 demanded 29760 clamped 4096
[kinematics-ws] K clamp binds: eid 1003 demanded 7145 clamped 4096
[kinematics-ws] K clamp binds: eid 1001 demanded 29768 clamped 4096
[kinematics-ws] K clamp binds: eid 1003 demanded 7142 clamped 4096
[kinematics-ws] K clamp binds: eid 1002 demanded 14590 clamped 4096
[kinematics-ws] K clamp binds: eid 1001 demanded 29771 clamped 4096
[kinematics-ws] K clamp binds: eid 1003 demanded 7146 clamped 4096
[kinematics-ws] K clamp binds: eid 1002 demanded 14581 clamped 4096
[kinematics-ws] K clamp binds: eid 1003 demanded 7144 clamped 4096
[kinematics-ws] K clamp binds: eid 1001 demanded 29769 clamped 4096
[kinematics-ws] K clamp binds: eid 1002 demanded 14582 clamped 4096
[kinematics-ws] K clamp binds: eid 1001 demanded 29764 clamped 4096
[kinematics-ws] K clamp binds: eid 1003 demanded 7147 clamped 4096
[kinematics-ws] K clamp binds: eid 1002 demanded 14586 clamped 4096
[kinematics-ws] K clamp binds: eid 1001 demanded 29764 clamped 4096
[kinematics-ws] K clamp binds: eid 1003 demanded 7146 clamped 4096
[kinematics-ws] K clamp binds: eid 1002 demanded 14583 clamped 4096
[kinematics-ws] K clamp binds: eid 1002 demanded 14584 clamped 4096
[kinematics-ws] K clamp binds: eid 1003 demanded 7147 clamped 4096
[kinematics-ws] K clamp binds: eid 1001 demanded 29770 clamped 4096
[kinematics-ws] K clamp binds: eid 1003 demanded 7150 clamped 4096
[kinematics-ws] K clamp binds: eid 1002 demanded 14593 clamped 4096
[kinematics-ws] K clamp binds: eid 1001 demanded 29758 clamped 4096
[kinematics-ws] K clamp binds: eid 1002 demanded 14583 clamped 4096
[kinematics-ws] K clamp binds: eid 1001 demanded 29770 clamped 4096
[kinematics-ws] K clamp binds: eid 1003 demanded 7149 clamped 4096
[kinematics-ws] K clamp binds: eid 1001 demanded 29763 clamped 4096
[kinematics-ws] K clamp binds: eid 1002 demanded 14593 clamped 4096
[kinematics-ws] K clamp binds: eid 1003 demanded 7151 clamped 4096
[kinematics-ws] K clamp binds: eid 1003 demanded 7154 clamped 4096
[kinematics-ws] K clamp binds: eid 1001 demanded 29772 clamped 4096
[kinematics-ws] K clamp binds: eid 1002 demanded 14602 clamped 4096
[kinematics-ws] K clamp binds: eid 1001 demanded 29784 clamped 4096
[kinematics-ws] K clamp binds: eid 1003 demanded 7154 clamped 4096
[kinematics-ws] K clamp binds: eid 1002 demanded 14599 clamped 4096
[kinematics-ws] K clamp binds: eid 1002 demanded 14595 clamped 4096
[kinematics-ws] K clamp binds: eid 1003 demanded 7154 clamped 4096
[kinematics-ws] K clamp binds: eid 1001 demanded 29789 clamped 4096
[kinematics-ws] K clamp binds: eid 1003 demanded 7157 clamped 4096
[kinematics-ws] K clamp binds: eid 1002 demanded 14597 clamped 4096
[kinematics-ws] K clamp binds: eid 1001 demanded 29791 clamped 4096
[kinematics-ws] K clamp binds: eid 1003 demanded 7160 clamped 4096
[kinematics-ws] K clamp binds: eid 1002 demanded 14600 clamped 4096
[kinematics-ws] K clamp binds: eid 1001 demanded 29792 clamped 4096
[kinematics-ws] K clamp binds: eid 1002 demanded 14603 clamped 4096
[kinematics-ws] K clamp binds: eid 1001 demanded 29789 clamped 4096
[kinematics-ws] K clamp binds: eid 1003 demanded 7161 clamped 4096
[kinematics-ws] K clamp binds: eid 1001 demanded 29785 clamped 4096
[kinematics-ws] K clamp binds: eid 1003 demanded 7161 clamped 4096
[kinematics-ws] K clamp binds: eid 1002 demanded 14603 clamped 4096
[kinematics-ws] K clamp binds: eid 1001 demanded 29786 clamped 4096
[kinematics-ws] K clamp binds: eid 1003 demanded 7161 clamped 4096
[kinematics-ws] K clamp binds: eid 1002 demanded 14601 clamped 4096
[kinematics-ws] K clamp binds: eid 1003 demanded 7162 clamped 4096
[kinematics-ws] K clamp binds: eid 1001 demanded 29784 clamped 4096
[kinematics-ws] K clamp binds: eid 1002 demanded 14599 clamped 4096
[kinematics-ws] K clamp binds: eid[kinematics-ws] K clamp binds: eid  1001 1003 demanded demanded 29785 clamped 7164 clamped 40964096

[kinematics-ws] K clamp binds: eid 1002 demanded 14602 clamped 4096
[kinematics-ws] K clamp binds: eid [kinematics-ws] K clamp binds: eid 1001 1002 demanded 29787 demanded clamped 14612 clamped 40964096

[kinematics-ws] K clamp binds: eid 1003 demanded 7165 clamped 4096
[kinematics-ws] K clamp binds: eid 1002 demanded 14616 clamped 4096
[kinematics-ws] K clamp binds: eid 1003 demanded 7167 clamped 4096
[kinematics-ws] K clamp binds: eid 1001 demanded 29794 clamped 4096
[kinematics-ws] K clamp binds: eid 1001 demanded 29799 clamped 4096
[kinematics-ws] K clamp binds: eid 1003 demanded 7167 clamped 4096
[kinematics-ws] K clamp binds: eid 1002 demanded 14602 clamped 4096
[kinematics-ws] K clamp binds: eid 1001 demanded 29802 clamped 4096
[kinematics-ws] K clamp binds: eid 1002 demanded 14598 clamped 4096
[kinematics-ws] K clamp binds: eid 1003 demanded 7168 clamped 4096
[kinematics-ws] K clamp binds: eid 1003 demanded 7168 clamped 4096
[kinematics-ws] K clamp binds: eid 1002 demanded 14614 clamped 4096
[kinematics-ws] K clamp binds: eid 1001 demanded 29805 clamped 4096
[kinematics-ws] K clamp binds: eid 1001 demanded 29805 clamped 4096
[kinematics-ws] K clamp binds: eid 1002 demanded 14596 clamped 4096
[kinematics-ws] K clamp binds: eid 1003 demanded 7167 clamped 4096
[kinematics-ws] K clamp binds: eid 1001 demanded 29806 clamped 4096
[kinematics-ws] K clamp binds: eid 1002 demanded 14608 clamped 4096
[kinematics-ws] K clamp binds: eid 1003 demanded 7167 clamped 4096
[kinematics-ws] K clamp binds: eid 1002 demanded 14600 clamped 4096
[kinematics-ws] K clamp binds: eid 1003 demanded 7166 clamped 4096
[kinematics-ws] K clamp binds: eid 1001 demanded 29810 clamped 4096
[kinematics-ws] K clamp binds: eid 1003 demanded 7166 clamped 4096
[kinematics-ws] K clamp binds: eid 1002 demanded 14610 clamped 4096
[kinematics-ws] K clamp binds: eid 1001 demanded 29808 clamped 4096
[kinematics-ws] K clamp binds: eid 1002 demanded 14598 clamped 4096
[kinematics-ws] K clamp binds: eid 1001 demanded 29799 clamped 4096
[kinematics-ws] K clamp binds: eid 1003 demanded 7167 clamped 4096
[kinematics-ws] K clamp binds: eid 1001 demanded 29809 clamped 4096
[kinematics-ws] K clamp binds: eid 1003 demanded 7169 clamped 4096
[kinematics-ws] K clamp binds: eid 1002 demanded 14618 clamped 4096
[kinematics-ws] K clamp binds: eid 1003 demanded 7170 clamped 4096
[kinematics-ws] K clamp binds: eid 1002 demanded 14606 clamped 4096
[kinematics-ws] K clamp binds: eid 1001 demanded 29803 clamped 4096
[kinematics-ws] K clamp binds: eid [kinematics-ws] K clamp binds: eid 1002 demanded 14606 clamped 1003 demanded 7169 clamped 40964096

[kinematics-ws] K clamp binds: eid 1001 demanded 29810 clamped 4096
[kinematics-ws] K clamp binds: eid 1002 demanded 14623 clamped 4096
[kinematics-ws] K clamp binds: eid 1001 demanded 29821 clamped 4096
[kinematics-ws] K clamp binds: eid 1003 demanded 7166 clamped 4096
[kinematics-ws] K clamp binds: eid 1002 demanded 14627 clamped 4096
[kinematics-ws] K clamp binds: eid 1003 demanded 7164 clamped 4096
[kinematics-ws] K clamp binds: eid 1001 demanded 29825 clamped 4096
[kinematics-ws] K clamp binds: eid 1001 demanded 29826 clamped 4096
[kinematics-ws] K clamp binds: eid 1002 demanded 14621 clamped 4096
[kinematics-ws] K clamp binds: eid 1003 demanded 7167 clamped 4096
[kinematics-ws] K clamp binds: eid 1001 demanded 29828 clamped 4096
[kinematics-ws] K clamp binds: eid 1003 demanded 7168 clamped 4096
[kinematics-ws] K clamp binds: eid 1002 demanded 14616 clamped 4096
[kinematics-ws] K clamp binds: eid 1002 demanded 14615 clamped 4096
[kinematics-ws] K clamp binds: eid 1003 demanded 7164 clamped 4096
[kinematics-ws] K clamp binds: eid 1001 demanded 29829 clamped 4096
[kinematics-ws] K clamp binds: eid 1002 demanded 14616 clamped 4096
[kinematics-ws] K clamp binds: eid 1003 demanded 7163 clamped 4096
[kinematics-ws] K clamp binds: eid 1001 demanded 29830 clamped 4096
[kinematics-ws] K clamp binds: eid 1001 demanded 29827 clamped 4096
[kinematics-ws] K clamp binds: eid 1002 demanded 14617 clamped 4096
[kinematics-ws] K clamp binds: eid 1003 demanded 7167 clamped 4096
[kinematics-ws] K clamp binds: eid 1003 demanded 7163 clamped 4096
[kinematics-ws] K clamp binds: eid 1002 demanded 14617 clamped 4096
[kinematics-ws] K clamp binds: eid 1001 demanded 29822 clamped 4096
[kinematics-ws] K clamp binds: eid 1001 demanded 29826 clamped 4096
[kinematics-ws] K clamp binds: eid 1002 demanded 14619 clamped 4096
[kinematics-ws] K clamp binds: eid 1003 demanded 7162 clamped 4096
[kinematics-ws] K clamp binds: eid 1001 demanded 29823 clamped 4096
[kinematics-ws] K clamp binds: eid 1003 demanded 7166 clamped 4096
[kinematics-ws] K clamp binds: eid 1002 demanded 14628 clamped 4096
[kinematics-ws] K clamp binds: eid 1001 demanded 29831 clamped 4096
[kinematics-ws] K clamp binds: eid 1002 demanded 14638 clamped 4096
[kinematics-ws] K clamp binds: eid 1003 demanded 7160 clamped 4096
[kinematics-ws] K clamp binds: eid 1003 demanded 7165 clamped 4096
[kinematics-ws] K clamp binds: eid 1001 demanded 29835 clamped 4096
[kinematics-ws] K clamp binds: eid 1002 demanded 14636 clamped 4096
[kinematics-ws] K clamp binds: eid 1001 demanded 29837 clamped 4096
[kinematics-ws] K clamp binds: eid 1002 demanded 14617 clamped 4096
[kinematics-ws] K clamp binds: eid 1003 demanded 7162 clamped 4096
[kinematics-ws] K clamp binds: eid 1001 demanded 29841 clamped 4096
[kinematics-ws] K clamp binds: eid 1002 demanded 14620 clamped 4096
[kinematics-ws] K clamp binds: eid 1003 demanded 7164 clamped 4096
[kinematics-ws] K clamp binds: eid 1001 demanded 29843 clamped 4096
[kinematics-ws] K clamp binds: eid 1003 demanded 7163 clamped 4096
[kinematics-ws] K clamp binds: eid 1002 demanded 14636 clamped 4096
[kinematics-ws] K clamp binds: eid 1001 demanded 29843 clamped 4096
[kinematics-ws] K clamp binds: eid 1003 demanded 7164 clamped 4096
[kinematics-ws] K clamp binds: eid 1002 demanded 14613 clamped 4096
[kinematics-ws] K clamp binds: eid 1002 demanded 14629 clamped 4096
[kinematics-ws] K clamp binds: eid 1001 demanded 29844 clamped 4096
[kinematics-ws] K clamp binds: eid 1003 demanded 7163 clamped 4096
[kinematics-ws] K clamp binds: eid 1001 demanded 29851 clamped 4096
[kinematics-ws] K clamp binds: eid 1002 demanded 14620 clamped 4096
[kinematics-ws] K clamp binds: eid 1003 demanded 7167 clamped 4096
[kinematics-ws] K clamp binds: eid 1001 demanded 29849 clamped 4096
[kinematics-ws] K clamp binds: eid 1002 demanded 14628 clamped 4096
[kinematics-ws] K clamp binds: eid 1003 demanded 7163 clamped 4096
[kinematics-ws] K clamp binds: eid 1001 demanded 29837 clamped 4096
[kinematics-ws] K clamp binds: eid 1002 demanded 14618 clamped 4096
[kinematics-ws] K clamp binds: eid 1003 demanded 7169 clamped 4096
[kinematics-ws] K clamp binds: eid 1002 demanded 14639 clamped 4096
[kinematics-ws] K clamp binds: eid 1003 demanded 7166 clamped 4096
[kinematics-ws] K clamp binds: eid 1001 demanded 29851 clamped 4096
[kinematics-ws] K clamp binds: eid 1001 demanded 29841 clamped 4096
[kinematics-ws] K clamp binds: eid [kinematics-ws] K clamp binds: eid 1002 demanded 100314618  demandedclamped  71684096 clamped 
4096
[kinematics-ws] K clamp binds: eid 1001 demanded 29851 clamped 4096
[kinematics-ws] K clamp binds: eid 1003 demanded 7172 clamped 4096
[kinematics-ws] K clamp binds: eid 1002 demanded 14631 clamped 4096
[kinematics-ws] K clamp binds: eid 1003 demanded 7169 clamped 4096
[kinematics-ws] K clamp binds: eid 1002 demanded 14646 clamped 4096
[kinematics-ws] K clamp binds: eid 1001 demanded 29862 clamped 4096
[kinematics-ws] K clamp binds: eid 1001 demanded 29863 clamped 4096
[kinematics-ws] K clamp binds: eid 1002 demanded 14636 clamped 4096
[kinematics-ws] K clamp binds: eid 1003 demanded 7172 clamped 4096
[kinematics-ws] K clamp binds: eid 1001 demanded 29863 clamped 4096
[kinematics-ws] K clamp binds: eid 1003 demanded 7176 clamped 4096
[kinematics-ws] K clamp binds: eid 1002 demanded 14627 clamped 4096
[kinematics-ws] K clamp binds: eid 1002 demanded 14633 clamped 4096
[kinematics-ws] K clamp binds: eid 1003 demanded 7175 clamped 4096
[kinematics-ws] K clamp binds: eid 1001 demanded 29864 clamped 4096
[kinematics-ws] K clamp binds: eid 1003 demanded 7174 clamped 4096
[kinematics-ws] K clamp binds: eid 1001 demanded 29867 clamped 4096
[kinematics-ws] K clamp binds: eid 1002 demanded 14642 clamped 4096
[kinematics-ws] K clamp binds: eid 1003 demanded 7177 clamped 4096
[kinematics-ws] K clamp binds: eid 1001 demanded 29872 clamped 4096
[kinematics-ws] K clamp binds: eid 1002 demanded 14650 clamped 4096
[kinematics-ws] K clamp binds: eid 1001 demanded 29873 clamped 4096
[kinematics-ws] K clamp binds: eid 1002 demanded 14653 clamped 4096
[kinematics-ws] K clamp binds: eid 1003 demanded 7181 clamped 4096
[kinematics-ws] K clamp binds: eid 1001 demanded 29859 clamped 4096
[kinematics-ws] K clamp binds: eid 1002 demanded 14652 clamped 4096
[kinematics-ws] K clamp binds: eid 1003 demanded 7182 clamped 4096
[kinematics-ws] K clamp binds: eid 1001 demanded 29866 clamped 4096
[kinematics-ws] K clamp binds: eid 1003 demanded 7181 clamped 4096
[kinematics-ws] K clamp binds: eid 1002 demanded 14648 clamped 4096
[kinematics-ws] K clamp binds: eid 1001 demanded 29862 clamped 4096
[kinematics-ws] K clamp binds: eid 1002 demanded 14641 clamped 4096
[kinematics-ws] K clamp binds: eid 1003 demanded 7180 clamped 4096
[kinematics-ws] K clamp binds: eid 1002 demanded 14635 clamped 4096
[kinematics-ws] K clamp binds: eid 1001 demanded 29872 clamped 4096
[kinematics-ws] K clamp binds: eid 1003 demanded 7181 clamped 4096
[kinematics-ws] K clamp binds: eid 1002 demanded 14641 clamped 4096
[kinematics-ws] K clamp binds: eid 1003 demanded 7183 clamped 4096
[kinematics-ws] K clamp binds: eid 1001 demanded 29865 clamped 4096
[kinematics-ws] K clamp binds: eid 1001 demanded 29874 clamped 4096
[kinematics-ws] K clamp binds: eid 1002 demanded 14657 clamped 4096
[kinematics-ws] K clamp binds: eid 1003 demanded 7185 clamped 4096
[kinematics-ws] K clamp binds: eid 1001 demanded 29885 clamped 4096
[kinematics-ws] K clamp binds: eid 1002 demanded 14655 clamped 4096
[kinematics-ws] K clamp binds: eid 1003 demanded 7186 clamped 4096
[kinematics-ws] K clamp binds: eid 1001 demanded 29891 clamped 4096
[kinematics-ws] K clamp binds: eid 1002 demanded 14633 clamped 4096
[kinematics-ws] K clamp binds: eid 1003 demanded 7188 clamped 4096
[kinematics-ws] K clamp binds: eid 1001 demanded 29892 clamped 4096
[kinematics-ws] K clamp binds: eid 1003 demanded 7188 clamped 4096
[kinematics-ws] K clamp binds: eid 1002 demanded 14646 clamped 4096
[kinematics-ws] K clamp binds: eid 1002 demanded 14651 clamped 4096
[kinematics-ws] K clamp binds: eid 1003 demanded 7188 clamped 4096
[kinematics-ws] K clamp binds: eid 1001 demanded 29890 clamped 4096
[kinematics-ws] K clamp binds: eid 1002 demanded 14631 clamped 4096
[kinematics-ws] K clamp binds: eid 1001 demanded 29883 clamped 4096
[kinematics-ws] K clamp binds: eid 1003 demanded 7188 clamped 4096
[kinematics-ws] K clamp binds: eid 1003 demanded 7187 clamped 4096
[kinematics-ws] K clamp binds: eid 1001 demanded 29884 clamped 4096
[kinematics-ws] K clamp binds: eid 1002 demanded 14657 clamped 4096
[kinematics-ws] K clamp binds: eid 1003 demanded 7186 clamped 4096
[kinematics-ws] K clamp binds: eid 1001 demanded 29891 clamped 4096
[kinematics-ws] K clamp binds: eid 1002 demanded 14631 clamped 4096
[kinematics-ws] K clamp binds: eid 1002 demanded 14657 clamped 4096
[kinematics-ws] K clamp binds: eid 1001 demanded 29878 clamped 4096
[kinematics-ws] K clamp binds: eid 1003 demanded 7185 clamped 4096
[kinematics-ws] K clamp binds: eid 1003 demanded 7185 clamped 4096
[kinematics-ws] K clamp binds: eid 1002 demanded 14638 clamped 4096
[kinematics-ws] K clamp binds: eid 1001 demanded 29889 clamped 4096
[kinematics-ws] K clamp binds: eid 1001 demanded 29881 clamped 4096
[kinematics-ws] K clamp binds: eid 1002 demanded 14647 clamped 4096
[kinematics-ws] K clamp binds: eid 1003 demanded 7187 clamped 4096
[kinematics-ws] K clamp binds: eid 1002 demanded 14663 clamped 4096
[kinematics-ws] K clamp binds: eid 1001 demanded 29894 clamped 4096
[kinematics-ws] K clamp binds: eid 1003 demanded 7190 clamped 4096
[kinematics-ws] K clamp binds: eid 1001 demanded 29901 clamped 4096
[kinematics-ws] K clamp binds: eid 1002 demanded 14644 clamped 4096
[kinematics-ws] K clamp binds: eid 1003 demanded 7192 clamped 4096
[kinematics-ws] K clamp binds: eid 1002 demanded 14646 clamped 4096
[kinematics-ws] K clamp binds: eid 1001 demanded 29901 clamped 4096
[kinematics-ws] K clamp binds: eid 1003 demanded 7189 clamped 4096
[kinematics-ws] K clamp binds: eid 1002 demanded 14665 clamped 4096
[kinematics-ws] K clamp binds: eid 1003 demanded 7185 clamped 4096
[kinematics-ws] K clamp binds: eid 1001 demanded 29901 clamped 4096
[kinematics-ws] K clamp binds: eid 1003 demanded 7183 clamped 4096
[kinematics-ws] K clamp binds: eid 1002 demanded 14674 clamped 4096
[kinematics-ws] K clamp binds: eid 1001 demanded 29903 clamped 4096
[kinematics-ws] K clamp binds: eid 1001 demanded 29904 clamped 4096
[kinematics-ws] K clamp binds: eid 1002 demanded 14671 clamped 4096
[kinematics-ws] K clamp binds: eid 1003 demanded 7188 clamped 4096
[kinematics-ws] K clamp binds: eid 1002 demanded 14666 clamped 4096
[kinematics-ws] K clamp binds: eid 1001 demanded 29910 clamped 4096
[kinematics-ws] K clamp binds: eid 1003 demanded 7189 clamped 4096
[kinematics-ws] K clamp binds: eid 1002 demanded 14662 clamped 4096
[kinematics-ws] K clamp binds: eid 1003 demanded 7183 clamped 4096
[kinematics-ws] K clamp binds: eid 1001 demanded 29914 clamped 4096
[kinematics-ws] K clamp binds: eid 1001 demanded 29902 clamped 4096
[kinematics-ws] K clamp binds: eid 1002 demanded 14662 clamped 4096
[kinematics-ws] K clamp binds: eid 1003 demanded 7182 clamped 4096
[kinematics-ws] K clamp binds: eid[kinematics-ws] K clamp binds: eid  10011003  demandeddemanded  7188 29903clamped  clamped 40964096

[kinematics-ws] K clamp binds: eid 1002 demanded 14664 clamped 4096
[kinematics-ws] K clamp binds: eid 1001 demanded 29906 clamped 4096
[kinematics-ws] K clamp binds: eid 1002 demanded 14669 clamped 4096
[kinematics-ws] K clamp binds: eid 1003 demanded 7183 clamped 4096
[kinematics-ws] K clamp binds: eid[kinematics-ws] K clamp binds: eid  1002 1003 demanded demanded 14677 7181 clamped clamped 40964096

[kinematics-ws] K clamp binds: eid 1001 demanded 29907 clamped 4096
[kinematics-ws] K clamp binds: eid 1002 demanded 14681 clamped 4096
[kinematics-ws] K clamp binds: eid 1003 demanded 7187 clamped 4096
[kinematics-ws] K clamp binds: eid 1001 demanded 29904 clamped 4096
[kinematics-ws] K clamp binds: eid 1003 demanded 7180 clamped 4096
[kinematics-ws] K clamp binds: eid 1001 demanded 29919 clamped 4096
[kinematics-ws] K clamp binds: eid 1002 demanded 14673 clamped 4096
[kinematics-ws] K clamp binds: eid 1002 demanded 14656 clamped 4096
[kinematics-ws] K clamp binds: eid 1003 demanded 7184 clamped 4096
[kinematics-ws] K clamp binds: eid 1001 demanded 29927 clamped 4096
[kinematics-ws] K clamp binds: eid 1001 demanded 29928 clamped 4096
[kinematics-ws] K clamp binds: eid 1002 demanded 14660 clamped 4096
[kinematics-ws] K clamp binds: eid 1003 demanded 7183 clamped 4096
[kinematics-ws] K clamp binds: eid 1003 demanded 7182 clamped 4096
[kinematics-ws] K clamp binds: eid 1001 demanded 29929 clamped 4096
[kinematics-ws] K clamp binds: eid 1002 demanded 14677 clamped 4096
[kinematics-ws] K clamp binds: eid 1003 demanded 7185 clamped 4096
[kinematics-ws] K clamp binds: eid 1001 demanded 29930 clamped 4096
[kinematics-ws] K clamp binds: eid 1002 demanded 14659 clamped 4096
[kinematics-ws] K clamp binds: eid 1001 demanded 29932 clamped 4096
[kinematics-ws] K clamp binds: eid 1003 demanded 7181 clamped 4096
[kinematics-ws] K clamp binds: eid 1002 demanded 14659 clamped 4096
[kinematics-ws] K clamp binds: eid 1001 demanded 29930 clamped 4096
[kinematics-ws] K clamp binds: eid 1003 demanded 7186 clamped 4096
[kinematics-ws] K clamp binds: eid 1002 demanded 14672 clamped 4096
[kinematics-ws] K clamp binds: eid 1001 demanded 29922 clamped 4096
[kinematics-ws] K clamp binds: eid 1003 demanded 7182 clamped 4096
[kinematics-ws] K clamp binds: eid 1002 demanded 14652 clamped 4096
[kinematics-ws] K clamp binds: eid [kinematics-ws] K clamp binds: eid 1003 demanded1001  demanded 7186 29925 clamped clamped 40964096

[kinematics-ws] K clamp binds: eid 1002 demanded 14675 clamped 4096
[kinematics-ws] K clamp binds: eid 1001 demanded 29924 clamped 4096
[kinematics-ws] K clamp binds: eid 1002 demanded 14656 clamped 4096
[kinematics-ws] K clamp binds: eid 1003 demanded 7186 clamped 4096
[kinematics-ws] K clamp binds: eid 1001 demanded 29925 clamped 4096
[kinematics-ws] K clamp binds: eid[kinematics-ws] K clamp binds: eid  10031002  demanded demanded7184 clamped  14670 clamped 4096
4096
[kinematics-ws] K clamp binds: eid 1002 demanded 14673 clamped 4096
[kinematics-ws] K clamp binds: eid 1003 demanded 7191 clamped 4096
[kinematics-ws] K clamp binds: eid 1001 demanded 29926 clamped 4096
[kinematics-ws] K clamp binds: eid 1002 demanded 14658 clamped 4096
[kinematics-ws] K clamp binds: eid 1003 demanded 7185 clamped 4096
[kinematics-ws] K clamp binds: eid 1001 demanded 29936 clamped 4096
[kinematics-ws] K clamp binds: eid 1002 demanded 14679 clamped 4096
[kinematics-ws] K clamp binds: eid 1001 demanded 29939 clamped 4096
[kinematics-ws] K clamp binds: eid 1003 demanded 7190 clamped 4096
[kinematics-ws] K clamp binds: eid 1001 demanded 29941 clamped 4096
[kinematics-ws] K clamp binds: eid 1003 demanded 7193 clamped 4096
[kinematics-ws] K clamp binds: eid 1002 demanded 14685 clamped 4096
[kinematics-ws] K clamp binds: eid 1001 demanded 29943 clamped 4096
[kinematics-ws] K clamp binds: eid 1002 demanded 14672 clamped 4096
[kinematics-ws] K clamp binds: eid 1003 demanded 7188 clamped 4096
[kinematics-ws] K clamp binds: eid 1001 demanded 29944 clamped 4096
[kinematics-ws] K clamp binds: eid 1003 demanded 7192 clamped 4096
[kinematics-ws] K clamp binds: eid 1002 demanded 14667 clamped 4096
[kinematics-ws] K clamp binds: eid 1001 demanded 29945 clamped 4096
[kinematics-ws] K clamp binds: eid 1002 demanded 14675 clamped 4096
[kinematics-ws] K clamp binds: eid 1003 demanded 7198 clamped 4096
[kinematics-ws] K clamp binds: eid 1003 demanded 7194 clamped 4096
[kinematics-ws] K clamp binds: eid 1001 demanded 29949 clamped 4096
[kinematics-ws] K clamp binds: eid 1002 demanded 14685 clamped 4096
[kinematics-ws] K clamp binds: eid 1002 demanded 14692 clamped 4096
[kinematics-ws] K clamp binds: eid 1003 demanded 7193 clamped 4096
[kinematics-ws] K clamp binds: eid 1001 demanded 29953 clamped 4096
[kinematics-ws] K clamp binds: eid 1001 demanded 29942 clamped 4096
[kinematics-ws] K clamp binds: eid 1003 demanded 7197 clamped 4096
[kinematics-ws] K clamp binds: eid 1002 demanded 14695 clamped 4096
[kinematics-ws] K clamp binds: eid 1002 demanded 14695 clamped 4096
[kinematics-ws] K clamp binds: eid 1001 demanded 29943 clamped 4096
[kinematics-ws] K clamp binds: eid 1003 demanded 7202 clamped 4096
[kinematics-ws] K clamp binds: eid 1003 demanded 7203 clamped 4096
[kinematics-ws] K clamp binds: eid 1002 demanded 14691 clamped 4096
[kinematics-ws] K clamp binds: eid 1001 demanded 29946 clamped 4096
[kinematics-ws] K clamp binds: eid 1001 demanded 29947 clamped 4096
[kinematics-ws] K clamp binds: eid 1003 demanded 7200 clamped 4096
[kinematics-ws] K clamp binds: eid 1002 demanded 14685 clamped 4096
[kinematics-ws] K clamp binds: eid 1001 demanded 29945 clamped 4096
[kinematics-ws] K clamp binds: eid [kinematics-ws] K clamp binds: eid 1003 demanded 7199 clamped 4096
1002 demanded 14677 clamped 4096
[kinematics-ws] K clamp binds: eid 1001 demanded 29958 clamped 4096
[kinematics-ws] K clamp binds: eid 1003 demanded 7200 clamped 4096
[kinematics-ws] K clamp binds: eid 1002 demanded 14677 clamped 4096
[kinematics-ws] K clamp binds: eid 1001 demanded 29965 clamped 4096
[kinematics-ws] K clamp binds: eid 1003 demanded 7202 clamped 4096
[kinematics-ws] K clamp binds: eid 1002 demanded 14691 clamped 4096
[kinematics-ws] K clamp binds: eid 1003 demanded 7205 clamped 4096
[kinematics-ws] K clamp binds: eid 1002 demanded 14699 clamped 4096
[kinematics-ws] K clamp binds: eid 1001 demanded 29965 clamped 4096
[kinematics-ws] K clamp binds: eid 1002 demanded 14681 clamped 4096
[kinematics-ws] K clamp binds: eid 1001 demanded 29966 clamped 4096
[kinematics-ws] K clamp binds: eid 1003 demanded 7207 clamped 4096
[kinematics-ws] K clamp binds: eid 1002 demanded 14675 clamped 4096
[kinematics-ws] K clamp binds: eid 1001 demanded 29968 clamped 4096
[kinematics-ws] K clamp binds: eid 1003 demanded 7209 clamped 4096
[kinematics-ws] K clamp binds: eid 1001 demanded 29970 clamped 4096
[kinematics-ws] K clamp binds: eid 1003 demanded 7210 clamped 4096
[kinematics-ws] K clamp binds: eid 1002 demanded 14696 clamped 4096
[kinematics-ws] K clamp binds: eid 1003 demanded 7210 clamped 4096
[kinematics-ws] K clamp binds: eid 1001 demanded 29972 clamped 4096
[kinematics-ws] K clamp binds: eid 1002 demanded 14675 clamped 4096
[kinematics-ws] K clamp binds: eid 1003 demanded 7210 clamped 4096
[kinematics-ws] K clamp binds: eid 1002 demanded 14686 clamped 4096
[kinematics-ws] K clamp binds: eid 1001 demanded 29967 clamped 4096
[kinematics-ws] K clamp binds: eid 1001 demanded 29960 clamped 4096
[kinematics-ws] K clamp binds: eid 1002 demanded 14683 clamped 4096
[kinematics-ws] K clamp binds: eid 1003 demanded 7210 clamped 4096
[kinematics-ws] K clamp binds: eid 1003 demanded 7209 clamped 4096
[kinematics-ws] K clamp binds: eid 1002 demanded 14685 clamped 4096
[kinematics-ws] K clamp binds: eid 1001 demanded 29968 clamped 4096
[kinematics-ws] K clamp binds: eid 1003 demanded 7208 clamped 4096
[kinematics-ws] K clamp binds: eid 1002 demanded 14681 clamped 4096
[kinematics-ws] K clamp binds: eid 1001 demanded 29960 clamped 4096
[kinematics-ws] K clamp binds: eid 1003 demanded 7206 clamped 4096
[kinematics-ws] K clamp binds: eid 1001 demanded 29971 clamped 4096
[kinematics-ws] K clamp binds: eid 1002 demanded 14696 clamped 4096
[kinematics-ws] K clamp binds: eid 1002 demanded 14675 clamped 4096
[kinematics-ws] K clamp binds: eid 1003 demanded 7205 clamped 4096
[kinematics-ws] K clamp binds: eid 1001 demanded 29969 clamped 4096
[kinematics-ws] K clamp binds: eid 1001 demanded 29971 clamped 4096
[kinematics-ws] K clamp binds: eid 1003 demanded 7205 clamped 4096
[kinematics-ws] K clamp binds: eid 1002 demanded 14698 clamped 4096
[kinematics-ws] K clamp binds: eid 1002 demanded 14700 clamped 4096
[kinematics-ws] K clamp binds: eid 1001 demanded 29980 clamped 4096
[kinematics-ws] K clamp binds: eid 1003 demanded 7208 clamped 4096
[kinematics-ws] K clamp binds: eid 1003 demanded 7211 clamped 4096
[kinematics-ws] K clamp binds: eid 1002 demanded 14683 clamped 4096
[kinematics-ws] K clamp binds: eid 1001 demanded 29987 clamped 4096
[kinematics-ws] K clamp binds: eid 1001 demanded 29990 clamped 4096
[kinematics-ws] K clamp binds: eid 1002 demanded 14690 clamped 4096
[kinematics-ws] K clamp binds: eid 1003 demanded 7211 clamped 4096
[kinematics-ws] K clamp binds: eid 1003 demanded 7207 clamped 4096
[kinematics-ws] K clamp binds: eid 1002 demanded 14707 clamped 4096
[kinematics-ws] K clamp binds: eid 1001 demanded 29990 clamped 4096
[kinematics-ws] K clamp binds: eid 1001 demanded 29986 clamped 4096
[kinematics-ws] K clamp binds: eid 1003 demanded 7203 clamped 4096
[kinematics-ws] K clamp binds: eid 1002 demanded 14715 clamped 4096
[kinematics-ws] K clamp binds: eid 1001 demanded 29984 clamped 4096
[kinematics-ws] K clamp binds: eid 1003 demanded 7205 clamped 4096
[kinematics-ws] K clamp binds: eid 1002 demanded 14713 clamped 4096
[kinematics-ws] K clamp binds: eid 1002 demanded 14709 clamped 4096
[kinematics-ws] K clamp binds: eid 1003 demanded 7209 clamped 4096
[kinematics-ws] K clamp binds: eid 1001 demanded 29988 clamped 4096
[kinematics-ws] K clamp binds: eid 1001 demanded 29987 clamped 4096
[kinematics-ws] K clamp binds: eid 1002 demanded 14707 clamped 4096
[kinematics-ws] K clamp binds: eid 1003 demanded 7207 clamped 4096
[kinematics-ws] K clamp binds: eid 1003 demanded 7201 clamped 4096
[kinematics-ws] K clamp binds: eid 1001 demanded 29979 clamped 4096
[kinematics-ws] K clamp binds: eid 1002 demanded 14707 clamped 4096
[kinematics-ws] K clamp binds: eid 1001 demanded 29989 clamped 4096
[kinematics-ws] K clamp binds: eid 1003 demanded 7205 clamped 4096
[kinematics-ws] K clamp binds: eid 1002 demanded 14709 clamped 4096
[kinematics-ws] K clamp binds: eid 1003 demanded 7207 clamped 4096
[kinematics-ws] K clamp binds: eid 1002 demanded 14714 clamped 4096
[kinematics-ws] K clamp binds: eid 1001 demanded 29983 clamped 4096
[kinematics-ws] K clamp binds: eid 1003 demanded 7201 clamped 4096
[kinematics-ws] K clamp binds: eid 1001 demanded 29989 clamped 4096
[kinematics-ws] K clamp binds: eid 1002 demanded 14719 clamped 4096
[kinematics-ws] K clamp binds: eid 1003 demanded 7204 clamped 4096
[kinematics-ws] K clamp binds: eid 1002 demanded 14719 clamped 4096
[kinematics-ws] K clamp binds: eid 1001 demanded 29999 clamped 4096
[kinematics-ws] K clamp binds: eid 1002 demanded 14708 clamped 4096
[kinematics-ws] K clamp binds: eid 1001 demanded 30000 clamped 4096
[kinematics-ws] K clamp binds: eid 1003 demanded 7206 clamped 4096
[kinematics-ws] K clamp binds: eid 1001 demanded 30001 clamped 4096
[kinematics-ws] K clamp binds: eid 1003 demanded 7199 clamped 4096
[kinematics-ws] K clamp binds: eid 1002 demanded 14696 clamped 4096
[kinematics-ws] K clamp binds: eid[kinematics-ws] K clamp binds: eid  10021001  demandeddemanded  1470330002  clampedclamped  40964096

[kinematics-ws] K clamp binds: eid 1003 demanded 7206 clamped 4096
[kinematics-ws] K clamp binds: eid 1001 demanded 30003 clamped 4096
[kinematics-ws] K clamp binds: eid 1002 demanded 14716 clamped 4096
[kinematics-ws] K clamp binds: eid 1003 demanded 7201 clamped 4096
[kinematics-ws] K clamp binds: eid 1003 demanded 7204 clamped 4096
[kinematics-ws] K clamp binds: eid 1001 demanded 30005 clamped 4096
[kinematics-ws] K clamp binds: eid 1002 demanded 14699 clamped 4096
[kinematics-ws] K clamp binds: eid 1001 demanded 30010 clamped 4096
[kinematics-ws] K clamp binds: eid 1002 demanded 14700 clamped 4096
[kinematics-ws] K clamp binds: eid 1003 demanded 7203 clamped 4096
[kinematics-ws] K clamp binds: eid 1003 demanded 7202 clamped 4096
[kinematics-ws] K clamp binds: eid 1001 demanded 30013 clamped 4096
[kinematics-ws] K clamp binds: eid 1002 demanded 14712 clamped 4096
[kinematics-ws] K clamp binds: eid 1002 demanded 14692 clamped 4096
[kinematics-ws] K clamp binds: eid 1003 demanded 7205 clamped 4096
[kinematics-ws] K clamp binds: eid 1001 demanded 30001 clamped 4096
[kinematics-ws] K clamp binds: eid 1001 demanded 30004 clamped 4096
[kinematics-ws] K clamp binds: eid 1002 demanded 14715 clamped 4096
[kinematics-ws] K clamp binds: eid 1003 demanded 7203 clamped 4096
[kinematics-ws] K clamp binds: eid 1001 demanded 30005 clamped 4096
[kinematics-ws] K clamp binds: eid 1003 demanded 7204 clamped 4096
[kinematics-ws] K clamp binds: eid 1002 demanded 14693 clamped 4096
[kinematics-ws] K clamp binds: eid 1002 demanded 14715 clamped 4096
[kinematics-ws] K clamp binds: eid 1003 demanded 7206 clamped 4096
[kinematics-ws] K clamp binds: eid 1001 demanded 30006 clamped 4096
[kinematics-ws] K clamp binds: eid 1002 demanded 14699 clamped 4096
[kinematics-ws] K clamp binds: eid 1001 demanded 30003 clamped 4096
[kinematics-ws] K clamp binds: eid 1003 demanded 7203 clamped 4096
[kinematics-ws] K clamp binds: eid 1001 demanded 30019 clamped 4096
[kinematics-ws] K clamp binds: eid 1003 demanded 7210 clamped 4096
[kinematics-ws] K clamp binds: eid 1002 demanded 14707 clamped 4096
[kinematics-ws] K clamp binds: eid 1003 demanded 7203 clamped 4096
[kinematics-ws] K clamp binds: eid 1001 demanded 30021 clamped 4096
[kinematics-ws] K clamp binds: eid 1002 demanded 14720 clamped 4096
[kinematics-ws] K clamp binds: eid 1002 demanded 14704 clamped 4096
[kinematics-ws] K clamp binds: eid 1001 demanded 30020 clamped 4096
[kinematics-ws] K clamp binds: eid 1003 demanded 7210 clamped 4096
[kinematics-ws] K clamp binds: eid 1002 demanded 14709 clamped 4096
[kinematics-ws] K clamp binds: eid 1003 demanded 7210 clamped 4096
[kinematics-ws] K clamp binds: eid 1001 demanded 30020 clamped 4096
[kinematics-ws] K clamp binds: eid 1003 demanded 7206 clamped 4096
[kinematics-ws] K clamp binds: eid 1002 demanded 14726 clamped 4096
[kinematics-ws] K clamp binds: eid 1001 demanded 30021 clamped 4096
[kinematics-ws] K clamp binds: eid[kinematics-ws] K clamp binds: eid  [kinematics-ws] K clamp binds: eid 100110031002  demanded demandeddemanded 30023 clamped   40967214 14728 clampedclamped 
4096 
4096
[kinematics-ws] K clamp binds: eid 1002 demanded 14721 clamped 4096
[kinematics-ws] K clamp binds: eid 1003 demanded 7213 clamped 4096
[kinematics-ws] K clamp binds: eid 1001 demanded 30028 clamped 4096
[kinematics-ws] K clamp binds: eid 1002 demanded 14715 clamped 4096
[kinematics-ws] K clamp binds: eid 1003 demanded 7209 clamped 4096
[kinematics-ws] K clamp binds: eid 1001 demanded 30035 clamped 4096
[kinematics-ws] K clamp binds: eid 1001 demanded 30027 clamped 4096
[kinematics-ws] K clamp binds: eid 1003 demanded 7214 clamped 4096
[kinematics-ws] K clamp binds: eid 1002 demanded 14714 clamped 4096
[kinematics-ws] K clamp binds: eid 1001 demanded 30017 clamped 4096
[kinematics-ws] K clamp binds: eid 1003 demanded 7219 clamped 4096
[kinematics-ws] K clamp binds: eid 1002 demanded 14715 clamped 4096
[kinematics-ws] K clamp binds: eid 1003 demanded 7217 clamped 4096
[kinematics-ws] K clamp binds: eid 1001 demanded 30032 clamped 4096
[kinematics-ws] K clamp binds: eid 1002 demanded 14716 clamped 4096
[kinematics-ws] K clamp binds: eid 1002 demanded 14716 clamped 4096
[kinematics-ws] K clamp binds: eid 1003 demanded 7214 clamped 4096
[kinematics-ws] K clamp binds: eid 1001 demanded 30016 clamped 4096
[kinematics-ws] K clamp binds: eid [kinematics-ws] K clamp binds: eid 1001 demanded 1003 30034demanded clamped  7217 clamped 40964096

[kinematics-ws] K clamp binds: eid 1002 demanded 14715 clamped 4096
[kinematics-ws] K clamp binds: eid[kinematics-ws] K clamp binds: eid  1001 1002 demandeddemanded  30030 clamped 14718 clamped 40964096

[kinematics-ws] K clamp binds: eid 1003 demanded 7222 clamped 4096
[kinematics-ws] K clamp binds: eid 1003 demanded 7225 clamped 4096
[kinematics-ws] K clamp binds: eid 1002 demanded 14727 clamped 4096
[kinematics-ws] K clamp binds: eid 1001 demanded 30026 clamped 4096
[kinematics-ws] K clamp binds: eid 1001 demanded 30038 clamped 4096
[kinematics-ws] K clamp binds: eid 1003 demanded 7224 clamped 4096
[kinematics-ws] K clamp binds: eid 1002 demanded 14739 clamped 4096
[kinematics-ws] K clamp binds: eid 1001 demanded 30049 clamped 4096
[kinematics-ws] K clamp binds: eid 1003 demanded 7222 clamped 4096
[kinematics-ws] K clamp binds: eid 1002 demanded 14739 clamped 4096
[kinematics-ws] K clamp binds: eid 1001 demanded 30053 clamped 4096
[kinematics-ws] K clamp binds: eid 1002 demanded 14721 clamped 4096
[kinematics-ws] K clamp binds: eid 1003 demanded 7221 clamped 4096
[kinematics-ws] K clamp binds: eid 1001 demanded 30054 clamped 4096
[kinematics-ws] K clamp binds: eid 1002 demanded 14714 clamped 4096
[kinematics-ws] K clamp binds: eid 1003 demanded 7221 clamped 4096
[kinematics-ws] K clamp binds: eid 1003 demanded 7222 clamped 4096
[kinematics-ws] K clamp binds: eid 1001 demanded 30049 clamped 4096
[kinematics-ws] K clamp binds: eid 1002 demanded 14735 clamped 4096
[kinematics-ws] K clamp binds: eid 1001 demanded 30041 clamped 4096
[kinematics-ws] K clamp binds: eid 1002 demanded 14726 clamped 4096
[kinematics-ws] K clamp binds: eid 1003 demanded 7223 clamped 4096
[kinematics-ws] K clamp binds: eid 1001 demanded 30042 clamped 4096
[kinematics-ws] K clamp binds: eid 1003 demanded 7225 clamped 4096
[kinematics-ws] K clamp binds: eid 1002 demanded 14712 clamped 4096
[kinematics-ws] K clamp binds: eid 1001 demanded 30053 clamped 4096
[kinematics-ws] K clamp binds: eid 1003 demanded 7225 clamped 4096
[kinematics-ws] K clamp binds: eid 1002 demanded 14737 clamped 4096
[kinematics-ws] K clamp binds: eid 1002 demanded 14710 clamped 4096
[kinematics-ws] K clamp binds: eid 1003 demanded 7226 clamped 4096
[kinematics-ws] K clamp binds: eid 1001 demanded 30040 clamped 4096
[kinematics-ws] K clamp binds: eid 1001 demanded 30045 clamped 4096
[kinematics-ws] K clamp binds: eid 1003 demanded 7226 clamped 4096
[kinematics-ws] K clamp binds: eid 1002 demanded 14736 clamped 4096
[kinematics-ws] K clamp binds: eid 1003 demanded 7225 clamped 4096
[kinematics-ws] K clamp binds: eid 1001 demanded 30042 clamped 4096
[kinematics-ws] K clamp binds: eid 1002 demanded 14711 clamped 4096
[kinematics-ws] K clamp binds: eid 1003 demanded 7224 clamped 4096
[kinematics-ws] K clamp binds: eid 1002 demanded 14739 clamped 4096
[kinematics-ws] K clamp binds: eid 1001 demanded 30053 clamped 4096
[kinematics-ws] K clamp binds: eid 1002 demanded 14714 clamped 4096
[kinematics-ws] K clamp binds: eid 1003 demanded 7223 clamped 4096
[kinematics-ws] K clamp binds: eid 1001 demanded 30043 clamped 4096
[kinematics-ws] K clamp binds: eid 1001 demanded 30053 clamped 4096
[kinematics-ws] K clamp binds: eid 1003 demanded 7223 clamped 4096
[kinematics-ws] K clamp binds: eid 1002 demanded 14732 clamped 4096
[kinematics-ws] K clamp binds: eid 1001 demanded 30067 clamped 4096
[kinematics-ws] K clamp binds: eid 1003 demanded 7225 clamped 4096
[kinematics-ws] K clamp binds: eid 1002 demanded 14738 clamped 4096
[kinematics-ws] K clamp binds: eid 1001 demanded 30072 clamped 4096
[kinematics-ws] K clamp binds: eid 1002 demanded 14719 clamped 4096
[kinematics-ws] K clamp binds: eid 1003 demanded 7229 clamped 4096
[kinematics-ws] K clamp binds: eid 1001 demanded 30073 clamped 4096
[kinematics-ws] K clamp binds: eid 1002 demanded 14733 clamped 4096
[kinematics-ws] K clamp binds: eid 1003 demanded 7233 clamped 4096
[kinematics-ws] K clamp binds: eid 1003 demanded 7233 clamped 4096
[kinematics-ws] K clamp binds: eid 1002 demanded 14750 clamped 4096
[kinematics-ws] K clamp binds: eid 1001 demanded 30074 clamped 4096
[kinematics-ws] K clamp binds: eid 1001 demanded 30074 clamped 4096
[kinematics-ws] K clamp binds: eid 1003 demanded 7229 clamped 4096
[kinematics-ws] K clamp binds: eid 1002 demanded 14745 clamped 4096
[kinematics-ws] K clamp binds: eid 1001 demanded 30069 clamped 4096
[kinematics-ws] K clamp binds: eid 1003 demanded 7223 clamped 4096
[kinematics-ws] K clamp binds: eid 1002 demanded 14733 clamped 4096
[kinematics-ws] K clamp binds: eid 1001 demanded 30062 clamped 4096
[kinematics-ws] K clamp binds: eid 1003 demanded 7222 clamped 4096
[kinematics-ws] K clamp binds: eid 1002 demanded 14729 clamped 4096
[kinematics-ws] K clamp binds: eid 1002 demanded 14732 clamped 4096
[kinematics-ws] K clamp binds: eid 1001 demanded 30066 clamped 4096
[kinematics-ws] K clamp binds: eid 1003 demanded 7228 clamped 4096
[kinematics-ws] K clamp binds: eid 1003 demanded 7232 clamped 4096
[kinematics-ws] K clamp binds: eid 1001 demanded 30067 clamped 4096
[kinematics-ws] K clamp binds: eid 1002 demanded 14737 clamped 4096
[kinematics-ws] K clamp binds: eid 1001 demanded 30060 clamped 4096
[kinematics-ws] K clamp binds: eid 1003 demanded 7225 clamped 4096
[kinematics-ws] K clamp binds: eid 1002 demanded 14740 clamped 4096
[kinematics-ws] K clamp binds: eid 1003 demanded 7220 clamped 4096
[kinematics-ws] K clamp binds: eid 1002 demanded 14740 clamped 4096
[kinematics-ws] K clamp binds: eid 1001 demanded 30068 clamped 4096
[kinematics-ws] K clamp binds: eid 1002 demanded 14737 clamped 4096
[kinematics-ws] K clamp binds: eid 1001 demanded 30065 clamped 4096
[kinematics-ws] K clamp binds: eid 1003 demanded 7228 clamped 4096
[kinematics-ws] K clamp binds: eid 1001 demanded 30068 clamped 4096
[kinematics-ws] K clamp binds: eid 1002 demanded 14733 clamped 4096
[kinematics-ws] K clamp binds: eid 1003 demanded 7228 clamped 4096
[kinematics-ws] K clamp binds: eid 1003 demanded 7219 clamped 4096
[kinematics-ws] K clamp binds: eid 1002 demanded 14733 clamped 4096
[kinematics-ws] K clamp binds: eid 1001 demanded 30079 clamped 4096
[kinematics-ws] K clamp binds: eid 1003 demanded 7225 clamped 4096
[kinematics-ws] K clamp binds: eid 1002 demanded 14743 clamped 4096
[kinematics-ws] K clamp binds: eid 1001 demanded 30082 clamped 4096
[kinematics-ws] K clamp binds: eid 1001 demanded 30083 clamped 4096
[kinematics-ws] K clamp binds: eid 1003 demanded 7228 clamped 4096
[kinematics-ws] K clamp binds: eid 1002 demanded 14759 clamped 4096
[kinematics-ws] K clamp binds: eid 1001 demanded 30084 clamped 4096
[kinematics-ws] K clamp binds: eid 1002 demanded 14761 clamped 4096
[kinematics-ws] K clamp binds: eid 1003 demanded 7218 clamped 4096
[kinematics-ws] K clamp binds: eid 1001 demanded 30085 clamped 4096
[kinematics-ws] K clamp binds: eid 1002 demanded 14738 clamped 4096
[kinematics-ws] K clamp binds: eid 1003 demanded 7227 clamped 4096
[kinematics-ws] K clamp binds: eid 1003 demanded 7223 clamped 4096
[kinematics-ws] K clamp binds: eid 1001 demanded 30086 clamped 4096
[kinematics-ws] K clamp binds: eid 1002 demanded 14732 clamped 4096
[kinematics-ws] K clamp binds: eid 1001 demanded 30089 clamped 4096
[kinematics-ws] K clamp binds: eid 1003 demanded 7220 clamped 4096
[kinematics-ws] K clamp binds: eid 1002 demanded 14759 clamped 4096
[kinematics-ws] K clamp binds: eid 1003 demanded 7227 clamped 4096
[kinematics-ws] K clamp binds: eid 1002 demanded 14742 clamped 4096
[kinematics-ws] K clamp binds: eid 1001 demanded 30092 clamped 4096
[kinematics-ws] K clamp binds: eid 1001 demanded 30085 clamped 4096
[kinematics-ws] K clamp binds: eid 1002 demanded 14733 clamped 4096
[kinematics-ws] K clamp binds: eid 1003 demanded 7217 clamped 4096
[kinematics-ws] K clamp binds: eid 1001 demanded 30081 clamped 4096
[kinematics-ws] K clamp binds: eid 1003 demanded 7229 clamped 4096
[kinematics-ws] K clamp binds: eid 1002 demanded 14758 clamped 4096
[kinematics-ws] K clamp binds: eid 1001 demanded 30088 clamped 4096
[kinematics-ws] K clamp binds: eid 1003 demanded 7218 clamped 4096
[kinematics-ws] K clamp binds: eid 1002 demanded 14727 clamped 4096
[kinematics-ws] K clamp binds: eid 1001 demanded 30079 clamped 4096
[kinematics-ws] K clamp binds: eid 1002 demanded 14760 clamped 4096
[kinematics-ws] K clamp binds: eid 1003 demanded 7229 clamped 4096
[kinematics-ws] K clamp binds: eid 1001 demanded 30090 clamped 4096
[kinematics-ws] K clamp binds: eid 1003 demanded 7218 clamped 4096
[kinematics-ws] K clamp binds: eid 1002 demanded 14728 clamped 4096
[kinematics-ws] K clamp binds: eid 1002 demanded 14761 clamped [kinematics-ws] K clamp binds: eid4096 
1001 demanded 30088 [kinematics-ws] K clamp binds: eid 1003 demanded 7230 clamped 4096
clamped 4096
[kinematics-ws] K clamp binds: eid 1001 demanded 30088 clamped 4096
[kinematics-ws] K clamp binds: eid 1002 demanded 14735 clamped 4096
[kinematics-ws] K clamp binds: eid 1003 demanded 7219 clamped 4096
[kinematics-ws] K clamp binds: eid 1002 demanded 14748 clamped 4096
[kinematics-ws] K clamp binds: eid 1001 demanded 30099 clamped 4096
[kinematics-ws] K clamp binds: eid 1003 demanded 7229 clamped 4096
[kinematics-ws] K clamp binds: eid 1001 demanded 30106 clamped 4096
[kinematics-ws] K clamp binds: eid 1002 demanded 14763 clamped 4096
[kinematics-ws] K clamp binds: eid 1003 demanded 7224 clamped 4096
[kinematics-ws] K clamp binds: eid 1001 demanded 30109 clamped 4096
[kinematics-ws] K clamp binds: eid 1003 demanded 7225 clamped 4096
[kinematics-ws] K clamp binds: eid 1002 demanded 14737 clamped 4096
[kinematics-ws] K clamp binds: eid 1003 demanded 7232 clamped 4096
[kinematics-ws] K clamp binds: eid 1001 demanded 30111 clamped 4096
[kinematics-ws] K clamp binds: eid 1002 demanded 14749 clamped 4096
[kinematics-ws] K clamp binds: eid 1001 demanded 30111 clamped 4096
[kinematics-ws] K clamp binds: eid 1003 demanded 7223 clamped 4096
[kinematics-ws] K clamp binds: eid 1002 demanded 14772 clamped 4096
[kinematics-ws] K clamp binds: eid[kinematics-ws] K clamp binds: eid  1002 demanded 1003 14767 demanded clamped7232 clamped  40964096

[kinematics-ws] K clamp binds: eid 1001 demanded 30110 clamped 4096
[kinematics-ws] K clamp binds: eid 1002 demanded 14751 clamped 4096
[kinematics-ws] K clamp binds: eid 1003 demanded 7233 clamped 4096
[kinematics-ws] K clamp binds: eid 1001 demanded 30107 clamped 4096
[kinematics-ws] K clamp binds: eid 1003 demanded 7226 clamped 4096
[kinematics-ws] K clamp binds: eid 1002 demanded 14746 clamped 4096
[kinematics-ws] K clamp binds: eid 1001 demanded 30105 clamped 4096
[kinematics-ws] K clamp binds: eid 1003 demanded 7234 clamped 4096
[kinematics-ws] K clamp binds: eid 1001 demanded 30106 clamped 4096
[kinematics-ws] K clamp binds: eid 1002 demanded 14751 clamped 4096
[kinematics-ws] K clamp binds: eid 1001 demanded 30103 clamped 4096
[kinematics-ws] K clamp binds: eid 1002 demanded 14759 clamped 4096
[kinematics-ws] K clamp binds: eid 1003 demanded 7238 clamped 4096
[kinematics-ws] K clamp binds: eid 1001 demanded 30104 clamped 4096
[kinematics-ws] K clamp binds: eid 1002 demanded 14765 clamped 4096
[kinematics-ws] K clamp binds: eid 1003 demanded 7231 clamped 4096
[kinematics-ws] K clamp binds: eid 1001 demanded 30104 clamped 4096
[kinematics-ws] K clamp binds: eid 1002 demanded 14767 clamped 4096
[kinematics-ws] K clamp binds: eid 1003 demanded 7231 clamped 4096
[kinematics-ws] K clamp binds: eid 1003 demanded 7240 clamped 4096
[kinematics-ws] K clamp binds: eid [kinematics-ws] K clamp binds: eid 1001 demanded 30108 clamped 4096
1002 demanded 14765 clamped 4096
[kinematics-ws] K clamp binds: eid 1002 demanded 14759 clamped 4096
[kinematics-ws] K clamp binds: eid 1001 demanded 30109 clamped 4096
[kinematics-ws] K clamp binds: eid 1003 demanded 7243 clamped 4096
[kinematics-ws] K clamp binds: eid 1003 demanded 7238 clamped 4096
[kinematics-ws] K clamp binds: eid 1001 demanded 30115 clamped 4096
[kinematics-ws] K clamp binds: eid 1002 demanded 14753 clamped 4096
[kinematics-ws] K clamp binds: eid 1002 demanded 14751 clamped 4096
[kinematics-ws] K clamp binds: eid 1001 demanded 30120 clamped 4096
[kinematics-ws] K clamp binds: eid 1003 demanded 7234 clamped 4096
[kinematics-ws] K clamp binds: eid 1001 demanded 30124 clamped 4096
[kinematics-ws] K clamp binds: eid 1003 demanded 7237 clamped 4096
[kinematics-ws] K clamp binds: eid 1002 demanded 14762 clamped 4096
[kinematics-ws] K clamp binds: eid 1003 demanded 7243 clamped 4096
[kinematics-ws] K clamp binds: eid 1002 demanded 14781 clamped 4096
[kinematics-ws] K clamp binds: eid 1001 demanded 30126 clamped 4096
[kinematics-ws] K clamp binds: eid 1001 demanded 30127 clamped 4096
[kinematics-ws] K clamp binds: eid 1003 demanded 7248 clamped 4096
[kinematics-ws] K clamp binds: eid 1002 demanded 14782 clamped 4096
[kinematics-ws] K clamp binds: eid 1003 demanded 7249 clamped 4096
[kinematics-ws] K clamp binds: eid 1002 demanded 14756 clamped 4096
[kinematics-ws] K clamp binds: eid 1001 demanded 30127 clamped 4096
[kinematics-ws] K clamp binds: eid 1002 demanded 14752 clamped 4096
[kinematics-ws] K clamp binds: eid 1003 demanded 7247 clamped 4096
[kinematics-ws] K clamp binds: eid 1001 demanded 30127 clamped 4096
[kinematics-ws] K clamp binds: eid 1003 demanded 7245 clamped 4096
[kinematics-ws] K clamp binds: eid 1001 demanded 30129 clamped 4096
[kinematics-ws] K clamp binds: eid 1002 demanded 14781 clamped 4096
[kinematics-ws] K clamp binds: eid 1002 demanded 14759 clamped 4096
[kinematics-ws] K clamp binds: eid 1001 demanded 30129 clamped 4096
[kinematics-ws] K clamp binds: eid 1003 demanded 7243 clamped 4096
[kinematics-ws] K clamp binds: eid 1001 demanded 30123 clamped 4096
[kinematics-ws] K clamp binds: eid 1003 demanded 7242 clamped 4096
[kinematics-ws] K clamp binds: eid 1002 demanded 14754 clamped 4096
[kinematics-ws] K clamp binds: eid 1001 demanded 30124 clamped 4096
[kinematics-ws] K clamp binds: eid 1003 demanded 7242 clamped 4096
[kinematics-ws] K clamp binds: eid 1002 demanded 14779 clamped 4096
[kinematics-ws] K clamp binds: eid 1001 demanded 30124 clamped 4096
[kinematics-ws] K clamp binds: eid 1003 demanded 7241 clamped 4096
[kinematics-ws] K clamp binds: eid 1002 demanded 14745 clamped 4096
[kinematics-ws] K clamp binds: eid 1002 demanded 14782 clamped 4096
[kinematics-ws] K clamp binds: eid 1001 demanded 30125 clamped 4096
[kinematics-ws] K clamp binds: eid 1003 demanded 7242 clamped 4096
[kinematics-ws] K clamp binds: eid[kinematics-ws] K clamp binds: eid 1001 demanded 30126 clamped 4096
[kinematics-ws] K clamp binds: eid 1002 demanded 14746 clamped 4096
 1003 demanded 7242 clamped 4096
[kinematics-ws] K clamp binds: eid [kinematics-ws] K clamp binds: eid 1003 demanded 1002 7242 demanded clamped 14782 clamped 40964096

[kinematics-ws] K clamp binds: eid 1001 demanded 30133 clamped 4096
[kinematics-ws] K clamp binds: eid 1001 demanded 30134 clamped 4096
[kinematics-ws] K clamp binds: eid 1003 demanded 7242 clamped 4096
[kinematics-ws] K clamp binds: eid 1002 demanded 14753 clamped 4096
[kinematics-ws] K clamp binds: eid 1002 demanded 14770 clamped 4096
[kinematics-ws] K clamp binds: eid 1003 demanded 7244 clamped 4096
[kinematics-ws] K clamp binds: eid 1001 demanded 30136 clamped 4096
[kinematics-ws] K clamp binds: eid 1002 demanded 14782 clamped 4096
[kinematics-ws] K clamp binds: eid 1001 demanded 30141 clamped 4096
[kinematics-ws] K clamp binds: eid 1003 demanded 7246 clamped 4096
[kinematics-ws] K clamp binds: eid 1001 demanded 30145 clamped 4096
[kinematics-ws] K clamp binds: eid 1002 demanded 14753 clamped 4096
[kinematics-ws] K clamp binds: eid 1003 demanded 7250 clamped 4096
[kinematics-ws] K clamp binds: eid 1002 demanded 14774 clamped 4096
[kinematics-ws] K clamp binds: eid 1003 demanded 7253 clamped 4096
[kinematics-ws] K clamp binds: eid 1001 demanded 30146 clamped 4096
[kinematics-ws] K clamp binds: eid 1002 demanded 14793 clamped 4096
[kinematics-ws] K clamp binds: eid 1003 demanded 7255 clamped 4096
[kinematics-ws] K clamp binds: eid 1001 demanded 30145 clamped 4096
[kinematics-ws] K clamp binds: eid 1001 demanded 30143 clamped 4096
[kinematics-ws] K clamp binds: eid 1002 demanded 14777 clamped 4096
[kinematics-ws] K clamp binds: eid 1003 demanded 7253 clamped 4096
[kinematics-ws] K clamp binds: eid 1001 demanded 30146 clamped 4096
[kinematics-ws] K clamp binds: eid 1003 demanded 7247 clamped 4096
[kinematics-ws] K clamp binds: eid 1002 demanded 14762 clamped 4096
[kinematics-ws] K clamp binds: eid 1001 demanded 30152 clamped 4096
[kinematics-ws] K clamp binds: eid 1002 demanded 14767 clamped 4096
[kinematics-ws] K clamp binds: eid 1003 demanded 7241 clamped 4096
[kinematics-ws] K clamp binds: eid 1003 demanded 7242 clamped 4096
[kinematics-ws] K clamp binds: eid 1002 demanded 14783 clamped 4096
[kinematics-ws] K clamp binds: eid 1001 demanded 30145 clamped 4096
[kinematics-ws] K clamp binds: eid 1001 demanded 30139 clamped 4096
[kinematics-ws] K clamp binds: eid 1003 demanded 7249 clamped 4096
[kinematics-ws] K clamp binds: eid 1002 demanded 14795 clamped 4096
[kinematics-ws] K clamp binds: eid 1002 demanded 14802 clamped 4096
[kinematics-ws] K clamp binds: eid 1003 demanded 7253 clamped 4096
[kinematics-ws] K clamp binds: eid 1001 demanded 30149 clamped 4096
[kinematics-ws] K clamp binds: eid 1003 demanded 7247 clamped 4096
[kinematics-ws] K clamp binds: eid 1001 demanded 30139 clamped 4096
[kinematics-ws] K clamp binds: eid 1002 demanded 14804 clamped 4096
[kinematics-ws] K clamp binds: eid 1003 demanded 7239 clamped 4096
[kinematics-ws] K clamp binds: eid 1001 demanded 30150 clamped 4096
[kinematics-ws] K clamp binds: eid 1002 demanded 14805 clamped 4096
[kinematics-ws] K clamp binds: eid 1003 demanded 7245 clamped 4096
[kinematics-ws] K clamp binds: eid 1002 demanded 14804 clamped 4096
[kinematics-ws] K clamp binds: eid 1001 demanded 30151 clamped 4096
[kinematics-ws] K clamp binds: eid 1002 demanded 14800 clamped 4096
[kinematics-ws] K clamp binds: eid 1003 demanded 7252 clamped 4096
[kinematics-ws] K clamp binds: eid 1001 demanded 30147 clamped 4096
[kinematics-ws] K clamp binds: eid 1001 demanded 30157 clamped 4096
[kinematics-ws] K clamp binds: eid 1002 demanded 14792 clamped 4096
[kinematics-ws] K clamp binds: eid 1003 demanded 7243 clamped 4096
[kinematics-ws] K clamp binds: eid 1001 demanded 30166 clamped 4096
[kinematics-ws] K clamp binds: eid 1003 demanded 7239 clamped 4096
[kinematics-ws] K clamp binds: eid 1002 demanded 14779 clamped 4096
[kinematics-ws] K clamp binds: eid 1003 demanded 7250 clamped 4096
[kinematics-ws] K clamp binds: eid 1001 demanded 30171 clamped 4096
[kinematics-ws] K clamp binds: eid 1002 demanded 14771 clamped 4096
[kinematics-ws] K clamp binds: eid 1003 demanded 7244 clamped 4096
[kinematics-ws] K clamp binds: eid 1002 demanded 14780 clamped 4096
[kinematics-ws] K clamp binds: eid 1001 demanded 30172 clamped 4096
[kinematics-ws] K clamp binds: eid 1002 demanded 14800 clamped 4096
[kinematics-ws] K clamp binds: eid 1003 demanded 7238 clamped 4096
[kinematics-ws] K clamp binds: eid 1001 demanded 30173 clamped 4096
[kinematics-ws] K clamp binds: eid 1002 demanded 14797 clamped 4096
[kinematics-ws] K clamp binds: eid 1003 demanded 7250 clamped 4096
[kinematics-ws] K clamp binds: eid 1001 demanded 30171 clamped 4096
[kinematics-ws] K clamp binds: eid 1003 demanded 7240 clamped 4096
[kinematics-ws] K clamp binds: eid 1002 demanded 14770 clamped 4096
[kinematics-ws] K clamp binds: eid 1001 demanded 30167 clamped 4096
[kinematics-ws] K clamp binds: eid 1001 demanded 30164 clamped 4096
[kinematics-ws] K clamp binds: eid 1002 demanded 14782 clamped 4096
[kinematics-ws] K clamp binds: eid 1003 demanded 7242 clamped 4096
[kinematics-ws] K clamp binds: eid 1001 demanded 30167 clamped 4096[kinematics-ws] K clamp binds: eid 
1003 demanded 7248 clamped [kinematics-ws] K clamp binds: eid 1002 demanded 14799 clamped 4096
4096
[kinematics-ws] K clamp binds: eid 1001 demanded 30166 clamped 4096
[kinematics-ws] K clamp binds: eid 1003 demanded 7236 clamped 4096
[kinematics-ws] K clamp binds: eid 1002 demanded 14768 clamped 4096
[kinematics-ws] K clamp binds: eid 1001 demanded 30160 clamped 4096
[kinematics-ws] K clamp binds: eid 1003 demanded 7249 clamped 4096
[kinematics-ws] K clamp binds: eid 1002 demanded 14792 clamped 4096
[kinematics-ws] K clamp binds: eid 1002 demanded 14781 clamped 4096
[kinematics-ws] K clamp binds: eid 1003 demanded 7237 clamped 4096
[kinematics-ws] K clamp binds: eid 1001 demanded 30167 clamped 4096
[kinematics-ws] K clamp binds: eid 1002 demanded 14782 clamped 4096
[kinematics-ws] K clamp binds: eid 1003 demanded 7248 clamped 4096
[kinematics-ws] K clamp binds: eid 1001 demanded 30162 clamped 4096
[kinematics-ws] K clamp binds: eid 1003 demanded 7239 clamped 4096
[kinematics-ws] K clamp binds: eid 1001 demanded 30169 clamped 4096
[kinematics-ws] K clamp binds: eid 1002 demanded 14786 clamped 4096
[kinematics-ws] K clamp binds: eid 1003 demanded 7248 clamped 4096
[kinematics-ws] K clamp binds: eid 1001 demanded 30172 clamped 4096
[kinematics-ws] K clamp binds: eid 1002 demanded 14785 clamped 4096
[kinematics-ws] K clamp binds: eid 1001 demanded 30172 clamped 4096
[kinematics-ws] K clamp binds: eid 1003 demanded 7239 clamped 4096
[kinematics-ws] K clamp binds: eid 1002 demanded 14779 clamped 4096
[kinematics-ws] K clamp binds: eid 1001 demanded 30177 clamped 4096
[kinematics-ws] K clamp binds: eid 1003 demanded 7250 clamped 4096
[kinematics-ws] K clamp binds: eid 1002 demanded 14801 clamped 4096
[kinematics-ws] K clamp binds: eid 1002 demanded 14771 clamped 4096
[kinematics-ws] K clamp binds: eid 1001 demanded 30183 clamped 4096
[kinematics-ws] K clamp binds: eid 1003 demanded 7238 clamped 4096
[kinematics-ws] K clamp binds: eid 1003 demanded 7252 clamped 4096
[kinematics-ws] K clamp binds: eid 1002 demanded 14798 clamped 4096
[kinematics-ws] K clamp binds: eid 1001 demanded 30188 clamped 4096
[kinematics-ws] K clamp binds: eid 1002 demanded 14802 clamped 4096
[kinematics-ws] K clamp binds: eid 1003 demanded 7240 clamped 4096
[kinematics-ws] K clamp binds: eid 1001 demanded 30189 clamped 4096
[kinematics-ws] K clamp binds: eid 1001 demanded 30188 clamped 4096
[kinematics-ws] K clamp binds: eid 1002 demanded 14778 clamped 4096
[kinematics-ws] K clamp binds: eid 1003 demanded 7250 clamped 4096
[kinematics-ws] K clamp binds: eid[kinematics-ws] K clamp binds: eid  10011003  demanded demanded 30186 7247 clampedclamped  40964096

[kinematics-ws] K clamp binds: eid 1002 demanded 14789 clamped 4096
[kinematics-ws] K clamp binds: eid 1003 demanded 7243 clamped 4096
[kinematics-ws] K clamp binds: eid 1001 demanded 30184 clamped 4096
[kinematics-ws] K clamp binds: eid 1002 demanded 14812 clamped 4096
[kinematics-ws] K clamp binds: eid 1001 demanded 30188 clamped 4096
[kinematics-ws] K clamp binds: eid 1003 demanded 7255 clamped 4096
[kinematics-ws] K clamp binds: eid 1002 demanded 14813 clamped 4096
[kinematics-ws] K clamp binds: eid 1003 demanded 7246 clamped 4096
[kinematics-ws] K clamp binds: eid 1001 demanded 30189 clamped 4096
[kinematics-ws] K clamp binds: eid 1002 demanded 14799 clamped 4096
[kinematics-ws] K clamp binds: eid 1001 demanded 30180 clamped 4096
[kinematics-ws] K clamp binds: eid 1002 demanded 14789 clamped 4096
[kinematics-ws] K clamp binds: eid 1003 demanded 7247 clamped 4096
[kinematics-ws] K clamp binds: eid 1002 demanded 14787 clamped 4096
[kinematics-ws] K clamp binds: eid 1001 demanded 30186 clamped 4096
[kinematics-ws] K clamp binds: eid 1003 demanded 7258 clamped 4096
[kinematics-ws] K clamp binds: eid 1003 demanded 7250 clamped 4096
[kinematics-ws] K clamp binds: eid 1002 demanded 14791 clamped 4096
[kinematics-ws] K clamp binds: eid 1001 demanded 30181 clamped 4096
[kinematics-ws] K clamp binds: eid 1001 demanded 30188 clamped 4096
[kinematics-ws] K clamp binds: eid 1002 demanded 14794 clamped 4096
[kinematics-ws] K clamp binds: eid 1003 demanded 7248 clamped 4096
[kinematics-ws] K clamp binds: eid 1001 demanded 30183 clamped 4096
[kinematics-ws] K clamp binds: eid 1003 demanded 7259 clamped 4096
[kinematics-ws] K clamp binds: eid 1002 demanded 14795 clamped 4096
[kinematics-ws] K clamp binds: eid 1002 demanded 14794 clamped 4096
[kinematics-ws] K clamp binds: eid 1003 demanded 7260 clamped 4096
[kinematics-ws] K clamp binds: eid 1001 demanded 30194 clamped 4096
[kinematics-ws] K clamp binds: eid 1002 demanded 14791 clamped 4096
[kinematics-ws] K clamp binds: eid 1003 demanded 7252 clamped 4096
[kinematics-ws] K clamp binds: eid 1001 demanded 30198 clamped 4096
[kinematics-ws] K clamp binds: eid 1003 demanded 7252 clamped 4096
[kinematics-ws] K clamp binds: eid 1001 demanded 30197 clamped 4096
[kinematics-ws] K clamp binds: eid 1002 demanded 14789 clamped 4096
[kinematics-ws] K clamp binds: eid 1003 demanded 7260 clamped 4096
[kinematics-ws] K clamp binds: eid 1001 demanded 30198 clamped 4096
[kinematics-ws] K clamp binds: eid 1002 demanded 14795 clamped 4096
[kinematics-ws] K clamp binds: eid 1001 demanded 30201 clamped 4096
[kinematics-ws] K clamp binds: eid 1002 demanded 14811 clamped 4096
[kinematics-ws] K clamp binds: eid 1003 demanded 7266 clamped 4096
[kinematics-ws] K clamp binds: eid 1001 demanded 30203 clamped 4096
[kinematics-ws] K clamp binds: eid 1002 demanded 14826 clamped 4096
[kinematics-ws] K clamp binds: eid 1003 demanded 7263 clamped 4096
[kinematics-ws] K clamp binds: eid 1001 demanded 30202 clamped 4096
[kinematics-ws] K clamp binds: eid 1003 demanded 7257 clamped 4096
[kinematics-ws] K clamp binds: eid 1002 demanded 14819 clamped 4096
[kinematics-ws] K clamp binds: eid 1002 demanded 14793 clamped 4096
[kinematics-ws] K clamp binds: eid 1001 demanded 30201 clamped 4096
[kinematics-ws] K clamp binds: eid 1003 demanded 7255 clamped 4096
[kinematics-ws] K clamp binds: eid 1002 demanded 14793 clamped 4096
[kinematics-ws] K clamp binds: eid 1001 demanded 30205 clamped 4096
[kinematics-ws] K clamp binds: eid 1003 demanded 7258 clamped 4096
[kinematics-ws] K clamp binds: eid 1001 demanded 30214 clamped 4096
[kinematics-ws] K clamp binds: eid 1002 demanded 14822 clamped 4096
[kinematics-ws] K clamp binds: eid 1003 demanded 7264 clamped 4096
[kinematics-ws] K clamp binds: eid 1002 demanded 14805 clamped 4096
[kinematics-ws] K clamp binds: eid [kinematics-ws] K clamp binds: eid 1003 demanded 7269 1001clamped  demanded 302084096 clamped 4096

[kinematics-ws] K clamp binds: eid 1001 demanded 30196 clamped 4096
[kinematics-ws] K clamp binds: eid 1002 demanded 14788 clamped 4096
[kinematics-ws] K clamp binds: eid 1003 demanded 7271 clamped 4096
[kinematics-ws] K clamp binds: eid 1001 demanded 30211 clamped 4096
[kinematics-ws] K clamp binds: eid 1003 demanded 7272 clamped 4096
[kinematics-ws] K clamp binds: eid 1002 demanded 14823 clamped 4096
[kinematics-ws] K clamp binds: eid 1001 demanded 30197 clamped 4096
[kinematics-ws] K clamp binds: eid 1003 demanded 7271 clamped 4096
[kinematics-ws] K clamp binds: eid 1002 demanded 14788 clamped 4096
[kinematics-ws] K clamp binds: eid 1001 demanded 30212 clamped 4096
[kinematics-ws] K clamp binds: eid 1002 demanded 14812 clamped 4096
[kinematics-ws] K clamp binds: eid 1003 demanded 7270 clamped 4096
[kinematics-ws] K clamp binds: eid 1001 demanded 30199 clamped 4096
[kinematics-ws] K clamp binds: eid 1003 demanded 7269 clamped 4096
[kinematics-ws] K clamp binds: eid 1002 demanded 14798 clamped 4096
[kinematics-ws] K clamp binds: eid 1001 demanded 30214 clamped 4096
[kinematics-ws] K clamp binds: eid 1002 demanded 14809 clamped 4096
[kinematics-ws] K clamp binds: eid 1003 demanded 7269 clamped 4096
[kinematics-ws] K clamp binds: eid 1002 demanded 14796 clamped 4096
[kinematics-ws] K clamp binds: eid 1003 demanded 7269 clamped 4096
[kinematics-ws] K clamp binds: eid 1001 demanded 30219 clamped 4096
[kinematics-ws] K clamp binds: eid 1002 demanded 14819 clamped 4096
[kinematics-ws] K clamp binds: eid 1001 demanded 30212 clamped 4096
[kinematics-ws] K clamp binds: eid 1003 demanded 7269 clamped 4096
[kinematics-ws] K clamp binds: eid 1002 demanded 14787 clamped 4096
[kinematics-ws] K clamp binds: eid 1001 demanded 30213 clamped 4096
[kinematics-ws] K clamp binds: eid 1003 demanded 7270 clamped 4096
[kinematics-ws] K clamp binds: eid 1001 demanded 30219 clamped 4096
[kinematics-ws] K clamp binds: eid 1002 demanded 14825 clamped 4096
[kinematics-ws] K clamp binds: eid 1003 demanded 7271 clamped 4096
[kinematics-ws] K clamp binds: eid 1003 demanded 7273 clamped 4096
[kinematics-ws] K clamp binds: eid 1001 demanded 30223 clamped 4096
[kinematics-ws] K clamp binds: eid 1002 demanded 14807 clamped 4096
[kinematics-ws] K clamp binds: eid 1001 demanded 30223 clamped 4096
[kinematics-ws] K clamp binds: eid 1002 demanded 14795 clamped 4096
[kinematics-ws] K clamp binds: eid 1003 demanded 7274 clamped 4096
[kinematics-ws] K clamp binds: eid 1002 demanded 14828 clamped 4096
[kinematics-ws] K clamp binds: eid 1003 demanded 7274 clamped 4096
[kinematics-ws] K clamp binds: eid 1001 demanded 30220 clamped 4096
[kinematics-ws] K clamp binds: eid 1003 demanded 7272 clamped 4096
[kinematics-ws] K clamp binds: eid 1002 demanded 14826 clamped 4096
[kinematics-ws] K clamp binds: eid 1001 demanded 30218 clamped 4096
[kinematics-ws] K clamp binds: eid 1002 demanded 14802 clamped 4096
[kinematics-ws] K clamp binds: eid 1003 demanded 7269 clamped 4096
[kinematics-ws] K clamp binds: eid 1001 demanded 30226 clamped 4096
[kinematics-ws] K clamp binds: eid 1002 demanded 14802 clamped 4096
[kinematics-ws] K clamp binds: eid 1003 demanded 7265 clamped 4096
[kinematics-ws] K clamp binds: eid 1001 demanded 30238 clamped 4096
[kinematics-ws] K clamp binds: eid 1001 demanded 30223 clamped 4096
[kinematics-ws] K clamp binds: eid 1003 demanded 7263 clamped 4096
[kinematics-ws] K clamp binds: eid 1002 demanded 14822 clamped 4096
[kinematics-ws] K clamp binds: eid 1002 demanded 14839 clamped 4096
[kinematics-ws] K clamp binds: eid 1001 demanded 30217 clamped 4096
[kinematics-ws] K clamp binds: eid 1003 demanded 7265 clamped 4096
[kinematics-ws] K clamp binds: eid 1001 demanded 30234 clamped 4096
[kinematics-ws] K clamp binds: eid 1002 demanded 14843 clamped 4096
[kinematics-ws] K clamp binds: eid 1003 demanded 7270 clamped 4096
[kinematics-ws] K clamp binds: eid 1003 demanded 7273 clamped 4096
[kinematics-ws] K clamp binds: eid 1002 demanded 14840 clamped 4096
[kinematics-ws] K clamp binds: eid 1001 demanded 30213 clamped 4096
[kinematics-ws] K clamp binds: eid 1001 demanded 30234 clamped 4096
[kinematics-ws] K clamp binds: eid 1003 demanded 7268 clamped 4096
[kinematics-ws] K clamp binds: eid 1002 demanded 14835 clamped 4096
[kinematics-ws] K clamp binds: eid 1001 demanded 30225 clamped 4096
[kinematics-ws] K clamp binds: eid 1002 demanded 14833 clamped 4096
[kinematics-ws] K clamp binds: eid 1003 demanded 7262 clamped 4096
[kinematics-ws] K clamp binds: eid 1003 demanded 7263 clamped 4096
[kinematics-ws] K clamp binds: eid 1001 demanded 30222 clamped 4096
[kinematics-ws] K clamp binds: eid 1002 demanded 14833 clamped 4096
[kinematics-ws] K clamp binds: eid 1003 demanded 7270 clamped 4096
[kinematics-ws] K clamp binds: eid 1001 demanded 30244 clamped 4096
[kinematics-ws] K clamp binds: eid 1002 demanded 14836 clamped 4096
[kinematics-ws] K clamp binds: eid 1002 demanded 14841 clamped 4096
[kinematics-ws] K clamp binds: eid 1003 demanded 7269 clamped 4096
[kinematics-ws] K clamp binds: eid 1001 demanded 30247 clamped 4096
[kinematics-ws] K clamp binds: eid 1003 demanded 7261 clamped 4096
[kinematics-ws] K clamp binds: eid 1001 demanded 30241 clamped 4096
[kinematics-ws] K clamp binds: eid 1002 demanded 14846 clamped 4096
[kinematics-ws] K clamp binds: eid 1003 demanded 7262 clamped 4096
[kinematics-ws] K clamp binds: eid 1002 demanded 14844 clamped 4096
[kinematics-ws] K clamp binds: eid 1001 demanded 30237 clamped 4096
[kinematics-ws] K clamp binds: eid 1002 demanded 14831 clamped 4096
[kinematics-ws] K clamp binds: eid 1003 demanded 7270 clamped 4096
[kinematics-ws] K clamp binds: eid 1001 demanded 30237 clamped 4096
[kinematics-ws] K clamp binds: eid 1003 demanded 7264 clamped 4096
[kinematics-ws] K clamp binds: eid 1002 demanded 14814 clamped 4096
[kinematics-ws] K clamp binds: eid 1001 demanded 30238 clamped 4096
[kinematics-ws] K clamp binds: eid 1001 demanded 30242 clamped 4096
[kinematics-ws] K clamp binds: eid 1003 demanded 7260 clamped 4096
[kinematics-ws] K clamp binds: eid 1002 demanded 14813 clamped 4096
[kinematics-ws] K clamp binds: eid 1001 demanded 30252 clamped 4096
[kinematics-ws] K clamp binds: eid 1003 demanded 7268 clamped 4096
[kinematics-ws] K clamp binds: eid 1002 demanded 14835 clamped 4096
[kinematics-ws] K clamp binds: eid 1002 demanded 14840 clamped 4096
[kinematics-ws] K clamp binds: eid 1003 demanded 7263 clamped 4096
[kinematics-ws] K clamp binds: eid 1001 demanded 30260 clamped 4096
[kinematics-ws] K clamp binds: eid 1003 demanded 7260 clamped 4096
[kinematics-ws] K clamp binds: eid 1001 demanded 30248 clamped 4096
[kinematics-ws] K clamp binds: eid 1002 demanded 14812 clamped 4096
[kinematics-ws] K clamp binds: eid 1001 demanded 30233 clamped 4096
[kinematics-ws] K clamp binds: eid 1002 demanded 14819 clamped 4096
[kinematics-ws] K clamp binds: eid 1003 demanded 7268 clamped 4096
[kinematics-ws] K clamp binds: eid 1002 demanded 14841 clamped 4096
[kinematics-ws] K clamp binds: eid 1003 demanded 7259 clamped 4096
[kinematics-ws] K clamp binds: eid 1001 demanded 30255 clamped 4096
[kinematics-ws] K clamp binds: eid 1001 demanded 30236 clamped 4096
[kinematics-ws] K clamp binds: eid 1003 demanded 7264 clamped 4096
[kinematics-ws] K clamp binds: eid 1002 demanded 14808 clamped 4096
[kinematics-ws] K clamp binds: eid 1001 demanded 30250 clamped 4096
[kinematics-ws] K clamp binds: eid 1002 demanded 14830 clamped 4096
[kinematics-ws] K clamp binds: eid 1003 demanded 7264 clamped 4096
[kinematics-ws] K clamp binds: eid 1001 demanded 30236 clamped 4096
[kinematics-ws] K clamp binds: eid 1002 demanded 14823 clamped 4096
[kinematics-ws] K clamp binds: eid 1003 demanded 7259 clamped 4096
[kinematics-ws] K clamp binds: eid 1001 demanded 30260 clamped 4096
[kinematics-ws] K clamp binds: eid 1002 demanded 14818 clamped 4096
[kinematics-ws] K clamp binds: eid 1003 demanded 7267 clamped 4096
[kinematics-ws] K clamp binds: eid 1001 demanded 30242 clamped 4096
[kinematics-ws] K clamp binds: eid 1002 demanded 14830 clamped 4096
[kinematics-ws] K clamp binds: eid 1003 demanded 7258 clamped 4096
[kinematics-ws] K clamp binds: eid 1001 demanded 30246 clamped 4096
[kinematics-ws] K clamp binds: eid 1002 demanded 14819 clamped 4096
[kinematics-ws] K clamp binds: eid 1003 demanded 7268 clamped 4096
[kinematics-ws] K clamp binds: eid 1003 demanded 7258 clamped 4096
[kinematics-ws] K clamp binds: eid 1001 demanded 30267 clamped 4096
[kinematics-ws] K clamp binds: eid 1002 demanded 14825 clamped 4096
[kinematics-ws] K clamp binds: eid 1003 demanded 7269 clamped 4096
[kinematics-ws] K clamp binds: eid 1001 demanded 30274 clamped 4096
[kinematics-ws] K clamp binds: eid 1002 demanded 14833 clamped 4096
[kinematics-ws] K clamp binds: eid 1003 demanded 7258 clamped 4096
[kinematics-ws] K clamp binds: eid 1001 demanded 30272 clamped 4096
[kinematics-ws] K clamp binds: eid 1002 demanded 14812 clamped 4096
[kinematics-ws] K clamp binds: eid 1001 demanded 30270 clamped 4096
[kinematics-ws] K clamp binds: eid 1002 demanded 14845 clamped 4096
[kinematics-ws] K clamp binds: eid 1003 demanded 7269 clamped 4096
[kinematics-ws] K clamp binds: eid 1001 demanded 30271 clamped 4096
[kinematics-ws] K clamp binds: eid 1002 demanded 14825 clamped 4096
[kinematics-ws] K clamp binds: eid 1003 demanded 7259 clamped 4096
[kinematics-ws] K clamp binds: eid 1003 demanded 7269 clamped 4096
[kinematics-ws] K clamp binds: eid 1002 demanded 14818 clamped 4096
[kinematics-ws] K clamp binds: eid 1001 demanded 30275 clamped 4096
[kinematics-ws] K clamp binds: eid 1003 demanded 7263 clamped 4096
[kinematics-ws] K clamp binds: eid 1001 demanded 30278 clamped 4096
[kinematics-ws] K clamp binds: eid 1002 demanded 14848 clamped 4096
[kinematics-ws] K clamp binds: eid 1003 demanded 7266 clamped 4096
[kinematics-ws] K clamp binds: eid 1002 demanded 14845 clamped 4096
[kinematics-ws] K clamp binds: eid 1001 demanded 30274 clamped 4096
[kinematics-ws] K clamp binds: eid 1001 demanded 30260 clamped 4096
[kinematics-ws] K clamp binds: eid 1002 demanded 14824 clamped 4096
[kinematics-ws] K clamp binds: eid 1003 demanded 7270 clamped 4096
[kinematics-ws] K clamp binds: eid 1001 demanded 30260 clamped 4096
[kinematics-ws] K clamp binds: eid 1003 demanded 7262 clamped 4096
[kinematics-ws] K clamp binds: eid 1002 demanded 14824 clamped 4096
[kinematics-ws] K clamp binds: eid 1001 demanded 30274 clamped 4096
[kinematics-ws] K clamp binds: eid 1003 demanded 7273 clamped 4096
[kinematics-ws] K clamp binds: eid 1002 demanded 14842 clamped 4096
[kinematics-ws] K clamp binds: eid 1001 demanded 30255 clamped 4096
[kinematics-ws] K clamp binds: eid 1002 demanded 14857 clamped 4096
[kinematics-ws] K clamp binds: eid 1003 demanded 7267 clamped 4096
[kinematics-ws] K clamp binds: eid 1001 demanded 30270 clamped 4096
[kinematics-ws] K clamp binds: eid 1002 demanded 14861 clamped 4096
[kinematics-ws] K clamp binds: eid 1003 demanded 7266 clamped 4096
[kinematics-ws] K clamp binds: eid 1003 demanded 7276 clamped 4096
[kinematics-ws] K clamp binds: eid 1002 demanded 14857 clamped 4096
[kinematics-ws] K clamp binds: eid 1001 demanded 30257 clamped 4096
[kinematics-ws] K clamp binds: eid 1003 demanded 7270 clamped 4096
[kinematics-ws] K clamp binds: eid 1002 demanded 14853 clamped 4096
[kinematics-ws] K clamp binds: eid 1001 demanded 30276 clamped 4096
[kinematics-ws] K clamp binds: eid 1001 demanded 30261 clamped 4096
[kinematics-ws] K clamp binds: eid 1003 demanded 7268 clamped 4096
[kinematics-ws] K clamp binds: eid 1002 demanded 14850 clamped 4096
[kinematics-ws] K clamp binds: eid 1001 demanded 30270 clamped 4096
[kinematics-ws] K clamp binds: eid 1002 demanded 14849 clamped 4096
[kinematics-ws] K clamp binds: eid 1003 demanded 7277 clamped 4096
[kinematics-ws] K clamp binds: eid 1001 demanded 30285 clamped 4096
[kinematics-ws] K clamp binds: eid 1002 demanded 14852 clamped 4096
[kinematics-ws] K clamp binds: eid 1003 demanded 7276 clamped 4096
[kinematics-ws] K clamp binds: eid 1003 demanded 7270 clamped 4096
[kinematics-ws] K clamp binds: eid 1001 demanded 30284 clamped 4096
[kinematics-ws] K clamp binds: eid 1002 demanded 14856 clamped 4096
[kinematics-ws] K clamp binds: eid 1002 demanded 14862 clamped 4096
[kinematics-ws] K clamp binds: eid 1003 demanded 7274 clamped 4096
[kinematics-ws] K clamp binds: eid 1001 demanded 30279 clamped 4096
[kinematics-ws] K clamp binds: eid 1002 demanded 14864 clamped 4096
[kinematics-ws] K clamp binds: eid 1003 demanded 7281 clamped 4096
[kinematics-ws] K clamp binds: eid 1001 demanded 30277 clamped 4096
[kinematics-ws] K clamp binds: eid 1002 demanded 14859 clamped 4096
[kinematics-ws] K clamp binds: eid 1003 demanded 7281 clamped 4096
[kinematics-ws] K clamp binds: eid 1001 demanded 30278 clamped 4096
[kinematics-ws] K clamp binds: eid 1002 demanded 14844 clamped 4096
[kinematics-ws] K clamp binds: eid 1001 demanded 30279 clamped 4096
[kinematics-ws] K clamp binds: eid 1003 demanded 7275 clamped 4096
[kinematics-ws] K clamp binds: eid 1003 demanded 7274 clamped 4096
[kinematics-ws] K clamp binds: eid 1002 demanded 14832 clamped 4096
[kinematics-ws] K clamp binds: eid 1001 demanded 30282 clamped 4096
[kinematics-ws] K clamp binds: eid 1001 demanded 30290 clamped 4096
[kinematics-ws] K clamp binds: eid 1002 demanded 14841 clamped 4096
[kinematics-ws] K clamp binds: eid 1003 demanded 7280 clamped 4096
[kinematics-ws] K clamp binds: eid 1003 demanded 7285 clamped 4096
[kinematics-ws] K clamp binds: eid 1001 demanded 30299 clamped 4096
[kinematics-ws] K clamp binds: eid 1002 demanded 14860 clamped 4096
[kinematics-ws] K clamp binds: eid 1003 demanded 7287 clamped 4096
[kinematics-ws] K clamp binds: eid 1001 demanded 30289 clamped 4096
[kinematics-ws] K clamp binds: eid 1002 demanded 14850 clamped 4096
[kinematics-ws] K clamp binds: eid 1001 demanded 30274 clamped 4096
[kinematics-ws] K clamp binds: eid 1003 demanded 7284 clamped 4096
[kinematics-ws] K clamp binds: eid 1002 demanded 14829 clamped 4096
[kinematics-ws] K clamp binds: eid 1001 demanded 30292 clamped 4096
[kinematics-ws] K clamp binds: eid 1002 demanded 14850 clamped 4096
[kinematics-ws] K clamp binds: eid 1003 demanded 7281 clamped 4096
[kinematics-ws] K clamp binds: eid 1003 demanded 7279 clamped 4096
[kinematics-ws] K clamp binds: eid 1002 demanded 14852 clamped 4096
[kinematics-ws] K clamp binds: eid 1001 demanded 30281 clamped 4096
[kinematics-ws] K clamp binds: eid 1003 demanded 7279 clamped 4096
[kinematics-ws] K clamp binds: eid 1001 demanded 30284 clamped 4096
[kinematics-ws] K clamp binds: eid 1002 demanded 14828 clamped 4096
[kinematics-ws] K clamp binds: eid 1002 demanded 14857 clamped 4096
[kinematics-ws] K clamp binds: eid 1001 demanded 30283 clamped 4096
[kinematics-ws] K clamp binds: eid 1003 demanded 7281 clamped 4096
[kinematics-ws] K clamp binds: eid 1001 demanded 30294 clamped 4096
[kinematics-ws] K clamp binds: eid 1002 demanded 14833 clamped 4096
[kinematics-ws] K clamp binds: eid 1003 demanded 7284 clamped 4096
[kinematics-ws] K clamp binds: eid 1001 demanded 30278 clamped 4096
[kinematics-ws] K clamp binds: eid 1002 demanded 14850 clamped 4096
[kinematics-ws] K clamp binds: eid 1003 demanded 7286 clamped 4096
[kinematics-ws] K clamp binds: eid 1001 demanded 30297 clamped 4096
[kinematics-ws] K clamp binds: eid 1002 demanded 14838 clamped 4096
[kinematics-ws] K clamp binds: eid 1003 demanded 7288 clamped 4096
[kinematics-ws] K clamp binds: eid 1001 demanded 30306 clamped 4096
[kinematics-ws] K clamp binds: eid 1002 demanded 14850 clamped 4096
[kinematics-ws] K clamp binds: eid 1003 demanded 7290 clamped 4096
[kinematics-ws] K clamp binds: eid 1003 demanded 7291 clamped 4096
[kinematics-ws] K clamp binds: eid 1002 demanded 14836 clamped 4096
[kinematics-ws] K clamp binds: eid 1001 demanded 30298 clamped 4096
[kinematics-ws] K clamp binds: eid 1001 demanded 30292 clamped 4096
[kinematics-ws] K clamp binds: eid 1002 demanded 14859 clamped 4096
[kinematics-ws] K clamp binds: eid 1003 demanded 7291 clamped 4096
[kinematics-ws] K clamp binds: eid 1001 demanded 30293 clamped 4096
[kinematics-ws] K clamp binds: eid 1002 demanded 14831 clamped 4096
[kinematics-ws] K clamp binds: eid 1003 demanded 7291 clamped 4096
[kinematics-ws] K clamp binds: eid 1001 demanded 30295 clamped 4096
[kinematics-ws] K clamp binds: eid 1002 demanded 14859 clamped 4096
[kinematics-ws] K clamp binds: eid 1003 demanded 7290 clamped 4096
[kinematics-ws] K clamp binds: eid 1002 demanded 14850 clamped 4096
[kinematics-ws] K clamp binds: eid 1003 demanded 7289 clamped 4096
[kinematics-ws] K clamp binds: eid 1001 demanded 30295 clamped 4096
[kinematics-ws] K clamp binds: eid 1001 demanded 30295 clamped 4096
[kinematics-ws] K clamp binds: eid 1002 demanded 14837 clamped 4096
[kinematics-ws] K clamp binds: eid 1003 demanded 7288 clamped 4096
[kinematics-ws] K clamp binds: eid 1002 demanded 14863 clamped 4096
[kinematics-ws] K clamp binds: eid 1001 demanded 30301 clamped 4096
[kinematics-ws] K clamp binds: eid 1003 demanded 7286 clamped 4096
[kinematics-ws] K clamp binds: eid 1001 demanded 30316 clamped 4096
[kinematics-ws] K clamp binds: eid 1002 demanded 14863 clamped 4096
[kinematics-ws] K clamp binds: eid 1003 demanded 7284 clamped 4096
[kinematics-ws] K clamp binds: eid 1003 demanded 7283 clamped 4096
[kinematics-ws] K clamp binds: eid 1001 demanded 30319 clamped 4096
[kinematics-ws] K clamp binds: eid 1002 demanded 14844 clamped 4096
[kinematics-ws] K clamp binds: eid [kinematics-ws] K clamp binds: eid 1002 1001demanded  14846 demanded clamped30295  clamped 40964096

[kinematics-ws] K clamp binds: eid 1003 demanded 7284 clamped 4096
[kinematics-ws] K clamp binds: eid 1001 demanded 30301 clamped 4096
[kinematics-ws] K clamp binds: eid 1002 demanded 14865 clamped 4096
[kinematics-ws] K clamp binds: eid 1003 demanded 7286 clamped 4096
[kinematics-ws] K clamp binds: eid 1003 demanded 7290 clamped 4096
[kinematics-ws] K clamp binds: eid 1002 demanded 14876 clamped 4096
[kinematics-ws] K clamp binds: eid 1001 demanded 30315 clamped 4096
[kinematics-ws] K clamp binds: eid 1001 demanded 30290 clamped 4096
[kinematics-ws] K clamp binds: eid 1003 demanded 7293 clamped 4096
[kinematics-ws] K clamp binds: eid 1002 demanded 14874 clamped 4096
[kinematics-ws] K clamp binds: eid 1002 demanded 14865 clamped 4096
[kinematics-ws] K clamp binds: eid 1001 demanded 30317 clamped 4096
[kinematics-ws] K clamp binds: eid 1003 demanded 7293 clamped 4096
[kinematics-ws] K clamp binds: eid 1002 demanded 14858 clamped 4096
[kinematics-ws] K clamp binds: eid 1001 demanded 30296 clamped 4096
[kinematics-ws] K clamp binds: eid 1003 demanded 7287 clamped 4096
[kinematics-ws] K clamp binds: eid 1003 demanded 7282 clamped 4096
[kinematics-ws] K clamp binds: eid 1002 demanded 14854 clamped 4096
[kinematics-ws] K clamp binds: eid 1001 demanded 30309 clamped 4096
[kinematics-ws] K clamp binds: eid 1001 demanded 30323 clamped 4096
[kinematics-ws] K clamp binds: eid 1002 demanded 14853 clamped 4096
[kinematics-ws] K clamp binds: eid 1003 demanded 7283 clamped 4096
[kinematics-ws] K clamp binds: eid 1001 demanded 30304 clamped 4096
[kinematics-ws] K clamp binds: eid 1003 demanded 7289 clamped 4096
[kinematics-ws] K clamp binds: eid 1002 demanded 14853 clamped 4096
[kinematics-ws] K clamp binds: eid 1001 demanded 30306 clamped 4096
[kinematics-ws] K clamp binds: eid 1002 demanded 14853 clamped 4096
[kinematics-ws] K clamp binds: eid 1003 demanded 7292 clamped 4096
[kinematics-ws] K clamp binds: eid 1002 demanded 14856 clamped 4096
[kinematics-ws] K clamp binds: eid 1001 demanded 30322 clamped 4096
[kinematics-ws] K clamp binds: eid 1003 demanded 7286 clamped 4096
[kinematics-ws] K clamp binds: eid 1003 demanded 7280 clamped 4096
[kinematics-ws] K clamp binds: eid 1001 demanded 30335 clamped 4096
[kinematics-ws] K clamp binds: eid 1002 demanded 14861 clamped 4096
[kinematics-ws] K clamp binds: eid 1003 demanded 7285 clamped 4096
[kinematics-ws] K clamp binds: eid 1002 demanded 14870 clamped 4096
[kinematics-ws] K clamp binds: eid 1001 demanded 30340 clamped 4096
[kinematics-ws] K clamp binds: eid 1001 demanded 30341 clamped 4096
[kinematics-ws] K clamp binds: eid 1002 demanded 14881 clamped 4096
[kinematics-ws] K clamp binds: eid 1003 demanded 7291 clamped 4096
[kinematics-ws] K clamp binds: eid 1001 demanded 30339 clamped 4096
[kinematics-ws] K clamp binds: eid 1002 demanded 14884 clamped 4096
[kinematics-ws] K clamp binds: eid 1003 demanded 7284 clamped 4096
[kinematics-ws] K clamp binds: eid 1001 demanded 30332 clamped 4096
[kinematics-ws] K clamp binds: eid 1002 demanded 14872 clamped 4096
[kinematics-ws] K clamp binds: eid 1003 demanded 7280 clamped 4096
[kinematics-ws] K clamp binds: eid 1002 demanded 14853 clamped 4096
[kinematics-ws] K clamp binds: eid 1003 demanded 7288 clamped 4096
[kinematics-ws] K clamp binds: eid 1001 demanded 30320 clamped 4096
[kinematics-ws] K clamp binds: eid 1001 demanded 30315 clamped 4096
[kinematics-ws] K clamp binds: eid 1002 demanded 14855 clamped 4096
[kinematics-ws] K clamp binds: eid 1003 demanded 7287 clamped 4096
[kinematics-ws] K clamp binds: eid 1001 demanded 30331 clamped 4096
[kinematics-ws] K clamp binds: eid 1003 demanded 7278 clamped 4096
[kinematics-ws] K clamp binds: eid 1002 demanded 14878 clamped 4096
[kinematics-ws] K clamp binds: eid 1001 demanded 30335 clamped 4096
[kinematics-ws] K clamp binds: eid 1003 demanded 7286 clamped 4096
[kinematics-ws] K clamp binds: eid 1002 demanded 14874 clamped 4096
[kinematics-ws] K clamp binds: eid 1002 demanded 14849 clamped 4096
[kinematics-ws] K clamp binds: eid 1003 demanded 7286 clamped 4096
[kinematics-ws] K clamp binds: eid 1001 demanded 30311 clamped 4096
[kinematics-ws] K clamp binds: eid 1002 demanded 14868 clamped 4096
[kinematics-ws] K clamp binds: eid 1003 demanded 7278 clamped 4096
[kinematics-ws] K clamp binds: eid 1001 demanded 30333 clamped 4096
[kinematics-ws] K clamp binds: eid 1002 demanded 14874 clamped 4096
[kinematics-ws] K clamp binds: eid 1001 demanded 30316 clamped 4096
[kinematics-ws] K clamp binds: eid 1003 demanded 7288 clamped 4096
[kinematics-ws] K clamp binds: eid 1001 demanded 30333 clamped 4096
[kinematics-ws] K clamp binds: eid 1002 demanded 14847 clamped 4096
[kinematics-ws] K clamp binds: eid 1003 demanded 7282 clamped 4096
[kinematics-ws] K clamp binds: eid 1001 demanded 30314 clamped 4096
[kinematics-ws] K clamp binds: eid 1003 demanded 7281 clamped 4096
[kinematics-ws] K clamp binds: eid 1002 demanded 14878 clamped 4096
[kinematics-ws] K clamp binds: eid 1001 demanded 30341 clamped 4096
[kinematics-ws] K clamp binds: eid 1003 demanded 7288 clamped 4096
[kinematics-ws] K clamp binds: eid 1002 demanded 14853 clamped 4096
[kinematics-ws] K clamp binds: eid [kinematics-ws] K clamp binds: eid 10021001  demandeddemanded 30329 clamped  14869 clamped 40964096

[kinematics-ws] K clamp binds: eid 1003 demanded 7277 clamped 4096
[kinematics-ws] K clamp binds: eid 1003 demanded 7288 clamped 4096
[kinematics-ws] K clamp binds: eid 1001 demanded 30322 clamped 4096
[kinematics-ws] K clamp binds: eid 1002 demanded 14860 clamped 4096
[kinematics-ws] K clamp binds: eid 1002 demanded 14868 clamped 4096
[kinematics-ws] K clamp binds: eid 1001 demanded 30340 clamped 4096
[kinematics-ws] K clamp binds: eid 1003 demanded 7279 clamped 4096
[kinematics-ws] K clamp binds: eid 1002 demanded 14857 clamped 4096
[kinematics-ws] K clamp binds: eid 1003 demanded 7286 clamped 4096
[kinematics-ws] K clamp binds: eid 1001 demanded 30353 clamped 4096
[kinematics-ws] K clamp binds: eid 1001 demanded 30356 clamped 4096
[kinematics-ws] K clamp binds: eid 1002 demanded 14877 clamped 4096
[kinematics-ws] K clamp binds: eid 1003 demanded 7281 clamped 4096
[kinematics-ws] K clamp binds: eid 1003 demanded 7285 clamped 4096
[kinematics-ws] K clamp binds: eid 1002 demanded 14850 clamped 4096
[kinematics-ws] K clamp binds: eid 1001 demanded 30355 clamped 4096
[kinematics-ws] K clamp binds: eid 1003 demanded 7282 clamped 4096
[kinematics-ws] K clamp binds: eid 1002 demanded 14882 clamped 4096
[kinematics-ws] K clamp binds: eid 1001 demanded 30355 clamped 4096
[kinematics-ws] K clamp binds: eid 1002 demanded 14864 clamped 4096
[kinematics-ws] K clamp binds: eid 1003 demanded 7285 clamped 4096
[kinematics-ws] K clamp binds: eid 1001 demanded 30357 clamped 4096
[kinematics-ws] K clamp binds: eid 1001 demanded 30359 clamped 4096
[kinematics-ws] K clamp binds: eid 1002 demanded 14860 clamped 4096
[kinematics-ws] K clamp binds: eid 1003 demanded 7282 clamped 4096
[kinematics-ws] K clamp binds: eid 1001 demanded 30356 clamped 4096
[kinematics-ws] K clamp binds: eid 1002 demanded 14887 clamped 4096
[kinematics-ws] K clamp binds: eid 1003 demanded 7287 clamped 4096
[kinematics-ws] K clamp binds: eid 1002 demanded 14874 clamped 4096
[kinematics-ws] K clamp binds: eid 1001 demanded 30344 clamped 4096
[kinematics-ws] K clamp binds: eid 1003 demanded 7281 clamped 4096
[kinematics-ws] K clamp binds: eid 1001 demanded 30337 clamped 4096
[kinematics-ws] K clamp binds: eid 1002 demanded 14858 clamped 4096
[kinematics-ws] K clamp binds: eid 1003 demanded 7290 clamped 4096
[kinematics-ws] K clamp binds: eid[kinematics-ws] K clamp binds: eid  1001 1002 demandeddemanded  30350 14876clamped  clamped 40964096

[kinematics-ws] K clamp binds: eid 1003 demanded 7280 clamped 4096
[kinematics-ws] K clamp binds: eid 1003 demanded 7291 clamped 4096
[kinematics-ws] K clamp binds: eid 1002 demanded 14894 clamped 4096
[kinematics-ws] K clamp binds: eid 1001 demanded 30348 clamped 4096
[kinematics-ws] K clamp binds: eid 1003 demanded 7284 clamped 4096
[kinematics-ws] K clamp binds: eid 1002 demanded 14889 clamped 4096
[kinematics-ws] K clamp binds: eid 1001 demanded 30335 clamped 4096
[kinematics-ws] K clamp binds: eid 1001 demanded 30353 clamped 4096
[kinematics-ws] K clamp binds: eid 1003 demanded 7286 clamped 4096
[kinematics-ws] K clamp binds: eid 1002 demanded 14875 clamped 4096
[kinematics-ws] K clamp binds: eid 1001 demanded 30334 clamped 4096
[kinematics-ws] K clamp binds: eid 1003 demanded 7292 clamped 4096
[kinematics-ws] K clamp binds: eid 1002 demanded 14867 clamped 4096
[kinematics-ws] K clamp binds: eid 1001 demanded 30354 clamped 4096
[kinematics-ws] K clamp binds: eid 1002 demanded 14869 clamped 4096
[kinematics-ws] K clamp binds: eid 1003 demanded 7283 clamped 4096
[kinematics-ws] K clamp binds: eid 1001 demanded 30343 clamped 4096
[kinematics-ws] K clamp binds: eid 1002 demanded 14875 clamped 4096
[kinematics-ws] K clamp binds: eid 1003 demanded 7292 clamped 4096
[kinematics-ws] K clamp binds: eid 1001 demanded 30345 clamped 4096
[kinematics-ws] K clamp binds: eid 1003 demanded 7293 clamped 4096
[kinematics-ws] K clamp binds: eid 1002 demanded 14882 clamped 4096
[kinematics-ws] K clamp binds: eid 1001 demanded 30363 clamped 4096
[kinematics-ws] K clamp binds: eid 1002 demanded 14887 clamped 4096
[kinematics-ws] K clamp binds: eid 1003 demanded 7285 clamped 4096
[kinematics-ws] K clamp binds: eid 1001 demanded 30359 clamped 4096
[kinematics-ws] K clamp binds: eid 1003 demanded 7293 clamped 4096
[kinematics-ws] K clamp binds: eid 1002 demanded 14888 clamped 4096
[kinematics-ws] K clamp binds: eid 1002 demanded 14887 clamped 4096
[kinematics-ws] K clamp binds: eid 1003 demanded 7296 clamped 4096
[kinematics-ws] K clamp binds: eid 1001 demanded 30351 clamped 4096
[kinematics-ws] K clamp binds: eid 1001 demanded 30353 clamped 4096
[kinematics-ws] K clamp binds: eid 1002 demanded 14883 clamped 4096
[kinematics-ws] K clamp binds: eid 1003 demanded 7288 clamped 4096
[kinematics-ws] K clamp binds: eid 1003 demanded 7292 clamped 4096
[kinematics-ws] K clamp binds: eid 1002 demanded 14877 clamped 4096
[kinematics-ws] K clamp binds: eid 1001 demanded 30359 clamped 4096
[kinematics-ws] K clamp binds: eid 1001 demanded 30363 clamped 4096
[kinematics-ws] K clamp binds: eid 1003 demanded 7300 clamped 4096
[kinematics-ws] K clamp binds: eid 1002 demanded 14872 clamped 4096
[kinematics-ws] K clamp binds: eid 1003 demanded 7297 clamped 4096
[kinematics-ws] K clamp binds: eid 1002 demanded 14872 clamped 4096
[kinematics-ws] K clamp binds: eid 1001 demanded 30363 clamped 4096
[kinematics-ws] K clamp binds: eid 1001 demanded 30360 clamped 4096
[kinematics-ws] K clamp binds: eid 1002 demanded 14882 clamped 4096
[kinematics-ws] K clamp binds: eid 1003 demanded 7291 clamped 4096
[kinematics-ws] K clamp binds: eid 1002 demanded 14899 clamped 4096
[kinematics-ws] K clamp binds: eid 1003 demanded 7295 clamped 4096
[kinematics-ws] K clamp binds: eid 1001 demanded 30356 clamped 4096
[kinematics-ws] K clamp binds: eid 1003 demanded 7302 clamped 4096
[kinematics-ws] K clamp binds: eid 1001 demanded 30361 clamped 4096
[kinematics-ws] K clamp binds: eid 1002 demanded 14905 clamped 4096
[kinematics-ws] K clamp binds: eid 1002 demanded 14887 clamped 4096
[kinematics-ws] K clamp binds: eid 1003 demanded 7303 clamped 4096
[kinematics-ws] K clamp binds: eid 1001 demanded 30375 clamped 4096
[kinematics-ws] K clamp binds: eid 1001 demanded 30375 clamped 4096
[kinematics-ws] K clamp binds: eid 1002 demanded 14868 clamped 4096
[kinematics-ws] K clamp binds: eid 1003 demanded 7298 clamped 4096
[kinematics-ws] K clamp binds: eid 1001 demanded 30353 clamped 4096
[kinematics-ws] K clamp binds: eid 1002 demanded 14885 clamped 4096
[kinematics-ws] K clamp binds: eid 1003 demanded 7295 clamped 4096
[kinematics-ws] K clamp binds: eid 1001 demanded 30366 clamped 4096
[kinematics-ws] K clamp binds: eid 1002 demanded 14903 clamped 4096
[kinematics-ws] K clamp binds: eid 1003 demanded 7297 clamped 4096
[kinematics-ws] K clamp binds: eid 1002 demanded 14876 clamped 4096
[kinematics-ws] K clamp binds: eid 1003 demanded 7303 clamped 4096
[kinematics-ws] K clamp binds: eid 1001 demanded 30368 clamped 4096
[kinematics-ws] K clamp binds: eid 1002 demanded 14874 clamped 4096
[kinematics-ws] K clamp binds: eid 1001 demanded 30355 clamped 4096
[kinematics-ws] K clamp binds: eid 1003 demanded 7307 clamped 4096
[kinematics-ws] K clamp binds: eid 1003 demanded 7308 clamped 4096
[kinematics-ws] K clamp binds: eid 1002 demanded 14902 clamped 4096
[kinematics-ws] K clamp binds: eid 1001 demanded 30372 clamped 4096
[kinematics-ws] K clamp binds: eid 1002 demanded 14869 clamped 4096
[kinematics-ws] K clamp binds: eid 1001 demanded 30362 clamped 4096
[kinematics-ws] K clamp binds: eid 1003 demanded 7306 clamped 4096
[kinematics-ws] K clamp binds: eid 1002 demanded 14888 clamped 4096
[kinematics-ws] K clamp binds: eid 1001 demanded 30363 clamped 4096
[kinematics-ws] K clamp binds: eid 1003 demanded 7303 clamped 4096
[kinematics-ws] K clamp binds: eid 1001 demanded 30383 clamped 4096
[kinematics-ws] K clamp binds: eid 1002 demanded 14886 clamped 4096
[kinematics-ws] K clamp binds: eid 1003 demanded 7300 clamped 4096
[kinematics-ws] K clamp binds: eid 1001 demanded 30367 clamped 4096
[kinematics-ws] K clamp binds: eid 1002 demanded 14875 clamped 4096
[kinematics-ws] K clamp binds: eid 1003 demanded 7300 clamped 4096
[kinematics-ws] K clamp binds: eid [kinematics-ws] K clamp binds: eid 1003 demanded 7300 clamped 1002 demanded 14894 clamped 40964096

[kinematics-ws] K clamp binds: eid 1001 demanded 30365 clamped 4096
[kinematics-ws] K clamp binds: eid 1002 demanded 14873 clamped 4096
[kinematics-ws] K clamp binds: eid 1001 demanded 30381 clamped 4096
[kinematics-ws] K clamp binds: eid 1003 demanded 7302 clamped 4096
[kinematics-ws] K clamp binds: eid 1002 demanded 14893 clamped 4096
[kinematics-ws] K clamp binds: eid 1003 demanded 7303 clamped 4096
[kinematics-ws] K clamp binds: eid 1001 demanded 30394 clamped 4096
[kinematics-ws] K clamp binds: eid 1003 demanded 7304 clamped 4096
[kinematics-ws] K clamp binds: eid 1001 demanded 30397 clamped 4096
[kinematics-ws] K clamp binds: eid 1002 demanded 14881 clamped 4096
[kinematics-ws] K clamp binds: eid 1002 demanded 14881 clamped 4096
[kinematics-ws] K clamp binds: eid 1003 demanded 7306 clamped 4096
[kinematics-ws] K clamp binds: eid 1001 demanded 30398 clamped 4096
[kinematics-ws] K clamp binds: eid 1001 demanded 30398 clamped 4096
[kinematics-ws] K clamp binds: eid 1002 demanded 14900 clamped 4096
[kinematics-ws] K clamp binds: eid 1003 demanded 7306 clamped 4096
[kinematics-ws] K clamp binds: eid 1003 demanded 7306 clamped 4096
[kinematics-ws] K clamp binds: eid 1002 demanded 14870 clamped 4096
[kinematics-ws] K clamp binds: eid 1001 demanded 30399 clamped 4096
[kinematics-ws] K clamp binds: eid 1003 demanded 7306 clamped 4096
[kinematics-ws] K clamp binds: eid 1002 demanded 14900 clamped 4096
[kinematics-ws] K clamp binds: eid 1001 demanded 30397 clamped 4096
[kinematics-ws] K clamp binds: eid 1001 demanded 30389 clamped 4096
[kinematics-ws] K clamp binds: eid 1002 demanded 14898 clamped 4096
[kinematics-ws] K clamp binds: eid 1003 demanded 7305 clamped 4096
[kinematics-ws] K clamp binds: eid 1003 demanded 7304 clamped 4096
[kinematics-ws] K clamp binds: eid 1002 demanded 14874 clamped 4096
[kinematics-ws] K clamp binds: eid 1001 demanded 30379 clamped 4096
[kinematics-ws] K clamp binds: eid 1003 demanded 7303 clamped 4096
[kinematics-ws] K clamp binds: eid 1001 demanded 30382 clamped 4096
[kinematics-ws] K clamp binds: eid 1002 demanded 14896 clamped 4096
[kinematics-ws] K clamp binds: eid 1001 demanded 30395 clamped 4096
[kinematics-ws] K clamp binds: eid 1003 demanded 7302 clamped 4096
[kinematics-ws] K clamp binds: eid 1002 demanded 14913 clamped 4096
[kinematics-ws] K clamp binds: eid 1003 demanded 7302 clamped 4096
[kinematics-ws] K clamp binds: eid 1002 demanded 14895 clamped 4096
[kinematics-ws] K clamp binds: eid 1001 demanded 30381 clamped 4096
[kinematics-ws] K clamp binds: eid 1001 demanded 30380 clamped 4096
[kinematics-ws] K clamp binds: eid 1002 demanded 14880 clamped 4096
[kinematics-ws] K clamp binds: eid 1003 demanded 7304 clamped 4096
[kinematics-ws] K clamp binds: eid 1001 demanded 30390 clamped 4096
[kinematics-ws] K clamp binds: eid 1003 demanded 7307 clamped 4096
[kinematics-ws] K clamp binds: eid 1002 demanded 14891 clamped 4096
[kinematics-ws] K clamp binds: eid 1001 demanded 30376 clamped 4096
[kinematics-ws] K clamp binds: eid 1002 demanded 14910 clamped 4096
[kinematics-ws] K clamp binds: eid 1003 demanded 7311 clamped 4096
[kinematics-ws] K clamp binds: eid 1002 demanded 14920 clamped 4096
[kinematics-ws] K clamp binds: eid 1001 demanded 30391 clamped 4096
[kinematics-ws] K clamp binds: eid 1003 demanded 7315 clamped 4096
[kinematics-ws] K clamp binds: eid 1002 demanded 14919 clamped 4096
[kinematics-ws] K clamp binds: eid 1001 demanded 30385 clamped 4096
[kinematics-ws] K clamp binds: eid 1003 demanded 7315 clamped 4096
[kinematics-ws] K clamp binds: eid 1001 demanded 30383 clamped 4096
[kinematics-ws] K clamp binds: eid 1003 demanded 7310 clamped 4096
[kinematics-ws] K clamp binds: eid 1002 demanded 14912 clamped 4096
[kinematics-ws] K clamp binds: eid 1003 demanded 7304 clamped 4096
[kinematics-ws] K clamp binds: eid 1001 demanded 30401 clamped 4096
[kinematics-ws] K clamp binds: eid 1002 demanded 14906 clamped 4096
[kinematics-ws] K clamp binds: eid 1002 demanded 14901 clamped 4096
[kinematics-ws] K clamp binds: eid 1003 demanded 7301 clamped 4096
[kinematics-ws] K clamp binds: eid 1001 demanded 30395 clamped 4096
[kinematics-ws] K clamp binds: eid 1001 demanded 30388 clamped 4096
[kinematics-ws] K clamp binds: eid 1002 demanded 14900 clamped 4096
[kinematics-ws] K clamp binds: eid 1003 demanded 7305 clamped 4096
[kinematics-ws] K clamp binds: eid 1003 demanded 7312 clamped 4096
[kinematics-ws] K clamp binds: eid 1002 demanded 14900 clamped 4096
[kinematics-ws] K clamp binds: eid 1001 demanded 30395 clamped 4096
[kinematics-ws] K clamp binds: eid 1001 demanded 30405 clamped 4096
[kinematics-ws] K clamp binds: eid 1003 demanded 7313 clamped 4096
[kinematics-ws] K clamp binds: eid 1002 demanded 14903 clamped 4096
[kinematics-ws] K clamp binds: eid 1001 demanded 30411 clamped 4096
[kinematics-ws] K clamp binds: eid 1002 demanded 14908 clamped 4096
[kinematics-ws] K clamp binds: eid 1003 demanded 7305 clamped 4096
[kinematics-ws] K clamp binds: eid 1001 demanded 30414 clamped 4096
[kinematics-ws] K clamp binds: eid 1003 demanded 7299 clamped 4096
[kinematics-ws] K clamp binds: eid 1002 demanded 14915 clamped 4096
[kinematics-ws] K clamp binds: eid 1001 demanded 30414 clamped 4096
[kinematics-ws] K clamp binds: eid 1002 demanded 14923 clamped 4096
[kinematics-ws] K clamp binds: eid 1003 demanded 7305 clamped 4096
[kinematics-ws] K clamp binds: eid 1001 demanded 30410 clamped 4096
[kinematics-ws] K clamp binds: eid 1003 demanded 7313 clamped 4096
[kinematics-ws] K clamp binds: eid 1002 demanded 14926 clamped 4096
[kinematics-ws] K clamp binds: eid 1001 demanded 30404 clamped 4096
[kinematics-ws] K clamp binds: eid 1003 demanded 7307 clamped 4096
[kinematics-ws] K clamp binds: eid 1002 demanded 14917 clamped 4096
[kinematics-ws] K clamp binds: eid 1001 demanded 30399 clamped 4096
[kinematics-ws] K clamp binds: eid 1002 demanded 14899 clamped 4096
[kinematics-ws] K clamp binds: eid 1003 demanded 7298 clamped 4096
[kinematics-ws] K clamp binds: eid 1001 demanded 30404 clamped 4096
[kinematics-ws] K clamp binds: eid 1003 demanded 7305 clamped 4096
[kinematics-ws] K clamp binds: eid 1002 demanded 14890 clamped 4096
[kinematics-ws] K clamp binds: eid 1003 demanded 7312 clamped 4096
[kinematics-ws] K clamp binds: eid 1002 demanded 14905 clamped 4096
[kinematics-ws] K clamp binds: eid 1001 demanded 30415 clamped 4096
[kinematics-ws] K clamp binds: eid 1003 demanded 7301 clamped 4096
[kinematics-ws] K clamp binds: eid 1001 demanded 30405 clamped 4096
[kinematics-ws] K clamp binds: eid 1002 demanded 14923 clamped 4096
[kinematics-ws] K clamp binds: eid 1002 demanded 14909 clamped 4096
[kinematics-ws] K clamp binds: eid 1001 demanded 30396 clamped 4096
[kinematics-ws] K clamp binds: eid 1003 demanded 7300 clamped 4096
[kinematics-ws] K clamp binds: eid 1003 demanded 7311 clamped 4096
[kinematics-ws] K clamp binds: eid 1001 demanded 30413 clamped 4096
[kinematics-ws] K clamp binds: eid 1002 demanded 14888 clamped 4096
[kinematics-ws] K clamp binds: eid 1003 demanded 7302 clamped 4096
[kinematics-ws] K clamp binds: eid 1002 demanded 14910 clamped 4096
[kinematics-ws] K clamp binds: eid 1001 demanded 30395 clamped 4096
[kinematics-ws] K clamp binds: eid 1002 demanded 14916 clamped 4096
[kinematics-ws] K clamp binds: eid 1001 demanded 30411 clamped 4096
[kinematics-ws] K clamp binds: eid 1003 demanded 7299 clamped 4096
[kinematics-ws] K clamp binds: eid 1002 demanded 14886 clamped 4096
[kinematics-ws] K clamp binds: eid 1003 demanded 7310 clamped 4096
[kinematics-ws] K clamp binds: eid 1001 demanded 30396 clamped 4096
[kinematics-ws] K clamp binds: eid 1002 demanded 14913 clamped 4096
[kinematics-ws] K clamp binds: eid[kinematics-ws] K clamp binds: eid  10011003  demandeddemanded 7300  30416clamped  clamped 40964096

[kinematics-ws] K clamp binds: eid 1003 demanded 7301 clamped 4096
[kinematics-ws] K clamp binds: eid 1002 demanded 14904 clamped 4096
[kinematics-ws] K clamp binds: eid 1001 demanded 30402 clamped 4096
[kinematics-ws] K clamp binds: eid 1002 demanded 14894 clamped 4096
[kinematics-ws] K clamp binds: eid 1001 demanded 30408 clamped 4096
[kinematics-ws] K clamp binds: eid 1003 demanded 7309 clamped 4096
[kinematics-ws] K clamp binds: eid[kinematics-ws] K clamp binds: eid  1002 1003 demandeddemanded  149177296  clamped clamped 40964096

[kinematics-ws] K clamp binds: eid 1001 demanded 30424 clamped 4096
[kinematics-ws] K clamp binds: eid 1001 demanded 30419 clamped 4096
[kinematics-ws] K clamp binds: eid 1002 demanded 14887 clamped 4096
[kinematics-ws] K clamp binds: eid 1003 demanded 7308 clamped 4096
[kinematics-ws] K clamp binds: eid 1001 demanded 30412 clamped 4096
[kinematics-ws] K clamp binds: eid 1002 demanded 14920 clamped 4096
[kinematics-ws] K clamp binds: eid 1003 demanded 7301 clamped 4096
[kinematics-ws] K clamp binds: eid 1001 demanded 30413 clamped 4096
[kinematics-ws] K clamp binds: eid 1003 demanded 7301 clamped 4096
[kinematics-ws] K clamp binds: eid 1002 demanded 14887 clamped 4096
[kinematics-ws] K clamp binds: eid 1003 demanded 7307 clamped 4096
[kinematics-ws] K clamp binds: eid 1002 demanded 14920 clamped 4096
[kinematics-ws] K clamp binds: eid 1001 demanded 30419 clamped 4096
[kinematics-ws] K clamp binds: eid 1001 demanded 30423 clamped 4096
[kinematics-ws] K clamp binds: eid 1003 demanded 7297 clamped 4096
[kinematics-ws] K clamp binds: eid 1002 demanded 14893 clamped 4096
[kinematics-ws] K clamp binds: eid 1001 demanded 30424 clamped 4096
[kinematics-ws] K clamp binds: eid 1003 demanded 7309 clamped 4096
[kinematics-ws] K clamp binds: eid 1002 demanded 14911 clamped 4096
[kinematics-ws] K clamp binds: eid 1001 demanded 30421 clamped 4096
[kinematics-ws] K clamp binds: eid 1002 demanded 14913 clamped 4096
[kinematics-ws] K clamp binds: eid 1003 demanded 7296 clamped 4096
[kinematics-ws] K clamp binds: eid 1001 demanded 30417 clamped 4096
[kinematics-ws] K clamp binds: eid 1003 demanded 7310 clamped 4096
[kinematics-ws] K clamp binds: eid 1002 demanded 14893 clamped 4096
[kinematics-ws] K clamp binds: eid 1001 demanded 30418 clamped 4096
[kinematics-ws] K clamp binds: eid 1002 demanded 14925 clamped 4096
[kinematics-ws] K clamp binds: eid 1003 demanded 7296 clamped 4096
[kinematics-ws] K clamp binds: eid 1001 demanded 30429 clamped 4096
[kinematics-ws] K clamp binds: eid 1003 demanded 7310 clamped 4096
[kinematics-ws] K clamp binds: eid 1002 demanded 14909 clamped 4096
[kinematics-ws] K clamp binds: eid 1002 demanded 14897 clamped 4096
[kinematics-ws] K clamp binds: eid 1003 demanded 7297 clamped 4096
[kinematics-ws] K clamp binds: eid 1001 demanded 30439 clamped 4096
[kinematics-ws] K clamp binds: eid 1002 demanded 14925 clamped 4096
[kinematics-ws] K clamp binds: eid 1003 demanded 7311 clamped 4096
[kinematics-ws] K clamp binds: eid 1001 demanded 30425 clamped 4096
[kinematics-ws] K clamp binds: eid 1002 demanded 14927 clamped 4096
[kinematics-ws] K clamp binds: eid 1001 demanded 30413 clamped 4096
[kinematics-ws] K clamp binds: eid 1003 demanded 7298 clamped 4096
[kinematics-ws] K clamp binds: eid 1001 demanded 30436 clamped 4096
[kinematics-ws] K clamp binds: eid 1002 demanded 14904 clamped 4096
[kinematics-ws] K clamp binds: eid 1003 demanded 7310 clamped 4096
[kinematics-ws] K clamp binds: eid 1003 demanded 7301 clamped 4096
[kinematics-ws] K clamp binds: eid 1001 demanded 30416 clamped 4096
[kinematics-ws] K clamp binds: eid 1002 demanded 14903 clamped 4096
[kinematics-ws] K clamp binds: eid 1002 demanded 14924 clamped 4096
[kinematics-ws] K clamp binds: eid 1003 demanded 7307 clamped 4096
[kinematics-ws] K clamp binds: eid 1001 demanded 30427 clamped 4096
[kinematics-ws] K clamp binds: eid 1003 demanded 7308 clamped 4096
[kinematics-ws] K clamp binds: eid 1001 demanded 30420 clamped 4096
[kinematics-ws] K clamp binds: eid 1002 demanded 14937 clamped 4096
[kinematics-ws] K clamp binds: eid 1003 demanded 7301 clamped 4096
[kinematics-ws] K clamp binds: eid 1002 demanded 14934 clamped 4096
[kinematics-ws] K clamp binds: eid 1001 demanded 30432 clamped 4096
[kinematics-ws] K clamp binds: eid 1001 demanded 30415 clamped 4096
[kinematics-ws] K clamp binds: eid 1002 demanded 14923 clamped 4096
[kinematics-ws] K clamp binds: eid 1003 demanded 7314 clamped 4096
[kinematics-ws] K clamp binds: eid 1003 demanded 7302 clamped 4096
[kinematics-ws] K clamp binds: eid 1002 demanded 14913 clamped 4096
[kinematics-ws] K clamp binds: eid 1001 demanded 30441 clamped 4096
[kinematics-ws] K clamp binds: eid 1001 demanded 30432 clamped 4096
[kinematics-ws] K clamp binds: eid 1002 demanded 14909 clamped 4096
[kinematics-ws] K clamp binds: eid 1003 demanded 7309 clamped 4096
[kinematics-ws] K clamp binds: eid 1001 demanded 30422 clamped 4096
[kinematics-ws] K clamp binds: eid 1003 demanded 7313 clamped 4096
[kinematics-ws] K clamp binds: eid 1002 demanded 14909 clamped 4096
[kinematics-ws] K clamp binds: eid 1001 demanded 30438 clamped 4096
[kinematics-ws] K clamp binds: eid 1002 demanded 14910 clamped 4096
[kinematics-ws] K clamp binds: eid 1003 demanded 7302 clamped 4096
[kinematics-ws] K clamp binds: eid 1001 demanded 30452 clamped 4096
[kinematics-ws] K clamp binds: eid 1002 demanded 14911 clamped 4096
[kinematics-ws] K clamp binds: eid 1003 demanded 7314 clamped 4096
[kinematics-ws] K clamp binds: eid 1001 demanded 30454 clamped 4096
[kinematics-ws] K clamp binds: eid 1003 demanded 7313 clamped 4096
[kinematics-ws] K clamp binds: eid 1002 demanded 14911 clamped 4096
[kinematics-ws] K clamp binds: eid 1002 demanded 14910 clamped 4096
[kinematics-ws] K clamp binds: eid 1001 demanded 30451 clamped 4096
[kinematics-ws] K clamp binds: eid 1003 demanded 7304 clamped 4096
[kinematics-ws] K clamp binds: eid 1002 demanded 14909 clamped 4096
[kinematics-ws] K clamp binds: eid 1001 demanded 30449 clamped 4096
[kinematics-ws] K clamp binds: eid 1003 demanded 7314 clamped 4096
[kinematics-ws] K clamp binds: eid 1003 demanded 7318 clamped 4096
[kinematics-ws] K clamp binds: eid 1002 demanded 14911 clamped 4096
[kinematics-ws] K clamp binds: eid 1001 demanded 30449 clamped 4096
[kinematics-ws] K clamp binds: eid 1001 demanded 30452 clamped 4096
[kinematics-ws] K clamp binds: eid 1002 demanded 14918 clamped 4096
[kinematics-ws] K clamp binds: eid 1003 demanded 7308 clamped 4096
[kinematics-ws] K clamp binds: eid 1001 demanded 30456 clamped 4096
[kinematics-ws] K clamp binds: eid 1002 demanded 14930 clamped 4096
[kinematics-ws] K clamp binds: eid 1003 demanded 7311 clamped 4096
[kinematics-ws] K clamp binds: eid 1003 demanded 7321 clamped 4096
[kinematics-ws] K clamp binds: eid 1002 demanded 14944 clamped 4096
[kinematics-ws] K clamp binds: eid 1001 demanded 30459 clamped 4096
[kinematics-ws] K clamp binds: eid 1003 demanded 7318 clamped 4096
[kinematics-ws] K clamp binds: eid 1001 demanded 30452 clamped 4096
[kinematics-ws] K clamp binds: eid 1002 demanded 14946 clamped 4096
[kinematics-ws] K clamp binds: eid 1002 demanded 14930 clamped 4096
[kinematics-ws] K clamp binds: eid 1001 demanded 30439 clamped 4096
[kinematics-ws] K clamp binds: eid 1003 demanded 7310 clamped 4096
[kinematics-ws] K clamp binds: eid 1001 demanded 30440 clamped 4096
[kinematics-ws] K clamp binds: eid 1002 demanded 14909 clamped 4096
[kinematics-ws] K clamp binds: eid 1003 demanded 7313 clamped 4096
[kinematics-ws] K clamp binds: eid 1001 demanded 30455 clamped 4096
[kinematics-ws] K clamp binds: eid 1003 demanded 7323 clamped 4096
[kinematics-ws] K clamp binds: eid 1002 demanded 14915 clamped 4096
[kinematics-ws] K clamp binds: eid [kinematics-ws] K clamp binds: eid 1003 1002 demanded demanded 7324 14941 clamped clamped 40964096

[kinematics-ws] K clamp binds: eid 1001 demanded 30440 clamped 4096
[kinematics-ws] K clamp binds: eid 1003 demanded 7318 clamped 4096
[kinematics-ws] K clamp binds: eid 1002 demanded 14936 clamped 4096
[kinematics-ws] K clamp binds: eid 1001 demanded 30441 clamped 4096
[kinematics-ws] K clamp binds: eid 1002 demanded 14907 clamped 4096
[kinematics-ws] K clamp binds: eid 1001 demanded 30449 clamped 4096
[kinematics-ws] K clamp binds: eid 1003 demanded 7313 clamped 4096
[kinematics-ws] K clamp binds: eid 1001 demanded 30437 clamped 4096
[kinematics-ws] K clamp binds: eid 1002 demanded 14924 clamped 4096
[kinematics-ws] K clamp binds: eid 1003 demanded 7316 clamped 4096
[kinematics-ws] K clamp binds: eid 1003 demanded 7324 clamped 4096
[kinematics-ws] K clamp binds: eid 1002 demanded 14941 clamped 4096
[kinematics-ws] K clamp binds: eid 1001 demanded 30450 clamped 4096
[kinematics-ws] K clamp binds: eid 1001 demanded 30445 clamped 4096
[kinematics-ws] K clamp binds: eid 1003 demanded 7328 clamped 4096
[kinematics-ws] K clamp binds: eid 1002 demanded 14906 clamped 4096
[kinematics-ws] K clamp binds: eid 1001 demanded 30442 clamped 4096
[kinematics-ws] K clamp binds: eid 1002 demanded 14929 clamped 4096
[kinematics-ws] K clamp binds: eid 1003 demanded 7328 clamped 4096
[kinematics-ws] K clamp binds: eid 1002 demanded 14931 clamped 4096
[kinematics-ws] K clamp binds: eid 1001 demanded 30461 clamped 4096
[kinematics-ws] K clamp binds: eid 1003 demanded 7323 clamped 4096
[kinematics-ws] K clamp binds: eid 1001 demanded 30450 clamped 4096
[kinematics-ws] K clamp binds: eid 1003 demanded 7319 clamped 4096
[kinematics-ws] K clamp binds: eid 1002 demanded 14907 clamped 4096
[kinematics-ws] K clamp binds: eid 1002 demanded 14942 clamped 4096
[kinematics-ws] K clamp binds: eid 1003 demanded 7317 clamped 4096
[kinematics-ws] K clamp binds: eid 1001 demanded 30446 clamped 4096
[kinematics-ws] K clamp binds: eid 1003 demanded 7318 clamped 4096
[kinematics-ws] K clamp binds: eid 1001 demanded 30459 clamped 4096
[kinematics-ws] K clamp binds: eid 1002 demanded 14904 clamped 4096
[kinematics-ws] K clamp binds: eid 1001 demanded 30470 clamped 4096
[kinematics-ws] K clamp binds: eid 1002 demanded 14942 clamped 4096
[kinematics-ws] K clamp binds: eid 1003 demanded 7321 clamped 4096
[kinematics-ws] K clamp binds: eid 1002 demanded 14905 clamped 4096
[kinematics-ws] K clamp binds: eid 1001 demanded 30473 clamped 4096
[kinematics-ws] K clamp binds: eid 1003 demanded 7325 clamped 4096
[kinematics-ws] K clamp binds: eid 1002 demanded 14943 clamped 4096
[kinematics-ws] K clamp binds: eid 1003 demanded 7328 clamped 4096
[kinematics-ws] K clamp binds: eid 1001 demanded 30473 clamped 4096
[kinematics-ws] K clamp binds: eid 1001 demanded 30472 clamped 4096
[kinematics-ws] K clamp binds: eid 1002 demanded 14905 clamped 4096
[kinematics-ws] K clamp binds: eid 1003 demanded 7331 clamped 4096
[kinematics-ws] K clamp binds: eid 1001 demanded 30473 clamped 4096
[kinematics-ws] K clamp binds: eid 1003 demanded 7333 clamped 4096
[kinematics-ws] K clamp binds: eid 1002 demanded 14942 clamped 4096
[kinematics-ws] K clamp binds: eid 1001 demanded 30475 clamped 4096
[kinematics-ws] K clamp binds: eid 1003 demanded 7333 clamped 4096
[kinematics-ws] K clamp binds: eid 1002 demanded 14916 clamped 4096
[kinematics-ws] K clamp binds: eid 1002 demanded 14925 clamped 4096
[kinematics-ws] K clamp binds: eid 1001 demanded 30476 clamped 4096
[kinematics-ws] K clamp binds: eid 1003 demanded 7334 clamped 4096
[kinematics-ws] K clamp binds: eid 1001 demanded 30474 clamped 4096
[kinematics-ws] K clamp binds: eid 1002 demanded 14944 clamped 4096
[kinematics-ws] K clamp binds: eid 1003 demanded 7334 clamped 4096
[kinematics-ws] K clamp binds: eid 1002 demanded 14911 clamped 4096
[kinematics-ws] K clamp binds: eid 1001 demanded 30465 clamped 4096
[kinematics-ws] K clamp binds: eid 1003 demanded 7334 clamped 4096
[kinematics-ws] K clamp binds: eid 1001 demanded 30460 clamped 4096
[kinematics-ws] K clamp binds: eid 1003 demanded 7334 clamped 4096
[kinematics-ws] K clamp binds: eid 1002 demanded 14935 clamped 4096
[kinematics-ws] K clamp binds: eid 1002 demanded 14948 clamped 4096
[kinematics-ws] K clamp binds: eid 1003 demanded 7334 clamped 4096
[kinematics-ws] K clamp binds: eid 1001 demanded 30467 clamped 4096
[kinematics-ws] K clamp binds: eid 1001 demanded 30471 clamped 4096
[kinematics-ws] K clamp binds: eid 1002 demanded 14919 clamped 4096
[kinematics-ws] K clamp binds: eid 1003 demanded 7334 clamped 4096
[kinematics-ws] K clamp binds: eid 1003 demanded 7333 clamped 4096
[kinematics-ws] K clamp binds: eid 1002 demanded 14924 clamped 4096
[kinematics-ws] K clamp binds: eid 1001 demanded 30457 clamped 4096
[kinematics-ws] K clamp binds: eid 1001 demanded 30467 clamped 4096
[kinematics-ws] K clamp binds: eid 1002 demanded 14952 clamped 4096
[kinematics-ws] K clamp binds: eid 1003 demanded 7333 clamped 4096
[kinematics-ws] K clamp binds: eid 1001 demanded 30462 clamped 4096
[kinematics-ws] K clamp binds: eid 1002 demanded 14951 clamped 4096
[kinematics-ws] K clamp binds: eid 1003 demanded 7331 clamped 4096
[kinematics-ws] K clamp binds: eid 1001 demanded 30464 clamped 4096
[kinematics-ws] K clamp binds: eid 1003 demanded 7329 clamped 4096
[kinematics-ws] K clamp binds: eid 1002 demanded 14929 clamped 4096
[kinematics-ws] K clamp binds: eid 1001 demanded 30463 clamped 4096
[kinematics-ws] K clamp binds: eid 1003 demanded 7326 clamped 4096
[kinematics-ws] K clamp binds: eid 1002 demanded 14921 clamped 4096
[kinematics-ws] K clamp binds: eid 1001 demanded 30470 clamped 4096
[kinematics-ws] K clamp binds: eid 1002 demanded 14932 clamped 4096
[kinematics-ws] K clamp binds: eid 1003 demanded 7324 clamped 4096
[kinematics-ws] K clamp binds: eid 1003 demanded 7323 clamped 4096
[kinematics-ws] K clamp binds: eid 1001 demanded 30461 clamped 4096
[kinematics-ws] K clamp binds: eid 1002 demanded 14950 clamped 4096
[kinematics-ws] K clamp binds: eid 1001 demanded 30475 clamped 4096
[kinematics-ws] K clamp binds: eid 1002 demanded 14961 clamped 4096
[kinematics-ws] K clamp binds: eid 1003 demanded 7324 clamped 4096
[kinematics-ws] K clamp binds: eid 1002 demanded 14964 clamped 4096
[kinematics-ws] K clamp binds: eid 1001 demanded 30475 clamped 4096
[kinematics-ws] K clamp binds: eid 1003 demanded 7327 clamped 4096
[kinematics-ws] K clamp binds: eid 1001 demanded 30468 clamped 4096
[kinematics-ws] K clamp binds: eid 1002 demanded 14960 clamped 4096
[kinematics-ws] K clamp binds: eid 1003 demanded 7332 clamped 4096
[kinematics-ws] K clamp binds: eid 1002 demanded 14956 clamped 4096
[kinematics-ws] K clamp binds: eid 1003 demanded 7334 clamped 4096
[kinematics-ws] K clamp binds: eid 1001 demanded 30475 clamped 4096
[kinematics-ws] K clamp binds: eid 1002 demanded 14952 clamped 4096
[kinematics-ws] K clamp binds: eid 1001 demanded 30485 clamped 4096
[kinematics-ws] K clamp binds: eid 1003 demanded 7332 clamped 4096
[kinematics-ws] K clamp binds: eid 1001 demanded 30490 clamped 4096
[kinematics-ws] K clamp binds: eid 1002 demanded 14950 clamped 4096
[kinematics-ws] K clamp binds: eid 1003 demanded 7326 clamped 4096
[kinematics-ws] K clamp binds: eid 1003 demanded 7322 clamped 4096
[kinematics-ws] K clamp binds: eid 1002 demanded 14951 clamped 4096
[kinematics-ws] K clamp binds: eid 1001 demanded 30491 clamped 4096
[kinematics-ws] K clamp binds: eid 1002 demanded 14954 clamped 4096
[kinematics-ws] K clamp binds: eid 1003 demanded 7323 clamped 4096
[kinematics-ws] K clamp binds: eid 1001 demanded 30490 clamped 4096
[kinematics-ws] K clamp binds: eid 1001 demanded 30490 clamped 4096
[kinematics-ws] K clamp binds: eid 1003 demanded 7330 clamped 4096
[kinematics-ws] K clamp binds: eid 1002 demanded 14959 clamped 4096
[kinematics-ws] K clamp binds: eid 1001 demanded 30491 clamped 4096
[kinematics-ws] K clamp binds: eid 1002 demanded 14964 clamped 4096
[kinematics-ws] K clamp binds: eid 1003 demanded 7333 clamped 4096
[kinematics-ws] K clamp binds: eid 1003 demanded 7328 clamped 4096
[kinematics-ws] K clamp binds: eid 1002 demanded 14966 clamped 4096
[kinematics-ws] K clamp binds: eid 1001 demanded 30493 clamped 4096
[kinematics-ws] K clamp binds: eid 1001 demanded 30493 clamped 4096
[kinematics-ws] K clamp binds: eid 1003 demanded 7321 clamped 4096
[kinematics-ws] K clamp binds: eid 1002 demanded 14963 clamped 4096
[kinematics-ws] K clamp binds: eid 1003 demanded 7323 clamped 4096
[kinematics-ws] K clamp binds: eid 1001 demanded 30490 clamped 4096
[kinematics-ws] K clamp binds: eid 1002 demanded 14950 clamped 4096
[kinematics-ws] K clamp binds: eid 1003 demanded 7331 clamped 4096
[kinematics-ws] K clamp binds: eid 1002 demanded 14935 clamped 4096
[kinematics-ws] K clamp binds: eid 1001 demanded 30484 clamped 4096
[kinematics-ws] K clamp binds: eid 1001 demanded 30483 clamped 4096
[kinematics-ws] K clamp binds: eid 1002 demanded 14931 clamped 4096
[kinematics-ws] K clamp binds: eid 1003 demanded 7329 clamped 4096
[kinematics-ws] K clamp binds: eid 1001 demanded 30489 clamped 4096
[kinematics-ws] K clamp binds: eid 1002 demanded 14946 clamped 4096
[kinematics-ws] K clamp binds: eid 1003 demanded 7321 clamped 4096
[kinematics-ws] K clamp binds: eid 1002 demanded 14964 clamped 4096
[kinematics-ws] K clamp binds: eid 1003 demanded 7322 clamped 4096
[kinematics-ws] K clamp binds: eid 1001 demanded 30485 clamped 4096
[kinematics-ws] K clamp binds: eid 1001 demanded 30480 clamped 4096
[kinematics-ws] K clamp binds: eid 1002 demanded 14954 clamped 4096
[kinematics-ws] K clamp binds: eid 1003 demanded 7330 clamped 4096
[kinematics-ws] K clamp binds: eid 1001 demanded 30488 clamped 4096
[kinematics-ws] K clamp binds: eid 1002 demanded 14930 clamped 4096
[kinematics-ws] K clamp binds: eid 1003 demanded 7326 clamped 4096
[kinematics-ws] K clamp binds: eid[kinematics-ws] K clamp binds: eid  1001 1002demanded  demanded30479  14939clamped  clamped 40964096

[kinematics-ws] K clamp binds: eid 1003 demanded 7319 clamped 4096
[kinematics-ws] K clamp binds: eid 1001 demanded 30487 clamped 4096
[kinematics-ws] K clamp binds: eid 1003 demanded 7326 clamped 4096
[kinematics-ws] K clamp binds: eid 1002 demanded 14962 clamped 4096
[kinematics-ws] K clamp binds: eid 1003 demanded 7328 clamped 4096
[kinematics-ws] K clamp binds: eid 1002 demanded 14939 clamped 4096
[kinematics-ws] K clamp binds: eid 1001 demanded 30480 clamped 4096
[kinematics-ws] K clamp binds: eid 1002 demanded 14931 clamped 4096
[kinematics-ws] K clamp binds: eid 1001 demanded 30490 clamped 4096
[kinematics-ws] K clamp binds: eid 1003 demanded 7319 clamped 4096
[kinematics-ws] K clamp binds: eid 1001 demanded 30484 clamped 4096
[kinematics-ws] K clamp binds: eid 1003 demanded 7324 clamped 4096
[kinematics-ws] K clamp binds: eid 1002 demanded 14961 clamped 4096
[kinematics-ws] K clamp binds: eid 1001 demanded 30489 clamped 4096
[kinematics-ws] K clamp binds: eid 1002 demanded 14934 clamped 4096
[kinematics-ws] K clamp binds: eid 1003 demanded 7328 clamped 4096
[kinematics-ws] K clamp binds: eid 1001 demanded 30497 clamped 4096
[kinematics-ws] K clamp binds: eid 1002 demanded 14941 clamped 4096
[kinematics-ws] K clamp binds: eid 1003 demanded 7318 clamped 4096
[kinematics-ws] K clamp binds: eid 1001 demanded 30493 clamped 4096
[kinematics-ws] K clamp binds: eid 1002 demanded 14954 clamped 4096
[kinematics-ws] K clamp binds: eid 1003 demanded 7325 clamped 4096
[kinematics-ws] K clamp binds: eid 1001 demanded 30493 clamped 4096
[kinematics-ws] K clamp binds: eid 1002 demanded 14927 clamped 4096
[kinematics-ws] K clamp binds: eid 1003 demanded 7326 clamped 4096
[kinematics-ws] K clamp binds: eid 1002 demanded 14961 clamped 4096
[kinematics-ws] K clamp binds: eid 1001 demanded 30499 clamped 4096
[kinematics-ws] K clamp binds: eid 1003 demanded 7318 clamped 4096
[kinematics-ws] K clamp binds: eid 1002 demanded 14926 clamped 4096
[kinematics-ws] K clamp binds: eid 1001 demanded 30505 clamped 4096
[kinematics-ws] K clamp binds: eid 1003 demanded 7328 clamped 4096
[kinematics-ws] K clamp binds: eid 1002 demanded 14961 clamped 4096
[kinematics-ws] K clamp binds: eid 1001 demanded 30509 clamped 4096
[kinematics-ws] K clamp binds: eid 1003 demanded 7320 clamped 4096
[kinematics-ws] K clamp binds: eid 1002 demanded 14926 clamped 4096
[kinematics-ws] K clamp binds: eid 1003 demanded 7322 clamped 4096
[kinematics-ws] K clamp binds: eid 1001 demanded 30510 clamped 4096
[kinematics-ws] K clamp binds: eid 1001 demanded 30511 clamped 4096
[kinematics-ws] K clamp binds: eid 1002 demanded 14962 clamped 4096
[kinematics-ws] K clamp binds: eid 1003 demanded 7326 clamped 4096
[kinematics-ws] K clamp binds: eid 1003 demanded 7317 clamped 4096
[kinematics-ws] K clamp binds: eid 1002 demanded 14928 clamped 4096
[kinematics-ws] K clamp binds: eid 1001 demanded 30511 clamped 4096
[kinematics-ws] K clamp binds: eid 1002 demanded 14958 clamped 4096
[kinematics-ws] K clamp binds: eid [kinematics-ws] K clamp binds: eid 1001 1003demanded demanded 7329  clamped30511  clamped 40964096

[kinematics-ws] K clamp binds: eid 1002 demanded 14942 clamped 4096
[kinematics-ws] K clamp binds: eid 1001 demanded 30509 clamped 4096
[kinematics-ws] K clamp binds: eid 1003 demanded 7317 clamped 4096
[kinematics-ws] K clamp binds: eid 1001 demanded 30507 clamped 4096
[kinematics-ws] K clamp binds: eid 1003 demanded 7327 clamped 4096
[kinematics-ws] K clamp binds: eid 1002 demanded 14940 clamped 4096
[kinematics-ws] K clamp binds: eid 1003 demanded 7319 clamped 4096
[kinematics-ws] K clamp binds: eid 1002 demanded 14965 clamped 4096
[kinematics-ws] K clamp binds: eid 1001 demanded 30506 clamped 4096
[kinematics-ws] K clamp binds: eid 1001 demanded 30507 clamped 4096
[kinematics-ws] K clamp binds: eid 1003 demanded 7326 clamped 4096
[kinematics-ws] K clamp binds: eid 1002 demanded 14935 clamped 4096
[kinematics-ws] K clamp binds: eid 1002 demanded 14949 clamped 4096
[kinematics-ws] K clamp binds: eid 1001 demanded 30508 clamped 4096
[kinematics-ws] K clamp binds: eid 1003 demanded 7321 clamped 4096
[kinematics-ws] K clamp binds: eid 1001 demanded 30504 clamped 4096
[kinematics-ws] K clamp binds: eid 1002 demanded 14969 clamped 4096
[kinematics-ws] K clamp binds: eid 1003 demanded 7325 clamped 4096
[kinematics-ws] K clamp binds: eid 1003 demanded 7322 clamped 4096
[kinematics-ws] K clamp binds: eid 1001 demanded 30503 clamped 4096
[kinematics-ws] K clamp binds: eid 1002 demanded 14943 clamped 4096
[kinematics-ws] K clamp binds: eid 1002 demanded 14941 clamped 4096
[kinematics-ws] K clamp binds: eid 1003 demanded 7325 clamped 4096
[kinematics-ws] K clamp binds: eid 1001 demanded 30505 clamped 4096
[kinematics-ws] K clamp binds: eid 1001 demanded 30501 clamped 4096
[kinematics-ws] K clamp binds: eid 1003 demanded 7322 clamped 4096
[kinematics-ws] K clamp binds: eid 1002 demanded 14967 clamped 4096
[kinematics-ws] K clamp binds: eid 1002 demanded 14971 clamped 4096
[kinematics-ws] K clamp binds: eid 1001 demanded 30505 clamped 4096
[kinematics-ws] K clamp binds: eid 1003 demanded 7327 clamped 4096
[kinematics-ws] K clamp binds: eid 1003 demanded 7320 clamped 4096
[kinematics-ws] K clamp binds: eid 1002 demanded 14951 clamped 4096
[kinematics-ws] K clamp binds: eid 1001 demanded 30502 clamped 4096
[kinematics-ws] K clamp binds: eid 1001 demanded 30507 clamped 4096
[kinematics-ws] K clamp binds: eid 1003 demanded 7330 clamped 4096
[kinematics-ws] K clamp binds: eid 1002 demanded 14942 clamped 4096
[kinematics-ws] K clamp binds: eid 1001 demanded 30504 clamped 4096
[kinematics-ws] K clamp binds: eid 1003 demanded 7319 clamped 4096
[kinematics-ws] K clamp binds: eid 1002 demanded 14953 clamped 4096
[kinematics-ws] K clamp binds: eid 1001 demanded 30509 clamped 4096
[kinematics-ws] K clamp binds: eid 1002 demanded 14971 clamped 4096
[kinematics-ws] K clamp binds: eid 1003 demanded 7331 clamped 4096
[kinematics-ws] K clamp binds: eid 1003 demanded 7321 clamped 4096
[kinematics-ws] K clamp binds: eid 1002 demanded 14980 clamped 4096
[kinematics-ws] K clamp binds: eid 1001 demanded 30511 clamped 4096
[kinematics-ws] K clamp binds: eid 1001 demanded 30510 clamped 4096
[kinematics-ws] K clamp binds: eid 1003 demanded 7328 clamped 4096
[kinematics-ws] K clamp binds: eid 1002 demanded 14979 clamped 4096
[kinematics-ws] K clamp binds: eid 1001 demanded 30515 clamped 4096
[kinematics-ws] K clamp binds: eid 1002 demanded 14972 clamped 4096
[kinematics-ws] K clamp binds: eid 1003 demanded 7328 clamped 4096
[kinematics-ws] K clamp binds: eid 1001 demanded 30520 clamped 4096
[kinematics-ws] K clamp binds: eid 1003 demanded 7322 clamped 4096
[kinematics-ws] K clamp binds: eid 1002 demanded 14964 clamped 4096
[kinematics-ws] K clamp binds: eid 1001 demanded 30521 clamped 4096
[kinematics-ws] K clamp binds: eid 1003 demanded 7333 clamped 4096
[kinematics-ws] K clamp binds: eid 1002 demanded 14959 clamped 4096
[kinematics-ws] K clamp binds: eid 1003 demanded 7324 clamped 4096
[kinematics-ws] K clamp binds: eid 1001 demanded 30522 clamped 4096
[kinematics-ws] K clamp binds: eid 1002 demanded 14956 clamped 4096
[kinematics-ws] K clamp binds: eid 1001 demanded 30522 clamped 4096
[kinematics-ws] K clamp binds: eid 1003 demanded 7328 clamped 4096
[kinematics-ws] K clamp binds: eid 1002 demanded 14954 clamped 4096
[kinematics-ws] K clamp binds: eid 1003 demanded 7334 clamped 4096
[kinematics-ws] K clamp binds: eid 1002 demanded 14955 clamped 4096
[kinematics-ws] K clamp binds: eid 1001 demanded 30524 clamped 4096
[kinematics-ws] K clamp binds: eid 1002 demanded 14956 clamped 4096
[kinematics-ws] K clamp binds: eid 1003 demanded 7325 clamped 4096
[kinematics-ws] K clamp binds: eid 1001 demanded 30524 clamped 4096
[kinematics-ws] K clamp binds: eid 1001 demanded 30525 clamped 4096
[kinematics-ws] K clamp binds: eid 1003 demanded 7331 clamped 4096
[kinematics-ws] K clamp binds: eid 1002 demanded 14960 clamped 4096
[kinematics-ws] K clamp binds: eid 1003 demanded 7336 clamped 4096
[kinematics-ws] K clamp binds: eid 1002 demanded 14966 clamped 4096
[kinematics-ws] K clamp binds: eid 1001 demanded 30524 clamped 4096
[kinematics-ws] K clamp binds: eid 1003 demanded 7327 clamped 4096
[kinematics-ws] K clamp binds: eid 1001 demanded 30525 clamped 4096
[kinematics-ws] K clamp binds: eid 1002 demanded 14974 clamped 4096
[kinematics-ws] K clamp binds: eid 1001 demanded 30527 clamped 4096
[kinematics-ws] K clamp binds: eid 1003 demanded 7330 clamped 4096
[kinematics-ws] K clamp binds: eid 1002 demanded 14983 clamped 4096
[kinematics-ws] K clamp binds: eid 1001 demanded 30531 clamped 4096
[kinematics-ws] K clamp binds: eid 1003 demanded 7339 clamped 4096
[kinematics-ws] K clamp binds: eid 1002 demanded 14986 clamped 4096
[kinematics-ws] K clamp binds: eid 1002 demanded 14979 clamped 4096
[kinematics-ws] K clamp binds: eid 1003 demanded 7332 clamped 4096
[kinematics-ws] K clamp binds: eid 1001 demanded 30531 clamped 4096
[kinematics-ws] K clamp binds: eid 1001 demanded 30524 clamped 4096
[kinematics-ws] K clamp binds: eid 1003 demanded 7329 clamped 4096
[kinematics-ws] K clamp binds: eid 1002 demanded 14963 clamped 4096
[kinematics-ws] K clamp binds: eid 1002 demanded 14950 clamped 4096
[kinematics-ws] K clamp binds: eid 1001 demanded 30522 clamped 4096
[kinematics-ws] K clamp binds: eid 1003 demanded 7337 clamped 4096
[kinematics-ws] K clamp binds: eid 1001 demanded 30529 clamped 4096
[kinematics-ws] K clamp binds: eid 1003 demanded 7340 clamped 4096
[kinematics-ws] K clamp binds: eid 1002 demanded 14958 clamped 4096
[kinematics-ws] K clamp binds: eid 1001 demanded 30522 clamped 4096
[kinematics-ws] K clamp binds: eid 1002 demanded 14979 clamped 4096
[kinematics-ws] K clamp binds: eid 1003 demanded 7333 clamped 4096
[kinematics-ws] K clamp binds: eid 1001 demanded 30522 clamped 4096
[kinematics-ws] K clamp binds: eid 1002 demanded 14981 clamped 4096
[kinematics-ws] K clamp binds: eid 1003 demanded 7331 clamped 4096
[kinematics-ws] K clamp binds: eid 1002 demanded 14956 clamped 4096
[kinematics-ws] K clamp binds: eid 1001 demanded 30526 clamped 4096
[kinematics-ws] K clamp binds: eid 1003 demanded 7339 clamped 4096
[kinematics-ws] K clamp binds: eid 1001 demanded 30520 clamped 4096
[kinematics-ws] K clamp binds: eid 1002 demanded 14952 clamped 4096
[kinematics-ws] K clamp binds: eid 1003 demanded 7344 clamped 4096
[kinematics-ws] K clamp binds: eid[kinematics-ws] K clamp binds: eid  10031002  demanded demanded7339  14979clamped clamped  40964096

[kinematics-ws] K clamp binds: eid 1001 demanded 30528 clamped 4096
[kinematics-ws] K clamp binds: eid 1001 demanded 30523 clamped 4096
[kinematics-ws] K clamp binds: eid 1002 demanded 14970 clamped 4096
[kinematics-ws] K clamp binds: eid 1003 demanded 7334 clamped 4096
[kinematics-ws] K clamp binds: eid 1002 demanded 14946 clamped 4096
[kinematics-ws] K clamp binds: eid 1003 demanded 7335 clamped 4096
[kinematics-ws] K clamp binds: eid 1001 demanded 30526 clamped 4096
[kinematics-ws] K clamp binds: eid 1002 demanded 14975 clamped 4096
[kinematics-ws] K clamp binds: eid 1001 demanded 30532 clamped 4096
[kinematics-ws] K clamp binds: eid 1003 demanded 7342 clamped 4096
[kinematics-ws] K clamp binds: eid 1003 demanded 7346 clamped 4096
[kinematics-ws] K clamp binds: eid 1002 demanded 14967 clamped 4096
[kinematics-ws] K clamp binds: eid 1001 demanded 30526 clamped 4096
[kinematics-ws] K clamp binds: eid 1001 demanded 30533 clamped 4096
[kinematics-ws] K clamp binds: eid 1003 demanded 7345 clamped 4096
[kinematics-ws] K clamp binds: eid 1002 demanded 14949 clamped 4096
[kinematics-ws] K clamp binds: eid 1001 demanded 30540 clamped 4096
[kinematics-ws] K clamp binds: eid 1002 demanded 14981 clamped 4096
[kinematics-ws] K clamp binds: eid 1003 demanded 7341 clamped 4096
[kinematics-ws] K clamp binds: eid 1002 demanded 14948 clamped 4096
[kinematics-ws] K clamp binds: eid 1001 demanded 30539 clamped 4096
[kinematics-ws] K clamp binds: eid 1003 demanded 7337 clamped 4096
[kinematics-ws] K clamp binds: eid 1003 demanded 7337 clamped 4096
[kinematics-ws] K clamp binds: eid 1002 demanded 14972 clamped 4096
[kinematics-ws] K clamp binds: eid 1001 demanded 30537 clamped 4096
[kinematics-ws] K clamp binds: eid 1002 demanded 14959 clamped 4096
[kinematics-ws] K clamp binds: eid 1003 demanded 7341 clamped 4096
[kinematics-ws] K clamp binds: eid 1001 demanded 30538 clamped 4096
[kinematics-ws] K clamp binds: eid 1001 demanded 30541 clamped 4096
[kinematics-ws] K clamp binds: eid 1002 demanded 14964 clamped 4096
[kinematics-ws] K clamp binds: eid 1003 demanded 7345 clamped 4096
[kinematics-ws] K clamp binds: eid 1002 demanded 14964 clamped 4096
[kinematics-ws] K clamp binds: eid 1001 demanded 30544 clamped 4096
[kinematics-ws] K clamp binds: eid 1003 demanded 7349 clamped 4096
[kinematics-ws] K clamp binds: eid 1002 demanded 14963 clamped 4096
[kinematics-ws] K clamp binds: eid 1001 demanded 30546 clamped 4096
[kinematics-ws] K clamp binds: eid 1003 demanded 7350 clamped 4096
[kinematics-ws] K clamp binds: eid 1002 demanded 14962 clamped 4096
[kinematics-ws] K clamp binds: eid 1003 demanded 7350 clamped 4096
[kinematics-ws] K clamp binds: eid 1001 demanded 30546 clamped 4096
[kinematics-ws] K clamp binds: eid 1002 demanded 14972 clamped 4096
[kinematics-ws] K clamp binds: eid 1001 demanded 30544 clamped 4096
[kinematics-ws] K clamp binds: eid 1003 demanded 7348 clamped 4096
[kinematics-ws] K clamp binds: eid 1001 demanded 30542 clamped 4096
[kinematics-ws] K clamp binds: eid 1003 demanded 7346 clamped 4096
[kinematics-ws] K clamp binds: eid 1002 demanded 14953 clamped 4096
[kinematics-ws] K clamp binds: eid 1001 demanded 30542 clamped 4096
[kinematics-ws] K clamp binds: eid 1003 demanded 7345 clamped 4096
[kinematics-ws] K clamp binds: eid 1002 demanded 14983 clamped 4096
[kinematics-ws] K clamp binds: eid 1001 demanded 30547 clamped 4096
[kinematics-ws] K clamp binds: eid 1003 demanded 7343 clamped 4096
[kinematics-ws] K clamp binds: eid 1002 demanded 14950 clamped 4096
[kinematics-ws] K clamp binds: eid 1002 demanded 14976 clamped 4096
[kinematics-ws] K clamp binds: eid 1001 demanded 30554 clamped 4096
[kinematics-ws] K clamp binds: eid 1003 demanded 7342 clamped 4096
[kinematics-ws] K clamp binds: eid 1002 demanded 14975 clamped 4096
[kinematics-ws] K clamp binds: eid 1003 demanded 7342 clamped 4096
[kinematics-ws] K clamp binds: eid 1001 demanded 30550 clamped 4096
[kinematics-ws] K clamp binds: eid 1002 demanded 14953 clamped 4096
[kinematics-ws] K clamp binds: eid 1003 demanded 7341 clamped 4096
[kinematics-ws] K clamp binds: eid 1001 demanded 30539 clamped 4096
[kinematics-ws] K clamp binds: eid 1003 demanded 7341 clamped 4096
[kinematics-ws] K clamp binds: eid 1002 demanded 14983 clamped 4096
[kinematics-ws] K clamp binds: eid 1001 demanded 30544 clamped 4096
[kinematics-ws] K clamp binds: eid 1001 demanded 30550 clamped 4096
[kinematics-ws] K clamp binds: eid 1003 demanded 7341 clamped 4096
[kinematics-ws] K clamp binds: eid 1002 demanded 14980 clamped 4096
[kinematics-ws] K clamp binds: eid 1002 demanded 14956 clamped 4096
[kinematics-ws] K clamp binds: eid 1001 demanded 30536 clamped 4096
[kinematics-ws] K clamp binds: eid 1003 demanded 7342 clamped 4096
[kinematics-ws] K clamp binds: eid 1001 demanded 30549 clamped 4096
[kinematics-ws] K clamp binds: eid 1002 demanded 14973 clamped 4096
[kinematics-ws] K clamp binds: eid 1003 demanded 7342 clamped 4096
[kinematics-ws] K clamp binds: eid 1001 demanded 30539 clamped 4096
[kinematics-ws] K clamp binds: eid 1002 demanded 14993 clamped 4096
[kinematics-ws] K clamp binds: eid 1003 demanded 7342 clamped 4096
[kinematics-ws] K clamp binds: eid 1001 demanded 30547 clamped 4096
[kinematics-ws] K clamp binds: eid 1002 demanded 14979 clamped 4096
[kinematics-ws] K clamp binds: eid 1003 demanded 7342 clamped 4096
[kinematics-ws] K clamp binds: eid 1002 demanded 14961 clamped 4096
[kinematics-ws] K clamp binds: eid 1003 demanded 7343 clamped 4096
[kinematics-ws] K clamp binds: eid 1001 demanded 30540 clamped 4096
[kinematics-ws] K clamp binds: eid 1001 demanded 30552 clamped 4096
[kinematics-ws] K clamp binds: eid 1003 demanded 7345 clamped 4096
[kinematics-ws] K clamp binds: eid 1002 demanded 14968 clamped 4096
[kinematics-ws] K clamp binds: eid 1001 demanded 30540 clamped 4096
[kinematics-ws] K clamp binds: eid 1002 demanded 14988 clamped 4096
[kinematics-ws] K clamp binds: eid 1003 demanded 7347 clamped 4096
[kinematics-ws] K clamp binds: eid 1001 demanded 30553 clamped 4096
[kinematics-ws] K clamp binds: eid 1003 demanded 7350 clamped 4096
[kinematics-ws] K clamp binds: eid 1002 demanded 14999 clamped 4096
[kinematics-ws] K clamp binds: eid 1002 demanded 14994 clamped 4096
[kinematics-ws] K clamp binds: eid 1003 demanded 7352 clamped 4096
[kinematics-ws] K clamp binds: eid 1001 demanded 30556 clamped 4096
[kinematics-ws] K clamp binds: eid 1001 demanded 30547 clamped 4096
[kinematics-ws] K clamp binds: eid 1002 demanded 14982 clamped 4096
[kinematics-ws] K clamp binds: eid 1003 demanded 7355 clamped 4096
[kinematics-ws] K clamp binds: eid 1002 demanded 14972 clamped 4096
[kinematics-ws] K clamp binds: eid 1003 demanded 7355 clamped 4096
[kinematics-ws] K clamp binds: eid 1001 demanded 30553 clamped 4096
[kinematics-ws] K clamp binds: eid 1001 demanded 30564 clamped 4096
[kinematics-ws] K clamp binds: eid 1003 demanded 7353 clamped 4096
[kinematics-ws] K clamp binds: eid 1002 demanded 14968 clamped 4096
[kinematics-ws] K clamp binds: eid 1001 demanded 30567 clamped 4096
[kinematics-ws] K clamp binds: eid 1002 demanded 14968 clamped 4096
[kinematics-ws] K clamp binds: eid 1003 demanded 7349 clamped 4096
[kinematics-ws] K clamp binds: eid 1001 demanded 30564 clamped 4096
[kinematics-ws] K clamp binds: eid 1003 demanded 7344 clamped 4096
[kinematics-ws] K clamp binds: eid 1002 demanded 14971 clamped 4096
[kinematics-ws] K clamp binds: eid 1001 demanded 30561 clamped 4096
[kinematics-ws] K clamp binds: eid 1003 demanded 7342 clamped 4096
[kinematics-ws] K clamp binds: eid 1002 demanded 14974 clamped 4096
[kinematics-ws] K clamp binds: eid 1003 demanded 7343 clamped 4096
[kinematics-ws] K clamp binds: eid 1002 demanded 14976 clamped 4096
[kinematics-ws] K clamp binds: eid 1001 demanded 30560 clamped 4096
[kinematics-ws] K clamp binds: eid 1001 demanded 30560 clamped 4096
[kinematics-ws] K clamp binds: eid 1003 demanded 7348 clamped 4096
[kinematics-ws] K clamp binds: eid 1002 demanded 14976 clamped 4096
[kinematics-ws] K clamp binds: eid 1001 demanded 30561 clamped 4096
[kinematics-ws] K clamp binds: eid 1002 demanded 14974 clamped 4096
[kinematics-ws] K clamp binds: eid 1003 demanded 7353 clamped 4096
[kinematics-ws] K clamp binds: eid 1002 demanded 14972 clamped 4096
[kinematics-ws] K clamp binds: eid 1001 demanded 30562 clamped 4096
[kinematics-ws] K clamp binds: eid 1003 demanded 7354 clamped 4096
[kinematics-ws] K clamp binds: eid 1002 demanded 14970 clamped 4096
[kinematics-ws] K clamp binds: eid 1003 demanded 7348 clamped 4096
[kinematics-ws] K clamp binds: eid 1001 demanded 30564 clamped 4096
[kinematics-ws] K clamp binds: eid 1001 demanded 30570 clamped 4096
[kinematics-ws] K clamp binds: eid 1002 demanded 14969 clamped 4096
[kinematics-ws] K clamp binds: eid 1003 demanded 7342 clamped 4096
[kinematics-ws] K clamp binds: eid 1002 demanded 14974 clamped 4096
[kinematics-ws] K clamp binds: eid 1001 demanded 30576 clamped 4096
[kinematics-ws] K clamp binds: eid 1003 demanded 7342 clamped 4096
[kinematics-ws] K clamp binds: eid 1002 demanded 14986 clamped 4096
[kinematics-ws] K clamp binds: eid 1003 demanded 7348 clamped 4096
[kinematics-ws] K clamp binds: eid 1001 demanded 30574 clamped 4096
[kinematics-ws] K clamp binds: eid 1003 demanded 7353 clamped 4096
[kinematics-ws] K clamp binds: eid 1001 demanded 30563 clamped 4096
[kinematics-ws] K clamp binds: eid 1002 demanded 15000 clamped 4096
[kinematics-ws] K clamp binds: eid 1003 demanded 7349 clamped 4096
[kinematics-ws] K clamp binds: eid 1002 demanded 15008 clamped 4096
[kinematics-ws] K clamp binds: eid 1001 demanded 30559 clamped 4096
[kinematics-ws] K clamp binds: eid 1002 demanded 15000 clamped 4096
[kinematics-ws] K clamp binds: eid 1003 demanded 7341 clamped 4096
[kinematics-ws] K clamp binds: eid 1001 demanded 30571 clamped 4096
[kinematics-ws] K clamp binds: eid[kinematics-ws] K clamp binds: eid  10021003  demanded 7342 demandedclamped  14979 clamped 40964096

[kinematics-ws] K clamp binds: eid 1001 demanded 30566 clamped 4096
[kinematics-ws] K clamp binds: eid 1003 demanded 7351 clamped 4096
[kinematics-ws] K clamp binds: eid 1001 demanded 30556 clamped 4096
[kinematics-ws] K clamp binds: eid 1002 demanded 14967 clamped 4096
[kinematics-ws] K clamp binds: eid 1001 demanded 30572 clamped 4096[kinematics-ws] K clamp binds: eid 1002 demanded 14984 clamped 4096

[kinematics-ws] K clamp binds: eid 1003 demanded 7351 clamped 4096
[kinematics-ws] K clamp binds: eid 1002 demanded 15005 clamped 4096
[kinematics-ws] K clamp binds: eid 1001 demanded 30556 clamped 4096
[kinematics-ws] K clamp binds: eid 1003 demanded 7341 clamped 4096
[kinematics-ws] K clamp binds: eid 1002 demanded 14992 clamped 4096
[kinematics-ws] K clamp binds: eid 1003 demanded 7341 clamped 4096
[kinematics-ws] K clamp binds: eid 1001 demanded 30570 clamped 4096
[kinematics-ws] K clamp binds: eid 1001 demanded 30557 clamped 4096
[kinematics-ws] K clamp binds: eid 1003 demanded 7351 clamped 4096
[kinematics-ws] K clamp binds: eid 1002 demanded 14966 clamped 4096
[kinematics-ws] K clamp binds: eid 1001 demanded 30573 clamped 4096
[kinematics-ws] K clamp binds: eid 1002 demanded 14983 clamped 4096
[kinematics-ws] K clamp binds: eid 1003 demanded 7348 clamped 4096
[kinematics-ws] K clamp binds: eid 1002 demanded 15004 clamped 4096
[kinematics-ws] K clamp binds: eid 1003 demanded 7338 clamped 4096
[kinematics-ws] K clamp binds: eid 1001 demanded 30558 clamped 4096
[kinematics-ws] K clamp binds: eid 1001 demanded 30574 clamped 4096
[kinematics-ws] K clamp binds: eid 1002 demanded 14973 clamped 4096
[kinematics-ws] K clamp binds: eid 1003 demanded 7345 clamped 4096
[kinematics-ws] K clamp binds: eid 1003 demanded 7351 clamped 4096
[kinematics-ws] K clamp binds: eid 1001 demanded 30571 clamped 4096
[kinematics-ws] K clamp binds: eid 1002 demanded 14975 clamped 4096
[kinematics-ws] K clamp binds: eid 1001 demanded 30564 clamped 4096
[kinematics-ws] K clamp binds: eid 1003 demanded 7340 clamped 4096
[kinematics-ws] K clamp binds: eid 1002 demanded 15003 clamped 4096
[kinematics-ws] K clamp binds: eid 1001 demanded 30578 clamped 4096
[kinematics-ws] K clamp binds: eid 1002 demanded 14968 clamped 4096
[kinematics-ws] K clamp binds: eid 1003 demanded 7341 clamped 4096
[kinematics-ws] K clamp binds: eid 1003 demanded 7351 clamped 4096
[kinematics-ws] K clamp binds: eid 1002 demanded 14986 clamped 4096
[kinematics-ws] K clamp binds: eid 1001 demanded 30584 clamped 4096
[kinematics-ws] K clamp binds: eid 1001 demanded 30577 clamped 4096
[kinematics-ws] K clamp binds: eid 1002 demanded 14993 clamped 4096
[kinematics-ws] K clamp binds: eid 1003 demanded 7340 clamped 4096
[kinematics-ws] K clamp binds: eid 1002 demanded 14966 clamped 4096
[kinematics-ws] K clamp binds: eid [kinematics-ws] K clamp binds: eid 1001 1003demanded 30572 clamped  demanded 7341 clamped 40964096

[kinematics-ws] K clamp binds: eid 1001 demanded 30576 clamped 4096
[kinematics-ws] K clamp binds: eid 1002 demanded 15002 clamped 4096
[kinematics-ws] K clamp binds: eid 1003 demanded 7350 clamped 4096
[kinematics-ws] K clamp binds: eid 1001 demanded 30582 clamped 4096
[kinematics-ws] K clamp binds: eid 1002 demanded 14964 clamped 4096
[kinematics-ws] K clamp binds: eid 1003 demanded 7338 clamped 4096
[kinematics-ws] K clamp binds: eid 1001 demanded 30587 clamped 4096
[kinematics-ws] K clamp binds: eid 1003 demanded 7343 clamped 4096
[kinematics-ws] K clamp binds: eid 1002 demanded 15001 clamped 4096
[kinematics-ws] K clamp binds: eid 1001 demanded 30589 clamped 4096
[kinematics-ws] K clamp binds: eid 1002 demanded 14966 clamped 4096
[kinematics-ws] K clamp binds: eid 1003 demanded 7348 clamped 4096
[kinematics-ws] K clamp binds: eid 1001 demanded 30590 clamped 4096
[kinematics-ws] K clamp binds: eid 1002 demanded 15001 clamped 4096
[kinematics-ws] K clamp binds: eid 1003 demanded 7336 clamped 4096
[kinematics-ws] K clamp binds: eid 1002 demanded 14966 clamped 4096
[kinematics-ws] K clamp binds: eid 1001 demanded 30588 clamped 4096
[kinematics-ws] K clamp binds: eid 1003 demanded 7348 clamped 4096
[kinematics-ws] K clamp binds: eid 1002 demanded 15004 clamped 4096
[kinematics-ws] K clamp binds: eid 1001 demanded 30584 clamped 4096
[kinematics-ws] K clamp binds: eid 1003 demanded 7342 clamped 4096
[kinematics-ws] K clamp binds: eid 1001 demanded 30580 clamped 4096
[kinematics-ws] K clamp binds: eid 1002 demanded 14965 clamped 4096
[kinematics-ws] K clamp binds: eid 1003 demanded 7340 clamped 4096
[kinematics-ws] K clamp binds: eid 1003 demanded 7348 clamped 4096
[kinematics-ws] K clamp binds: eid 1002 demanded 15002 clamped 4096
[kinematics-ws] K clamp binds: eid 1001 demanded 30580 clamped 4096
[kinematics-ws] K clamp binds: eid 1001 demanded 30588 clamped 4096
[kinematics-ws] K clamp binds: eid 1003 demanded 7336 clamped 4096
[kinematics-ws] K clamp binds: eid 1002 demanded 14977 clamped 4096
[kinematics-ws] K clamp binds: eid 1001 demanded 30597 clamped 4096
[kinematics-ws] K clamp binds: eid 1002 demanded 14984 clamped 4096
[kinematics-ws] K clamp binds: eid 1003 demanded 7349 clamped 4096
[kinematics-ws] K clamp binds: eid 1002 demanded 15004 clamped 4096
[kinematics-ws] K clamp binds: eid 1003 demanded 7338 clamped 4096
[kinematics-ws] K clamp binds: eid 1001 demanded 30589 clamped 4096
[kinematics-ws] K clamp binds: eid 1003 demanded 7345 clamped 4096
[kinematics-ws] K clamp binds: eid 1002 demanded 14970 clamped 4096
[kinematics-ws] K clamp binds: eid 1001 demanded 30575 clamped 4096
[kinematics-ws] K clamp binds: eid 1002 demanded 14997 clamped 4096
[kinematics-ws] K clamp binds: eid 1003 demanded 7342 clamped 4096
[kinematics-ws] K clamp binds: eid 1001 demanded 30587 clamped 4096
[kinematics-ws] K clamp binds: eid 1002 demanded 15003 clamped 4096
[kinematics-ws] K clamp binds: eid 1001 demanded 30590 clamped 4096
[kinematics-ws] K clamp binds: eid 1003 demanded 7342 clamped 4096
[kinematics-ws] K clamp binds: eid 1001 demanded 30573 clamped 4096
[kinematics-ws] K clamp binds: eid 1003 demanded 7345 clamped 4096
[kinematics-ws] K clamp binds: eid 1002 demanded 14973 clamped 4096
[kinematics-ws] K clamp binds: eid 1002 demanded 14992 clamped 4096
[kinematics-ws] K clamp binds: eid 1003 demanded 7340 clamped 4096
[kinematics-ws] K clamp binds: eid 1001 demanded 30592 clamped 4096
[kinematics-ws] K clamp binds: eid 1003 demanded 7347 clamped 4096
[kinematics-ws] K clamp binds: eid 1002 demanded 15013 clamped 4096
[kinematics-ws] K clamp binds: eid 1001 demanded 30576 clamped 4096
[kinematics-ws] K clamp binds: eid 1003 demanded 7339 clamped 4096
[kinematics-ws] K clamp binds: eid 1002 demanded 14991 clamped 4096
[kinematics-ws] K clamp binds: eid 1001 demanded 30589 clamped 4096
[kinematics-ws] K clamp binds: eid 1001 demanded 30577 clamped 4096
[kinematics-ws] K clamp binds: eid 1003 demanded 7348 clamped 4096
[kinematics-ws] K clamp binds: eid 1002 demanded 14977 clamped 4096
[kinematics-ws] K clamp binds: eid 1001 demanded 30594 clamped 4096
[kinematics-ws] K clamp binds: eid 1002 demanded 14998 clamped 4096
[kinematics-ws] K clamp binds: eid 1003 demanded 7339 clamped 4096
[kinematics-ws] K clamp binds: eid 1001 demanded 30576 clamped 4096
[kinematics-ws] K clamp binds: eid 1002 demanded 15017 clamped 4096
[kinematics-ws] K clamp binds: eid 1003 demanded 7347 clamped 4096
[kinematics-ws] K clamp binds: eid 1001 demanded 30595 clamped 4096
[kinematics-ws] K clamp binds: eid 1002 demanded 15010 clamped 4096
[kinematics-ws] K clamp binds: eid 1003 demanded 7341 clamped 4096
[kinematics-ws] K clamp binds: eid 1003 demanded 7346 clamped 4096
[kinematics-ws] K clamp binds: eid 1002 demanded 14991 clamped 4096
[kinematics-ws] K clamp binds: eid 1001 demanded 30591 clamped 4096
[kinematics-ws] K clamp binds: eid 1001 demanded 30582 clamped 4096
[kinematics-ws] K clamp binds: eid 1003 demanded 7344 clamped 4096
[kinematics-ws] K clamp binds: eid 1002 demanded 14982 clamped 4096
[kinematics-ws] K clamp binds: eid 1002 demanded 14989 clamped 4096
[kinematics-ws] K clamp binds: eid 1001 demanded 30599 clamped 4096
[kinematics-ws] K clamp binds: eid 1003 demanded 7343 clamped 4096
[kinematics-ws] K clamp binds: eid 1002 demanded 15004 clamped 4096
[kinematics-ws] K clamp binds: eid 1001 demanded 30605 clamped 4096
[kinematics-ws] K clamp binds: eid 1003 demanded 7349 clamped 4096
[kinematics-ws] K clamp binds: eid 1001 demanded 30596 clamped 4096
[kinematics-ws] K clamp binds: eid 1003 demanded 7339 clamped 4096
[kinematics-ws] K clamp binds: eid 1002 demanded 15017 clamped 4096
[kinematics-ws] K clamp binds: eid 1001 demanded 30591 clamped 4096
[kinematics-ws] K clamp binds: eid 1002 demanded 15024 clamped 4096
[kinematics-ws] K clamp binds: eid 1003 demanded 7352 clamped 4096
[kinematics-ws] K clamp binds: eid 1002 demanded 15025 clamped 4096
[kinematics-ws] K clamp binds: eid 1001 demanded 30595 clamped 4096
[kinematics-ws] K clamp binds: eid 1003 demanded 7340 clamped 4096
[kinematics-ws] K clamp binds: eid 1001 demanded 30602 clamped 4096
[kinematics-ws] K clamp binds: eid 1002 demanded 15022 clamped 4096
[kinematics-ws] K clamp binds: eid 1003 demanded 7350 clamped 4096
[kinematics-ws] K clamp binds: eid 1001 demanded 30609 clamped 4096
[kinematics-ws] K clamp binds: eid 1003 demanded 7347 clamped 4096
[kinematics-ws] K clamp binds: eid 1002 demanded 15019 clamped 4096
[kinematics-ws] K clamp binds: eid 1002 demanded 15016 clamped 4096
[kinematics-ws] K clamp binds: eid 1001 demanded 30612 clamped 4096
[kinematics-ws] K clamp binds: eid 1003 demanded 7343 clamped 4096
[kinematics-ws] K clamp binds: eid 1001 demanded 30613 clamped 4096
[kinematics-ws] K clamp binds: eid 1002 demanded 15015 clamped 4096
[kinematics-ws] K clamp binds: eid 1003 demanded 7354 clamped 4096
[kinematics-ws] K clamp binds: eid 1003 demanded 7343 clamped 4096
[kinematics-ws] K clamp binds: eid 1001 demanded 30612 clamped 4096
[kinematics-ws] K clamp binds: eid 1002 demanded 15016 clamped 4096
[kinematics-ws] K clamp binds: eid 1001 demanded 30609 clamped 4096
[kinematics-ws] K clamp binds: eid 1002 demanded 15018 clamped 4096
[kinematics-ws] K clamp binds: eid 1003 demanded 7349 clamped 4096
[kinematics-ws] K clamp binds: eid 1002 demanded 15022 clamped 4096
[kinematics-ws] K clamp binds: eid 1001 demanded 30603 clamped 4096
[kinematics-ws] K clamp binds: eid 1003 demanded 7354 clamped 4096
[kinematics-ws] K clamp binds: eid 1002 demanded 15025 clamped 4096
[kinematics-ws] K clamp binds: eid 1003 demanded 7343 clamped 4096
[kinematics-ws] K clamp binds: eid 1001 demanded 30598 clamped 4096
[kinematics-ws] K clamp binds: eid 1003 demanded 7352 clamped 4096
[kinematics-ws] K clamp binds: eid 1002 demanded 15027 clamped 4096
[kinematics-ws] K clamp binds: eid 1001 demanded 30600 clamped 4096
[kinematics-ws] K clamp binds: eid 1001 demanded 30611 clamped 4096
[kinematics-ws] K clamp binds: eid 1003 demanded 7354 clamped [kinematics-ws] K clamp binds: eid 40961002 demanded 15023 
clamped 4096
[kinematics-ws] K clamp binds: eid 1001 demanded 30617 clamped 4096
[kinematics-ws] K clamp binds: eid 1003 demanded 7344 clamped 4096
[kinematics-ws] K clamp binds: eid 1002 demanded 15014 clamped 4096
[kinematics-ws] K clamp binds: eid 1003 demanded 7353 clamped 4096
[kinematics-ws] K clamp binds: eid 1001 demanded 30604 clamped 4096
[kinematics-ws] K clamp binds: eid 1002 demanded 15001 clamped 4096
[kinematics-ws] K clamp binds: eid 1001 demanded 30595 clamped 4096
[kinematics-ws] K clamp binds: eid 1002 demanded 14991 clamped 4096
[kinematics-ws] K clamp binds: eid 1003 demanded 7357 clamped 4096
[kinematics-ws] K clamp binds: eid 1001 demanded 30612 clamped 4096
[kinematics-ws] K clamp binds: eid 1002 demanded 14994 clamped 4096
[kinematics-ws] K clamp binds: eid 1003 demanded 7347 clamped 4096
[kinematics-ws] K clamp binds: eid 1001 demanded 30605 clamped 4096
[kinematics-ws] K clamp binds: eid 1002 demanded 15010 clamped 4096
[kinematics-ws] K clamp binds: eid 1003 demanded 7350 clamped 4096
[kinematics-ws] K clamp binds: eid 1003 demanded 7360 clamped 4096
[kinematics-ws] K clamp binds: eid 1001 demanded 30596 clamped 4096
[kinematics-ws] K clamp binds: eid 1002 demanded 15025 clamped 4096
[kinematics-ws] K clamp binds: eid 1002 demanded 15017 clamped 4096
[kinematics-ws] K clamp binds: eid 1003 demanded 7354 clamped 4096
[kinematics-ws] K clamp binds: eid 1001 demanded 30613 clamped 4096
[kinematics-ws] K clamp binds: eid 1001 demanded 30593 clamped 4096
[kinematics-ws] K clamp binds: eid 1002 demanded 14994 clamped 4096
[kinematics-ws] K clamp binds: eid 1003 demanded 7348 clamped 4096
[kinematics-ws] K clamp binds: eid 1002 demanded 14992 clamped 4096
[kinematics-ws] K clamp binds: eid 1001 demanded 30614 clamped 4096
[kinematics-ws] K clamp binds: eid 1003 demanded 7356 clamped 4096
[kinematics-ws] K clamp binds: eid 1002 demanded 15017 clamped 4096
[kinematics-ws] K clamp binds: eid[kinematics-ws] K clamp binds: eid  1003 1001demanded 7362  clamped demanded 30594 clamped 40964096

[kinematics-ws] K clamp binds: eid 1003 demanded 7356 clamped 4096
[kinematics-ws] K clamp binds: eid 1002 demanded 15018 clamped 4096
[kinematics-ws] K clamp binds: eid 1001 demanded 30615 clamped 4096
[kinematics-ws] K clamp binds: eid 1003 demanded 7350 clamped 4096
[kinematics-ws] K clamp binds: eid 1001 demanded 30598 clamped 4096
[kinematics-ws] K clamp binds: eid 1002 demanded 14991 clamped 4096
[kinematics-ws] K clamp binds: eid 1001 demanded 30610 clamped 4096
[kinematics-ws] K clamp binds: eid 1003 demanded 7356 clamped 4096
[kinematics-ws] K clamp binds: eid 1002 demanded 14998 clamped 4096
[kinematics-ws] K clamp binds: eid 1001 demanded 30616 clamped 4096
[kinematics-ws] K clamp binds: eid 1002 demanded 15022 clamped 4096
[kinematics-ws] K clamp binds: eid 1003 demanded 7364 clamped 4096
[kinematics-ws] K clamp binds: eid 1002 demanded 14995 clamped 4096
[kinematics-ws] K clamp binds: eid 1001 demanded 30601 clamped 4096
[kinematics-ws] K clamp binds: eid 1003 demanded 7363 clamped 4096
[kinematics-ws] K clamp binds: eid 1002 demanded 14995 clamped 4096
[kinematics-ws] K clamp binds: eid[kinematics-ws] K clamp binds: eid  1003 demanded 1001 7355 demanded clamped 30613 clamped 40964096

[kinematics-ws] K clamp binds: eid 1001 demanded 30626 clamped 4096
[kinematics-ws] K clamp binds: eid 1003 demanded 7353 clamped 4096
[kinematics-ws] K clamp binds: eid 1002 demanded 15021 clamped 4096
[kinematics-ws] K clamp binds: eid 1002 demanded 14988 clamped 4096
[kinematics-ws] K clamp binds: eid 1003 demanded 7358 clamped 4096
[kinematics-ws] K clamp binds: eid 1001 demanded 30619 clamped 4096
[kinematics-ws] K clamp binds: eid 1001 demanded 30610 clamped 4096
[kinematics-ws] K clamp binds: eid 1002 demanded 15008 clamped 4096
[kinematics-ws] K clamp binds: eid 1003 demanded 7366 clamped 4096
[kinematics-ws] K clamp binds: eid 1001 demanded 30612 clamped 4096
[kinematics-ws] K clamp binds: eid 1002 demanded 15009 clamped 4096
[kinematics-ws] K clamp binds: eid 1003 demanded 7367 clamped 4096
[kinematics-ws] K clamp binds: eid 1002 demanded 14990 clamped 4096
[kinematics-ws] K clamp binds: eid 1001 demanded 30621 clamped 4096
[kinematics-ws] K clamp binds: eid 1003 demanded 7362 clamped 4096
[kinematics-ws] K clamp binds: eid 1001 demanded 30628 clamped 4096
[kinematics-ws] K clamp binds: eid 1002 demanded 15020 clamped 4096
[kinematics-ws] K clamp binds: eid 1003 demanded 7357 clamped 4096
[kinematics-ws] K clamp binds: eid 1002 demanded 14985 clamped 4096
[kinematics-ws] K clamp binds: eid 1001 demanded 30633 clamped 4096
[kinematics-ws] K clamp binds: eid 1003 demanded 7355 clamped 4096
[kinematics-ws] K clamp binds: eid 1002 demanded 15021 clamped 4096
[kinematics-ws] K clamp binds: eid 1001 demanded 30635 clamped 4096
[kinematics-ws] K clamp binds: eid 1003 demanded 7359 clamped 4096
[kinematics-ws] K clamp binds: eid 1002 demanded 14986 clamped 4096
[kinematics-ws] K clamp binds: eid 1003 demanded 7364 clamped 4096
[kinematics-ws] K clamp binds: eid 1001 demanded 30635 clamped 4096
[kinematics-ws] K clamp binds: eid 1002 demanded 15020 clamped 4096
[kinematics-ws] K clamp binds: eid 1003 demanded 7369 clamped 4096
[kinematics-ws] K clamp binds: eid 1001 demanded 30634 clamped 4096
[kinematics-ws] K clamp binds: eid 1003 demanded 7370 clamped 4096
[kinematics-ws] K clamp binds: eid 1001 demanded 30630 clamped 4096
[kinematics-ws] K clamp binds: eid 1002 demanded 14986 clamped 4096
[kinematics-ws] K clamp binds: eid 1002 demanded 15022 clamped 4096
[kinematics-ws] K clamp binds: eid 1003 demanded 7369 clamped 4096
[kinematics-ws] K clamp binds: eid 1001 demanded 30624 clamped 4096
[kinematics-ws] K clamp binds: eid 1003 demanded 7365 clamped 4096
[kinematics-ws] K clamp binds: eid 1002 demanded 14987 clamped 4096
[kinematics-ws] K clamp binds: eid 1001 demanded 30619 clamped 4096
[kinematics-ws] K clamp binds: eid 1002 demanded 15020 clamped 4096
[kinematics-ws] K clamp binds: eid 1003 demanded 7362 clamped 4096
[kinematics-ws] K clamp binds: eid 1001 demanded 30620 clamped 4096
[kinematics-ws] K clamp binds: eid 1003 demanded 7360 clamped 4096
[kinematics-ws] K clamp binds: eid 1001 demanded 30631 clamped 4096
[kinematics-ws] K clamp binds: eid 1002 demanded 14997 clamped 4096
[kinematics-ws] K clamp binds: eid 1003 demanded 7359 clamped 4096
[kinematics-ws] K clamp binds: eid 1001 demanded 30637 clamped 4096
[kinematics-ws] K clamp binds: eid 1002 demanded 15005 clamped 4096
[kinematics-ws] K clamp binds: eid 1002 demanded 15020 clamped 4096
[kinematics-ws] K clamp binds: eid 1003 demanded 7359 clamped 4096
[kinematics-ws] K clamp binds: eid 1001 demanded 30624 clamped 4096
[kinematics-ws] K clamp binds: eid 1003 demanded 7361 clamped 4096
[kinematics-ws] K clamp binds: eid 1001 demanded 30616 clamped 4096
[kinematics-ws] K clamp binds: eid 1002 demanded 14990 clamped 4096
[kinematics-ws] K clamp binds: eid 1003 demanded 7362 clamped 4096
[kinematics-ws] K clamp binds: eid 1002 demanded 15021 clamped 4096
[kinematics-ws] K clamp binds: eid 1001 demanded 30632 clamped 4096
[kinematics-ws] K clamp binds: eid 1001 demanded 30625 clamped 4096
[kinematics-ws] K clamp binds: eid 1002 demanded 15014 clamped 4096
[kinematics-ws] K clamp binds: eid 1003 demanded 7364 clamped 4096
[kinematics-ws] K clamp binds: eid 1001 demanded 30615 clamped 4096
[kinematics-ws] K clamp binds: eid 1002 demanded 14993 clamped 4096
[kinematics-ws] K clamp binds: eid 1003 demanded 7366 clamped 4096
[kinematics-ws] K clamp binds: eid 1001 demanded 30633 clamped 4096
[kinematics-ws] K clamp binds: eid 1003 demanded 7368 clamped 4096
[kinematics-ws] K clamp binds: eid 1002 demanded 15023 clamped 4096
[kinematics-ws] K clamp binds: eid 1002 demanded 15023 clamped 4096
[kinematics-ws] K clamp binds: eid 1001 demanded 30613 clamped 4096
[kinematics-ws] K clamp binds: eid 1003 demanded 7369 clamped 4096
[kinematics-ws] K clamp binds: eid 1001 demanded 30633 clamped 4096
[kinematics-ws] K clamp binds: eid 1002 demanded 14997 clamped 4096
[kinematics-ws] K clamp binds: eid 1003 demanded 7369 clamped 4096
[kinematics-ws] K clamp binds: eid 1001 demanded 30614 clamped 4096
[kinematics-ws] K clamp binds: eid 1002 demanded 15010 clamped 4096
[kinematics-ws] K clamp binds: eid 1003 demanded 7370 clamped 4096
[kinematics-ws] K clamp binds: eid 1001 demanded 30635 clamped 4096
[kinematics-ws] K clamp binds: eid 1002 demanded 15033 clamped 4096
[kinematics-ws] K clamp binds: eid 1003 demanded 7370 clamped 4096
[kinematics-ws] K clamp binds: eid 1003 demanded 7369 clamped 4096
[kinematics-ws] K clamp binds: eid 1002 demanded 15023 clamped 4096
[kinematics-ws] K clamp binds: eid 1001 demanded 30616 clamped 4096
[kinematics-ws] K clamp binds: eid 1003 demanded 7369 clamped 4096
[kinematics-ws] K clamp binds: eid 1002 demanded 15002 clamped 4096
[kinematics-ws] K clamp binds: eid 1001 demanded 30634 clamped 4096
[kinematics-ws] K clamp binds: eid 1002 demanded 15006 clamped 4096
[kinematics-ws] K clamp binds: eid 1003 demanded 7368 clamped 4096
[kinematics-ws] K clamp binds: eid 1001 demanded 30629 clamped 4096
[kinematics-ws] K clamp binds: eid 1002 demanded 15026 clamped 4096
[kinematics-ws] K clamp binds: eid 1001 demanded 30621 clamped 4096
[kinematics-ws] K clamp binds: eid 1003 demanded 7366 clamped 4096
[kinematics-ws] K clamp binds: eid 1001 demanded 30640 clamped 4096
[kinematics-ws] K clamp binds: eid 1002 demanded 15038 clamped 4096
[kinematics-ws] K clamp binds: eid 1003 demanded 7365 clamped 4096
[kinematics-ws] K clamp binds: eid 1001 demanded 30639 clamped 4096
[kinematics-ws] K clamp binds: eid 1003 demanded 7363 clamped 4096
[kinematics-ws] K clamp binds: eid 1002 demanded 15032 clamped 4096
[kinematics-ws] K clamp binds: eid 1001 demanded 30627 clamped 4096
[kinematics-ws] K clamp binds: eid 1002 demanded 15018 clamped 4096
[kinematics-ws] K clamp binds: eid 1003 demanded 7362 clamped 4096
[kinematics-ws] K clamp binds: eid 1003 demanded 7361 clamped 4096
[kinematics-ws] K clamp binds: eid 1001 demanded 30631 clamped 4096
[kinematics-ws] K clamp binds: eid 1002 demanded 15007 clamped 4096
[kinematics-ws] K clamp binds: eid 1001 demanded 30644 clamped 4096
[kinematics-ws] K clamp binds: eid 1002 demanded 15006 clamped 4096
[kinematics-ws] K clamp binds: eid 1003 demanded 7362 clamped 4096
[kinematics-ws] K clamp binds: eid 1002 demanded 15012 clamped 4096
[kinematics-ws] K clamp binds: eid 1001 demanded 30652 clamped 4096
[kinematics-ws] K clamp binds: eid 1003 demanded 7363 clamped 4096
[kinematics-ws] K clamp binds: eid 1001 demanded 30652 clamped 4096
[kinematics-ws] K clamp binds: eid 1002 demanded 15021 clamped 4096
[kinematics-ws] K clamp binds: eid 1003 demanded 7367 clamped 4096
[kinematics-ws] K clamp binds: eid[kinematics-ws] K clamp binds: eid  10021003  demanded 15029 clampeddemanded  7371 clamped 40964096

[kinematics-ws] K clamp binds: eid 1001 demanded 30649 clamped 4096
[kinematics-ws] K clamp binds: eid 1002 demanded 15035 clamped 4096
[kinematics-ws] K clamp binds: eid 1003 demanded 7374 clamped 4096
[kinematics-ws] K clamp binds: eid 1001 demanded 30646 clamped 4096
[kinematics-ws] K clamp binds: eid 1001 demanded 30644 clamped 4096
[kinematics-ws] K clamp binds: eid 1002 demanded 15039 clamped 4096
[kinematics-ws] K clamp binds: eid 1003 demanded 7376 clamped 4096
[kinematics-ws] K clamp binds: eid 1002 demanded 15041 clamped 4096
[kinematics-ws] K clamp binds: eid 1003 demanded 7374 clamped 4096
[kinematics-ws] K clamp binds: eid 1001 demanded 30645 clamped 4096
[kinematics-ws] K clamp binds: eid 1001 demanded 30646 clamped 4096
[kinematics-ws] K clamp binds: eid 1003 demanded 7369 clamped 4096
[kinematics-ws] K clamp binds: eid 1002 demanded 15042 clamped 4096
[kinematics-ws] K clamp binds: eid 1003 demanded 7364 clamped 4096
[kinematics-ws] K clamp binds: eid 1002 demanded 15042 clamped 4096
[kinematics-ws] K clamp binds: eid 1001 demanded 30650 clamped 4096
[kinematics-ws] K clamp binds: eid 1002 demanded 15040 clamped 4096
[kinematics-ws] K clamp binds: eid 1003 demanded 7361 clamped 4096
[kinematics-ws] K clamp binds: eid 1001 demanded 30654 clamped 4096
[kinematics-ws] K clamp binds: eid 1001 demanded 30658 clamped 4096
[kinematics-ws] K clamp binds: eid 1003 demanded 7363 clamped 4096
[kinematics-ws] K clamp binds: eid 1002 demanded 15037 clamped 4096
[kinematics-ws] K clamp binds: eid 1001 demanded 30655 clamped 4096
[kinematics-ws] K clamp binds: eid 1002 demanded 15032 clamped 4096
[kinematics-ws] K clamp binds: eid 1003 demanded 7369 clamped 4096
[kinematics-ws] K clamp binds: eid 1001 demanded 30645 clamped 4096
[kinematics-ws] K clamp binds: eid 1003 demanded 7374 clamped 4096
[kinematics-ws] K clamp binds: eid 1002 demanded 15024 clamped 4096
[kinematics-ws] K clamp binds: eid 1001 demanded 30638 clamped 4096
[kinematics-ws] K clamp binds: eid 1003 demanded 7374 clamped 4096
[kinematics-ws] K clamp binds: eid 1002 demanded 15017 clamped 4096
[kinematics-ws] K clamp binds: eid 1001 demanded 30646 clamped 4096
[kinematics-ws] K clamp binds: eid 1002 demanded 15011 clamped 4096
[kinematics-ws] K clamp binds: eid 1003 demanded 7367 clamped 4096
[kinematics-ws] K clamp binds: eid 1001 demanded 30654 clamped 4096
[kinematics-ws] K clamp binds: eid 1003 demanded 7361 clamped 4096
[kinematics-ws] K clamp binds: eid 1002 demanded 15013 clamped 4096
[kinematics-ws] K clamp binds: eid 1002 demanded 15023 clamped 4096
[kinematics-ws] K clamp binds: eid 1003 demanded 7362 clamped 4096
[kinematics-ws] K clamp binds: eid 1001 demanded 30641 clamped 4096
[kinematics-ws] K clamp binds: eid 1002 demanded 15037 clamped 4096
[kinematics-ws] K clamp binds: eid 1001 demanded 30639 clamped 4096
[kinematics-ws] K clamp binds: eid 1003 demanded 7370 clamped 4096
[kinematics-ws] K clamp binds: eid 1001 demanded 30653 clamped 4096
[kinematics-ws] K clamp binds: eid 1002 demanded 15045 clamped 4096
[kinematics-ws] K clamp binds: eid 1003 demanded 7374 clamped 4096
[kinematics-ws] K clamp binds: eid 1001 demanded 30636 clamped 4096
[kinematics-ws] K clamp binds: eid 1003 demanded 7369 clamped 4096
[kinematics-ws] K clamp binds: eid 1002 demanded 15037 clamped 4096
[kinematics-ws] K clamp binds: eid 1002 demanded 15017 clamped 4096
[kinematics-ws] K clamp binds: eid 1003 demanded 7360 clamped 4096
[kinematics-ws] K clamp binds: eid 1001 demanded 30647 clamped 4096
[kinematics-ws] K clamp binds: eid 1003 demanded 7362 clamped 4096
[kinematics-ws] K clamp binds: eid 1001 demanded 30642 clamped 4096
[kinematics-ws] K clamp binds: eid 1002 demanded 15010 clamped 4096
[kinematics-ws] K clamp binds: eid 1002 demanded 15027 clamped 4096
[kinematics-ws] K clamp binds: eid 1003 demanded 7371 clamped 4096
[kinematics-ws] K clamp binds: eid 1001 demanded 30644 clamped 4096
[kinematics-ws] K clamp binds: eid 1001 demanded 30643 clamped 4096
[kinematics-ws] K clamp binds: eid 1003 demanded 7372 clamped [kinematics-ws] K clamp binds: eid4096 
1002 demanded 15044 clamped 4096
[kinematics-ws] K clamp binds: eid 1003 demanded 7362 clamped 4096
[kinematics-ws] K clamp binds: eid 1001 demanded 30648 clamped 4096
[kinematics-ws] K clamp binds: eid 1002 demanded 15029 clamped 4096
[kinematics-ws] K clamp binds: eid 1002 demanded 15008 clamped 4096
[kinematics-ws] K clamp binds: eid 1001 demanded 30639 clamped 4096
[kinematics-ws] K clamp binds: eid 1003 demanded 7359 clamped 4096
[kinematics-ws] K clamp binds: eid 1003 demanded 7369 clamped 4096
[kinematics-ws] K clamp binds: eid 1001 demanded 30656 clamped 4096
[kinematics-ws] K clamp binds: eid 1002 demanded 15025 clamped 4096
[kinematics-ws] K clamp binds: eid 1003 demanded 7372 clamped 4096
[kinematics-ws] K clamp binds: eid 1001 demanded 30641 clamped 4096
[kinematics-ws] K clamp binds: eid 1002 demanded 15042 clamped 4096
[kinematics-ws] K clamp binds: eid 1001 demanded 30650 clamped 4096
[kinematics-ws] K clamp binds: eid 1002 demanded 15016 clamped 4096
[kinematics-ws] K clamp binds: eid 1003 demanded 7361 clamped 4096
[kinematics-ws] K clamp binds: eid 1001 demanded 30660 clamped 4096
[kinematics-ws] K clamp binds: eid 1002 demanded 15014 clamped 4096
[kinematics-ws] K clamp binds: eid 1003 demanded 7360 clamped 4096
[kinematics-ws] K clamp binds: eid 1002 demanded 15041 clamped 4096
[kinematics-ws] K clamp binds: eid 1001 demanded 30649 clamped 4096
[kinematics-ws] K clamp binds: eid 1003 demanded 7371 clamped 4096
[kinematics-ws] K clamp binds: eid 1003 demanded 7368 clamped 4096
[kinematics-ws] K clamp binds: eid 1002 demanded 15017 clamped 4096
[kinematics-ws] K clamp binds: eid 1001 demanded 30648 clamped 4096
[kinematics-ws] K clamp binds: eid 1003 demanded 7357 clamped 4096
[kinematics-ws] K clamp binds: eid 1002 demanded 15015 clamped 4096
[kinematics-ws] K clamp binds: eid 1001 demanded 30662 clamped 4096
[kinematics-ws] K clamp binds: eid 1002 demanded 15040 clamped 4096
[kinematics-ws] K clamp binds: eid 1003 demanded 7365 clamped 4096
[kinematics-ws] K clamp binds: eid 1001 demanded 30669 clamped 4096
[kinematics-ws] K clamp binds: eid 1003 demanded 7371 clamped 4096
[kinematics-ws] K clamp binds: eid 1002 demanded 15007 clamped 4096
[kinematics-ws] K clamp binds: eid 1001 demanded 30665 clamped 4096
[kinematics-ws] K clamp binds: eid 1001 demanded 30659 clamped 4096
[kinematics-ws] K clamp binds: eid 1002 demanded 15031 clamped 4096
[kinematics-ws] K clamp binds: eid 1003 demanded 7359 clamped 4096
[kinematics-ws] K clamp binds: eid 1001 demanded 30656 clamped 4096
[kinematics-ws] K clamp binds: eid 1002 demanded 15025 clamped 4096
[kinematics-ws] K clamp binds: eid 1003 demanded 7362 clamped 4096
[kinematics-ws] K clamp binds: eid 1001 demanded 30656 clamped 4096
[kinematics-ws] K clamp binds: eid 1003 demanded 7371 clamped 4096
[kinematics-ws] K clamp binds: eid 1002 demanded 15013 clamped 4096
[kinematics-ws] K clamp binds: eid 1001 demanded 30657 clamped 4096
[kinematics-ws] K clamp binds: eid 1003 demanded 7359 clamped 4096
[kinematics-ws] K clamp binds: eid 1002 demanded 15037 clamped 4096
[kinematics-ws] K clamp binds: eid 1003 demanded 7361 clamped 4096
[kinematics-ws] K clamp binds: eid 1001 demanded 30658 clamped 4096
[kinematics-ws] K clamp binds: eid 1002 demanded 15006 clamped 4096
[kinematics-ws] K clamp binds: eid 1001 demanded 30658 clamped 4096
[kinematics-ws] K clamp binds: eid 1002 demanded 15040 clamped 4096
[kinematics-ws] K clamp binds: eid 1003 demanded 7371 clamped 4096
[kinematics-ws] K clamp binds: eid 1002 demanded 15006 clamped 4096
[kinematics-ws] K clamp binds: eid 1001 demanded 30658 clamped 4096
[kinematics-ws] K clamp binds: eid 1003 demanded 7358 clamped 4096
[kinematics-ws] K clamp binds: eid 1001 demanded 30658 clamped 4096
[kinematics-ws] K clamp binds: eid 1002 demanded 15041 clamped 4096
[kinematics-ws] K clamp binds: eid 1003 demanded 7363 clamped 4096
[kinematics-ws] K clamp binds: eid 1001 demanded 30661 clamped 4096
[kinematics-ws] K clamp binds: eid 1003 demanded 7369 clamped 4096
[kinematics-ws] K clamp binds: eid 1002 demanded 15006 clamped 4096
[kinematics-ws] K clamp binds: eid 1002 demanded 15041 clamped 4096
[kinematics-ws] K clamp binds: eid 1003 demanded 7356 clamped 4096
[kinematics-ws] K clamp binds: eid 1001 demanded 30669 clamped 4096
[kinematics-ws] K clamp binds: eid 1001 demanded 30678 clamped 4096
[kinematics-ws] K clamp binds: eid 1003 demanded 7367 clamped 4096
[kinematics-ws] K clamp binds: eid 1002 demanded 15009 clamped 4096
[kinematics-ws] K clamp binds: eid 1001 demanded 30677 clamped 4096
[kinematics-ws] K clamp binds: eid 1002 demanded 15037 clamped 4096
[kinematics-ws] K clamp binds: eid 1003 demanded 7364 clamped 4096
[kinematics-ws] K clamp binds: eid 1001 demanded 30663 clamped 4096
[kinematics-ws] K clamp binds: eid 1003 demanded 7358 clamped 4096
[kinematics-ws] K clamp binds: eid 1002 demanded 15020 clamped 4096
[kinematics-ws] K clamp binds: eid 1001 demanded 30655 clamped 4096
[kinematics-ws] K clamp binds: eid 1003 demanded 7370 clamped 4096
[kinematics-ws] K clamp binds: eid 1002 demanded 15023 clamped 4096
[kinematics-ws] K clamp binds: eid 1001 demanded 30670 clamped 4096
[kinematics-ws] K clamp binds: eid 1003 demanded 7356 clamped 4096
[kinematics-ws] K clamp binds: eid 1002 demanded 15039 clamped 4096
[kinematics-ws] K clamp binds: eid 1003 demanded 7366 clamped 4096
[kinematics-ws] K clamp binds: eid 1001 demanded 30673 clamped 4096
[kinematics-ws] K clamp binds: eid 1002 demanded 15010 clamped 4096
[kinematics-ws] K clamp binds: eid 1001 demanded 30653 clamped 4096
[kinematics-ws] K clamp binds: eid 1002 demanded 15042 clamped 4096
[kinematics-ws] K clamp binds: eid 1003 demanded 7363 clamped 4096
[kinematics-ws] K clamp binds: eid 1002 demanded 15029 clamped 4096
[kinematics-ws] K clamp binds: eid 1003 demanded 7359 clamped 4096
[kinematics-ws] K clamp binds: eid 1001 demanded 30667 clamped 4096
[kinematics-ws] K clamp binds: eid 1002 demanded 15015 clamped 4096
[kinematics-ws] K clamp binds: eid 1001 demanded 30668 clamped 4096
[kinematics-ws] K clamp binds: eid 1003 demanded 7369 clamped 4096
[kinematics-ws] K clamp binds: eid 1002 demanded 15046 clamped 4096
[kinematics-ws] K clamp binds: eid 1003 demanded 7355 clamped 4096
[kinematics-ws] K clamp binds: eid 1001 demanded 30653 clamped 4096
[kinematics-ws] K clamp binds: eid 1003 demanded 7370 clamped 4096
[kinematics-ws] K clamp binds: eid 1001 demanded 30674 clamped 4096
[kinematics-ws] K clamp binds: eid 1002 demanded 15032 clamped 4096
[kinematics-ws] K clamp binds: eid 1003 demanded 7357 clamped 4096
[kinematics-ws] K clamp binds: eid 1002 demanded 15016 clamped 4096
[kinematics-ws] K clamp binds: eid 1001 demanded 30652 clamped 4096
[kinematics-ws] K clamp binds: eid 1001 demanded 30675 clamped 4096
[kinematics-ws] K clamp binds: eid 1003 demanded 7367 clamped 4096
[kinematics-ws] K clamp binds: eid 1002 demanded 15043 clamped 4096
[kinematics-ws] K clamp binds: eid 1002 demanded 15047 clamped 4096
[kinematics-ws] K clamp binds: eid 1001 demanded 30653 clamped 4096
[kinematics-ws] K clamp binds: eid 1003 demanded 7360 clamped 4096
[kinematics-ws] K clamp binds: eid 1002 demanded 15022 clamped 4096
[kinematics-ws] K clamp binds: eid 1001 demanded 30676 clamped 4096
[kinematics-ws] K clamp binds: eid 1003 demanded 7365 clamped 4096
[kinematics-ws] K clamp binds: eid 1003 demanded 7363 clamped 4096
[kinematics-ws] K clamp binds: eid 1002 demanded 15024 clamped 4096
[kinematics-ws] K clamp binds: eid 1001 demanded 30660 clamped 4096
[kinematics-ws] K clamp binds: eid 1001 demanded 30667 clamped 4096
[kinematics-ws] K clamp binds: eid 1002 demanded 15048 clamped 4096
[kinematics-ws] K clamp binds: eid 1003 demanded 7363 clamped 4096
[kinematics-ws] K clamp binds: eid 1001 demanded 30678 clamped 4096
[kinematics-ws] K clamp binds: eid 1002 demanded 15053 clamped 4096
[kinematics-ws] K clamp binds: eid 1003 demanded 7364 clamped 4096
[kinematics-ws] K clamp binds: eid 1002 demanded 15035 clamped 4096
[kinematics-ws] K clamp binds: eid 1003 demanded 7362 clamped 4096
[kinematics-ws] K clamp binds: eid 1001 demanded 30660 clamped 4096
[kinematics-ws] K clamp binds: eid 1002 demanded 15022 clamped 4096
[kinematics-ws] K clamp binds: eid 1001 demanded 30672 clamped 4096
[kinematics-ws] K clamp binds: eid 1003 demanded 7365 clamped 4096
[kinematics-ws] K clamp binds: eid 1003 demanded 7362 clamped 4096
[kinematics-ws] K clamp binds: eid 1002 demanded 15030 clamped 4096
[kinematics-ws] K clamp binds: eid 1001 demanded 30686 clamped 4096
[kinematics-ws] K clamp binds: eid 1002 demanded 15048 clamped 4096
[kinematics-ws] K clamp binds: eid 1003 demanded 7364 clamped 4096
[kinematics-ws] K clamp binds: eid 1001 demanded 30675 clamped 4096
[kinematics-ws] K clamp binds: eid 1001 demanded 30666 clamped 4096
[kinematics-ws] K clamp binds: eid[kinematics-ws] K clamp binds: eid  1003 demanded 7364 1002 clamped demanded 15059 clamped 40964096

[kinematics-ws] K clamp binds: eid 1001 demanded 30675 clamped 4096
[kinematics-ws] K clamp binds: eid 1003 demanded 7363 clamped 4096
[kinematics-ws] K clamp binds: eid 1002 demanded 15057 clamped 4096
[kinematics-ws] K clamp binds: eid 1002 demanded 15046 clamped 4096
[kinematics-ws] K clamp binds: eid 1001 demanded 30688 clamped 4096
[kinematics-ws] K clamp binds: eid 1003 demanded 7367 clamped 4096
[kinematics-ws] K clamp binds: eid 1002 demanded 15035 clamped 4096
[kinematics-ws] K clamp binds: eid 1001 demanded 30694 clamped 4096
[kinematics-ws] K clamp binds: eid 1003 demanded 7360 clamped 4096
[kinematics-ws] K clamp binds: eid 1001 demanded 30694 clamped 4096
[kinematics-ws] K clamp binds: eid 1002 demanded 15029 clamped 4096
[kinematics-ws] K clamp binds: eid 1003 demanded 7371 clamped 4096
[kinematics-ws] K clamp binds: eid 1001 demanded 30690 clamped 4096
[kinematics-ws] K clamp binds: eid 1002 demanded 15028 clamped 4096
[kinematics-ws] K clamp binds: eid 1003 demanded 7358 clamped 4096
[kinematics-ws] K clamp binds: eid 1003 demanded 7372 clamped 4096
[kinematics-ws] K clamp binds: eid 1001 demanded 30687 clamped 4096
[kinematics-ws] K clamp binds: eid 1002 demanded 15030 clamped 4096
[kinematics-ws] K clamp binds: eid 1001 demanded 30686 clamped 4096
[kinematics-ws] K clamp binds: eid 1003 demanded 7359 clamped 4096
[kinematics-ws] K clamp binds: eid 1002 demanded 15034 clamped 4096
[kinematics-ws] K clamp binds: eid 1001 demanded 30686 clamped 4096
[kinematics-ws] K clamp binds: eid 1003 demanded 7370 clamped 4096
[kinematics-ws] K clamp binds: eid 1002 demanded 15038 clamped 4096
[kinematics-ws] K clamp binds: eid[kinematics-ws] K clamp binds: eid  1002 1001 demanded demanded15041  clamped 30688 clamped 40964096

[kinematics-ws] K clamp binds: eid 1003 demanded 7365 clamped 4096
[kinematics-ws] K clamp binds: eid[kinematics-ws] K clamp binds: eid 1001 demanded 30692 clamped 4096
 1003 demanded 7363 clamped 4096
[kinematics-ws] K clamp binds: eid 1002 demanded 15043 clamped 4096
[kinematics-ws] K clamp binds: eid 1003 demanded 7373 clamped 4096
[kinematics-ws] K clamp binds: eid 1002 demanded 15043 clamped 4096
[kinematics-ws] K clamp binds: eid 1001 demanded 30696 clamped 4096
[kinematics-ws] K clamp binds: eid 1002 demanded 15042 clamped 4096
[kinematics-ws] K clamp binds: eid 1003 demanded 7360 clamped 4096
[kinematics-ws] K clamp binds: eid 1001 demanded 30699 clamped 4096
[kinematics-ws] K clamp binds: eid 1001 demanded 30695 clamped 4096
[kinematics-ws] K clamp binds: eid 1002 demanded 15039 clamped 4096
[kinematics-ws] K clamp binds: eid 1003 demanded 7372 clamped 4096
[kinematics-ws] K clamp binds: eid 1001 demanded 30685 clamped 4096
[kinematics-ws] K clamp binds: eid 1002 demanded 15035 clamped 4096
[kinematics-ws] K clamp binds: eid 1003 demanded 7368 clamped 4096
[kinematics-ws] K clamp binds: eid 1001 demanded 30677 clamped 4096
[kinematics-ws] K clamp binds: eid 1003 demanded 7363 clamped 4096
[kinematics-ws] K clamp binds: eid 1002 demanded 15032 clamped 4096
[kinematics-ws] K clamp binds: eid 1001 demanded 30684 clamped 4096
[kinematics-ws] K clamp binds: eid 1003 demanded 7376 clamped 4096
[kinematics-ws] K clamp binds: eid 1002 demanded 15030 clamped 4096
[kinematics-ws] K clamp binds: eid 1003 demanded 7364 clamped 4096
[kinematics-ws] K clamp binds: eid 1002 demanded 15032 clamped 4096
[kinematics-ws] K clamp binds: eid 1001 demanded 30696 clamped 4096
[kinematics-ws] K clamp binds: eid 1001 demanded 30687 clamped 4096
[kinematics-ws] K clamp binds: eid 1003 demanded 7367 clamped 4096
[kinematics-ws] K clamp binds: eid 1002 demanded 15039 clamped 4096
[kinematics-ws] K clamp binds: eid 1001 demanded 30675 clamped 4096
[kinematics-ws] K clamp binds: eid 1002 demanded 15052 clamped 4096
[kinematics-ws] K clamp binds: eid 1003 demanded 7376 clamped 4096
[kinematics-ws] K clamp binds: eid 1001 demanded 30691 clamped 4096
[kinematics-ws] K clamp binds: eid 1002 demanded 15063 clamped 4096
[kinematics-ws] K clamp binds: eid 1003 demanded 7364 clamped 4096
[kinematics-ws] K clamp binds: eid 1001 demanded 30686 clamped 4096
[kinematics-ws] K clamp binds: eid 1002 demanded 15067 clamped 4096
[kinematics-ws] K clamp binds: eid 1003 demanded 7370 clamped 4096
[kinematics-ws] K clamp binds: eid 1002 demanded 15056 clamped 4096
[kinematics-ws] K clamp binds: eid 1003 demanded 7378 clamped 4096
[kinematics-ws] K clamp binds: eid 1001 demanded 30675 clamped 4096
[kinematics-ws] K clamp binds: eid 1001 demanded 30693 clamped 4096
[kinematics-ws] K clamp binds: eid 1002 demanded 15038 clamped 4096
[kinematics-ws] K clamp binds: eid 1003 demanded 7366 clamped 4096
[kinematics-ws] K clamp binds: eid 1001 demanded 30673 clamped 4096
[kinematics-ws] K clamp binds: eid 1003 demanded 7369 clamped 4096
[kinematics-ws] K clamp binds: eid 1002 demanded 15029 clamped 4096
[kinematics-ws] K clamp binds: eid 1001 demanded 30692 clamped 4096
[kinematics-ws] K clamp binds: eid 1002 demanded 15041 clamped 4096
[kinematics-ws] K clamp binds: eid 1003 demanded 7379 clamped 4096
[kinematics-ws] K clamp binds: eid 1003 demanded 7370 clamped 4096
[kinematics-ws] K clamp binds: eid 1001 demanded 30675 clamped 4096
[kinematics-ws] K clamp binds: eid 1002 demanded 15062 clamped 4096
[kinematics-ws] K clamp binds: eid 1003 demanded 7367 clamped 4096
[kinematics-ws] K clamp binds: eid 1002 demanded 15061 clamped 4096
[kinematics-ws] K clamp binds: eid 1001 demanded 30693 clamped 4096
[kinematics-ws] K clamp binds: eid 1002 demanded 15037 clamped 4096
[kinematics-ws] K clamp binds: eid 1001 demanded 30675 clamped 4096
[kinematics-ws] K clamp binds: eid 1003 demanded 7378 clamped 4096
[kinematics-ws] K clamp binds: eid 1003 demanded 7378 clamped 4096
[kinematics-ws] K clamp binds: eid 1001 demanded 30696 clamped 4096
[kinematics-ws] K clamp binds: eid 1002 demanded 15029 clamped 4096
[kinematics-ws] K clamp binds: eid 1001 demanded 30680 clamped 4096
[kinematics-ws] K clamp binds: eid 1003 demanded 7368 clamped 4096
[kinematics-ws] K clamp binds: eid 1002 demanded 15054 clamped 4096
[kinematics-ws] K clamp binds: eid 1003 demanded 7372 clamped 4096
[kinematics-ws] K clamp binds: eid 1001 demanded 30688 clamped 4096
[kinematics-ws] K clamp binds: eid 1002 demanded 15061 clamped 4096
[kinematics-ws] K clamp binds: eid 1002 demanded 15032 clamped 4096
[kinematics-ws] K clamp binds: eid 1001 demanded 30698 clamped 4096
[kinematics-ws] K clamp binds: eid 1003 demanded 7382 clamped 4096
[kinematics-ws] K clamp binds: eid 1001 demanded 30682 clamped 4096
[kinematics-ws] K clamp binds: eid 1003 demanded 7378 clamped 4096
[kinematics-ws] K clamp binds: eid 1002 demanded 15034 clamped 4096
[kinematics-ws] K clamp binds: eid 1003 demanded 7369 clamped 4096
[kinematics-ws] K clamp binds: eid 1002 demanded 15063 clamped 4096
[kinematics-ws] K clamp binds: eid 1001 demanded 30691 clamped 4096
[kinematics-ws] K clamp binds: eid 1001 demanded 30705 clamped 4096
[kinematics-ws] K clamp binds: eid 1003 demanded 7373 clamped 4096
[kinematics-ws] K clamp binds: eid 1002 demanded 15041 clamped 4096
[kinematics-ws] K clamp binds: eid 1001 demanded 30698 clamped 4096
[kinematics-ws] K clamp binds: eid 1002 demanded 15029 clamped 4096
[kinematics-ws] K clamp binds: eid 1003 demanded 7383 clamped 4096
[kinematics-ws] K clamp binds: eid 1003 demanded 7382 clamped 4096
[kinematics-ws] K clamp binds: eid 1002 demanded 15061 clamped 4096
[kinematics-ws] K clamp binds: eid 1001 demanded 30688 clamped 4096
[kinematics-ws] K clamp binds: eid 1001 demanded 30693 clamped 4096
[kinematics-ws] K clamp binds: eid 1003 demanded 7374 clamped 4096
[kinematics-ws] K clamp binds: eid 1002 demanded 15038 clamped 4096
[kinematics-ws] K clamp binds: eid 1001 demanded 30704 clamped 4096
[kinematics-ws] K clamp binds: eid 1002 demanded 15034 clamped 4096
[kinematics-ws] K clamp binds: eid 1003 demanded 7371 clamped 4096
[kinematics-ws] K clamp binds: eid 1002 demanded 15061 clamped 4096
[kinematics-ws] K clamp binds: eid 1001 demanded 30712 clamped 4096
[kinematics-ws] K clamp binds: eid 1003 demanded 7379 clamped 4096
[kinematics-ws] K clamp binds: eid 1001 demanded 30714 clamped 4096
[kinematics-ws] K clamp binds: eid 1002 demanded 15025 clamped 4096
[kinematics-ws] K clamp binds: eid 1003 demanded 7386 clamped 4096
[kinematics-ws] K clamp binds: eid 1003 demanded 7384 clamped 4096
[kinematics-ws] K clamp binds: eid 1002 demanded 15053 clamped 4096
[kinematics-ws] K clamp binds: eid 1001 demanded 30712 clamped 4096
[kinematics-ws] K clamp binds: eid 1003 demanded 7377 clamped 4096
[kinematics-ws] K clamp binds: eid 1002 demanded 15042 clamped 4096
[kinematics-ws] K clamp binds: eid 1001 demanded 30710 clamped 4096
[kinematics-ws] K clamp binds: eid 1003 demanded 7373 clamped 4096
[kinematics-ws] K clamp binds: eid 1002 demanded 15036 clamped 4096
[kinematics-ws] K clamp binds: eid 1001 demanded 30709 clamped 4096
[kinematics-ws] K clamp binds: eid 1003 demanded 7377 clamped 4096
[kinematics-ws] K clamp binds: eid 1001 demanded 30709 clamped 4096
[kinematics-ws] K clamp binds: eid 1002 demanded 15056 clamped 4096
[kinematics-ws] K clamp binds: eid 1002 demanded 15027 clamped 4096
[kinematics-ws] K clamp binds: eid 1003 demanded 7385 clamped 4096
[kinematics-ws] K clamp binds: eid 1001 demanded 30710 clamped 4096
[kinematics-ws] K clamp binds: eid [kinematics-ws] K clamp binds: eid 10021001 demanded 30713 clamped  demanded 15061 clamped 40964096

[kinematics-ws] K clamp binds: eid 1003 demanded 7389 clamped 4096
[kinematics-ws] K clamp binds: eid 1002 demanded 15025 clamped 4096
[kinematics-ws] K clamp binds: eid 1003 demanded 7386 clamped 4096
[kinematics-ws] K clamp binds: eid 1001 demanded 30716 clamped 4096
[kinematics-ws] K clamp binds: eid 1002 demanded 15062 clamped 4096
[kinematics-ws] K clamp binds: eid 1003 demanded 7380 clamped 4096
[kinematics-ws] K clamp binds: eid 1001 demanded 30717 clamped 4096
[kinematics-ws] K clamp binds: eid 1001 demanded 30714 clamped 4096
[kinematics-ws] K clamp binds: eid 1003 demanded 7376 clamped 4096
[kinematics-ws] K clamp binds: eid 1002 demanded 15025 clamped 4096
[kinematics-ws] K clamp binds: eid 1002 demanded 15062 clamped 4096
[kinematics-ws] K clamp binds: eid 1003 demanded 7376 clamped 4096
[kinematics-ws] K clamp binds: eid 1001 demanded 30707 clamped 4096
[kinematics-ws] K clamp binds: eid 1002 demanded 15028 clamped 4096
[kinematics-ws] K clamp binds: eid 1001 demanded 30700 clamped 4096
[kinematics-ws] K clamp binds: eid 1003 demanded 7380 clamped 4096
[kinematics-ws] K clamp binds: eid 1001 demanded 30702 clamped 4096
[kinematics-ws] K clamp binds: eid 1003 demanded 7386 clamped 4096
[kinematics-ws] K clamp binds: eid 1002 demanded 15057 clamped 4096
[kinematics-ws] K clamp binds: eid 1001 demanded 30713 clamped 4096
[kinematics-ws] K clamp binds: eid 1003 demanded 7390 clamped 4096
[kinematics-ws] K clamp binds: eid 1002 demanded 15038 clamped 4096
[kinematics-ws] K clamp binds: eid 1001 demanded 30711 clamped 4096
[kinematics-ws] K clamp binds: eid 1003 demanded 7391 clamped 4096
[kinematics-ws] K clamp binds: eid 1002 demanded 15044 clamped 4096
[kinematics-ws] K clamp binds: eid 1003 demanded 7390 clamped 4096
[kinematics-ws] K clamp binds: eid 1001 demanded 30698 clamped 4096
[kinematics-ws] K clamp binds: eid 1002 demanded 15056 clamped 4096
[kinematics-ws] K clamp binds: eid 1001 demanded 30703 clamped 4096
[kinematics-ws] K clamp binds: eid 1003 demanded 7386 clamped 4096
[kinematics-ws] K clamp binds: eid 1002 demanded 15029 clamped 4096
[kinematics-ws] K clamp binds: eid 1001 demanded 30712 clamped 4096
[kinematics-ws] K clamp binds: eid 1003 demanded 7383 clamped 4096
[kinematics-ws] K clamp binds: eid 1002 demanded 15065 clamped 4096
[kinematics-ws] K clamp binds: eid 1003 demanded 7380 clamped 4096
[kinematics-ws] K clamp binds: eid 1001 demanded 30696 clamped 4096
[kinematics-ws] K clamp binds: eid 1002 demanded 15039 clamped 4096
[kinematics-ws] K clamp binds: eid 1002 demanded 15042 clamped 4096
[kinematics-ws] K clamp binds: eid 1001 demanded 30706 clamped 4096
[kinematics-ws] K clamp binds: eid 1003 demanded 7378 clamped 4096
[kinematics-ws] K clamp binds: eid 1001 demanded 30705 clamped 4096
[kinematics-ws] K clamp binds: eid 1002 demanded 15067 clamped 4096
[kinematics-ws] K clamp binds: eid 1003 demanded 7378 clamped 4096
[kinematics-ws] K clamp binds: eid 1003 demanded 7380 clamped 4096
[kinematics-ws] K clamp binds: eid 1001 demanded 30698 clamped 4096
[kinematics-ws] K clamp binds: eid 1002 demanded 15035 clamped 4096
[kinematics-ws] K clamp binds: eid 1002 demanded 15047 clamped 4096
[kinematics-ws] K clamp binds: eid 1003 demanded 7382 clamped 4096
[kinematics-ws] K clamp binds: eid 1001 demanded 30710 clamped 4096
[kinematics-ws] K clamp binds: eid 1001 demanded 30696 clamped 4096
[kinematics-ws] K clamp binds: eid 1003 demanded 7384 clamped 4096
[kinematics-ws] K clamp binds: eid 1002 demanded 15070 clamped 4096
[kinematics-ws] K clamp binds: eid 1002 demanded 15043 clamped 4096
[kinematics-ws] K clamp binds: eid 1001 demanded 30711 clamped 4096
[kinematics-ws] K clamp binds: eid 1003 demanded 7386 clamped 4096
[kinematics-ws] K clamp binds: eid 1003 demanded 7388 clamped 4096
[kinematics-ws] K clamp binds: eid 1002 demanded 15040 clamped 4096
[kinematics-ws] K clamp binds: eid 1001 demanded 30699 clamped 4096
[kinematics-ws] K clamp binds: eid 1001 demanded 30708 clamped 4096
[kinematics-ws] K clamp binds: eid 1003 demanded 7390 clamped 4096
[kinematics-ws] K clamp binds: eid 1002 demanded 15069 clamped 4096
[kinematics-ws] K clamp binds: eid 1001 demanded 30708 clamped 4096
[kinematics-ws] K clamp binds: eid 1003 demanded 7391 clamped 4096
[kinematics-ws] K clamp binds: eid 1002 demanded 15065 clamped 4096
[kinematics-ws] K clamp binds: eid 1002 demanded 15039 clamped 4096
[kinematics-ws] K clamp binds: eid 1001 demanded 30701 clamped 4096
[kinematics-ws] K clamp binds: eid 1003 demanded 7392 clamped 4096
[kinematics-ws] K clamp binds: eid 1002 demanded 15045 clamped 4096
[kinematics-ws] K clamp binds: eid 1001 demanded 30717 clamped 4096
[kinematics-ws] K clamp binds: eid 1003 demanded 7392 clamped 4096
[kinematics-ws] K clamp binds: eid 1001 demanded 30707 clamped 4096
[kinematics-ws] K clamp binds: eid 1002 demanded 15071 clamped 4096
[kinematics-ws] K clamp binds: eid 1003 demanded 7393 clamped 4096
[kinematics-ws] K clamp binds: eid 1003 demanded 7393 clamped 4096
[kinematics-ws] K clamp binds: eid 1002 demanded 15074 clamped 4096
[kinematics-ws] K clamp binds: eid 1001 demanded 30706 clamped 4096
[kinematics-ws] K clamp binds: eid 1003 demanded 7393 clamped 4096
[kinematics-ws] K clamp binds: eid 1002 demanded 15054 clamped 4096
[kinematics-ws] K clamp binds: eid 1001 demanded 30720 clamped 4096
[kinematics-ws] K clamp binds: eid 1003 demanded 7392 clamped 4096
[kinematics-ws] K clamp binds: eid 1002 demanded 15041 clamped 4096
[kinematics-ws] K clamp binds: eid 1001 demanded 30719 clamped 4096
[kinematics-ws] K clamp binds: eid 1002 demanded 15050 clamped 4096
[kinematics-ws] K clamp binds: eid 1001 demanded 30710 clamped 4096
[kinematics-ws] K clamp binds: eid 1003 demanded 7392 clamped 4096
[kinematics-ws] K clamp binds: eid 1002 demanded 15069 clamped 4096
[kinematics-ws] K clamp binds: eid 1003 demanded 7391 clamped 4096
[kinematics-ws] K clamp binds: eid 1001 demanded 30712 clamped 4096
[kinematics-ws] K clamp binds: eid 1003 demanded 7390 clamped 4096
[kinematics-ws] K clamp binds: eid 1002 demanded 15080 clamped 4096
[kinematics-ws] K clamp binds: eid 1001 demanded 30723 clamped 4096
[kinematics-ws] K clamp binds: eid 1003 demanded 7388 clamped 4096[kinematics-ws] K clamp binds: eid 
1001 demanded 30729 clamped 4096
[kinematics-ws] K clamp binds: eid 1002 demanded 15077 clamped 4096
[kinematics-ws] K clamp binds: eid 1002 demanded 15065 clamped 4096
[kinematics-ws] K clamp binds: eid 1003 demanded 7386 clamped 4096
[kinematics-ws] K clamp binds: eid 1001 demanded 30729 clamped 4096
[kinematics-ws] K clamp binds: eid 1002 demanded 15053 clamped 4096
[kinematics-ws] K clamp binds: eid 1003 demanded 7384 clamped 4096
[kinematics-ws] K clamp binds: eid 1001 demanded 30726 clamped 4096
[kinematics-ws] K clamp binds: eid 1001 demanded 30722 clamped 4096
[kinematics-ws] K clamp binds: eid 1002 demanded 15046 clamped 4096
[kinematics-ws] K clamp binds: eid 1003 demanded 7383 clamped 4096
[kinematics-ws] K clamp binds: eid 1003 demanded 7381 clamped 4096
[kinematics-ws] K clamp binds: eid 1002 demanded 15047 clamped 4096
[kinematics-ws] K clamp binds: eid 1001 demanded 30720 clamped 4096
[kinematics-ws] K clamp binds: eid 1001 demanded 30720 clamped 4096
[kinematics-ws] K clamp binds: eid 1003 demanded 7381 clamped 4096
[kinematics-ws] K clamp binds: eid 1002 demanded 15051 clamped 4096
[kinematics-ws] K clamp binds: eid 1001 demanded 30720 clamped 4096
[kinematics-ws] K clamp binds: eid 1003 demanded 7382 clamped 4096
[kinematics-ws] K clamp binds: eid 1002 demanded 15058 clamped 4096
[kinematics-ws] K clamp binds: eid 1002 demanded 15064 clamped 4096
[kinematics-ws] K clamp binds: eid 1001 demanded 30720 clamped 4096
[kinematics-ws] K clamp binds: eid 1003 demanded 7385 clamped 4096
[kinematics-ws] K clamp binds: eid 1002 demanded 15069 clamped 4096
[kinematics-ws] K clamp binds: eid 1003 demanded 7388 clamped 4096
[kinematics-ws] K clamp binds: eid 1001 demanded 30721 clamped 4096
[kinematics-ws] K clamp binds: eid 1001 demanded 30724 clamped 4096
[kinematics-ws] K clamp binds: eid 1003 demanded 7392 clamped 4096
[kinematics-ws] K clamp binds: eid 1002 demanded 15073 clamped 4096
[kinematics-ws] K clamp binds: eid 1003 demanded 7395 clamped 4096
[kinematics-ws] K clamp binds: eid 1002 demanded 15075 clamped 4096
[kinematics-ws] K clamp binds: eid 1001 demanded 30729 clamped 4096
[kinematics-ws] K clamp binds: eid 1001 demanded 30734 clamped 4096
[kinematics-ws] K clamp binds: eid 1002 demanded 15076 clamped 4096
[kinematics-ws] K clamp binds: eid 1003 demanded 7396 clamped 4096
[kinematics-ws] K clamp binds: eid 1002 demanded 15075 clamped 4096
[kinematics-ws] K clamp binds: eid 1003 demanded 7393 clamped 4096
[kinematics-ws] K clamp binds: eid 1001 demanded 30737 clamped 4096
[kinematics-ws] K clamp binds: eid 1002 demanded 15073 clamped 4096
[kinematics-ws] K clamp binds: eid 1003 demanded 7389 clamped 4096
[kinematics-ws] K clamp binds: eid 1001 demanded 30733 clamped 4096
[kinematics-ws] K clamp binds: eid 1002 demanded 15069 clamped 4096
[kinematics-ws] K clamp binds: eid 1003 demanded 7383 clamped 4096
[kinematics-ws] K clamp binds: eid 1001 demanded 30723 clamped 4096
[kinematics-ws] K clamp binds: eid 1003 demanded 7381 clamped 4096
[kinematics-ws] K clamp binds: eid 1002 demanded 15064 clamped 4096
[kinematics-ws] K clamp binds: eid 1001 demanded 30718 clamped 4096
[kinematics-ws] K clamp binds: eid 1001 demanded 30728 clamped 4096
[kinematics-ws] K clamp binds: eid 1002 demanded 15058 clamped 4096
[kinematics-ws] K clamp binds: eid 1003 demanded 7383 clamped 4096
[kinematics-ws] K clamp binds: eid 1001 demanded 30734 clamped 4096
[kinematics-ws] K clamp binds: eid 1003 demanded 7388 clamped 4096
[kinematics-ws] K clamp binds: eid 1002 demanded 15052 clamped 4096
[kinematics-ws] K clamp binds: eid 1002 demanded 15049 clamped 4096
[kinematics-ws] K clamp binds: eid 1001 demanded 30721 clamped 4096
[kinematics-ws] K clamp binds: eid 1003 demanded 7394 clamped 4096
[kinematics-ws] K clamp binds: eid 1002 demanded 15052 clamped 4096
[kinematics-ws] K clamp binds: eid 1001 demanded 30718 clamped 4096
[kinematics-ws] K clamp binds: eid 1003 demanded 7395 clamped 4096
[kinematics-ws] K clamp binds: eid 1001 demanded 30733 clamped 4096
[kinematics-ws] K clamp binds: eid 1003 demanded 7391 clamped 4096
[kinematics-ws] K clamp binds: eid 1002 demanded 15061 clamped 4096
[kinematics-ws] K clamp binds: eid 1001 demanded 30720 clamped 4096
[kinematics-ws] K clamp binds: eid 1003 demanded 7384 clamped 4096
[kinematics-ws] K clamp binds: eid 1002 demanded 15075 clamped 4096
[kinematics-ws] K clamp binds: eid 1003 demanded 7380 clamped 4096
[kinematics-ws] K clamp binds: eid 1002 demanded 15086 clamped 4096
[kinematics-ws] K clamp binds: eid 1001 demanded 30720 clamped 4096
[kinematics-ws] K clamp binds: eid 1003 demanded 7384 clamped 4096
[kinematics-ws] K clamp binds: eid 1002 demanded 15086 clamped 4096
[kinematics-ws] K clamp binds: eid 1001 demanded 30731 clamped 4096
[kinematics-ws] K clamp binds: eid 1003 demanded 7392 clamped 4096
[kinematics-ws] K clamp binds: eid 1001 demanded 30714 clamped 4096
[kinematics-ws] K clamp binds: eid 1002 demanded 15072 clamped 4096
[kinematics-ws] K clamp binds: eid 1003 demanded 7394 clamped 4096
[kinematics-ws] K clamp binds: eid 1002 demanded 15053 clamped 4096
[kinematics-ws] K clamp binds: eid 1001 demanded 30732 clamped 4096
[kinematics-ws] K clamp binds: eid 1002 demanded 15049 clamped 4096
[kinematics-ws] K clamp binds: eid 1001 demanded 30715 clamped 4096
[kinematics-ws] K clamp binds: eid 1003 demanded 7389 clamped 4096
[kinematics-ws] K clamp binds: eid 1003 demanded 7381 clamped 4096
[kinematics-ws] K clamp binds: eid 1001 demanded 30732 clamped 4096
[kinematics-ws] K clamp binds: eid 1002 demanded 15066 clamped 4096
[kinematics-ws] K clamp binds: eid 1001 demanded 30715 clamped 4096
[kinematics-ws] K clamp binds: eid 1002 demanded 15085 clamped 4096
[kinematics-ws] K clamp binds: eid 1003 demanded 7381 clamped 4096
[kinematics-ws] K clamp binds: eid 1002 demanded 15078 clamped 4096
[kinematics-ws] K clamp binds: eid 1001 demanded 30734 clamped 4096
[kinematics-ws] K clamp binds: eid 1003 demanded 7389 clamped 4096
[kinematics-ws] K clamp binds: eid 1001 demanded 30718 clamped 4096
[kinematics-ws] K clamp binds: eid 1003 demanded 7394 clamped 4096
[kinematics-ws] K clamp binds: eid 1002 demanded 15053 clamped 4096
[kinematics-ws] K clamp binds: eid 1003 demanded 7388 clamped 4096
[kinematics-ws] K clamp binds: eid 1002 demanded 15050 clamped 4096
[kinematics-ws] K clamp binds: eid 1001 demanded 30731 clamped 4096
[kinematics-ws] K clamp binds: eid 1002 demanded 15077 clamped 4096
[kinematics-ws] K clamp binds: eid 1003 demanded 7379 clamped 4096
[kinematics-ws] K clamp binds: eid 1001 demanded 30730 clamped 4096
[kinematics-ws] K clamp binds: eid 1003 demanded 7383 clamped 4096
[kinematics-ws] K clamp binds: eid 1002 demanded 15081 clamped 4096
[kinematics-ws] K clamp binds: eid 1001 demanded 30721 clamped 4096
[kinematics-ws] K clamp binds: eid 1001 demanded 30738 clamped 4096
[kinematics-ws] K clamp binds: eid 1003 demanded 7392 clamped 4096
[kinematics-ws] K clamp binds: eid 1002 demanded 15052 clamped 4096
[kinematics-ws] K clamp binds: eid 1002 demanded 15053 clamped 4096
[kinematics-ws] K clamp binds: eid 1001 demanded 30734 clamped 4096
[kinematics-ws] K clamp binds: eid 1003 demanded 7391 clamped 4096
[kinematics-ws] K clamp binds: eid 1002 demanded 15082 clamped 4096
[kinematics-ws] K clamp binds: eid 1001 demanded 30724 clamped 4096
[kinematics-ws] K clamp binds: eid 1003 demanded 7381 clamped 4096
[kinematics-ws] K clamp binds: eid 1003 demanded 7380 clamped 4096
[kinematics-ws] K clamp binds: eid 1001 demanded 30736 clamped 4096
[kinematics-ws] K clamp binds: eid 1002 demanded 15066 clamped 4096
[kinematics-ws] K clamp binds: eid 1003 demanded 7390 clamped 4096
[kinematics-ws] K clamp binds: eid 1001 demanded 30746 clamped 4096
[kinematics-ws] K clamp binds: eid 1002 demanded 15046 clamped 4096
[kinematics-ws] K clamp binds: eid 1001 demanded 30740 clamped 4096
[kinematics-ws] K clamp binds: eid 1002 demanded 15077 clamped 4096
[kinematics-ws] K clamp binds: eid 1003 demanded 7391 clamped 4096
[kinematics-ws] K clamp binds: eid 1003 demanded 7380 clamped 4096
[kinematics-ws] K clamp binds: eid 1002 demanded 15069 clamped 4096
[kinematics-ws] K clamp binds: eid 1001 demanded 30732 clamped 4096
[kinematics-ws] K clamp binds: eid 1001 demanded 30733 clamped 4096
[kinematics-ws] K clamp binds: eid 1002 demanded 15045 clamped 4096
[kinematics-ws] K clamp binds: eid 1003 demanded 7381 clamped 4096
[kinematics-ws] K clamp binds: eid 1002 demanded 15080 clamped 4096
[kinematics-ws] K clamp binds: eid 1001 demanded 30741 clamped 4096
[kinematics-ws] K clamp binds: eid 1003 demanded 7391 clamped 4096
[kinematics-ws] K clamp binds: eid 1001 demanded 30748 clamped 4096
[kinematics-ws] K clamp binds: eid 1003 demanded 7387 clamped 4096
[kinematics-ws] K clamp binds: eid 1002 demanded 15060 clamped 4096
[kinematics-ws] K clamp binds: eid 1001 demanded 30753 clamped 4096
[kinematics-ws] K clamp binds: eid 1002 demanded 15052 clamped 4096
[kinematics-ws] K clamp binds: eid 1003 demanded 7378 clamped 4096
[kinematics-ws] K clamp binds: eid 1001 demanded 30755 clamped 4096
[kinematics-ws] K clamp binds: eid 1002 demanded 15081 clamped 4096
[kinematics-ws] K clamp binds: eid 1003 demanded 7385 clamped 4096
[kinematics-ws] K clamp binds: eid 1003 demanded 7391 clamped 4096
[kinematics-ws] K clamp binds: eid 1002 demanded 15044 clamped 4096
[kinematics-ws] K clamp binds: eid 1001 demanded 30755 clamped 4096
[kinematics-ws] K clamp binds: eid 1002 demanded 15075 clamped 4096
[kinematics-ws] K clamp binds: eid 1003 demanded 7380 clamped 4096
[kinematics-ws] K clamp binds: eid 1001 demanded 30754 clamped 4096
[kinematics-ws] K clamp binds: eid 1002 demanded 15058 clamped 4096
[kinematics-ws] K clamp binds: eid 1001 demanded 30755 clamped 4096
[kinematics-ws] K clamp binds: eid 1003 demanded 7380 clamped 4096
[kinematics-ws] K clamp binds: eid 1003 demanded 7391 clamped 4096
[kinematics-ws] K clamp binds: eid 1001 demanded 30755 clamped 4096
[kinematics-ws] K clamp binds: eid 1002 demanded 15060 clamped 4096
[kinematics-ws] K clamp binds: eid 1001 demanded 30756 clamped 4096
[kinematics-ws] K clamp binds: eid 1002 demanded 15072 clamped 4096
[kinematics-ws] K clamp binds: eid 1003 demanded 7383 clamped 4096
[kinematics-ws] K clamp binds: eid 1003 demanded 7378 clamped 4096
[kinematics-ws] K clamp binds: eid 1001 demanded 30755 clamped 4096
[kinematics-ws] K clamp binds: eid 1002 demanded 15050 clamped 4096
[kinematics-ws] K clamp binds: eid 1001 demanded 30753 clamped 4096
[kinematics-ws] K clamp binds: eid 1003 demanded 7390 clamped 4096
[kinematics-ws] K clamp binds: eid 1002 demanded 15079 clamped 4096
[kinematics-ws] K clamp binds: eid 1002 demanded 15046 clamped 4096
[kinematics-ws] K clamp binds: eid 1001 demanded 30749 clamped 4096
[kinematics-ws] K clamp binds: eid 1003 demanded 7384 clamped 4096
[kinematics-ws] K clamp binds: eid 1003 demanded 7377 clamped 4096
[kinematics-ws] K clamp binds: eid 1001 demanded 30743 clamped 4096
[kinematics-ws] K clamp binds: eid 1002 demanded 15081 clamped 4096
[kinematics-ws] K clamp binds: eid 1002 demanded 15046 clamped 4096
[kinematics-ws] K clamp binds: eid 1003 demanded 7390 clamped 4096
[kinematics-ws] K clamp binds: eid 1001 demanded 30741 clamped 4096
[kinematics-ws] K clamp binds: eid 1001 demanded 30746 clamped 4096
[kinematics-ws] K clamp binds: eid 1003 demanded 7383 clamped 4096
[kinematics-ws] K clamp binds: eid 1002 demanded 15080 clamped 4096
[kinematics-ws] K clamp binds: eid 1002 demanded 15050 clamped 4096
[kinematics-ws] K clamp binds: eid 1003 demanded 7378 clamped 4096
[kinematics-ws] K clamp binds: eid 1001 demanded 30753 clamped 4096
[kinematics-ws] K clamp binds: eid 1001 demanded 30750 clamped 4096
[kinematics-ws] K clamp binds: eid 1003 demanded 7390 clamped 4096
[kinematics-ws] K clamp binds: eid 1002 demanded 15075 clamped 4096
[kinematics-ws] K clamp binds: eid 1001 demanded 30740 clamped 4096
[kinematics-ws] K clamp binds: eid 1002 demanded 15059 clamped 4096
[kinematics-ws] K clamp binds: eid 1003 demanded 7380 clamped 4096
[kinematics-ws] K clamp binds: eid 1001 demanded 30742 clamped 4096
[kinematics-ws] K clamp binds: eid 1003 demanded 7380 clamped 4096
[kinematics-ws] K clamp binds: eid 1002 demanded 15064 clamped 4096
[kinematics-ws] K clamp binds: eid 1002 demanded 15075 clamped 4096
[kinematics-ws] K clamp binds: eid 1003 demanded 7390 clamped 4096
[kinematics-ws] K clamp binds: eid 1001 demanded 30751 clamped 4096
[kinematics-ws] K clamp binds: eid 1001 demanded 30743 [kinematics-ws] K clamp binds: eidclamped  4096[kinematics-ws] K clamp binds: eid 
1003 demanded 7377 clamped 4096
1002 demanded 15049 clamped 4096
[kinematics-ws] K clamp binds: eid 1003 demanded 7385 clamped 4096
[kinematics-ws] K clamp binds: eid 1002 demanded 15086 clamped 4096
[kinematics-ws] K clamp binds: eid 1001 demanded 30739 clamped 4096
[kinematics-ws] K clamp binds: eid 1001 demanded 30750 clamped 4096
[kinematics-ws] K clamp binds: eid 1002 demanded 15053 clamped 4096
[kinematics-ws] K clamp binds: eid 1003 demanded 7386 clamped 4096
[kinematics-ws] K clamp binds: eid 1002 demanded 15069 clamped 4096
[kinematics-ws] K clamp binds: eid 1003 demanded 7376 clamped 4096
[kinematics-ws] K clamp binds: eid 1001 demanded 30738 clamped 4096
[kinematics-ws] K clamp binds: eid 1003 demanded 7390 clamped 4096
[kinematics-ws] K clamp binds: eid 1001 demanded 30744 clamped 4096
[kinematics-ws] K clamp binds: eid 1002 demanded 15081 clamped 4096
[kinematics-ws] K clamp binds: eid 1003 demanded 7378 clamped 4096
[kinematics-ws] K clamp binds: eid 1001 demanded 30744 clamped 4096
[kinematics-ws] K clamp binds: eid 1002 demanded 15050 clamped 4096
[kinematics-ws] K clamp binds: eid 1001 demanded 30740 clamped 4096
[kinematics-ws] K clamp binds: eid 1002 demanded 15080 clamped 4096
[kinematics-ws] K clamp binds: eid 1003 demanded 7383 clamped 4096
[kinematics-ws] K clamp binds: eid 1002 demanded 15078 clamped 4096
[kinematics-ws] K clamp binds: eid 1001 demanded 30747 clamped 4096
[kinematics-ws] K clamp binds: eid 1003 demanded 7386 clamped 4096
[kinematics-ws] K clamp binds: eid 1001 demanded 30739 clamped 4096
[kinematics-ws] K clamp binds: eid 1003 demanded 7376 clamped 4096
[kinematics-ws] K clamp binds: eid 1002 demanded 15052 clamped 4096
[kinematics-ws] K clamp binds: eid 1002 demanded 15080 clamped 4096
[kinematics-ws] K clamp binds: eid 1003 demanded 7390 clamped 4096
[kinematics-ws] K clamp binds: eid 1001 demanded 30748 clamped 4096
[kinematics-ws] K clamp binds: eid 1001 demanded 30743 clamped 4096
[kinematics-ws] K clamp binds: eid 1002 demanded 15086 clamped 4096
[kinematics-ws] K clamp binds: eid 1003 demanded 7376 clamped 4096
[kinematics-ws] K clamp binds: eid 1003 demanded 7387 clamped 4096
[kinematics-ws] K clamp binds: eid 1001 demanded 30744 clamped 4096
[kinematics-ws] K clamp binds: eid 1002 demanded 15056 clamped 4096
[kinematics-ws] K clamp binds: eid 1002 demanded 15068 clamped 4096
[kinematics-ws] K clamp binds: eid[kinematics-ws] K clamp binds: eid 1003 demanded 7382 clamped 4096
 1001 demanded 30751 clamped 4096
[kinematics-ws] K clamp binds: eid 1002 demanded 15093 clamped 4096
[kinematics-ws] K clamp binds: eid 1001 demanded 30741 clamped 4096
[kinematics-ws] K clamp binds: eid 1003 demanded 7381 clamped 4096
[kinematics-ws] K clamp binds: eid 1001 demanded 30754 clamped 4096
[kinematics-ws] K clamp binds: eid 1002 demanded 15078 clamped 4096
[kinematics-ws] K clamp binds: eid 1003 demanded 7387 clamped 4096
[kinematics-ws] K clamp binds: eid 1001 demanded 30751 clamped 4096
[kinematics-ws] K clamp binds: eid 1003 demanded 7377 clamped 4096
[kinematics-ws] K clamp binds: eid 1002 demanded 15057 clamped 4096
[kinematics-ws] K clamp binds: eid 1001 demanded 30745 clamped 4096
[kinematics-ws] K clamp binds: eid 1002 demanded 15072 clamped 4096
[kinematics-ws] K clamp binds: eid 1003 demanded 7390 clamped 4096
[kinematics-ws] K clamp binds: eid 1002 demanded 15095 clamped 4096
[kinematics-ws] K clamp binds: eid 1001 demanded 30757 clamped 4096
[kinematics-ws] K clamp binds: eid 1003 demanded 7376 clamped 4096
[kinematics-ws] K clamp binds: eid 1002 demanded 15090 clamped 4096
[kinematics-ws] K clamp binds: eid 1001 demanded 30759 clamped 4096
[kinematics-ws] K clamp binds: eid 1003 demanded 7390 clamped 4096
[kinematics-ws] K clamp binds: eid 1003 demanded 7376 clamped 4096
[kinematics-ws] K clamp binds: eid [kinematics-ws] K clamp binds: eid 1001 demanded 30750 clamped 4096
1002 demanded 15067 clamped 4096
[kinematics-ws] K clamp binds: eid 1001 demanded 30752 clamped 4096
[kinematics-ws] K clamp binds: eid 1003 demanded 7389 clamped 4096
[kinematics-ws] K clamp binds: eid 1002 demanded 15061 clamped 4096
[kinematics-ws] K clamp binds: eid 1003 demanded 7377 clamped 4096
[kinematics-ws] K clamp binds: eid 1001 demanded 30762 clamped 4096
[kinematics-ws] K clamp binds: eid 1002 demanded 15077 clamped 4096
[kinematics-ws] K clamp binds: eid 1003 demanded 7388 clamped 4096
[kinematics-ws] K clamp binds: eid 1002 demanded 15096 clamped 4096
[kinematics-ws] K clamp binds: eid 1001 demanded 30767 clamped 4096
[kinematics-ws] K clamp binds: eid 1001 demanded 30764 clamped 4096
[kinematics-ws] K clamp binds: eid 1002 demanded 15100 clamped 4096
[kinematics-ws] K clamp binds: eid 1003 demanded 7378 clamped 4096
[kinematics-ws] K clamp binds: eid 1001 demanded 30759 clamped 4096
[kinematics-ws] K clamp binds: eid 1002 demanded 15088 clamped 4096
[kinematics-ws] K clamp binds: eid 1003 demanded 7388 clamped 4096
[kinematics-ws] K clamp binds: eid 1003 demanded 7379 clamped 4096
[kinematics-ws] K clamp binds: eid 1001 demanded 30757 clamped 4096
[kinematics-ws] K clamp binds: eid 1002 demanded 15073 clamped 4096
[kinematics-ws] K clamp binds: eid 1001 demanded 30758 clamped 4096
[kinematics-ws] K clamp binds: eid 1003 demanded 7388 clamped 4096
[kinematics-ws] K clamp binds: eid 1002 demanded 15064 clamped 4096
[kinematics-ws] K clamp binds: eid 1002 demanded 15066 clamped 4096
[kinematics-ws] K clamp binds: eid 1001 demanded 30760 clamped 4096
[kinematics-ws] K clamp binds: eid 1003 demanded 7379 clamped 4096
[kinematics-ws] K clamp binds: eid 1002 demanded 15076 clamped 4096
[kinematics-ws] K clamp binds: eid 1003 demanded 7389 clamped 4096
[kinematics-ws] K clamp binds: eid 1001 demanded 30763 clamped 4096
[kinematics-ws] K clamp binds: eid 1001 demanded 30765 clamped 4096
[kinematics-ws] K clamp binds: eid 1003 demanded 7378 clamped 4096
[kinematics-ws] K clamp binds: eid 1002 demanded 15087 clamped 4096
[kinematics-ws] K clamp binds: eid 1001 demanded 30766 clamped 4096
[kinematics-ws] K clamp binds: eid 1002 demanded 15097 clamped 4096
[kinematics-ws] K clamp binds: eid 1003 demanded 7391 clamped 4096
[kinematics-ws] K clamp binds: eid 1001 demanded 30765 clamped 4096
[kinematics-ws] K clamp binds: eid 1003 demanded 7377 clamped 4096
[kinematics-ws] K clamp binds: eid 1002 demanded 15103 clamped 4096
[kinematics-ws] K clamp binds: eid 1002 demanded 15105 clamped 4096
[kinematics-ws] K clamp binds: eid 1003 demanded 7392 clamped 4096
[kinematics-ws] K clamp binds: eid 1001 demanded 30764 clamped 4096
[kinematics-ws] K clamp binds: eid 1003 demanded 7378 clamped 4096
[kinematics-ws] K clamp binds: eid 1002 demanded 15105 clamped 4096
[kinematics-ws] K clamp binds: eid 1001 demanded 30762 clamped 4096
[kinematics-ws] K clamp binds: eid 1003 demanded 7391 clamped 4096
[kinematics-ws] K clamp binds: eid 1001 demanded 30760 clamped 4096
[kinematics-ws] K clamp binds: eid 1002 demanded 15104 clamped 4096
[kinematics-ws] K clamp binds: eid 1001 demanded 30761 clamped 4096
[kinematics-ws] K clamp binds: eid 1003 demanded 7380 clamped 4096
[kinematics-ws] K clamp binds: eid 1002 demanded 15102 clamped 4096
[kinematics-ws] K clamp binds: eid 1001 demanded 30765 clamped 4096
[kinematics-ws] K clamp binds: eid 1002 demanded 15101 clamped 4096
[kinematics-ws] K clamp binds: eid 1003 demanded 7387 clamped 4096
[kinematics-ws] K clamp binds: eid 1002 demanded 15100 clamped 4096
[kinematics-ws] K clamp binds: eid 1003 demanded 7386 clamped 4096
[kinematics-ws] K clamp binds: eid 1001 demanded 30773 clamped 4096
[kinematics-ws] K clamp binds: eid 1001 demanded 30777 clamped 4096
[kinematics-ws] K clamp binds: eid 1002 demanded 15100 clamped 4096
[kinematics-ws] K clamp binds: eid 1003 demanded 7382 clamped 4096
[kinematics-ws] K clamp binds: eid 1001 demanded 30771 clamped 4096
[kinematics-ws] K clamp binds: eid 1003 demanded 7392 clamped 4096
[kinematics-ws] K clamp binds: eid 1002 demanded 15101 clamped 4096
[kinematics-ws] K clamp binds: eid 1001 demanded 30760 clamped [kinematics-ws] K clamp binds: eid 1003 demanded 7379 clamped 4096
4096
[kinematics-ws] K clamp binds: eid 1002 demanded 15103 clamped 4096
[kinematics-ws] K clamp binds: eid 1003 demanded 7393 clamped 4096
[kinematics-ws] K clamp binds: eid 1002 demanded 15105 clamped 4096
[kinematics-ws] K clamp binds: eid 1001 demanded 30760 clamped 4096
[kinematics-ws] K clamp binds: eid 1002 demanded 15106 clamped 4096
[kinematics-ws] K clamp binds: eid 1003 demanded 7383 clamped 4096
[kinematics-ws] K clamp binds: eid 1001 demanded 30771 clamped 4096
[kinematics-ws] K clamp binds: eid 1001 demanded 30771 clamped 4096
[kinematics-ws] K clamp binds: eid 1003 demanded 7386 clamped 4096
[kinematics-ws] K clamp binds: eid 1002 demanded 15106 clamped 4096
[kinematics-ws] K clamp binds: eid 1002 demanded 15103 clamped 4096
[kinematics-ws] K clamp binds: eid 1001 demanded 30757 clamped 4096
[kinematics-ws] K clamp binds: eid 1003 demanded 7392 clamped 4096
[kinematics-ws] K clamp binds: eid 1003 demanded 7380 clamped 4096
[kinematics-ws] K clamp binds: eid 1001 demanded 30763 clamped 4096
[kinematics-ws] K clamp binds: eid 1002 demanded 15096 clamped 4096
[kinematics-ws] K clamp binds: eid 1003 demanded 7394 clamped 4096
[kinematics-ws] K clamp binds: eid 1001 demanded 30772 clamped 4096
[kinematics-ws] K clamp binds: eid 1002 demanded 15086 clamped 4096
[kinematics-ws] K clamp binds: eid 1003 demanded 7386 clamped 4096
[kinematics-ws] K clamp binds: eid 1002 demanded 15076 clamped 4096
[kinematics-ws] K clamp binds: eid 1001 demanded 30756 clamped 4096
[kinematics-ws] K clamp binds: eid 1003 demanded 7384 clamped 4096
[kinematics-ws] K clamp binds: eid 1002 demanded 15071 clamped 4096
[kinematics-ws] K clamp binds: eid 1001 demanded 30766 clamped 4096
[kinematics-ws] K clamp binds: eid 1002 demanded 15074 clamped 4096
[kinematics-ws] K clamp binds: eid 1001 demanded 30766 clamped 4096
[kinematics-ws] K clamp binds: eid 1003 demanded 7395 clamped 4096
[kinematics-ws] K clamp binds: eid 1001 demanded 30756 clamped 4096
[kinematics-ws] K clamp binds: eid 1002 demanded 15085 clamped 4096
[kinematics-ws] K clamp binds: eid 1003 demanded 7383 clamped 4096
[kinematics-ws] K clamp binds: eid 1003 demanded 7389 clamped 4096
[kinematics-ws] K clamp binds: eid 1001 demanded 30771 clamped 4096
[kinematics-ws] K clamp binds: eid 1002 demanded 15100 clamped 4096
[kinematics-ws] K clamp binds: eid 1002 demanded 15106 clamped 4096
[kinematics-ws] K clamp binds: eid 1001 demanded 30754 clamped 4096
[kinematics-ws] K clamp binds: eid 1003 demanded 7395 clamped 4096
[kinematics-ws] K clamp binds: eid 1002 demanded 15096 clamped 4096
[kinematics-ws] K clamp binds: eid [kinematics-ws] K clamp binds: eid 1003 demanded 7382 1001 clamped demanded 30772 4096clamped 
4096
[kinematics-ws] K clamp binds: eid 1001 demanded 30755 clamped 4096
[kinematics-ws] K clamp binds: eid 1002 demanded 15078 clamped 4096
[kinematics-ws] K clamp binds: eid 1003 demanded 7392 clamped 4096
[kinematics-ws] K clamp binds: eid 1002 demanded 15070 clamped 4096
[kinematics-ws] K clamp binds: eid 1003 demanded 7395 clamped 4096
[kinematics-ws] K clamp binds: eid 1001 demanded 30773 clamped 4096
[kinematics-ws] K clamp binds: eid 1002 demanded 15083 clamped 4096
[kinematics-ws] K clamp binds: eid 1003 demanded 7383 clamped 4096
[kinematics-ws] K clamp binds: eid 1001 demanded 30757 clamped 4096
[kinematics-ws] K clamp binds: eid 1002 demanded 15102 clamped 4096
[kinematics-ws] K clamp binds: eid 1001 demanded 30772 clamped 4096
[kinematics-ws] K clamp binds: eid 1003 demanded 7393 clamped 4096
[kinematics-ws] K clamp binds: eid 1002 demanded 15099 clamped 4096
[kinematics-ws] K clamp binds: eid 1001 demanded 30764 clamped 4096
[kinematics-ws] K clamp binds: eid 1003 demanded 7397 clamped 4096
[kinematics-ws] K clamp binds: eid 1001 demanded 30764 clamped 4096
[kinematics-ws] K clamp binds: eid 1002 demanded 15076 clamped 4096
[kinematics-ws] K clamp binds: eid 1003 demanded 7385 clamped 4096
[kinematics-ws] K clamp binds: eid 1002 demanded 15071 clamped 4096
[kinematics-ws] K clamp binds: eid 1001 demanded 30777 clamped 4096
[kinematics-ws] K clamp binds: eid 1003 demanded 7391 clamped 4096
[kinematics-ws] K clamp binds: eid 1001 demanded 30762 clamped 4096
[kinematics-ws] K clamp binds: eid 1002 demanded 15094 clamped 4096
[kinematics-ws] K clamp binds: eid 1003 demanded 7399 clamped 4096
[kinematics-ws] K clamp binds: eid 1002 demanded 15102 clamped 4096
[kinematics-ws] K clamp binds: eid 1001 demanded 30770 clamped 4096
[kinematics-ws] K clamp binds: eid 1003 demanded 7389 clamped 4096
[kinematics-ws] K clamp binds: eid 1001 demanded 30781 clamped 4096
[kinematics-ws] K clamp binds: eid 1002 demanded 15076 clamped 4096
[kinematics-ws] K clamp binds: eid 1003 demanded 7388 clamped 4096
[kinematics-ws] K clamp binds: eid 1002 demanded 15071 clamped 4096
[kinematics-ws] K clamp binds: eid 1001 demanded 30769 clamped 4096
[kinematics-ws] K clamp binds: eid 1003 demanded 7399 clamped 4096
[kinematics-ws] K clamp binds: eid 1002 demanded 15098 clamped 4096
[kinematics-ws] K clamp binds: eid 1001 demanded 30767 clamped 4096
[kinematics-ws] K clamp binds: eid 1003 demanded 7396 clamped 4096
[kinematics-ws] K clamp binds: eid 1003 demanded 7387 clamped 4096
[kinematics-ws] K clamp binds: eid 1002 demanded 15092 clamped 4096
[kinematics-ws] K clamp binds: eid 1001 demanded 30781 clamped 4096
[kinematics-ws] K clamp binds: eid 1002 demanded 15067 clamped 4096
[kinematics-ws] K clamp binds: eid 1003 demanded 7393 clamped 4096
[kinematics-ws] K clamp binds: eid 1001 demanded 30785 clamped 4096
[kinematics-ws] K clamp binds: eid 1001 demanded 30778 clamped 4096
[kinematics-ws] K clamp binds: eid 1002 demanded 15089 clamped 4096
[kinematics-ws] K clamp binds: eid 1003 demanded 7402 clamped 4096
[kinematics-ws] K clamp binds: eid 1001 demanded 30772 clamped 4096
[kinematics-ws] K clamp binds: eid 1003 demanded 7395 clamped 4096
[kinematics-ws] K clamp binds: eid 1002 demanded 15097 clamped 4096
[kinematics-ws] K clamp binds: eid 1001 demanded 30775 clamped 4096
[kinematics-ws] K clamp binds: eid 1003 demanded 7388 clamped 4096
[kinematics-ws] K clamp binds: eid 1002 demanded 15067 clamped 4096
[kinematics-ws] K clamp binds: eid 1001 demanded 30783 clamped 4096
[kinematics-ws] K clamp binds: eid 1002 demanded 15087 clamped 4096
[kinematics-ws] K clamp binds: eid 1003 demanded 7396 clamped 4096
[kinematics-ws] K clamp binds: eid 1003 demanded 7403 clamped 4096
[kinematics-ws] K clamp binds: eid 1001 demanded 30790 clamped 4096
[kinematics-ws] K clamp binds: eid 1002 demanded 15095 clamped 4096
[kinematics-ws] K clamp binds: eid 1001 demanded 30793 clamped 4096
[kinematics-ws] K clamp binds: eid 1002 demanded 15065 clamped 4096
[kinematics-ws] K clamp binds: eid 1003 demanded 7397 clamped 4096
[kinematics-ws] K clamp binds: eid 1001 demanded 30793 clamped 4096
[kinematics-ws] K clamp binds: eid 1003 demanded 7390 clamped 4096
[kinematics-ws] K clamp binds: eid 1002 demanded 15095 clamped 4096
[kinematics-ws] K clamp binds: eid 1002 demanded 15083 clamped 4096
[kinematics-ws] K clamp binds: eid 1001 demanded 30792 clamped 4096
[kinematics-ws] K clamp binds: eid 1003 demanded 7394 clamped 4096
[kinematics-ws] K clamp binds: eid 1003 demanded 7404 clamped 4096
[kinematics-ws] K clamp binds: eid 1001 demanded 30791 clamped 4096
[kinematics-ws] K clamp binds: eid 1002 demanded 15071 clamped 4096
[kinematics-ws] K clamp binds: eid 1003 demanded 7403 clamped 4096
[kinematics-ws] K clamp binds: eid 1001 demanded 30791 clamped 4096
[kinematics-ws] K clamp binds: eid 1002 demanded 15100 clamped 4096
[kinematics-ws] K clamp binds: eid 1003 demanded 7394 clamped 4096
[kinematics-ws] K clamp binds: eid 1002 demanded 15066 clamped 4096
[kinematics-ws] K clamp binds: eid 1001 demanded 30791 clamped 4096
[kinematics-ws] K clamp binds: eid 1001 demanded 30792 clamped 4096
[kinematics-ws] K clamp binds: eid 1003 demanded 7391 clamped 4096
[kinematics-ws] K clamp binds: eid 1002 demanded 15094 clamped 4096
[kinematics-ws] K clamp binds: eid 1002 demanded 15078 clamped 4096
[kinematics-ws] K clamp binds: eid 1001 demanded 30793 clamped 4096
[kinematics-ws] K clamp binds: eid 1003 demanded 7398 clamped 4096
[kinematics-ws] K clamp binds: eid 1001 demanded 30795 clamped 4096
[kinematics-ws] K clamp binds: eid 1002 demanded 15081 clamped 4096
[kinematics-ws] K clamp binds: eid 1003 demanded 7406 clamped 4096
[kinematics-ws] K clamp binds: eid 1003 demanded 7405 clamped 4096
[kinematics-ws] K clamp binds: eid 1001 demanded 30795 clamped 4096
[kinematics-ws] K clamp binds: eid 1002 demanded 15090 clamped 4096
[kinematics-ws] K clamp binds: eid 1001 demanded 30794 clamped 4096
[kinematics-ws] K clamp binds: eid 1002 demanded 15071 clamped 4096
[kinematics-ws] K clamp binds: eid 1003 demanded 7397 clamped 4096
[kinematics-ws] K clamp binds: eid 1001 demanded 30789 clamped 4096
[kinematics-ws] K clamp binds: eid 1003 demanded 7393 clamped 4096
[kinematics-ws] K clamp binds: eid 1002 demanded 15097 clamped 4096
[kinematics-ws] K clamp binds: eid 1001 demanded 30783 clamped 4096
[kinematics-ws] K clamp binds: eid 1002 demanded 15068 clamped 4096
[kinematics-ws] K clamp binds: eid 1003 demanded 7397 clamped 4096
[kinematics-ws] K clamp binds: eid 1003 demanded 7404 clamped 4096
[kinematics-ws] K clamp binds: eid 1002 demanded 15099 clamped 4096
[kinematics-ws] K clamp binds: eid 1001 demanded 30781 clamped 4096
[kinematics-ws] K clamp binds: eid 1001 demanded 30787 clamped 4096
[kinematics-ws] K clamp binds: eid 1002 demanded 15067 clamped 4096
[kinematics-ws] K clamp binds: eid 1003 demanded 7408 clamped 4096
[kinematics-ws] K clamp binds: eid 1003 demanded 7405 clamped 4096
[kinematics-ws] K clamp binds: eid 1002 demanded 15099 clamped 4096
[kinematics-ws] K clamp binds: eid 1001 demanded 30793 clamped 4096
[kinematics-ws] K clamp binds: eid 1002 demanded 15069 clamped 4096
[kinematics-ws] K clamp binds: eid 1001 demanded 30790 clamped 4096
[kinematics-ws] K clamp binds: eid 1003 demanded 7399 clamped 4096
[kinematics-ws] K clamp binds: eid 1001 demanded 30780 clamped 4096
[kinematics-ws] K clamp binds: eid 1002 demanded 15097 clamped 4096
[kinematics-ws] K clamp binds: eid 1003 demanded 7395 clamped 4096
[kinematics-ws] K clamp binds: eid 1003 demanded 7396 clamped 4096
[kinematics-ws] K clamp binds: eid 1002 demanded 15075 clamped 4096
[kinematics-ws] K clamp binds: eid 1001 demanded 30782 clamped 4096
[kinematics-ws] K clamp binds: eid 1002 demanded 15090 clamped 4096
[kinematics-ws] K clamp binds: eid 1003 demanded 7402 clamped 4096
[kinematics-ws] K clamp binds: eid 1001 demanded 30791 clamped 4096
[kinematics-ws] K clamp binds: eid 1001 demanded 30784 clamped 4096
[kinematics-ws] K clamp binds: eid 1003 demanded 7408 clamped 4096
[kinematics-ws] K clamp binds: eid 1002 demanded 15086 clamped 4096
[kinematics-ws] K clamp binds: eid 1001 demanded 30778 clamped 4096
[kinematics-ws] K clamp binds: eid 1003 demanded 7410 clamped 4096
[kinematics-ws] K clamp binds: eid 1002 demanded 15077 clamped 4096
[kinematics-ws] K clamp binds: eid 1001 demanded 30790 clamped 4096
[kinematics-ws] K clamp binds: eid 1002 demanded 15101 clamped 4096
[kinematics-ws] K clamp binds: eid 1003 demanded 7408 clamped 4096
[kinematics-ws] K clamp binds: eid 1003 demanded 7403 clamped 4096
[kinematics-ws] K clamp binds: eid 1002 demanded 15069 clamped 4096
[kinematics-ws] K clamp binds: eid 1001 demanded 30782 clamped 4096
[kinematics-ws] K clamp binds: eid 1001 demanded 30780 clamped 4096
[kinematics-ws] K clamp binds: eid 1002 demanded 15102 clamped 4096
[kinematics-ws] K clamp binds: eid 1003 demanded 7399 clamped 4096
[kinematics-ws] K clamp binds: eid 1003 demanded 7397 clamped 4096
[kinematics-ws] K clamp binds: eid 1002 demanded 15081 clamped 4096
[kinematics-ws] K clamp binds: eid 1001 demanded 30789 clamped 4096
[kinematics-ws] K clamp binds: eid 1001 demanded 30776 clamped 4096
[kinematics-ws] K clamp binds: eid 1002 demanded 15081 clamped 4096
[kinematics-ws] K clamp binds: eid 1003 demanded 7398 clamped 4096
[kinematics-ws] K clamp binds: eid 1001 demanded 30789 clamped 4096
[kinematics-ws] K clamp binds: eid 1003 demanded 7402 clamped 4096
[kinematics-ws] K clamp binds: eid 1002 demanded 15105 clamped 4096
[kinematics-ws] K clamp binds: eid 1002 demanded 15073 clamped 4096
[kinematics-ws] K clamp binds: eid 1001 demanded 30778 clamped 4096
[kinematics-ws] K clamp binds: eid 1003 demanded 7406 clamped 4096
[kinematics-ws] K clamp binds: eid 1001 demanded 30788 clamped 4096
[kinematics-ws] K clamp binds: eid 1002 demanded 15092 clamped 4096
[kinematics-ws] K clamp binds: eid 1003 demanded 7410 clamped 4096
[kinematics-ws] K clamp binds: eid 1003 demanded 7412 clamped 4096
[kinematics-ws] K clamp binds: eid 1002 demanded 15103 clamped 4096
[kinematics-ws] K clamp binds: eid 1001 demanded 30779 clamped 4096
[kinematics-ws] K clamp binds: eid 1001 demanded 30789 clamped 4096
[kinematics-ws] K clamp binds: eid 1003 demanded 7412 clamped 4096
[kinematics-ws] K clamp binds: eid 1002 demanded 15073 clamped 4096
[kinematics-ws] K clamp binds: eid 1002 demanded 15094 clamped 4096
[kinematics-ws] K clamp binds: eid 1001 demanded 30779 clamped 4096
[kinematics-ws] K clamp binds: eid 1003 demanded 7411 clamped 4096
[kinematics-ws] K clamp binds: eid 1001 demanded 30792 clamped 4096
[kinematics-ws] K clamp binds: eid 1003 demanded 7408 clamped 4096
[kinematics-ws] K clamp binds: eid 1002 demanded 15106 clamped 4096
[kinematics-ws] K clamp binds: eid 1001 demanded 30780 clamped 4096
[kinematics-ws] K clamp binds: eid 1002 demanded 15078 clamped 4096
[kinematics-ws] K clamp binds: eid 1003 demanded 7405 clamped 4096
[kinematics-ws] K clamp binds: eid 1001 demanded 30791 clamped 4096
[kinematics-ws] K clamp binds: eid 1002 demanded 15087 clamped 4096
[kinematics-ws] K clamp binds: eid 1003 demanded 7403 clamped 4096
[kinematics-ws] K clamp binds: eid 1001 demanded 30789 clamped 4096
[kinematics-ws] K clamp binds: eid 1003 demanded 7401 clamped 4096
[kinematics-ws] K clamp binds: eid 1002 demanded 15111 clamped 4096
[kinematics-ws] K clamp binds: eid 1001 demanded 30783 clamped 4096
[kinematics-ws] K clamp binds: eid 1003 demanded 7400 clamped 4096
[kinematics-ws] K clamp binds: eid 1002 demanded 15094 clamped 4096
[kinematics-ws] K clamp binds: eid 1001 demanded 30796 clamped 4096
[kinematics-ws] K clamp binds: eid 1002 demanded 15077 clamped 4096
[kinematics-ws] K clamp binds: eid 1003 demanded 7399 clamped 4096
[kinematics-ws] K clamp binds: eid 1003 demanded 7399 clamped 4096
[kinematics-ws] K clamp binds: eid 1002 demanded 15098 clamped 4096
[kinematics-ws] K clamp binds: eid 1001 demanded 30791 clamped 4096
[kinematics-ws] K clamp binds: eid 1003 demanded 7400 clamped 4096
[kinematics-ws] K clamp binds: eid 1001 demanded 30786 clamped 4096
[kinematics-ws] K clamp binds: eid 1002 demanded 15114 clamped 4096
[kinematics-ws] K clamp binds: eid 1001 demanded 30797 clamped 4096
[kinematics-ws] K clamp binds: eid 1003 demanded 7401 clamped 4096
[kinematics-ws] K clamp binds: eid 1002 demanded 15096 clamped 4096
[kinematics-ws] K clamp binds: eid 1001 demanded 30800 clamped 4096
[kinematics-ws] K clamp binds: eid 1003 demanded 7402 clamped 4096
[kinematics-ws] K clamp binds: eid 1002 demanded 15080 clamped 4096
[kinematics-ws] K clamp binds: eid 1002 demanded 15092 clamped 4096
[kinematics-ws] K clamp binds: eid 1001 demanded 30792 clamped 4096
[kinematics-ws] K clamp binds: eid 1003 demanded 7403 clamped 4096
[kinematics-ws] K clamp binds: eid 1002 demanded 15113 clamped 4096
[kinematics-ws] K clamp binds: eid 1003 demanded 7404 clamped 4096
[kinematics-ws] K clamp binds: eid 1001 demanded 30791 clamped 4096
[kinematics-ws] K clamp binds: eid 1001 demanded 30800 clamped 4096
[kinematics-ws] K clamp binds: eid 1003 demanded 7404 clamped 4096
[kinematics-ws] K clamp binds: eid 1002 demanded 15113 clamped 4096
[kinematics-ws] K clamp binds: eid 1003 demanded 7405 clamped 4096
[kinematics-ws] K clamp binds: eid 1001 demanded 30806 clamped 4096
[kinematics-ws] K clamp binds: eid 1002 demanded 15095 clamped 4096
[kinematics-ws] K clamp binds: eid 1001 demanded 30805 clamped 4096
[kinematics-ws] K clamp binds: eid 1002 demanded 15083 clamped 4096
[kinematics-ws] K clamp binds: eid 1003 demanded 7405 clamped 4096
[kinematics-ws] K clamp binds: eid 1001 demanded 30800 clamped 4096
[kinematics-ws] K clamp binds: eid 1003 demanded 7406 clamped 4096
[kinematics-ws] K clamp binds: eid 1002 demanded 15089 clamped 4096
[kinematics-ws] K clamp binds: eid 1003 demanded 7405 clamped 4096
[kinematics-ws] K clamp binds: eid 1002 demanded 15106 clamped 4096
[kinematics-ws] K clamp binds: eid 1001 demanded 30797 clamped 4096
[kinematics-ws] K clamp binds: eid 1003 demanded 7405 clamped 4096
[kinematics-ws] K clamp binds: eid 1002 demanded 15118 clamped 4096
[kinematics-ws] K clamp binds: eid 1001 demanded 30797 clamped 4096
[kinematics-ws] K clamp binds: eid 1001 demanded 30800 clamped 4096
[kinematics-ws] K clamp binds: eid 1003 demanded 7405 clamped 4096
[kinematics-ws] K clamp binds: eid 1002 demanded 15118 clamped 4096
[kinematics-ws] K clamp binds: eid 1003 demanded 7404 clamped 4096
[kinematics-ws] K clamp binds: eid 1001 demanded 30803 clamped 4096
[kinematics-ws] K clamp binds: eid 1002 demanded 15107 clamped 4096
[kinematics-ws] K clamp binds: eid 1003 demanded 7403 clamped 4096
[kinematics-ws] K clamp binds: eid 1001 demanded 30806 clamped 4096
[kinematics-ws] K clamp binds: eid 1002 demanded 15094 clamped 4096
[kinematics-ws] K clamp binds: eid 1002 demanded 15087 clamped 4096
[kinematics-ws] K clamp binds: eid 1003 demanded 7402 clamped 4096
[kinematics-ws] K clamp binds: eid 1001 demanded 30808 clamped 4096
[kinematics-ws] K clamp binds: eid 1001 demanded 30809 clamped 4096
[kinematics-ws] K clamp binds: eid 1003 demanded 7401 clamped 4096
[kinematics-ws] K clamp binds: eid 1002 demanded 15087 clamped 4096
[kinematics-ws] K clamp binds: eid 1003 demanded 7401 clamped 4096
[kinematics-ws] K clamp binds: eid 1001 demanded 30809 clamped 4096
[kinematics-ws] K clamp binds: eid 1002 demanded 15094 clamped 4096
[kinematics-ws] K clamp binds: eid 1001 demanded 30808 clamped 4096
[kinematics-ws] K clamp binds: eid 1003 demanded 7400 clamped 4096
[kinematics-ws] K clamp binds: eid 1002 demanded 15103 clamped 4096
[kinematics-ws] K clamp binds: eid 1003 demanded 7400 clamped [kinematics-ws] K clamp binds: eid 40961001 demanded 30806 clamped 4096

[kinematics-ws] K clamp binds: eid 1002 demanded 15111 clamped 4096
[kinematics-ws] K clamp binds: eid 1002 demanded 15118 clamped 4096
[kinematics-ws] K clamp binds: eid 1001 demanded 30804 clamped 4096
[kinematics-ws] K clamp binds: eid 1003 demanded 7401 clamped 4096
[kinematics-ws] K clamp binds: eid 1001 demanded 30801 clamped 4096
[kinematics-ws] K clamp binds: eid 1003 demanded 7403 clamped 4096
[kinematics-ws] K clamp binds: eid 1002 demanded 15122 clamped 4096
[kinematics-ws] K clamp binds: eid 1002 demanded 15124 clamped 4096
[kinematics-ws] K clamp binds: eid 1003 demanded 7405 clamped 4096
[kinematics-ws] K clamp binds: eid 1001 demanded 30801 clamped 4096
[kinematics-ws] K clamp binds: eid 1001 demanded 30804 clamped 4096
[kinematics-ws] K clamp binds: eid 1003 demanded 7408 clamped 4096
[kinematics-ws] K clamp binds: eid 1002 demanded 15124 clamped 4096
[kinematics-ws] K clamp binds: eid 1002 demanded 15124 clamped 4096
[kinematics-ws] K clamp binds: eid 1003 demanded 7412 clamped 4096
[kinematics-ws] K clamp binds: eid 1001 demanded 30810 clamped 4096
[kinematics-ws] K clamp binds: eid 1003 demanded 7415 clamped 4096
[kinematics-ws] K clamp binds: eid 1001 demanded 30815 clamped 4096
[kinematics-ws] K clamp binds: eid 1002 demanded 15124 clamped 4096
[kinematics-ws] K clamp binds: eid 1003 demanded 7416 clamped 4096
[kinematics-ws] K clamp binds: eid 1001 demanded 30814 clamped 4096
[kinematics-ws] K clamp binds: eid 1002 demanded 15123 clamped 4096
[kinematics-ws] K clamp binds: eid 1001 demanded 30805 clamped 4096
[kinematics-ws] K clamp binds: eid 1003 demanded 7416 clamped 4096
[kinematics-ws] K clamp binds: eid 1002 demanded 15123 clamped 4096
[kinematics-ws] K clamp binds: eid 1002 demanded 15124 clamped 4096
[kinematics-ws] K clamp binds: eid 1003 demanded 7414 clamped 4096
[kinematics-ws] K clamp binds: eid 1001 demanded 30799 clamped 4096
[kinematics-ws] K clamp binds: eid 1002 demanded 15124 clamped 4096
[kinematics-ws] K clamp binds: eid 1001 demanded 30806 clamped 4096
[kinematics-ws] K clamp binds: eid 1003 demanded 7410 clamped 4096
[kinematics-ws] K clamp binds: eid 1001 demanded 30814 clamped 4096
[kinematics-ws] K clamp binds: eid 1003 demanded 7406 clamped 4096
[kinematics-ws] K clamp binds: eid 1002 demanded 15125 clamped 4096
[kinematics-ws] K clamp binds: eid 1002 demanded 15125 clamped 4096
[kinematics-ws] K clamp binds: eid 1001 demanded 30805 clamped 4096
[kinematics-ws] K clamp binds: eid 1003 demanded 7402 clamped 4096
[kinematics-ws] K clamp binds: eid 1003 demanded 7400 clamped 4096
[kinematics-ws] K clamp binds: eid 1002 demanded 15123 clamped 4096
[kinematics-ws] K clamp binds: eid 1001 demanded 30797 clamped 4096
[kinematics-ws] K clamp binds: eid 1001 demanded 30808 clamped 4096
[kinematics-ws] K clamp binds: eid 1003 demanded 7402 clamped 4096
[kinematics-ws] K clamp binds: eid 1002 demanded 15120 clamped 4096
[kinematics-ws] K clamp binds: eid 1001 demanded 30809 clamped 4096
[kinematics-ws] K clamp binds: eid 1003 demanded 7407 clamped 4096
[kinematics-ws] K clamp binds: eid 1002 demanded 15115 clamped 4096
[kinematics-ws] K clamp binds: eid 1002 demanded 15108 clamped 4096
[kinematics-ws] K clamp binds: eid 1003 demanded 7412 clamped 4096
[kinematics-ws] K clamp binds: eid 1001 demanded 30796 clamped 4096
[kinematics-ws] K clamp binds: eid 1002 demanded 15100 clamped 4096
[kinematics-ws] K clamp binds: eid 1003 demanded 7416 clamped 4096
[kinematics-ws] K clamp binds: eid 1001 demanded 30808 clamped 4096
[kinematics-ws] K clamp binds: eid [kinematics-ws] K clamp binds: eid 10031002  demanded demanded 15094 7415clamped  clamped 40964096

[kinematics-ws] K clamp binds: eid 1001 demanded 30805 clamped 4096
[kinematics-ws] K clamp binds: eid 1003 demanded 7410 clamped 4096
[kinematics-ws] K clamp binds: eid 1002 demanded 15092 clamped 4096
[kinematics-ws] K clamp binds: eid 1001 demanded 30797 clamped 4096
[kinematics-ws] K clamp binds: eid 1001 demanded 30811 clamped 4096
[kinematics-ws] K clamp binds: eid 1002 demanded 15098 clamped 4096
[kinematics-ws] K clamp binds: eid 1003 demanded 7404 clamped 4096
[kinematics-ws] K clamp binds: eid 1001 demanded 30795 clamped 4096
[kinematics-ws] K clamp binds: eid 1003 demanded 7400 clamped 4096
[kinematics-ws] K clamp binds: eid 1002 demanded 15109 clamped 4096
[kinematics-ws] K clamp binds: eid 1001 demanded 30809 clamped 4096
[kinematics-ws] K clamp binds: eid 1003 demanded 7402 clamped 4096
[kinematics-ws] K clamp binds: eid 1002 demanded 15120 clamped 4096
[kinematics-ws] K clamp binds: eid 1001 demanded 30798 clamped 4096
[kinematics-ws] K clamp binds: eid 1003 demanded 7408 clamped 4096
[kinematics-ws] K clamp binds: eid 1002 demanded 15124 clamped 4096
[kinematics-ws] K clamp binds: eid 1001 demanded 30808 clamped 4096
[kinematics-ws] K clamp binds: eid 1002 demanded 15117 clamped 4096
[kinematics-ws] K clamp binds: eid 1003 demanded 7415 clamped 4096
[kinematics-ws] K clamp binds: eid 1001 demanded 30799 clamped 4096
[kinematics-ws] K clamp binds: eid 1003 demanded 7415 clamped 4096
[kinematics-ws] K clamp binds: eid 1002 demanded 15102 clamped 4096
[kinematics-ws] K clamp binds: eid 1003 demanded 7409 clamped 4096
[kinematics-ws] K clamp binds: eid 1001 demanded 30809 clamped 4096
[kinematics-ws] K clamp binds: eid 1002 demanded 15092 clamped 4096
[kinematics-ws] K clamp binds: eid 1003 demanded 7402 clamped 4096
[kinematics-ws] K clamp binds: eid 1002 demanded 15097 clamped 4096
[kinematics-ws] K clamp binds: eid 1001 demanded 30798 clamped 4096
[kinematics-ws] K clamp binds: eid 1002 demanded 15114 clamped 4096
[kinematics-ws] K clamp binds: eid 1001 demanded 30813 clamped 4096
[kinematics-ws] K clamp binds: eid 1003 demanded 7400 clamped 4096
[kinematics-ws] K clamp binds: eid 1002 demanded 15123 clamped 4096
[kinematics-ws] K clamp binds: eid 1001 demanded 30798 clamped 4096
[kinematics-ws] K clamp binds: eid 1003 demanded 7406 clamped 4096
[kinematics-ws] K clamp binds: eid 1003 demanded 7414 clamped 4096
[kinematics-ws] K clamp binds: eid 1001 demanded 30812 clamped 4096
[kinematics-ws] K clamp binds: eid 1002 demanded 15111 clamped 4096
[kinematics-ws] K clamp binds: eid 1002 demanded 15093 clamped 4096
[kinematics-ws] K clamp binds: eid 1001 demanded 30807 clamped 4096
[kinematics-ws] K clamp binds: eid 1003 demanded 7415 clamped 4096
[kinematics-ws] K clamp binds: eid 1001 demanded 30803 clamped 4096
[kinematics-ws] K clamp binds: eid 1003 demanded 7407 clamped 4096
[kinematics-ws] K clamp binds: eid 1002 demanded 15095 clamped 4096
[kinematics-ws] K clamp binds: eid 1002 demanded 15116 clamped 4096
[kinematics-ws] K clamp binds: eid 1001 demanded 30817 clamped 4096
[kinematics-ws] K clamp binds: eid 1003 demanded 7399 clamped 4096
[kinematics-ws] K clamp binds: eid 1003 demanded 7401 clamped 4096
[kinematics-ws] K clamp binds: eid 1001 demanded 30807 clamped 4096
[kinematics-ws] K clamp binds: eid 1002 demanded 15120 clamped 4096
[kinematics-ws] K clamp binds: eid 1002 demanded 15099 clamped 4096
[kinematics-ws] K clamp binds: eid 1003 demanded 7411 clamped 4096
[kinematics-ws] K clamp binds: eid 1001 demanded 30806 clamped 4096
[kinematics-ws] K clamp binds: eid 1001 demanded 30820 clamped 4096
[kinematics-ws] K clamp binds: eid 1002 demanded 15091 clamped 4096
[kinematics-ws] K clamp binds: eid 1003 demanded 7415 clamped 4096
[kinematics-ws] K clamp binds: eid 1001 demanded 30816 clamped 4096
[kinematics-ws] K clamp binds: eid 1003 demanded 7408 clamped 4096
[kinematics-ws] K clamp binds: eid 1002 demanded 15113 clamped 4096
[kinematics-ws] K clamp binds: eid 1002 demanded 15119 clamped 4096
[kinematics-ws] K clamp binds: eid 1003 demanded 7399 clamped 4096
[kinematics-ws] K clamp binds: eid 1001 demanded 30807 clamped 4096
[kinematics-ws] K clamp binds: eid 1003 demanded 7401 clamped 4096
[kinematics-ws] K clamp binds: eid 1001 demanded 30815 clamped 4096
[kinematics-ws] K clamp binds: eid 1002 demanded 15094 clamped 4096
[kinematics-ws] K clamp binds: eid 1003 demanded 7412 clamped 4096
[kinematics-ws] K clamp binds: eid 1001 demanded 30825 clamped 4096
[kinematics-ws] K clamp binds: eid 1002 demanded 15095 clamped 4096
[kinematics-ws] K clamp binds: eid 1002 demanded 15120 clamped 4096
[kinematics-ws] K clamp binds: eid 1001 demanded 30823 clamped 4096
[kinematics-ws] K clamp binds: eid 1003 demanded 7414 clamped 4096
[kinematics-ws] K clamp binds: eid 1001 demanded 30815 clamped 4096
[kinematics-ws] K clamp binds: eid 1002 demanded 15105 clamped 4096
[kinematics-ws] K clamp binds: eid 1003 demanded 7404 clamped 4096
[kinematics-ws] K clamp binds: eid 1001 demanded 30813 clamped 4096
[kinematics-ws] K clamp binds: eid 1002 demanded 15089 clamped 4096
[kinematics-ws] K clamp binds: eid 1003 demanded 7398 clamped 4096
[kinematics-ws] K clamp binds: eid 1001 demanded 30818 clamped 4096
[kinematics-ws] K clamp binds: eid 1003 demanded 7407 clamped 4096
[kinematics-ws] K clamp binds: eid 1002 demanded 15115 clamped 4096
[kinematics-ws] K clamp binds: eid 1001 demanded 30826 clamped 4096
[kinematics-ws] K clamp binds: eid 1002 demanded 15110 clamped 4096
[kinematics-ws] K clamp binds: eid 1003 demanded 7414 clamped 4096
[kinematics-ws] K clamp binds: eid 1001 demanded 30831 clamped 4096
[kinematics-ws] K clamp binds: eid 1002 demanded 15088 clamped 4096
[kinematics-ws] K clamp binds: eid 1003 demanded 7407 clamped 4096
[kinematics-ws] K clamp binds: eid 1001 demanded 30832 clamped 4096
[kinematics-ws] K clamp binds: eid 1003 demanded 7398 clamped 4096
[kinematics-ws] K clamp binds: eid 1002 demanded 15114 clamped 4096
[kinematics-ws] K clamp binds: eid 1001 demanded 30831 clamped 4096
[kinematics-ws] K clamp binds: eid 1003 demanded 7404 clamped 4096
[kinematics-ws] K clamp binds: eid 1002 demanded 15107 clamped 4096
[kinematics-ws] K clamp binds: eid 1001 demanded 30829 clamped 4096
[kinematics-ws] K clamp binds: eid 1002 demanded 15089 clamped 4096
[kinematics-ws] K clamp binds: eid 1003 demanded 7414 clamped 4096
[kinematics-ws] K clamp binds: eid 1003 demanded 7407 clamped 4096
[kinematics-ws] K clamp binds: eid 1002 demanded 15118 clamped 4096
[kinematics-ws] K clamp binds: eid 1001 demanded 30827 clamped 4096
[kinematics-ws] K clamp binds: eid 1003 demanded 7397 clamped 4096
[kinematics-ws] K clamp binds: eid 1002 demanded 15096 clamped 4096
[kinematics-ws] K clamp binds: eid 1001 demanded 30826 clamped 4096
[kinematics-ws] K clamp binds: eid 1001 demanded 30825 clamped 4096
[kinematics-ws] K clamp binds: eid 1002 demanded 15098 clamped 4096
[kinematics-ws] K clamp binds: eid 1003 demanded 7405 clamped 4096
[kinematics-ws] K clamp binds: eid 1002 demanded 15117 clamped 4096
[kinematics-ws] K clamp binds: eid 1001 demanded 30826 clamped 4096
[kinematics-ws] K clamp binds: eid 1003 demanded 7413 clamped 4096
[kinematics-ws] K clamp binds: eid 1003 demanded 7404 clamped 4096
[kinematics-ws] K clamp binds: eid 1001 demanded 30827 clamped 4096
[kinematics-ws] K clamp binds: eid 1002 demanded 15087 clamped 4096
[kinematics-ws] K clamp binds: eid 1001 demanded 30828 clamped 4096
[kinematics-ws] K clamp binds: eid 1002 demanded 15116 clamped 4096
[kinematics-ws] K clamp binds: eid 1003 demanded 7397 clamped 4096
[kinematics-ws] K clamp binds: eid 1002 demanded 15096 clamped 4096
[kinematics-ws] K clamp binds: eid 1001 demanded 30831 clamped 4096
[kinematics-ws] K clamp binds: eid 1003 demanded 7409 clamped 4096
[kinematics-ws] K clamp binds: eid 1001 demanded 30833 clamped 4096
[kinematics-ws] K clamp binds: eid 1003 demanded 7411 clamped 4096
[kinematics-ws] K clamp binds: eid 1002 demanded 15102 clamped 4096
[kinematics-ws] K clamp binds: eid 1001 demanded 30835 clamped 4096
[kinematics-ws] K clamp binds: eid 1003 demanded 7398 clamped 4096
[kinematics-ws] K clamp binds: eid 1002 demanded 15110 clamped 4096
[kinematics-ws] K clamp binds: eid 1002 demanded 15091 clamped 4096
[kinematics-ws] K clamp binds: eid 1001 demanded 30835 clamped 4096
[kinematics-ws] K clamp binds: eid 1003 demanded 7401 clamped 4096
[kinematics-ws] K clamp binds: eid 1001 demanded 30831 clamped 4096
[kinematics-ws] K clamp binds: eid 1002 demanded 15118 clamped 4096
[kinematics-ws] K clamp binds: eid 1003 demanded 7413 clamped 4096
[kinematics-ws] K clamp binds: eid 1001 demanded 30825 clamped 4096
[kinematics-ws] K clamp binds: eid 1003 demanded 7404 clamped 4096
[kinematics-ws] K clamp binds: eid 1002 demanded 15087 clamped 4096
[kinematics-ws] K clamp binds: eid 1001 demanded 30821 clamped 4096
[kinematics-ws] K clamp binds: eid 1003 demanded 7397 clamped 4096
[kinematics-ws] K clamp binds: eid 1002 demanded 15119 clamped 4096
[kinematics-ws] K clamp binds: eid 1003 demanded 7410 clamped 4096
[kinematics-ws] K clamp binds: eid 1001 demanded 30824 clamped 4096
[kinematics-ws] K clamp binds: eid 1002 demanded 15087 clamped 4096
[kinematics-ws] K clamp binds: eid 1001 demanded 30831 clamped 4096
[kinematics-ws] K clamp binds: eid 1003 demanded 7408 clamped 4096
[kinematics-ws] K clamp binds: eid 1002 demanded 15119 clamped 4096
[kinematics-ws] K clamp binds: eid 1003 demanded 7396 clamped 4096
[kinematics-ws] K clamp binds: eid 1002 demanded 15088 clamped 4096
[kinematics-ws] K clamp binds: eid 1001 demanded 30833 clamped 4096
[kinematics-ws] K clamp binds: eid 1002 demanded 15119 clamped 4096
[kinematics-ws] K clamp binds: eid 1001 demanded 30824 clamped 4096
[kinematics-ws] K clamp binds: eid 1003 demanded 7406 clamped 4096
[kinematics-ws] K clamp binds: eid 1001 demanded 30819 clamped 4096
[kinematics-ws] K clamp binds: eid 1003 demanded 7410 clamped 4096
[kinematics-ws] K clamp binds: eid 1002 demanded 15088 clamped 4096
[kinematics-ws] K clamp binds: eid 1001 demanded 30828 clamped 4096
[kinematics-ws] K clamp binds: eid 1002 demanded 15120 clamped 4096
[kinematics-ws] K clamp binds: eid 1003 demanded 7396 clamped 4096
[kinematics-ws] K clamp binds: eid 1003 demanded 7404 clamped 4096
[kinematics-ws] K clamp binds: eid 1002 demanded 15088 clamped 4096
[kinematics-ws] K clamp binds: eid 1001 demanded 30831 clamped 4096
[kinematics-ws] K clamp binds: eid 1002 demanded 15120 clamped 4096
[kinematics-ws] K clamp binds: eid 1003 demanded 7411 clamped 4096
[kinematics-ws] K clamp binds: eid 1001 demanded 30820 clamped 4096
[kinematics-ws] K clamp binds: eid 1001 demanded 30822 clamped 4096
[kinematics-ws] K clamp binds: eid 1003 demanded 7397 clamped 4096
[kinematics-ws] K clamp binds: eid 1002 demanded 15090 clamped 4096
[kinematics-ws] K clamp binds: eid 1001 demanded 30831 clamped 4096
[kinematics-ws] K clamp binds: eid 1003 demanded 7404 clamped 4096
[kinematics-ws] K clamp binds: eid 1002 demanded 15117 clamped 4096
[kinematics-ws] K clamp binds: eid 1001 demanded 30819 clamped 4096
[kinematics-ws] K clamp binds: eid 1003 demanded 7411 clamped 4096
[kinematics-ws] K clamp binds: eid 1002 demanded 15098 clamped 4096
[kinematics-ws] K clamp binds: eid 1001 demanded 30822 clamped 4096
[kinematics-ws] K clamp binds: eid 1002 demanded 15106 clamped 4096
[kinematics-ws] K clamp binds: eid 1003 demanded 7396 clamped 4096
[kinematics-ws] K clamp binds: eid 1002 demanded 15113 clamped 4096
[kinematics-ws] K clamp binds: eid 1001 demanded 30829 clamped 4096
[kinematics-ws] K clamp binds: eid 1003 demanded 7405 clamped 4096
[kinematics-ws] K clamp binds: eid 1003 demanded 7409 clamped 4096
[kinematics-ws] K clamp binds: eid 1001 demanded 30816 clamped 4096
[kinematics-ws] K clamp binds: eid 1002 demanded 15092 clamped 4096
[kinematics-ws] K clamp binds: eid 1001 demanded 30829 clamped 4096
[kinematics-ws] K clamp binds: eid 1002 demanded 15123 clamped 4096
[kinematics-ws] K clamp binds: eid 1003 demanded 7395 clamped 4096
[kinematics-ws] K clamp binds: eid 1003 demanded 7407 clamped 4096
[kinematics-ws] K clamp binds: eid 1002 demanded 15094 clamped 4096
[kinematics-ws] K clamp binds: eid 1001 demanded 30819 clamped 4096
[kinematics-ws] K clamp binds: eid 1003 demanded 7406 clamped 4096
[kinematics-ws] K clamp binds: eid 1001 demanded 30825 clamped 4096
[kinematics-ws] K clamp binds: eid 1002 demanded 15111 clamped 4096
[kinematics-ws] K clamp binds: eid 1002 demanded 15116 clamped 4096
[kinematics-ws] K clamp binds: eid 1003 demanded 7395 clamped 4096
[kinematics-ws] K clamp binds: eid 1001 demanded 30823 clamped 4096
[kinematics-ws] K clamp binds: eid 1001 demanded 30822 clamped 4096
[kinematics-ws] K clamp binds: eid 1003 demanded 7410 clamped 4096
[kinematics-ws] K clamp binds: eid 1002 demanded 15092 clamped 4096
[kinematics-ws] K clamp binds: eid 1001 demanded 30824 clamped 4096
[kinematics-ws] K clamp binds: eid 1002 demanded 15122 clamped 4096
[kinematics-ws] K clamp binds: eid 1003 demanded 7401 clamped 4096
[kinematics-ws] K clamp binds: eid 1003 demanded 7399 clamped 4096
[kinematics-ws] K clamp binds: eid 1002 demanded 15108 clamped 4096
[kinematics-ws] K clamp binds: eid 1001 demanded 30823 clamped 4096
[kinematics-ws] K clamp binds: eid 1003 demanded 7411 clamped 4096
[kinematics-ws] K clamp binds: eid 1002 demanded 15097 clamped 4096
[kinematics-ws] K clamp binds: eid 1001 demanded 30823 clamped 4096
[kinematics-ws] K clamp binds: eid 1001 demanded 30828 clamped 4096
[kinematics-ws] K clamp binds: eid 1003 demanded 7396 clamped 4096
[kinematics-ws] K clamp binds: eid 1002 demanded 15125 clamped 4096
[kinematics-ws] K clamp binds: eid 1002 demanded 15108 clamped 4096
[kinematics-ws] K clamp binds: eid 1003 demanded 7405 clamped 4096
[kinematics-ws] K clamp binds: eid 1001 demanded 30820 clamped 4096
[kinematics-ws] K clamp binds: eid 1001 demanded 30833 clamped 4096
[kinematics-ws] K clamp binds: eid 1003 demanded 7406 clamped 4096
[kinematics-ws] K clamp binds: eid 1002 demanded 15098 clamped 4096
[kinematics-ws] K clamp binds: eid 1001 demanded 30820 clamped 4096
[kinematics-ws] K clamp binds: eid 1002 demanded 15126 clamped 4096
[kinematics-ws] K clamp binds: eid 1003 demanded 7396 clamped 4096
[kinematics-ws] K clamp binds: eid 1003 demanded 7411 clamped 4096
[kinematics-ws] K clamp binds: eid 1001 demanded 30831 clamped 4096
[kinematics-ws] K clamp binds: eid 1002 demanded 15115 clamped 4096
[kinematics-ws] K clamp binds: eid 1001 demanded 30831 clamped 4096
[kinematics-ws] K clamp binds: eid 1002 demanded 15096 clamped 4096
[kinematics-ws] K clamp binds: eid 1003 demanded 7397 clamped 4096
[kinematics-ws] K clamp binds: eid 1001 demanded 30823 clamped 4096
[kinematics-ws] K clamp binds: eid 1003 demanded 7404 clamped 4096
[kinematics-ws] K clamp binds: eid 1002 demanded 15119 clamped 4096
[kinematics-ws] K clamp binds: eid 1002 demanded 15128 clamped 4096
[kinematics-ws] K clamp binds: eid 1003 demanded 7406 clamped 4096
[kinematics-ws] K clamp binds: eid 1001 demanded 30836 clamped 4096
[kinematics-ws] K clamp binds: eid 1002 demanded 15104 clamped 4096
[kinematics-ws] K clamp binds: eid 1001 demanded 30833 clamped 4096
[kinematics-ws] K clamp binds: eid 1003 demanded 7396 clamped 4096
[kinematics-ws] K clamp binds: eid 1001 demanded 30825 clamped 4096
[kinematics-ws] K clamp binds: eid 1003 demanded 7411 clamped 4096
[kinematics-ws] K clamp binds: eid 1002 demanded 15103 clamped 4096
[kinematics-ws] K clamp binds: eid 1001 demanded 30836 clamped 4096
[kinematics-ws] K clamp binds: eid 1002 demanded 15127 clamped 4096
[kinematics-ws] K clamp binds: eid 1003 demanded 7396 clamped 4096
[kinematics-ws] K clamp binds: eid 1001 demanded 30841 clamped 4096
[kinematics-ws] K clamp binds: eid 1002 demanded 15127 clamped 4096
[kinematics-ws] K clamp binds: eid 1003 demanded 7407 clamped 4096
[kinematics-ws] K clamp binds: eid 1001 demanded 30832 clamped 4096
[kinematics-ws] K clamp binds: eid 1003 demanded 7402 clamped 4096
[kinematics-ws] K clamp binds: eid 1002 demanded 15106 clamped 4096
[kinematics-ws] K clamp binds: eid 1001 demanded 30830 clamped 4096
[kinematics-ws] K clamp binds: eid 1002 demanded 15103 clamped 4096
[kinematics-ws] K clamp binds: eid 1003 demanded 7399 clamped 4096
[kinematics-ws] K clamp binds: eid 1001 demanded 30839 clamped 4096
[kinematics-ws] K clamp binds: eid 1003 demanded 7409 clamped 4096
[kinematics-ws] K clamp binds: eid 1002 demanded 15124 clamped 4096
[kinematics-ws] K clamp binds: eid 1001 demanded 30846 clamped 4096
[kinematics-ws] K clamp binds: eid 1003 demanded 7395 clamped 4096
[kinematics-ws] K clamp binds: eid 1002 demanded 15134 clamped 4096
[kinematics-ws] K clamp binds: eid 1001 demanded 30843 clamped 4096
[kinematics-ws] K clamp binds: eid 1002 demanded 15120 clamped 4096
[kinematics-ws] K clamp binds: eid 1003 demanded 7411 clamped 4096
[kinematics-ws] K clamp binds: eid 1003 demanded 7396 clamped 4096
[kinematics-ws] K clamp binds: eid 1001 demanded 30837 clamped 4096
[kinematics-ws] K clamp binds: eid 1002 demanded 15104 clamped 4096
[kinematics-ws] K clamp binds: eid 1003 demanded 7408 clamped 4096
[kinematics-ws] K clamp binds: eid 1002 demanded 15108 clamped 4096
[kinematics-ws] K clamp binds: eid 1001 demanded 30835 clamped 4096
[kinematics-ws] K clamp binds: eid 1001 demanded 30838 clamped 4096
[kinematics-ws] K clamp binds: eid 1002 demanded 15125 clamped 4096
[kinematics-ws] K clamp binds: eid 1003 demanded 7400 clamped 4096
[kinematics-ws] K clamp binds: eid 1003 demanded 7403 clamped 4096
[kinematics-ws] K clamp binds: eid 1002 demanded 15137 clamped 4096
[kinematics-ws] K clamp binds: eid 1001 demanded 30844 clamped 4096
[kinematics-ws] K clamp binds: eid 1002 demanded 15131 clamped 4096
[kinematics-ws] K clamp binds: eid 1001 demanded 30849 clamped 4096
[kinematics-ws] K clamp binds: eid 1003 demanded 7404 clamped 4096
[kinematics-ws] K clamp binds: eid 1001 demanded 30852 clamped 4096
[kinematics-ws] K clamp binds: eid 1002 demanded 15116 clamped 4096
[kinematics-ws] K clamp binds: eid 1003 demanded 7399 clamped 4096
[kinematics-ws] K clamp binds: eid 1001 demanded 30852 clamped 4096
[kinematics-ws] K clamp binds: eid 1002 demanded 15106 clamped 4096
[kinematics-ws] K clamp binds: eid 1003 demanded 7408 clamped 4096
[kinematics-ws] K clamp binds: eid [kinematics-ws] K clamp binds: eid 1003 demanded 73961001  demanded 30852 clamped clamped 40964096

[kinematics-ws] K clamp binds: eid 1002 demanded 15109 clamped 4096
[kinematics-ws] K clamp binds: eid 1003 demanded 7410 clamped 4096
[kinematics-ws] K clamp binds: eid 1002 demanded 15120 clamped 4096
[kinematics-ws] K clamp binds: eid 1001 demanded 30851 clamped 4096
[kinematics-ws] K clamp binds: eid 1002 demanded 15133 clamped 4096
[kinematics-ws] K clamp binds: eid 1003 demanded 7395 clamped 4096[kinematics-ws] K clamp binds: eid
 1001 demanded 30851 clamped 4096
[kinematics-ws] K clamp binds: eid 1002 demanded 15139 clamped 4096
[kinematics-ws] K clamp binds: eid 1003 demanded 7411 clamped 4096
[kinematics-ws] K clamp binds: eid 1001 demanded 30850 clamped 4096
[kinematics-ws] K clamp binds: eid 1001 demanded 30851 clamped 4096
[kinematics-ws] K clamp binds: eid 1002 demanded 15138 clamped 4096
[kinematics-ws] K clamp binds: eid 1003 demanded 7395 clamped 4096
[kinematics-ws] K clamp binds: eid 1002 demanded 15131 clamped 4096
[kinematics-ws] K clamp binds: eid 1003 demanded 7411 clamped 4096
[kinematics-ws] K clamp binds: eid 1001 demanded 30851 clamped 4096
[kinematics-ws] K clamp binds: eid 1001 demanded 30852 clamped 4096
[kinematics-ws] K clamp binds: eid 1002 demanded 15122 clamped 4096
[kinematics-ws] K clamp binds: eid 1003 demanded 7395 clamped 4096
[kinematics-ws] K clamp binds: eid 1001 demanded 30853 clamped 4096
[kinematics-ws] K clamp binds: eid 1002 demanded 15115 clamped 4096
[kinematics-ws] K clamp binds: eid 1003 demanded 7411 clamped 4096
[kinematics-ws] K clamp binds: eid 1003 demanded 7395 clamped 4096
[kinematics-ws] K clamp binds: eid 1001 demanded 30854 clamped 4096
[kinematics-ws] K clamp binds: eid 1002 demanded 15110 clamped 4096
[kinematics-ws] K clamp binds: eid 1002 demanded 15109 clamped 4096
[kinematics-ws] K clamp binds: eid 1003 demanded 7411 clamped 4096
[kinematics-ws] K clamp binds: eid 1001 demanded 30853 clamped 4096
[kinematics-ws] K clamp binds: eid 1001 demanded 30850 clamped 4096
[kinematics-ws] K clamp binds: eid 1003 demanded 7395 clamped 4096
[kinematics-ws] K clamp binds: eid 1002 demanded 15111 clamped 4096
[kinematics-ws] K clamp binds: eid 1001 demanded 30847 clamped 4096
[kinematics-ws] K clamp binds: eid 1003 demanded 7412 clamped 4096
[kinematics-ws] K clamp binds: eid 1002 demanded 15115 clamped 4096
[kinematics-ws] K clamp binds: eid 1003 demanded 7396 clamped 4096
[kinematics-ws] K clamp binds: eid 1002 demanded 15119 clamped 4096
[kinematics-ws] K clamp binds: eid 1001 demanded 30843 clamped 4096
[kinematics-ws] K clamp binds: eid 1001 demanded 30844 clamped 4096
[kinematics-ws] K clamp binds: eid 1003 demanded 7412 clamped 4096
[kinematics-ws] K clamp binds: eid 1002 demanded 15123 clamped 4096
[kinematics-ws] K clamp binds: eid 1002 demanded 15126 clamped 4096
[kinematics-ws] K clamp binds: eid 1003 demanded 7396 clamped 4096
[kinematics-ws] K clamp binds: eid 1001 demanded 30848 clamped 4096
[kinematics-ws] K clamp binds: eid 1001 demanded 30852 clamped 4096
[kinematics-ws] K clamp binds: eid 1003 demanded 7412 clamped 4096
[kinematics-ws] K clamp binds: eid 1002 demanded 15129 clamped 4096
[kinematics-ws] K clamp binds: eid 1002 demanded 15130 clamped 4096
[kinematics-ws] K clamp binds: eid 1003 demanded 7397 clamped 4096
[kinematics-ws] K clamp binds: eid 1001 demanded 30851 clamped 4096
[kinematics-ws] K clamp binds: eid 1001 demanded 30844 clamped 4096
[kinematics-ws] K clamp binds: eid 1003 demanded 7411 clamped 4096
[kinematics-ws] K clamp binds: eid 1002 demanded 15131 clamped 4096
[kinematics-ws] K clamp binds: eid 1001 demanded 30842 clamped 4096
[kinematics-ws] K clamp binds: eid 1002 demanded 15131 clamped 4096
[kinematics-ws] K clamp binds: eid 1003 demanded 7399 clamped 4096
[kinematics-ws] K clamp binds: eid 1001 demanded 30848 clamped 4096
[kinematics-ws] K clamp binds: eid 1003 demanded 7408 clamped 4096
[kinematics-ws] K clamp binds: eid 1002 demanded 15131 clamped 4096
[kinematics-ws] K clamp binds: eid 1001 demanded 30850 clamped 4096
[kinematics-ws] K clamp binds: eid 1003 demanded 7403 clamped 4096
[kinematics-ws] K clamp binds: eid 1002 demanded 15129 clamped 4096
[kinematics-ws] K clamp binds: eid 1001 demanded 30842 clamped 4096
[kinematics-ws] K clamp binds: eid 1003 demanded 7404 clamped 4096
[kinematics-ws] K clamp binds: eid 1002 demanded 15127 clamped 4096
[kinematics-ws] K clamp binds: eid 1003 demanded 7408 clamped 4096
[kinematics-ws] K clamp binds: eid 1001 demanded 30841 clamped 4096
[kinematics-ws] K clamp binds: eid 1002 demanded 15124 clamped 4096
[kinematics-ws] K clamp binds: eid 1003 demanded 7400 clamped 4096
[kinematics-ws] K clamp binds: eid 1001 demanded 30849 clamped 4096
[kinematics-ws] K clamp binds: eid 1002 demanded 15120 clamped 4096
[kinematics-ws] K clamp binds: eid 1001 demanded 30844 clamped 4096
[kinematics-ws] K clamp binds: eid 1003 demanded 7412 clamped 4096
[kinematics-ws] K clamp binds: eid 1002 demanded 15116 clamped 4096
[kinematics-ws] K clamp binds: eid 1001 demanded 30839 clamped 4096
[kinematics-ws] K clamp binds: eid 1003 demanded 7397 clamped 4096
[kinematics-ws] K clamp binds: eid 1002 demanded 15113 clamped 4096
[kinematics-ws] K clamp binds: eid 1001 demanded 30848 clamped 4096
[kinematics-ws] K clamp binds: eid 1003 demanded 7413 clamped 4096
[kinematics-ws] K clamp binds: eid 1002 demanded 15112 clamped 4096
[kinematics-ws] K clamp binds: eid 1001 demanded 30841 clamped 4096
[kinematics-ws] K clamp binds: eid 1002 demanded 15113 clamped 4096
[kinematics-ws] K clamp binds: eid 1003 demanded 7400 clamped 4096
[kinematics-ws] K clamp binds: eid 1003 demanded 7408 clamped 4096
[kinematics-ws] K clamp binds: eid 1001 demanded 30841 clamped 4096
[kinematics-ws] K clamp binds: eid 1002 demanded 15117 clamped 4096
[kinematics-ws] K clamp binds: eid 1003 demanded 7407 clamped 4096
[kinematics-ws] K clamp binds: eid 1002 demanded 15125 clamped 4096
[kinematics-ws] K clamp binds: eid 1001 demanded 30847 clamped 4096
[kinematics-ws] K clamp binds: eid 1001 demanded 30838 clamped 4096
[kinematics-ws] K clamp binds: eid 1002 demanded 15134 clamped 4096
[kinematics-ws] K clamp binds: eid 1003 demanded 7401 clamped 4096
[kinematics-ws] K clamp binds: eid 1001 demanded 30847 clamped 4096
[kinematics-ws] K clamp binds: eid 1003 demanded 7414 clamped 4096
[kinematics-ws] K clamp binds: eid 1002 demanded 15142 clamped 4096
[kinematics-ws] K clamp binds: eid 1003 demanded 7398 clamped 4096
[kinematics-ws] K clamp binds: eid 1002 demanded 15145 clamped 4096
[kinematics-ws] K clamp binds: eid 1001 demanded 30839 clamped 4096
[kinematics-ws] K clamp binds: eid 1001 demanded 30845 clamped 4096
[kinematics-ws] K clamp binds: eid 1003 demanded 7412 clamped 4096
[kinematics-ws] K clamp binds: eid 1002 demanded 15140 clamped 4096
[kinematics-ws] K clamp binds: eid 1002 demanded 15129 clamped 4096
[kinematics-ws] K clamp binds: eid 1003 demanded 7405 clamped 4096
[kinematics-ws] K clamp binds: eid 1001 demanded 30841 clamped 4096
[kinematics-ws] K clamp binds: eid 1003 demanded 7403 clamped 4096
[kinematics-ws] K clamp binds: eid 1002 demanded 15116 clamped 4096
[kinematics-ws] K clamp binds: eid 1001 demanded 30845 clamped 4096
[kinematics-ws] K clamp binds: eid 1001 demanded 30842 clamped 4096
[kinematics-ws] K clamp binds: eid 1003 demanded 7415 clamped 4096
[kinematics-ws] K clamp binds: eid 1002 demanded 15111 clamped 4096
[kinematics-ws] K clamp binds: eid 1001 demanded 30846 clamped 4096
[kinematics-ws] K clamp binds: eid 1002 demanded 15118 clamped 4096
[kinematics-ws] K clamp binds: eid 1003 demanded 7399 clamped 4096
[kinematics-ws] K clamp binds: eid 1001 demanded 30841 clamped 4096
[kinematics-ws] K clamp binds: eid 1003 demanded 7412 clamped 4096
[kinematics-ws] K clamp binds: eid 1002 demanded 15133 clamped 4096
[kinematics-ws] K clamp binds: eid 1002 demanded 15144 clamped 4096
[kinematics-ws] K clamp binds: eid 1001 demanded 30849 clamped 4096
[kinematics-ws] K clamp binds: eid 1003 demanded 7409 clamped 4096
[kinematics-ws] K clamp binds: eid 1001 demanded 30840 clamped 4096
[kinematics-ws] K clamp binds: eid 1002 demanded 15139 clamped 4096
[kinematics-ws] K clamp binds: eid 1003 demanded 7401 clamped 4096
[kinematics-ws] K clamp binds: eid 1003 demanded 7416 clamped 4096
[kinematics-ws] K clamp binds: eid 1001 demanded 30851 clamped 4096
[kinematics-ws] K clamp binds: eid 1002 demanded 15122 clamped 4096
[kinematics-ws] K clamp binds: eid 1001 demanded 30843 clamped 4096
[kinematics-ws] K clamp binds: eid 1003 demanded 7404 clamped 4096
[kinematics-ws] K clamp binds: eid 1002 demanded 15111 clamped 4096
[kinematics-ws] K clamp binds: eid 1001 demanded 30847 clamped 4096
[kinematics-ws] K clamp binds: eid 1003 demanded 7406 clamped 4096
[kinematics-ws] K clamp binds: eid 1002 demanded 15119 clamped 4096
[kinematics-ws] K clamp binds: eid 1001 demanded 30852 clamped 4096
[kinematics-ws] K clamp binds: eid 1002 demanded 15138 clamped 4096
[kinematics-ws] K clamp binds: eid 1003 demanded 7416 clamped 4096
[kinematics-ws] K clamp binds: eid 1002 demanded 15142 clamped 4096
[kinematics-ws] K clamp binds: eid 1003 demanded 7402 clamped 4096
[kinematics-ws] K clamp binds: eid 1001 demanded 30844 clamped 4096
[kinematics-ws] K clamp binds: eid 1002 demanded 15124 clamped 4096
[kinematics-ws] K clamp binds: eid 1003 demanded 7410 clamped 4096
[kinematics-ws] K clamp binds: eid 1001 demanded 30852 clamped 4096
[kinematics-ws] K clamp binds: eid 1003 demanded 7416 clamped 4096
[kinematics-ws] K clamp binds: eid 1002 demanded 15110 clamped 4096
[kinematics-ws] K clamp binds: eid 1001 demanded 30853 clamped 4096
[kinematics-ws] K clamp binds: eid 1003 demanded 7402 clamped 4096
[kinematics-ws] K clamp binds: eid 1002 demanded 15122 clamped 4096
[kinematics-ws] K clamp binds: eid 1001 demanded 30847 clamped 4096
[kinematics-ws] K clamp binds: eid 1001 demanded 30853 clamped 4096
[kinematics-ws] K clamp binds: eid 1003 demanded 7412 clamped 4096
[kinematics-ws] K clamp binds: eid 1002 demanded 15142 clamped 4096
[kinematics-ws] K clamp binds: eid 1001 demanded 30858 clamped 4096
[kinematics-ws] K clamp binds: eid 1003 demanded 7416 clamped 4096
[kinematics-ws] K clamp binds: eid 1002 demanded 15133 clamped 4096
[kinematics-ws] K clamp binds: eid 1003 demanded 7403 clamped 4096
[kinematics-ws] K clamp binds: eid 1001 demanded 30852 clamped 4096
[kinematics-ws] K clamp binds: eid 1002 demanded 15111 clamped 4096
[kinematics-ws] K clamp binds: eid [kinematics-ws] K clamp binds: eid 10031002 demanded  7413 demanded clamped 15118 clamped 40964096

[kinematics-ws] K clamp binds: eid 1001 demanded 30851 clamped 4096
[kinematics-ws] K clamp binds: eid 1001 demanded 30858 clamped 4096
[kinematics-ws] K clamp binds: eid 1002 demanded 15141 clamped 4096
[kinematics-ws] K clamp binds: eid 1003 demanded 7417 clamped 4096
[kinematics-ws] K clamp binds: eid 1001 demanded 30862 clamped 4096
[kinematics-ws] K clamp binds: eid 1002 demanded 15130 clamped 4096
[kinematics-ws] K clamp binds: eid 1003 demanded 7404 clamped 4096
[kinematics-ws] K clamp binds: eid 1003 demanded 7411 clamped 4096
[kinematics-ws] K clamp binds: eid 1002 demanded 15108 clamped 4096
[kinematics-ws] K clamp binds: eid 1001 demanded 30859 clamped 4096
[kinematics-ws] K clamp binds: eid 1001 demanded 30855 clamped 4096
[kinematics-ws] K clamp binds: eid 1003 demanded 7419 clamped 4096
[kinematics-ws] K clamp binds: eid 1002 demanded 15126 clamped 4096
[kinematics-ws] K clamp binds: eid 1002 demanded 15141 clamped 4096
[kinematics-ws] K clamp binds: eid 1003 demanded 7407 clamped 4096
[kinematics-ws] K clamp binds: eid 1001 demanded 30856 clamped 4096
[kinematics-ws] K clamp binds: eid 1001 demanded 30862 clamped 4096
[kinematics-ws] K clamp binds: eid 1002 demanded 15115 clamped 4096
[kinematics-ws] K clamp binds: eid 1003 demanded 7408 clamped 4096
[kinematics-ws] K clamp binds: eid 1003 demanded 7420 clamped 4096
[kinematics-ws] K clamp binds: eid 1002 demanded 15114 clamped 4096
[kinematics-ws] K clamp binds: eid 1001 demanded 30867 clamped 4096
[kinematics-ws] K clamp binds: eid 1003 demanded 7412 clamped 4096
[kinematics-ws] K clamp binds: eid 1002 demanded 15140 clamped 4096
[kinematics-ws] K clamp binds: eid 1001 demanded 30868 clamped 4096
[kinematics-ws] K clamp binds: eid 1001 demanded 30866 clamped 4096
[kinematics-ws] K clamp binds: eid 1002 demanded 15122 clamped 4096
[kinematics-ws] K clamp binds: eid 1003 demanded 7405 clamped 4096
[kinematics-ws] K clamp binds: eid 1001 demanded 30863 clamped 4096
[kinematics-ws] K clamp binds: eid 1003 demanded 7417 clamped 4096
[kinematics-ws] K clamp binds: eid 1002 demanded 15110 clamped 4096
[kinematics-ws] K clamp binds: eid 1002 demanded 15138 clamped 4096
[kinematics-ws] K clamp binds: eid 1001 demanded 30861 clamped 4096
[kinematics-ws] K clamp binds: eid 1003 demanded 7420 clamped 4096
[kinematics-ws] K clamp binds: eid 1001 demanded 30861 clamped 4096
[kinematics-ws] K clamp binds: eid 1003 demanded 7407 clamped 4096
[kinematics-ws] K clamp binds: eid 1002 demanded 15123 clamped 4096
[kinematics-ws] K clamp binds: eid 1001 demanded 30861 clamped 4096
[kinematics-ws] K clamp binds: eid 1003 demanded 7410 clamped 4096
[kinematics-ws] K clamp binds: eid 1002 demanded 15110 clamped 4096
[kinematics-ws] K clamp binds: eid 1001 demanded 30862 clamped 4096
[kinematics-ws] K clamp binds: eid 1003 demanded 7422 clamped 4096
[kinematics-ws] K clamp binds: eid 1002 demanded 15139 clamped 4096
[kinematics-ws] K clamp binds: eid 1003 demanded 7417 clamped 4096
[kinematics-ws] K clamp binds: eid 1001 demanded 30862 clamped 4096
[kinematics-ws] K clamp binds: eid 1002 demanded 15118 clamped 4096
[kinematics-ws] K clamp binds: eid 1001 demanded 30863 clamped 4096
[kinematics-ws] K clamp binds: eid 1002 demanded 15115 clamped 4096
[kinematics-ws] K clamp binds: eid 1003 demanded 7407 clamped 4096
[kinematics-ws] K clamp binds: eid 1002 demanded 15139 clamped 4096
[kinematics-ws] K clamp binds: eid 1003 demanded 7414 clamped 4096
[kinematics-ws] K clamp binds: eid 1001 demanded 30863 clamped 4096
[kinematics-ws] K clamp binds: eid 1001 demanded 30863 clamped 4096
[kinematics-ws] K clamp binds: eid 1002 demanded 15108 clamped 4096
[kinematics-ws] K clamp binds: eid 1003 demanded 7423 clamped 4096
[kinematics-ws] K clamp binds: eid 1001 demanded 30862 clamped 4096
[kinematics-ws] K clamp binds: eid 1002 demanded 15128 clamped 4096
[kinematics-ws] K clamp binds: eid 1003 demanded 7417 clamped 4096
[kinematics-ws] K clamp binds: eid 1001 demanded 30862 clamped 4096
[kinematics-ws] K clamp binds: eid 1002 demanded 15129 clamped 4096
[kinematics-ws] K clamp binds: eid 1003 demanded 7408 clamped 4096
[kinematics-ws] K clamp binds: eid 1001 demanded 30862 clamped 4096
[kinematics-ws] K clamp binds: eid 1003 demanded 7414 clamped 4096
[kinematics-ws] K clamp binds: eid 1002 demanded 15109 clamped 4096
[kinematics-ws] K clamp binds: eid 1001 demanded 30863 clamped 4096
[kinematics-ws] K clamp binds: eid 1003 demanded 7424 clamped 4096
[kinematics-ws] K clamp binds: eid 1002 demanded 15140 clamped 4096
[kinematics-ws] K clamp binds: eid 1001 demanded 30866 clamped 4096
[kinematics-ws] K clamp binds: eid 1002 demanded 15109 clamped 4096
[kinematics-ws] K clamp binds: eid 1003 demanded 7420 clamped 4096
[kinematics-ws] K clamp binds: eid 1002 demanded 15131 clamped 4096
[kinematics-ws] K clamp binds: eid 1003 demanded 7410 clamped 4096
[kinematics-ws] K clamp binds: eid 1001 demanded 30870 clamped 4096
[kinematics-ws] K clamp binds: eid 1003 demanded 7412 clamped 4096
[kinematics-ws] K clamp binds: eid 1001 demanded 30874 clamped 4096
[kinematics-ws] K clamp binds: eid 1002 demanded 15122 clamped 4096
[kinematics-ws] K clamp binds: eid 1001 demanded 30875 clamped 4096
[kinematics-ws] K clamp binds: eid 1003 demanded 7423 clamped 4096
[kinematics-ws] K clamp binds: eid 1002 demanded 15116 clamped 4096
[kinematics-ws] K clamp binds: eid 1001 demanded 30871 clamped 4096
[kinematics-ws] K clamp binds: eid 1003 demanded 7425 clamped 4096
[kinematics-ws] K clamp binds: eid 1002 demanded 15135 clamped 4096
[kinematics-ws] K clamp binds: eid 1003 demanded 7415 clamped 4096
[kinematics-ws] K clamp binds: eid 1001 demanded 30865 clamped 4096
[kinematics-ws] K clamp binds: eid 1002 demanded 15108 clamped 4096
[kinematics-ws] K clamp binds: eid 1001 demanded 30861 clamped 4096
[kinematics-ws] K clamp binds: eid 1003 demanded 7410 clamped 4096
[kinematics-ws] K clamp binds: eid 1002 demanded 15139 clamped 4096
[kinematics-ws] K clamp binds: eid 1001 demanded 30864 clamped 4096
[kinematics-ws] K clamp binds: eid 1002 demanded 15106 clamped 4096
[kinematics-ws] K clamp binds: eid 1003 demanded 7417 clamped 4096
[kinematics-ws] K clamp binds: eid 1001 demanded 30872 clamped 4096
[kinematics-ws] K clamp binds: eid 1003 demanded 7426 clamped 4096
[kinematics-ws] K clamp binds: eid 1002 demanded 15139 clamped 4096
[kinematics-ws] K clamp binds: eid 1002 demanded 15108 clamped 4096
[kinematics-ws] K clamp binds: eid 1001 demanded 30872 clamped 4096
[kinematics-ws] K clamp binds: eid 1003 demanded 7424 clamped 4096
[kinematics-ws] K clamp binds: eid 1001 demanded 30863 clamped 4096
[kinematics-ws] K clamp binds: eid 1003 demanded 7415 clamped 4096
[kinematics-ws] K clamp binds: eid 1002 demanded 15137 clamped 4096
[kinematics-ws] K clamp binds: eid 1002 demanded 15110 clamped 4096
[kinematics-ws] K clamp binds: eid 1003 demanded 7411 clamped 4096
[kinematics-ws] K clamp binds: eid 1001 demanded 30860 clamped 4096
[kinematics-ws] K clamp binds: eid 1003 demanded 7417 clamped 4096
[kinematics-ws] K clamp binds: eid 1002 demanded 15136 clamped 4096
[kinematics-ws] K clamp binds: eid 1001 demanded 30869 clamped 4096
[kinematics-ws] K clamp binds: eid 1001 demanded 30871 clamped 4096
[kinematics-ws] K clamp binds: eid 1003 demanded 7426 clamped 4096
[kinematics-ws] K clamp binds: eid 1002 demanded 15110 clamped 4096
[kinematics-ws] K clamp binds: eid 1002 demanded 15137 clamped 4096
[kinematics-ws] K clamp binds: eid 1003 demanded 7427 clamped 4096
[kinematics-ws] K clamp binds: eid 1001 demanded 30860 clamped 4096
[kinematics-ws] K clamp binds: eid 1003 demanded 7420 clamped 4096
[kinematics-ws] K clamp binds: eid 1002 demanded 15109 clamped 4096
[kinematics-ws] K clamp binds: eid 1001 demanded 30861 clamped 4096
[kinematics-ws] K clamp binds: eid 1002 demanded 15140 clamped 4096
[kinematics-ws] K clamp binds: eid 1001 demanded 30871 clamped 4096
[kinematics-ws] K clamp binds: eid 1003 demanded 7413 clamped 4096
[kinematics-ws] K clamp binds: eid 1001 demanded 30861 clamped 4096
[kinematics-ws] K clamp binds: eid 1002 demanded 15108 clamped 4096
[kinematics-ws] K clamp binds: eid 1003 demanded 7414 clamped 4096
[kinematics-ws] K clamp binds: eid 1002 demanded 15141 [kinematics-ws] K clamp binds: eid clamped 1001 demanded 30860 clamped 40964096

[kinematics-ws] K clamp binds: eid 1003 demanded 7422 clamped 4096
[kinematics-ws] K clamp binds: eid 1003 demanded 7428 clamped 4096
[kinematics-ws] K clamp binds: eid 1002 demanded 15109 clamped 4096
[kinematics-ws] K clamp binds: eid 1001 demanded 30870 clamped 4096
[kinematics-ws] K clamp binds: eid 1003 demanded 7428 clamped 4096
[kinematics-ws] K clamp binds: eid 1001 demanded 30858 clamped 4096
[kinematics-ws] K clamp binds: eid 1002 demanded 15139 clamped 4096
[kinematics-ws] K clamp binds: eid 1002 demanded 15116 clamped 4096
[kinematics-ws] K clamp binds: eid 1001 demanded 30863 clamped 4096
[kinematics-ws] K clamp binds: eid 1003 demanded 7421 clamped 4096
[kinematics-ws] K clamp binds: eid 1002 demanded 15128 clamped 4096
[kinematics-ws] K clamp binds: eid 1001 demanded 30867 clamped 4096
[kinematics-ws] K clamp binds: eid 1003 demanded 7415 clamped 4096
[kinematics-ws] K clamp binds: eid [kinematics-ws] K clamp binds: eid 10021003  demanded 7414 demandedclamped  15130 clamped 40964096

[kinematics-ws] K clamp binds: eid 1001 demanded 30856 clamped 4096
[kinematics-ws] K clamp binds: eid 1002 demanded 15114 clamped 4096
[kinematics-ws] K clamp binds: eid 1001 demanded 30870 clamped 4096
[kinematics-ws] K clamp binds: eid 1003 demanded 7419 clamped 4096
[kinematics-ws] K clamp binds: eid 1001 demanded 30857 clamped 4096
[kinematics-ws] K clamp binds: eid 1003 demanded 7427 clamped 4096
[kinematics-ws] K clamp binds: eid 1002 demanded 15142 clamped 4096
[kinematics-ws] K clamp binds: eid 1001 demanded 30867 clamped 4096
[kinematics-ws] K clamp binds: eid 1003 demanded 7430 clamped 4096
[kinematics-ws] K clamp binds: eid 1002 demanded 15110 clamped 4096
[kinematics-ws] K clamp binds: eid 1002 demanded 15137 clamped 4096
[kinematics-ws] K clamp binds: eid 1003 demanded 7429 clamped 4096
[kinematics-ws] K clamp binds: eid 1001 demanded 30860 clamped 4096
[kinematics-ws] K clamp binds: eid 1002 demanded 15127 clamped 4096
[kinematics-ws] K clamp binds: eid 1001 demanded 30866 clamped 4096
[kinematics-ws] K clamp binds: eid 1003 demanded 7423 clamped 4096
[kinematics-ws] K clamp binds: eid 1001 demanded 30861 clamped 4096
[kinematics-ws] K clamp binds: eid 1003 demanded 7417 clamped 4096
[kinematics-ws] K clamp binds: eid 1002 demanded 15116 clamped 4096
[kinematics-ws] K clamp binds: eid 1001 demanded 30866 clamped 4096
[kinematics-ws] K clamp binds: eid 1002 demanded 15145 clamped 4096
[kinematics-ws] K clamp binds: eid 1003 demanded 7415 clamped 4096
[kinematics-ws] K clamp binds: eid 1002 demanded 15116 clamped 4096
[kinematics-ws] K clamp binds: eid 1001 demanded 30861 clamped 4096
[kinematics-ws] K clamp binds: eid 1003 demanded 7418 clamped 4096
[kinematics-ws] K clamp binds: eid 1003 demanded 7423 clamped 4096
[kinematics-ws] K clamp binds: eid 1002 demanded 15129 clamped 4096
[kinematics-ws] K clamp binds: eid 1001 demanded 30869 clamped 4096
[kinematics-ws] K clamp binds: eid 1003 demanded 7429 clamped 4096
[kinematics-ws] K clamp binds: eid 1002 demanded 15142 clamped 4096
[kinematics-ws] K clamp binds: eid 1001 demanded 30859 clamped 4096
[kinematics-ws] K clamp binds: eid 1001 demanded 30872 clamped 4096
[kinematics-ws] K clamp binds: eid 1002 demanded 15113 clamped 4096
[kinematics-ws] K clamp binds: eid 1003 demanded 7432 clamped 4096
[kinematics-ws] K clamp binds: eid 1002 demanded 15135 clamped 4096
[kinematics-ws] K clamp binds: eid 1003 demanded 7431 clamped 4096
[kinematics-ws] K clamp binds: eid 1001 demanded 30859 clamped 4096
[kinematics-ws] K clamp binds: eid 1003 demanded 7427 clamped 4096
[kinematics-ws] K clamp binds: eid 1002 demanded 15141 clamped 4096
[kinematics-ws] K clamp binds: eid 1001 demanded 30871 clamped 4096
[kinematics-ws] K clamp binds: eid 1002 demanded 15114 clamped 4096
[kinematics-ws] K clamp binds: eid 1003 demanded 7422 clamped 4096
[kinematics-ws] K clamp binds: eid 1001 demanded 30866 clamped 4096
[kinematics-ws] K clamp binds: eid 1001 demanded 30864 clamped 4096
[kinematics-ws] K clamp binds: eid 1002 demanded 15136 clamped 4096
[kinematics-ws] K clamp binds: eid 1003 demanded 7418 clamped 4096
[kinematics-ws] K clamp binds: eid 1002 demanded 15144 clamped 4096
[kinematics-ws] K clamp binds: eid 1003 demanded 7416 clamped 4096
[kinematics-ws] K clamp binds: eid 1001 demanded 30875 clamped 4096
[kinematics-ws] K clamp binds: eid 1001 demanded 30864 clamped 4096
[kinematics-ws] K clamp binds: eid 1002 demanded 15117 clamped 4096
[kinematics-ws] K clamp binds: eid 1003 demanded 7417 clamped 4096
[kinematics-ws] K clamp binds: eid 1003 demanded 7421 clamped 4096
[kinematics-ws] K clamp binds: eid 1001 demanded 30869 clamped 4096
[kinematics-ws] K clamp binds: eid 1002 demanded 15130 clamped 4096
[kinematics-ws] K clamp binds: eid 1001 demanded 30877 clamped 4096
[kinematics-ws] K clamp binds: eid 1002 demanded 15149 clamped 4096
[kinematics-ws] K clamp binds: eid 1003 demanded 7425 clamped 4096
[kinematics-ws] K clamp binds: eid 1002 demanded 15127 clamped 4096
[kinematics-ws] K clamp binds: eid 1003 demanded 7429 clamped 4096
[kinematics-ws] K clamp binds: eid 1001 demanded 30867 clamped 4096
[kinematics-ws] K clamp binds: eid 1001 demanded 30869 clamped 4096
[kinematics-ws] K clamp binds: eid 1002 demanded 15119 clamped 4096
[kinematics-ws] K clamp binds: eid 1003 demanded 7432 clamped 4096
[kinematics-ws] K clamp binds: eid 1003 demanded 7434 clamped 4096
[kinematics-ws] K clamp binds: eid 1001 demanded 30880 clamped 4096
[kinematics-ws] K clamp binds: eid 1002 demanded 15145 clamped 4096
[kinematics-ws] K clamp binds: eid 1002 demanded 15146 clamped 4096
[kinematics-ws] K clamp binds: eid 1003 demanded 7433 clamped 4096
[kinematics-ws] K clamp binds: eid 1001 demanded 30875 clamped 4096
[kinematics-ws] K clamp binds: eid 1003 demanded 7431 clamped 4096
[kinematics-ws] K clamp binds: eid 1001 demanded 30868 clamped 4096
[kinematics-ws] K clamp binds: eid 1002 demanded 15122 clamped 4096
[kinematics-ws] K clamp binds: eid 1002 demanded 15125 clamped 4096
[kinematics-ws] K clamp binds: eid 1001 demanded 30875 clamped 4096
[kinematics-ws] K clamp binds: eid 1003 demanded 7428 clamped 4096
[kinematics-ws] K clamp binds: eid 1003 demanded 7425 clamped 4096
[kinematics-ws] K clamp binds: eid 1001 demanded 30884 clamped 4096
[kinematics-ws] K clamp binds: eid 1002 demanded 15149 clamped 4096
[kinematics-ws] K clamp binds: eid 1001 demanded 30880 clamped 4096
[kinematics-ws] K clamp binds: eid 1003 demanded 7423 clamped 4096
[kinematics-ws] K clamp binds: eid 1002 demanded 15147 clamped 4096
[kinematics-ws] K clamp binds: eid 1001 demanded 30873 clamped 4096
[kinematics-ws] K clamp binds: eid 1002 demanded 15125 clamped 4096
[kinematics-ws] K clamp binds: eid 1003 demanded 7420 clamped 4096
[kinematics-ws] K clamp binds: eid 1003 demanded 7419 clamped 4096
[kinematics-ws] K clamp binds: eid 1002 demanded 15123 clamped 4096
[kinematics-ws] K clamp binds: eid 1001 demanded 30874 clamped 4096
[kinematics-ws] K clamp binds: eid 1001 demanded 30881 clamped 4096
[kinematics-ws] K clamp binds: eid 1002 demanded 15144 clamped 4096
[kinematics-ws] K clamp binds: eid 1003 demanded 7418 clamped 4096
[kinematics-ws] K clamp binds: eid 1002 demanded 15154 clamped 4096
[kinematics-ws] K clamp binds: eid 1003 demanded 7418 clamped 4096
[kinematics-ws] K clamp binds: eid 1001 demanded 30887 clamped 4096
[kinematics-ws] K clamp binds: eid 1003 demanded 7419 clamped 4096
[kinematics-ws] K clamp binds: eid 1002 demanded 15139 clamped 4096
[kinematics-ws] K clamp binds: eid 1001 demanded 30887 clamped 4096
[kinematics-ws] K clamp binds: eid 1003 demanded 7420 clamped 4096
[kinematics-ws] K clamp binds: eid 1001 demanded 30883 clamped 4096
[kinematics-ws] K clamp binds: eid 1002 demanded 15123 clamped 4096
[kinematics-ws] K clamp binds: eid 1003 demanded 7422 clamped 4096
[kinematics-ws] K clamp binds: eid 1002 demanded 15128 clamped 4096
[kinematics-ws] K clamp binds: eid 1001 demanded 30879 clamped 4096
[kinematics-ws] K clamp binds: eid 1001 demanded 30877 clamped 4096
[kinematics-ws] K clamp binds: eid 1003 demanded 7423 clamped 4096
[kinematics-ws] K clamp binds: eid 1002 demanded 15147 clamped 4096
[kinematics-ws] K clamp binds: eid 1001 demanded 30878 clamped 4096
[kinematics-ws] K clamp binds: eid 1003 demanded 7425 clamped 4096
[kinematics-ws] K clamp binds: eid 1002 demanded 15157 clamped 4096
[kinematics-ws] K clamp binds: eid 1002 demanded 15148 clamped 4096
[kinematics-ws] K clamp binds: eid 1001 demanded 30881 clamped 4096
[kinematics-ws] K clamp binds: eid 1003 demanded 7426 clamped 4096
[kinematics-ws] K clamp binds: eid 1001 demanded 30885 clamped 4096
[kinematics-ws] K clamp binds: eid 1003 demanded 7428 clamped 4096
[kinematics-ws] K clamp binds: eid 1002 demanded 15132 clamped 4096
[kinematics-ws] K clamp binds: eid 1002 demanded 15124 clamped 4096
[kinematics-ws] K clamp binds: eid 1001 demanded 30888 clamped 4096
[kinematics-ws] K clamp binds: eid 1003 demanded 7429 clamped 4096
[kinematics-ws] K clamp binds: eid 1001 demanded 30890 clamped 4096
[kinematics-ws] K clamp binds: eid 1002 demanded 15132 clamped 4096
[kinematics-ws] K clamp binds: eid 1003 demanded 7430 clamped 4096
[kinematics-ws] K clamp binds: eid 1003 demanded 7430 clamped 4096
[kinematics-ws] K clamp binds: eid 1001 demanded 30892 clamped 4096
[kinematics-ws] K clamp binds: eid 1002 demanded 15147 clamped 4096
[kinematics-ws] K clamp binds: eid [kinematics-ws] K clamp binds: eid 1001 1003 demanded demanded 30892 7431clamped  clamped 40964096

[kinematics-ws] K clamp binds: eid 1002 demanded 15158 clamped 4096
[kinematics-ws] K clamp binds: eid 1003 demanded 7431 clamped 4096
[kinematics-ws] K clamp binds: eid 1001 demanded 30893 clamped 4096
[kinematics-ws] K clamp binds: eid 1002 demanded 15157 clamped 4096
[kinematics-ws] K clamp binds: eid 1001 demanded 30893 clamped 4096
[kinematics-ws] K clamp binds: eid 1002 demanded 15147 clamped 4096
[kinematics-ws] K clamp binds: eid 1003 demanded 7432 clamped 4096
[kinematics-ws] K clamp binds: eid 1001 demanded 30892 clamped 4096
[kinematics-ws] K clamp binds: eid 1003 demanded 7432 clamped 4096
[kinematics-ws] K clamp binds: eid 1002 demanded 15135 clamped 4096
[kinematics-ws] K clamp binds: eid 1001 demanded 30891 clamped 4096
[kinematics-ws] K clamp binds: eid 1003 demanded 7432 clamped 4096
[kinematics-ws] K clamp binds: eid 1002 demanded 15128 clamped 4096
[kinematics-ws] K clamp binds: eid 1001 demanded 30889 clamped 4096
[kinematics-ws] K clamp binds: eid 1003 demanded 7432 clamped 4096
[kinematics-ws] K clamp binds: eid 1002 demanded 15128 clamped 4096
[kinematics-ws] K clamp binds: eid [kinematics-ws] K clamp binds: eid 1001 1003 demanded demanded30887  clamped 7431 clamped 40964096

[kinematics-ws] K clamp binds: eid 1002 demanded 15135 clamped 4096
[kinematics-ws] K clamp binds: eid 1001 demanded 30884 clamped 4096
[kinematics-ws] K clamp binds: eid 1002 demanded 15145 clamped 4096
[kinematics-ws] K clamp binds: eid 1003 demanded 7431 clamped 4096
[kinematics-ws] K clamp binds: eid 1003 demanded 7430 clamped 4096
[kinematics-ws] K clamp binds: eid 1001 demanded 30882 clamped 4096
[kinematics-ws] K clamp binds: eid 1002 demanded 15154 clamped 4096
[kinematics-ws] K clamp binds: eid 1001 demanded 30882 clamped 4096
[kinematics-ws] K clamp binds: eid 1003 demanded 7429 clamped 4096
[kinematics-ws] K clamp binds: eid 1002 demanded 15160 clamped 4096
[kinematics-ws] K clamp binds: eid 1001 demanded 30885 clamped 4096
[kinematics-ws] K clamp binds: eid 1002 demanded 15162 clamped 4096
[kinematics-ws] K clamp binds: eid 1003 demanded 7428 clamped 4096
[kinematics-ws] K clamp binds: eid 1003 demanded 7427 clamped 4096
[kinematics-ws] K clamp binds: eid 1001 demanded 30889 clamped 4096
[kinematics-ws] K clamp binds: eid 1002 demanded 15161 clamped 4096
[kinematics-ws] K clamp binds: eid 1003 demanded 7426 clamped 4096
[kinematics-ws] K clamp binds: eid 1001 demanded 30894 clamped 4096
[kinematics-ws] K clamp binds: eid 1002 demanded 15157 clamped 4096
[kinematics-ws] K clamp binds: eid 1001 demanded 30894 clamped 4096
[kinematics-ws] K clamp binds: eid 1003 demanded 7424 clamped 4096
[kinematics-ws] K clamp binds: eid 1002 demanded 15152 clamped 4096
[kinematics-ws] K clamp binds: eid 1002 demanded 15147 clamped 4096
[kinematics-ws] K clamp binds: eid 1001 demanded 30889 clamped 4096
[kinematics-ws] K clamp binds: eid 1003 demanded 7423 clamped 4096
[kinematics-ws] K clamp binds: eid 1001 demanded 30882 clamped 4096
[kinematics-ws] K clamp binds: eid 1002 demanded 15142 clamped 4096
[kinematics-ws] K clamp binds: eid 1003 demanded 7422 clamped 4096
[kinematics-ws] K clamp binds: eid 1003 demanded 7421 clamped 4096
[kinematics-ws] K clamp binds: eid 1001 demanded 30881 clamped 4096
[kinematics-ws] K clamp binds: eid 1002 demanded 15139 clamped 4096
[kinematics-ws] K clamp binds: eid 1001 demanded 30888 clamped 4096
[kinematics-ws] K clamp binds: eid 1002 demanded 15136 clamped 4096
[kinematics-ws] K clamp binds: eid 1003 demanded 7420 clamped 4096
[kinematics-ws] K clamp binds: eid 1003 demanded 7420 clamped 4096
[kinematics-ws] K clamp binds: eid 1001 demanded 30893 clamped 4096
[kinematics-ws] K clamp binds: eid 1002 demanded 15134 clamped 4096
[kinematics-ws] K clamp binds: eid 1001 demanded 30888 clamped 4096
[kinematics-ws] K clamp binds: eid 1003 demanded 7421 clamped 4096
[kinematics-ws] K clamp binds: eid 1002 demanded 15133 clamped 4096
[kinematics-ws] K clamp binds: eid 1003 demanded 7422 clamped 4096
[kinematics-ws] K clamp binds: eid 1002 demanded 15133 clamped 4096
[kinematics-ws] K clamp binds: eid 1001 demanded 30879 clamped 4096
[kinematics-ws] K clamp binds: eid 1002 demanded 15132 clamped 4096
[kinematics-ws] K clamp binds: eid 1001 demanded 30884 clamped 4096
[kinematics-ws] K clamp binds: eid 1003 demanded 7424 clamped 4096
[kinematics-ws] K clamp binds: eid 1002 demanded 15132 clamped 4096
[kinematics-ws] K clamp binds: eid 1001 demanded 30892 clamped 4096
[kinematics-ws] K clamp binds: eid 1003 demanded 7427 clamped 4096
[kinematics-ws] K clamp binds: eid 1001 demanded 30885 clamped 4096
[kinematics-ws] K clamp binds: eid 1002 demanded 15132 clamped 4096
[kinematics-ws] K clamp binds: eid 1003 demanded 7430 clamped 4096
[kinematics-ws] K clamp binds: eid 1001 demanded 30878 clamped 4096
[kinematics-ws] K clamp binds: eid 1002 demanded 15133 clamped 4096
[kinematics-ws] K clamp binds: eid 1003 demanded 7433 clamped 4096
[kinematics-ws] K clamp binds: eid [kinematics-ws] K clamp binds: eid 1002 demanded 1003 demanded 151347436  clamped clamped 40964096

[kinematics-ws] K clamp binds: eid 1001 demanded 30888 clamped 4096
[kinematics-ws] K clamp binds: eid 1003 demanded 7437 clamped 4096
[kinematics-ws] K clamp binds: eid 1001 demanded 30889 clamped 4096
[kinematics-ws] K clamp binds: eid 1002 demanded 15136 clamped 4096
[kinematics-ws] K clamp binds: eid 1002 demanded 15138 clamped 4096
[kinematics-ws] K clamp binds: eid 1001 demanded 30877 clamped 4096
[kinematics-ws] K clamp binds: eid 1003 demanded 7436 clamped 4096
[kinematics-ws] K clamp binds: eid 1002 demanded 15142 clamped 4096
[kinematics-ws] K clamp binds: eid 1003 demanded 7434 clamped 4096
[kinematics-ws] K clamp binds: eid 1001 demanded 30886 clamped 4096
[kinematics-ws] K clamp binds: eid 1001 demanded 30887 clamped 4096
[kinematics-ws] K clamp binds: eid 1003 demanded 7431 clamped 4096
[kinematics-ws] K clamp binds: eid 1002 demanded 15146 clamped 4096
[kinematics-ws] K clamp binds: eid 1003 demanded 7427 clamped 4096
[kinematics-ws] K clamp binds: eid 1002 demanded 15151 clamped 4096
[kinematics-ws] K clamp binds: eid 1001 demanded 30876 clamped 4096
[kinematics-ws] K clamp binds: eid 1003 demanded 7423 clamped 4096
[kinematics-ws] K clamp binds: eid 1002 demanded 15157 clamped 4096
[kinematics-ws] K clamp binds: eid 1001 demanded 30888 clamped 4096
[kinematics-ws] K clamp binds: eid 1001 demanded 30882 clamped 4096
[kinematics-ws] K clamp binds: eid 1003 demanded 7420 clamped 4096
[kinematics-ws] K clamp binds: eid 1002 demanded 15162 clamped 4096
[kinematics-ws] K clamp binds: eid 1001 demanded 30880 clamped 4096
[kinematics-ws] K clamp binds: eid 1002 demanded 15165 clamped 4096
[kinematics-ws] K clamp binds: eid 1003 demanded 7420 clamped 4096
[kinematics-ws] K clamp binds: eid 1001 demanded 30889 clamped 4096
[kinematics-ws] K clamp binds: eid 1003 demanded 7423 clamped 4096
[kinematics-ws] K clamp binds: eid 1002 demanded 15165 clamped 4096
[kinematics-ws] K clamp binds: eid 1001 demanded 30876 clamped 4096
[kinematics-ws] K clamp binds: eid 1002 demanded 15162 clamped 4096
[kinematics-ws] K clamp binds: eid 1003 demanded 7428 clamped 4096
[kinematics-ws] K clamp binds: eid 1003 demanded 7432 clamped 4096
[kinematics-ws] K clamp binds: eid 1002 demanded 15154 clamped 4096
[kinematics-ws] K clamp binds: eid 1001 demanded 30889 clamped 4096
[kinematics-ws] K clamp binds: eid 1001 demanded 30877 clamped 4096
[kinematics-ws] K clamp binds: eid 1002 demanded 15145 clamped 4096
[kinematics-ws] K clamp binds: eid 1003 demanded 7436 clamped 4096
[kinematics-ws] K clamp binds: eid 1001 demanded 30887 clamped 4096
[kinematics-ws] K clamp binds: eid 1003 demanded 7436 clamped 4096
[kinematics-ws] K clamp binds: eid 1002 demanded 15136 clamped 4096
[kinematics-ws] K clamp binds: eid 1001 demanded 30880 clamped 4096
[kinematics-ws] K clamp binds: eid 1003 demanded 7433 clamped 4096
[kinematics-ws] K clamp binds: eid 1002 demanded 15131 clamped 4096
[kinematics-ws] K clamp binds: eid 1001 demanded 30886 clamped 4096
[kinematics-ws] K clamp binds: eid 1002 demanded 15134 clamped 4096
[kinematics-ws] K clamp binds: eid 1003 demanded 7428 clamped 4096
[kinematics-ws] K clamp binds: eid 1001 demanded 30881 clamped 4096
[kinematics-ws] K clamp binds: eid 1003 demanded 7423 clamped 4096
[kinematics-ws] K clamp binds: eid 1002 demanded 15144 clamped 4096
[kinematics-ws] K clamp binds: eid [kinematics-ws] K clamp binds: eid 10021003  demanded 7420demanded  clamped15157  clamped 40964096

[kinematics-ws] K clamp binds: eid 1001 demanded 30887 clamped 4096
[kinematics-ws] K clamp binds: eid 1002 demanded 15165 clamped 4096
[kinematics-ws] K clamp binds: eid 1001 demanded 30880 clamped 4096
[kinematics-ws] K clamp binds: eid 1003 demanded 7422 clamped 4096
[kinematics-ws] K clamp binds: eid 1003 demanded 7427 clamped 4096
[kinematics-ws] K clamp binds: eid 1001 demanded 30889 clamped 4096
[kinematics-ws] K clamp binds: eid 1002 demanded 15162 clamped 4096
[kinematics-ws] K clamp binds: eid [kinematics-ws] K clamp binds: eid 1002 1001 demandeddemanded 30879  clamped 15150 clamped 40964096

[kinematics-ws] K clamp binds: eid 1003 demanded 7433 clamped 4096
[kinematics-ws] K clamp binds: eid 1001 demanded 30892 clamped 4096
[kinematics-ws] K clamp binds: eid 1003 demanded 7436 clamped 4096
[kinematics-ws] K clamp binds: eid 1002 demanded 15135 clamped 4096
[kinematics-ws] K clamp binds: eid 1002 demanded 15131 clamped 4096
[kinematics-ws] K clamp binds: eid 1003 demanded 7434 clamped 4096
[kinematics-ws] K clamp binds: eid 1001 demanded 30879 clamped 4096
[kinematics-ws] K clamp binds: eid 1002 demanded 15141 clamped 4096
[kinematics-ws] K clamp binds: eid 1003 demanded 7428 clamped 4096
[kinematics-ws] K clamp binds: eid 1001 demanded 30890 clamped 4096
[kinematics-ws] K clamp binds: eid 1001 demanded 30886 clamped 4096
[kinematics-ws] K clamp binds: eid 1003 demanded 7422 clamped 4096
[kinematics-ws] K clamp binds: eid 1002 demanded 15158 clamped 4096
[kinematics-ws] K clamp binds: eid 1001 demanded 30883 clamped 4096
[kinematics-ws] K clamp binds: eid 1003 demanded 7420 clamped 4096
[kinematics-ws] K clamp binds: eid 1002 demanded 15164 clamped 4096
[kinematics-ws] K clamp binds: eid 1001 demanded 30895 clamped 4096
[kinematics-ws] K clamp binds: eid 1003 demanded 7423 clamped 4096
[kinematics-ws] K clamp binds: eid 1002 demanded 15153 clamped 4096
[kinematics-ws] K clamp binds: eid 1002 demanded 15135 clamped 4096
[kinematics-ws] K clamp binds: eid 1003 demanded 7431 clamped 4096
[kinematics-ws] K clamp binds: eid 1001 demanded 30883 clamped 4096
[kinematics-ws] K clamp binds: eid 1001 demanded 30889 clamped 4096
[kinematics-ws] K clamp binds: eid 1003 demanded 7436 clamped 4096
[kinematics-ws] K clamp binds: eid 1002 demanded 15131 clamped 4096
[kinematics-ws] K clamp binds: eid 1002 demanded 15147 clamped 4096
[kinematics-ws] K clamp binds: eid 1001 demanded 30895 clamped 4096
[kinematics-ws] K clamp binds: eid 1003 demanded 7434 clamped 4096
[kinematics-ws] K clamp binds: eid 1002 demanded 15163 clamped 4096
[kinematics-ws] K clamp binds: eid 1003 demanded 7427 clamped 4096
[kinematics-ws] K clamp binds: eid 1001 demanded 30885 clamped 4096
[kinematics-ws] K clamp binds: eid [kinematics-ws] K clamp binds: eid 1001 1002 demanded demanded 30891 15156 clampedclamped  40964096

[kinematics-ws] K clamp binds: eid 1003 demanded 7421 clamped 4096
[kinematics-ws] K clamp binds: eid 1001 demanded 30899 clamped 4096
[kinematics-ws] K clamp binds: eid 1002 demanded 15135 clamped 4096
[kinematics-ws] K clamp binds: eid 1003 demanded 7420 clamped 4096
[kinematics-ws] K clamp binds: eid 1002 demanded 15132 clamped 4096
[kinematics-ws] K clamp binds: eid 1001 demanded 30889 [kinematics-ws] K clamp binds: eid clamped 40961003 
demanded 7427 clamped 4096
[kinematics-ws] K clamp binds: eid 1002 demanded 15152 clamped 4096
[kinematics-ws] K clamp binds: eid 1003 demanded 7434 clamped 4096
[kinematics-ws] K clamp binds: eid 1001 demanded 30889 clamped 4096
[kinematics-ws] K clamp binds: eid 1002 demanded 15163 clamped 4096
[kinematics-ws] K clamp binds: eid 1003 demanded 7435 clamped 4096
[kinematics-ws] K clamp binds: eid 1001 demanded 30900 clamped 4096
[kinematics-ws] K clamp binds: eid 1003 demanded 7428 clamped 4096
[kinematics-ws] K clamp binds: eid 1001 demanded 30899 clamped 4096
[kinematics-ws] K clamp binds: eid 1002 demanded 15144 clamped 4096
[kinematics-ws] K clamp binds: eid 1001 demanded 30891 clamped 4096
[kinematics-ws] K clamp binds: eid 1002 demanded 15129 clamped 4096
[kinematics-ws] K clamp binds: eid 1003 demanded 7420 clamped 4096
[kinematics-ws] K clamp binds: eid 1001 demanded 30892 clamped 4096
[kinematics-ws] K clamp binds: eid 1002 demanded 15146 clamped 4096
[kinematics-ws] K clamp binds: eid 1003 demanded 7420 clamped 4096
[kinematics-ws] K clamp binds: eid 1002 demanded 15163 clamped 4096
[kinematics-ws] K clamp binds: eid 1001 demanded 30901 clamped 4096
[kinematics-ws] K clamp binds: eid 1003 demanded 7428 clamped 4096
[kinematics-ws] K clamp binds: eid 1001 demanded 30905 clamped 4096
[kinematics-ws] K clamp binds: eid 1003 demanded 7435 clamped 4096
[kinematics-ws] K clamp binds: eid 1002 demanded 15145 clamped 4096
[kinematics-ws] K clamp binds: eid 1002 demanded 15128 clamped [kinematics-ws] K clamp binds: eid [kinematics-ws] K clamp binds: eid 409610011003 demanded  
30899demanded  clamped 7433 clamped4096
 4096
[kinematics-ws] K clamp binds: eid 1001 demanded 30894 clamped 4096
[kinematics-ws] K clamp binds: eid 1003 demanded 7424 clamped 4096
[kinematics-ws] K clamp binds: eid 1002 demanded 15149 clamped 4096
[kinematics-ws] K clamp binds: eid 1001 demanded 30895 clamped 4096
[kinematics-ws] K clamp binds: eid 1002 demanded 15161 clamped 4096
[kinematics-ws] K clamp binds: eid 1003 demanded 7419 clamped 4096
[kinematics-ws] K clamp binds: eid 1001 demanded 30902 clamped 4096
[kinematics-ws] K clamp binds: eid 1003 demanded 7424 clamped 4096
[kinematics-ws] K clamp binds: eid 1002 demanded 15136 clamped 4096
[kinematics-ws] K clamp binds: eid 1001 demanded 30908 clamped 4096
[kinematics-ws] K clamp binds: eid 1003 demanded 7433 clamped 4096
[kinematics-ws] K clamp binds: eid 1002 demanded 15132 clamped 4096
[kinematics-ws] K clamp binds: eid 1003 demanded 7434 clamped 4096
[kinematics-ws] K clamp binds: eid 1002 demanded 15159 clamped 4096
[kinematics-ws] K clamp binds: eid 1001 demanded 30909 clamped 4096
[kinematics-ws] K clamp binds: eid 1002 demanded 15150 clamped 4096
[kinematics-ws] K clamp binds: eid 1001 demanded 30906 clamped 4096
[kinematics-ws] K clamp binds: eid 1003 demanded 7426 clamped 4096
[kinematics-ws] K clamp binds: eid 1001 demanded 30902 clamped 4096
[kinematics-ws] K clamp binds: eid 1002 demanded 15127 clamped 4096
[kinematics-ws] K clamp binds: eid 1003 demanded 7418 clamped 4096
[kinematics-ws] K clamp binds: eid 1001 demanded 30899 clamped 4096
[kinematics-ws] K clamp binds: eid 1003 demanded 7423 clamped 4096
[kinematics-ws] K clamp binds: eid 1002 demanded 15150 clamped 4096
[kinematics-ws] K clamp binds: eid 1001 demanded 30898 clamped 4096
[kinematics-ws] K clamp binds: eid 1003 demanded 7433 clamped 4096
[kinematics-ws] K clamp binds: eid 1002 demanded 15157 clamped 4096
[kinematics-ws] K clamp binds: eid 1003 demanded 7433 clamped 4096
[kinematics-ws] K clamp binds: eid 1001 demanded 30899 clamped 4096
[kinematics-ws] K clamp binds: eid 1002 demanded 15128 clamped 4096
[kinematics-ws] K clamp binds: eid 1003 demanded 7424 clamped 4096
[kinematics-ws] K clamp binds: eid 1002 demanded 15145 clamped 4096
[kinematics-ws] K clamp binds: eid 1001 demanded 30901 clamped 4096
[kinematics-ws] K clamp binds: eid 1002 demanded 15158 clamped 4096
[kinematics-ws] K clamp binds: eid 1001 demanded 30903 clamped 4096
[kinematics-ws] K clamp binds: eid 1003 demanded 7418 clamped 4096
[kinematics-ws] K clamp binds: eid 1001 demanded 30905 clamped 4096
[kinematics-ws] K clamp binds: eid 1003 demanded 7426 clamped 4096
[kinematics-ws] K clamp binds: eid 1002 demanded 15129 clamped 4096
[kinematics-ws] K clamp binds: eid 1003 demanded 7434 clamped 4096
[kinematics-ws] K clamp binds: eid 1002 demanded 15145 clamped 4096
[kinematics-ws] K clamp binds: eid 1001 demanded 30907 clamped 4096
[kinematics-ws] K clamp binds: eid 1001 demanded 30908 clamped 4096
[kinematics-ws] K clamp binds: eid 1002 demanded 15157 clamped 4096
[kinematics-ws] K clamp binds: eid 1003 demanded 7430 clamped 4096
[kinematics-ws] K clamp binds: eid 1001 demanded 30908 clamped 4096
[kinematics-ws] K clamp binds: eid 1003 demanded 7419 clamped 4096
[kinematics-ws] K clamp binds: eid 1002 demanded 15127 clamped 4096
[kinematics-ws] K clamp binds: eid 1002 demanded 15149 clamped 4096
[kinematics-ws] K clamp binds: eid 1001 demanded 30908 clamped 4096
[kinematics-ws] K clamp binds: eid 1003 demanded 7420 clamped 4096
[kinematics-ws] K clamp binds: eid 1001 demanded 30908 clamped 4096
[kinematics-ws] K clamp binds: eid 1002 demanded 15152 clamped 4096
[kinematics-ws] K clamp binds: eid 1003 demanded 7431 clamped 4096
[kinematics-ws] K clamp binds: eid 1001 demanded 30906 clamped 4096
[kinematics-ws] K clamp binds: eid 1002 demanded 15126 clamped 4096
[kinematics-ws] K clamp binds: eid 1003 demanded 7433 clamped 4096
[kinematics-ws] K clamp binds: eid 1003 demanded 7422 clamped 4096
[kinematics-ws] K clamp binds: eid 1001 demanded 30905 clamped 4096
[kinematics-ws] K clamp binds: eid 1002 demanded 15157 clamped 4096
[kinematics-ws] K clamp binds: eid 1002 demanded 15139 clamped 4096
[kinematics-ws] K clamp binds: eid 1003 demanded 7418 clamped 4096
[kinematics-ws] K clamp binds: eid 1001 demanded 30903 clamped 4096
[kinematics-ws] K clamp binds: eid 1001 demanded 30901 clamped 4096
[kinematics-ws] K clamp binds: eid 1002 demanded 15134 clamped 4096
[kinematics-ws] K clamp binds: eid 1003 demanded 7428 clamped 4096
[kinematics-ws] K clamp binds: eid 1001 demanded 30901 clamped 4096
[kinematics-ws] K clamp binds: eid 1002 demanded 15159 clamped 4096
[kinematics-ws] K clamp binds: eid 1003 demanded 7434 clamped 4096
[kinematics-ws] K clamp binds: eid 1001 demanded 30902 clamped 4096
[kinematics-ws] K clamp binds: eid 1003 demanded 7424 clamped 4096
[kinematics-ws] K clamp binds: eid 1002 demanded 15127 clamped 4096
[kinematics-ws] K clamp binds: eid 1003 demanded 7417 clamped 4096
[kinematics-ws] K clamp binds: eid 1002 demanded 15152 clamped 4096
[kinematics-ws] K clamp binds: eid 1001 demanded 30906 clamped 4096
[kinematics-ws] K clamp binds: eid 1003 demanded 7427 clamped 4096
[kinematics-ws] K clamp binds: eid 1002 demanded 15143 clamped 4096
[kinematics-ws] K clamp binds: eid 1001 demanded 30911 clamped 4096
[kinematics-ws] K clamp binds: eid 1001 demanded 30915 clamped 4096
[kinematics-ws] K clamp binds: eid 1003 demanded 7434 clamped 4096
[kinematics-ws] K clamp binds: eid 1002 demanded 15133 clamped 4096
[kinematics-ws] K clamp binds: eid 1001 demanded 30916 clamped 4096
[kinematics-ws] K clamp binds: eid 1002 demanded 15158 clamped 4096
[kinematics-ws] K clamp binds: eid 1003 demanded 7424 clamped 4096
[kinematics-ws] K clamp binds: eid 1001 demanded 30911 clamped 4096
[kinematics-ws] K clamp binds: eid 1003 demanded 7417 clamped 4096
[kinematics-ws] K clamp binds: eid 1002 demanded 15126 clamped 4096
[kinematics-ws] K clamp binds: eid 1001 demanded 30903 clamped 4096
[kinematics-ws] K clamp binds: eid 1002 demanded 15158 clamped 4096
[kinematics-ws] K clamp binds: eid 1003 demanded 7427 clamped 4096
[kinematics-ws] K clamp binds: eid 1002 demanded 15133 clamped 4096
[kinematics-ws] K clamp binds: eid 1001 demanded 30900 clamped 4096
[kinematics-ws] K clamp binds: eid 1003 demanded 7433 clamped 4096
[kinematics-ws] K clamp binds: eid 1003 demanded 7422 clamped 4096
[kinematics-ws] K clamp binds: eid 1001 demanded 30905 clamped 4096
[kinematics-ws] K clamp binds: eid 1002 demanded 15146 clamped 4096
[kinematics-ws] K clamp binds: eid 1002 demanded 15145 clamped 4096
[kinematics-ws] K clamp binds: eid 1003 demanded 7418 clamped 4096
[kinematics-ws] K clamp binds: eid 1001 demanded 30913 clamped 4096
[kinematics-ws] K clamp binds: eid 1001 demanded 30914 clamped 4096
[kinematics-ws] K clamp binds: eid 1002 demanded 15135 clamped 4096
[kinematics-ws] K clamp binds: eid 1003 demanded 7430 clamped 4096
[kinematics-ws] K clamp binds: eid 1003 [kinematics-ws] K clamp binds: eid demanded 7432 clamped 1001 demanded4096 30905 clamped 4096

[kinematics-ws] K clamp binds: eid 1002 demanded 15155 clamped 4096
[kinematics-ws] K clamp binds: eid 1003 demanded 7419 clamped 4096
[kinematics-ws] K clamp binds: eid 1002 demanded 15128 clamped 4096
[kinematics-ws] K clamp binds: eid 1001 demanded 30899 clamped 4096
[kinematics-ws] K clamp binds: eid 1003 demanded 7420 clamped 4096
[kinematics-ws] K clamp binds: eid 1002 demanded 15159 clamped 4096
[kinematics-ws] K clamp binds: eid 1001 demanded 30906 clamped 4096
[kinematics-ws] K clamp binds: eid 1002 demanded 15126 clamped 4096
[kinematics-ws] K clamp binds: eid 1001 demanded 30914 clamped 4096
[kinematics-ws] K clamp binds: eid 1003 demanded 7432 clamped 4096
[kinematics-ws] K clamp binds: eid 1001 demanded 30906 clamped 4096
[kinematics-ws] K clamp binds: eid 1003 demanded 7427 clamped 4096
[kinematics-ws] K clamp binds: eid 1002 demanded 15160 clamped 4096
[kinematics-ws] K clamp binds: eid 1003 demanded 7416 clamped 4096
[kinematics-ws] K clamp binds: eid 1001 demanded 30897 clamped 4096
[kinematics-ws] K clamp binds: eid 1002 demanded 15126 clamped 4096
[kinematics-ws] K clamp binds: eid 1001 demanded 30906 clamped 4096
[kinematics-ws] K clamp binds: eid 1002 demanded 15159 clamped 4096
[kinematics-ws] K clamp binds: eid 1003 demanded 7426 clamped 4096
[kinematics-ws] K clamp binds: eid 1003 demanded 7433 clamped 4096
[kinematics-ws] K clamp binds: eid 1001 demanded 30912 clamped 4096
[kinematics-ws] K clamp binds: eid 1002 demanded 15127 clamped 4096
[kinematics-ws] K clamp binds: eid 1002 demanded 15159 clamped 4096
[kinematics-ws] K clamp binds: eid 1001 demanded 30899 clamped 4096
[kinematics-ws] K clamp binds: eid 1003 demanded 7420 clamped 4096
[kinematics-ws] K clamp binds: eid 1003 demanded 7419 clamped 4096
[kinematics-ws] K clamp binds: eid 1002 demanded 15128 clamped 4096
[kinematics-ws] K clamp binds: eid 1001 demanded 30901 clamped 4096
[kinematics-ws] K clamp binds: eid 1002 demanded 15160 clamped 4096
[kinematics-ws] K clamp binds: eid 1003 demanded 7432 clamped 4096
[kinematics-ws] K clamp binds: eid 1001 demanded 30912 clamped 4096
[kinematics-ws] K clamp binds: eid 1001 demanded 30900 clamped 4096
[kinematics-ws] K clamp binds: eid 1003 demanded 7427 clamped 4096
[kinematics-ws] K clamp binds: eid 1002 demanded 15127 clamped 4096
[kinematics-ws] K clamp binds: eid 1002 demanded 15161 clamped 4096
[kinematics-ws] K clamp binds: eid 1001 demanded 30900 clamped 4096
[kinematics-ws] K clamp binds: eid 1003 demanded 7416 clamped 4096
[kinematics-ws] K clamp binds: eid 1001 demanded 30911 clamped 4096
[kinematics-ws] K clamp binds: eid 1003 demanded 7427 clamped 4096
[kinematics-ws] K clamp binds: eid 1002 demanded 15127 clamped 4096
[kinematics-ws] K clamp binds: eid 1002 demanded 15161 clamped 4096
[kinematics-ws] K clamp binds: eid 1003 demanded 7431 clamped 4096
[kinematics-ws] K clamp binds: eid 1001 demanded 30897 clamped 4096
[kinematics-ws] K clamp binds: eid 1001 demanded 30904 clamped 4096
[kinematics-ws] K clamp binds: eid 1002 demanded 15129 clamped 4096
[kinematics-ws] K clamp binds: eid 1003 demanded 7417 clamped 4096
[kinematics-ws] K clamp binds: eid 1001 demanded 30908 clamped 4096
[kinematics-ws] K clamp binds: eid 1003 demanded 7422 clamped 4096
[kinematics-ws] K clamp binds: eid 1002 demanded 15158 clamped 4096
[kinematics-ws] K clamp binds: eid 1002 demanded 15135 clamped 4096
[kinematics-ws] K clamp binds: eid 1001 demanded 30895 clamped 4096
[kinematics-ws] K clamp binds: eid 1003 demanded 7432 clamped 4096
[kinematics-ws] K clamp binds: eid 1001 demanded 30910 clamped 4096
[kinematics-ws] K clamp binds: eid 1003 demanded 7421 clamped 4096
[kinematics-ws] K clamp binds: eid 1002 demanded 15150 clamped 4096
[kinematics-ws] K clamp binds: eid 1003 demanded 7418 clamped 4096
[kinematics-ws] K clamp binds: eid 1001 demanded 30897 clamped 4096
[kinematics-ws] K clamp binds: eid 1002 demanded 15146 clamped 4096
Dev window stopped.
