Dev window thread started on gates-of-truth-dev-window — sim thread on gates-of-truth-sim
Truth demo ready: nREPL 127.0.0.1:7898
Compiling body shaders...
Compiling particle shaders...
Compiling sprite shaders...
Compiling line shaders...
Compiling hud shaders...
Compiling volume shaders...
Camera reset
UI cursor : locked
[kinematics-ws] K clamp binds: eid 1002 demanded 14020 clamped 4096
[kinematics-ws] K clamp binds: eid 1003 demanded 6873 clamped 4096
[kinematics-ws] K clamp binds: eid 1001 demanded 28601 clamped 4096
[kinematics-ws] K clamp binds: eid 1001 demanded 28607 clamped 4096
[kinematics-ws] K clamp binds: eid 1002 demanded 14027 clamped 4096
[kinematics-ws] K clamp binds: eid 1003 demanded 6871 clamped 4096
[kinematics-ws] K clamp binds: eid 1003 demanded 6875 clamped 4096
[kinematics-ws] K clamp binds: eid 1002 demanded 14027 clamped 4096
[kinematics-ws] K clamp binds: eid 1001 demanded 28609 clamped 4096
[kinematics-ws] K clamp binds: eid 1001 demanded 28613 clamped 4096
[kinematics-ws] K clamp binds: eid 1003 demanded 6877 clamped 4096
[kinematics-ws] K clamp binds: eid 1002 demanded 14029 clamped 4096
[kinematics-ws] K clamp binds: eid 1003 demanded 6878 clamped 4096
[kinematics-ws] K clamp binds: eid 1002 demanded 14021 clamped 4096
[kinematics-ws] K clamp binds: eid 1001 demanded 28614 clamped 4096
[kinematics-ws] K clamp binds: eid 1001 demanded 28619 clamped 4096
[kinematics-ws] K clamp binds: eid 1003 demanded 6880[kinematics-ws] K clamp binds: eid  clamped 1002 4096demanded 
14024 clamped 4096
[kinematics-ws] K clamp binds: eid 1003 demanded 6882 clamped 4096
[kinematics-ws] K clamp binds: eid 1002 demanded 14024 clamped 4096
[kinematics-ws] K clamp binds: eid 1001 demanded 28620 clamped 4096
[kinematics-ws] K clamp binds: eid 1001 demanded 28622 clamped 4096
[kinematics-ws] K clamp binds: eid 1003 demanded 6884 clamped 4096
[kinematics-ws] K clamp binds: eid 1002 demanded 14026 clamped 4096
[kinematics-ws] K clamp binds: eid 1002 demanded 14024 clamped 4096
[kinematics-ws] K clamp binds: eid 1001 demanded 28636 clamped 4096
[kinematics-ws] K clamp binds: eid 1003 demanded 6886 clamped 4096
[kinematics-ws] K clamp binds: eid 1002 demanded 14034 clamped 4096
[kinematics-ws] K clamp binds: eid 1003 demanded 6887 clamped[kinematics-ws] K clamp binds: eid 4096
 1001 demanded 28620 clamped 4096
[kinematics-ws] K clamp binds: eid 1003 demanded 6887 clamped 4096
[kinematics-ws] K clamp binds: eid 1002 demanded 14034 clamped 4096
[kinematics-ws] K clamp binds: eid 1001 demanded 28632 clamped 4096
[kinematics-ws] K clamp binds: eid 1002 demanded 14034 clamped 4096
[kinematics-ws] K clamp binds: eid 1001 demanded 28620 clamped 4096
[kinematics-ws] K clamp binds: eid 1003 demanded 6888 clamped 4096
[kinematics-ws] K clamp binds: eid 1002 demanded 14039 clamped 4096
[kinematics-ws] K clamp binds: eid 1001 demanded 28636 clamped 4096
[kinematics-ws] K clamp binds: eid 1003 demanded 6887 clamped 4096
[kinematics-ws] K clamp binds: eid 1001 demanded 28649 clamped 4096
[kinematics-ws] K clamp binds: eid 1002 demanded 14044 clamped 4096
[kinematics-ws] K clamp binds: eid 1003 demanded 6887 clamped 4096
[kinematics-ws] K clamp binds: eid 1002 demanded 14047 clamped 4096
[kinematics-ws] K clamp binds: eid 1001 demanded 28649 clamped 4096
[kinematics-ws] K clamp binds: eid 1003 demanded 6887 clamped 4096
[kinematics-ws] K clamp binds: eid 1001 demanded 28638 clamped 4096
[kinematics-ws] K clamp binds: eid 1002 demanded 14047 clamped 4096
[kinematics-ws] K clamp binds: eid 1003 demanded 6887 clamped 4096
[kinematics-ws] K clamp binds: eid 1003 demanded 6889 clamped 4096
[kinematics-ws] K clamp binds: eid 1001 demanded 28642 clamped 4096
[kinematics-ws] K clamp binds: eid 1002 demanded 14045 clamped 4096
[kinematics-ws] K clamp binds: eid 1002 demanded 14043 clamped 4096
[kinematics-ws] K clamp binds: eid 1001 demanded 28656 clamped 4096
[kinematics-ws] K clamp binds: eid 1003 demanded 6890 clamped 4096
[kinematics-ws] K clamp binds: eid 1003 demanded 6888 clamped 4096
[kinematics-ws] K clamp binds: eid 1001 demanded 28634 clamped 4096
[kinematics-ws] K clamp binds: eid 1002 demanded 14046 clamped 4096
[kinematics-ws] K clamp binds: eid 1003 demanded 6884 clamped 4096
[kinematics-ws] K clamp binds: eid 1002 demanded 14052 clamped 4096
[kinematics-ws] K clamp binds: eid 1001 demanded 28651 clamped 4096
[kinematics-ws] K clamp binds: eid 1003 demanded 6885 clamped 4096
[kinematics-ws] K clamp binds: eid 1002 demanded 14043 clamped 4096[kinematics-ws] K clamp binds: eid 1001 demanded 28670 clamped 4096

[kinematics-ws] K clamp binds: eid 1002 demanded 14041 clamped 4096
[kinematics-ws] K clamp binds: eid 1003 demanded 6887 clamped 4096
[kinematics-ws] K clamp binds: eid 1001 demanded 28673 clamped 4096
[kinematics-ws] K clamp binds: eid 1001 demanded 28676 clamped 4096
[kinematics-ws] K clamp binds: eid 1002 demanded 14048 clamped 4096
[kinematics-ws] K clamp binds: eid 1003 demanded 6883 clamped 4096
[kinematics-ws] K clamp binds: eid 1002 demanded 14039 clamped 4096
[kinematics-ws] K clamp binds: eid 1001 demanded 28677 clamped 4096
[kinematics-ws] K clamp binds: eid 1003 demanded 6883 clamped 4096
[kinematics-ws] K clamp binds: eid 1001 demanded 28666 clamped 4096
[kinematics-ws] K clamp binds: eid 1002 demanded 14049 clamped 4096
[kinematics-ws] K clamp binds: eid 1003 demanded 6885 clamped 4096
[kinematics-ws] K clamp binds: eid 1002 demanded 14049 clamped 4096
[kinematics-ws] K clamp binds: eid 1001 demanded 28660 clamped 4096
[kinematics-ws] K clamp binds: eid 1003 demanded 6881 clamped 4096
[kinematics-ws] K clamp binds: eid 1002 demanded 14046 clamped 4096
[kinematics-ws] K clamp binds: eid 1003 demanded 6885 clamped 4096
[kinematics-ws] K clamp binds: eid 1001 demanded 28670 clamped 4096
[kinematics-ws] K clamp binds: eid 1003 demanded 6882 clamped 4096
[kinematics-ws] K clamp binds: eid 1002 demanded 14057 clamped 4096
[kinematics-ws] K clamp binds: eid 1001 demanded 28668 clamped 4096
[kinematics-ws] K clamp binds: eid 1002 demanded 14065 clamped 4096
[kinematics-ws] K clamp binds: eid 1003 demanded 6885 clamped 4096
[kinematics-ws] K clamp binds: eid 1001 demanded 28669 clamped 4096
[kinematics-ws] K clamp binds: eid 1001 demanded 28679 clamped 4096
[kinematics-ws] K clamp binds: eid 1003 demanded 6883 clamped 4096
[kinematics-ws] K clamp binds: eid 1002 demanded 14066 clamped 4096
[kinematics-ws] K clamp binds: eid 1001 demanded 28683 clamped 4096
[kinematics-ws] K clamp binds: eid 1002 demanded 14065 clamped 4096
[kinematics-ws] K clamp binds: eid 1003 demanded 6887 clamped 4096
[kinematics-ws] K clamp binds: eid 1002 demanded 14066 clamped 4096
[kinematics-ws] K clamp binds: eid 1003 demanded 6884 clamped 4096
[kinematics-ws] K clamp binds: eid 1001 demanded 28679 clamped 4096
[kinematics-ws] K clamp binds: eid 1001 demanded 28681 clamped 4096
[kinematics-ws] K clamp binds: eid 1003 demanded 6889 clamped 4096
[kinematics-ws] K clamp binds: eid 1002 demanded 14067 clamped 4096
[kinematics-ws] K clamp binds: eid 1001 demanded 28697 clamped 4096
[kinematics-ws] K clamp binds: eid 1003 demanded 6890 clamped 4096
[kinematics-ws] K clamp binds: eid 1002 demanded 14070 clamped 4096
[kinematics-ws] K clamp binds: eid 1002 demanded 14073 clamped 4096
[kinematics-ws] K clamp binds: eid 1001 demanded 28673 clamped 4096
[kinematics-ws] K clamp binds: eid 1003 demanded 6889 clamped 4096
[kinematics-ws] K clamp binds: eid 1002 demanded 14071 clamped 4096
[kinematics-ws] K clamp binds: eid 1003 demanded 6894 clamped 4096
[kinematics-ws] K clamp binds: eid 1001 demanded 28699 clamped 4096
[kinematics-ws] K clamp binds: eid 1002 demanded 14062 clamped 4096
[kinematics-ws] K clamp binds: eid [kinematics-ws] K clamp binds: eid 1001 demanded 28692 clamped 4096
1003 demanded 6897 clamped 4096
[kinematics-ws] K clamp binds: eid 1001 demanded 28689 clamped 4096
[kinematics-ws] K clamp binds: eid 1003 demanded 6896 clamped 4096
[kinematics-ws] K clamp binds: eid 1002 demanded 14063 clamped 4096
[kinematics-ws] K clamp binds: eid 1003 demanded 6896 clamped 4096
[kinematics-ws] K clamp binds: eid 1001 demanded 28694 clamped 4096
[kinematics-ws] K clamp binds: eid 1002 demanded 14068 clamped 4096
[kinematics-ws] K clamp binds: eid 1003 demanded 6900 clamped 4096
[kinematics-ws] K clamp binds: eid 1001 demanded 28694 clamped 4096
[kinematics-ws] K clamp binds: eid 1002 demanded 14059 clamped 4096
[kinematics-ws] K clamp binds: eid 1002 demanded 14069 clamped 4096
[kinematics-ws] K clamp binds: eid 1001 demanded 28703 clamped 4096
[kinematics-ws] K clamp binds: eid 1003 demanded 6903 clamped 4096
[kinematics-ws] K clamp binds: eid 1003 demanded 6906 clamped 4096
[kinematics-ws] K clamp binds: eid 1002 demanded 14062 clamped 4096
[kinematics-ws] K clamp binds: eid 1001 demanded 28722 clamped 4096
[kinematics-ws] K clamp binds: eid 1002 demanded 14069 clamped 4096
[kinematics-ws] K clamp binds: eid 1001 demanded 28691 clamped 4096
[kinematics-ws] K clamp binds: eid 1003 demanded 6907 clamped 4096
[kinematics-ws] K clamp binds: eid 1002 demanded 14075 clamped 4096
[kinematics-ws] K clamp binds: eid 1001 demanded 28720 clamped 4096
[kinematics-ws] K clamp binds: eid 1003 demanded 6907 clamped 4096
[kinematics-ws] K clamp binds: eid 1003 demanded 6908 clamped 4096
[kinematics-ws] K clamp binds: eid 1002 demanded 14072 clamped 4096
[kinematics-ws] K clamp binds: eid 1001 demanded 28697 clamped 4096
[kinematics-ws] K clamp binds: eid 1003 demanded 6908 clamped 4096
[kinematics-ws] K clamp binds: eid 1001 demanded 28708 clamped 4096
[kinematics-ws] K clamp binds: eid 1002 demanded 14075 clamped 4096
[kinematics-ws] K clamp binds: eid 1001 demanded 28724 clamped 4096
[kinematics-ws] K clamp binds: eid 1002 demanded 14082 clamped 4096
[kinematics-ws] K clamp binds: eid 1003 demanded 6908 clamped 4096
[kinematics-ws] K clamp binds: eid 1002 demanded 14087 clamped 4096
[kinematics-ws] K clamp binds: eid 1001 demanded 28726 clamped 4096
[kinematics-ws] K clamp binds: eid 1003 demanded 6908 clamped 4096
[kinematics-ws] K clamp binds: eid 1002 demanded 14089 clamped 4096
[kinematics-ws] K clamp binds: eid 1003 demanded 6909 clamped 4096
[kinematics-ws] K clamp binds: eid 1001 demanded 28713 clamped 4096
[kinematics-ws] K clamp binds: eid 1001 demanded 28716 clamped 4096
[kinematics-ws] K clamp binds: eid 1002 demanded 14089 clamped 4096
[kinematics-ws] K clamp binds: eid 1003 demanded 6909 clamped 4096
[kinematics-ws] K clamp binds: eid 1002 demanded 14086 clamped 4096
[kinematics-ws] K clamp binds: eid 1001 demanded 28744 clamped 4096
[kinematics-ws] K clamp binds: eid 1003 demanded 6909 clamped 4096
[kinematics-ws] K clamp binds: eid 1001 demanded 28705 clamped 4096
[kinematics-ws] K clamp binds: eid 1003 demanded 6909 clamped 4096
[kinematics-ws] K clamp binds: eid 1002 demanded 14083 clamped 4096
[kinematics-ws] K clamp binds: eid 1002 demanded 14085 clamped [kinematics-ws] K clamp binds: eid 1003 demanded 6907 clamped 4096
4096
[kinematics-ws] K clamp binds: eid 1001 demanded 28745 clamped 4096
[kinematics-ws] K clamp binds: eid 1001 demanded 28739 clamped 4096
[kinematics-ws] K clamp binds: eid 1003 demanded 6906 clamped 4096
[kinematics-ws] K clamp binds: eid 1002 demanded 14092 clamped 4096
[kinematics-ws] K clamp binds: eid [kinematics-ws] K clamp binds: eid1003 demanded 6906 clamped  10024096 demanded 14084 clamped 
4096
[kinematics-ws] K clamp binds: eid 1001 demanded 28726 clamped 4096
[kinematics-ws] K clamp binds: eid[kinematics-ws] K clamp binds: eid 1003 demanded 6907 clamped 4096
 1002 demanded 14080 clamped 4096
[kinematics-ws] K clamp binds: eid 1001 demanded 28727 clamped 4096
[kinematics-ws] K clamp binds: eid 1003 demanded 6904 clamped 4096
[kinematics-ws] K clamp binds: eid 1002 demanded 14089 clamped 4096
[kinematics-ws] K clamp binds: eid 1001 demanded 28731 clamped 4096
[kinematics-ws] K clamp binds: eid 1002 demanded 14078 clamped 4096
[kinematics-ws] K clamp binds: eid 1001 demanded 28752 clamped 4096
[kinematics-ws] K clamp binds: eid 1003 demanded 6903 clamped 4096
[kinematics-ws] K clamp binds: eid 1003 demanded 6905 clamped 4096
[kinematics-ws] K clamp binds: eid 1001 demanded 28767 clamped 4096
[kinematics-ws] K clamp binds: eid 1002 demanded 14090 clamped 4096
[kinematics-ws] K clamp binds: eid 1003 demanded 6902 clamped 4096
[kinematics-ws] K clamp binds: eid 1002 demanded 14085 clamped 4096
[kinematics-ws] K clamp binds: eid 1001 demanded 28722 clamped 4096
[kinematics-ws] K clamp binds: eid 1003 demanded 6904 clamped 4096
[kinematics-ws] K clamp binds: eid 1002 demanded 14087 clamped 4096
[kinematics-ws] K clamp binds: eid 1001 demanded 28768 clamped 4096
[kinematics-ws] K clamp binds: eid 1002 demanded 14099 clamped 4096
[kinematics-ws] K clamp binds: eid 1001 demanded 28735 clamped 4096
[kinematics-ws] K clamp binds: eid 1003 demanded 6903 clamped 4096
[kinematics-ws] K clamp binds: eid 1003 demanded 6903 clamped 4096
[kinematics-ws] K clamp binds: eid 1001 demanded 28739 clamped 4096
[kinematics-ws] K clamp binds: eid 1002 demanded 14099 clamped 4096
[kinematics-ws] K clamp binds: eid 1001 demanded 28762 clamped 4096
[kinematics-ws] K clamp binds: eid 1003 demanded 6904 clamped 4096
[kinematics-ws] K clamp binds: eid 1002 demanded 14097 clamped 4096
[kinematics-ws] K clamp binds: eid 1001 demanded 28767 clamped 4096
[kinematics-ws] K clamp binds: eid 1003 demanded 6904 clamped 4096
[kinematics-ws] K clamp binds: eid 1002 demanded 14098 clamped 4096
[kinematics-ws] K clamp binds: eid 1003 demanded 6905 clamped 4096
[kinematics-ws] K clamp binds: eid 1002 demanded 14100 clamped 4096
[kinematics-ws] K clamp binds: eid 1001 demanded 28752 clamped 4096
[kinematics-ws] K clamp binds: eid 1002 demanded 14106 clamped 4096
[kinematics-ws] K clamp binds: eid 1003 demanded 6908 clamped 4096
[kinematics-ws] K clamp binds: eid 1001 demanded 28754 clamped 4096
[kinematics-ws] K clamp binds: eid 1001 demanded 28784 clamped 4096[kinematics-ws] K clamp binds: eid 1003 demanded 6907 clamped 4096
[kinematics-ws] K clamp binds: eid 1002 demanded 14105 clamped 4096

[kinematics-ws] K clamp binds: eid [kinematics-ws] K clamp binds: eid 1003 demanded 6906 clamped 4096
[kinematics-ws] K clamp binds: eid1002  1001demanded 14103  clamped 4096
demanded 28749 clamped 4096
[kinematics-ws] K clamp binds: eid 1001 demanded 28785 clamped 4096
[kinematics-ws] K clamp binds: eid 1003 demanded 6913 clamped 4096
[kinematics-ws] K clamp binds: eid 1002 demanded 14104 clamped 4096
[kinematics-ws] K clamp binds: eid 1001 demanded 28759 clamped 4096
[kinematics-ws] K clamp binds: eid 1002 demanded 14111 clamped 4096
[kinematics-ws] K clamp binds: eid 1003 demanded 6911 clamped 4096
[kinematics-ws] K clamp binds: eid 1002 demanded 14110 clamped 4096
[kinematics-ws] K clamp binds: eid 1003 demanded 6911 clamped 4096
[kinematics-ws] K clamp binds: eid 1001 demanded 28762 clamped 4096
[kinematics-ws] K clamp binds: eid 1003 demanded 6917 clamped 4096
[kinematics-ws] K clamp binds: eid 1001 demanded 28777 clamped 4096
[kinematics-ws] K clamp binds: eid 1002 demanded 14098 clamped 4096
[kinematics-ws] K clamp binds: eid 1001 demanded 28777 clamped 4096
[kinematics-ws] K clamp binds: eid 1003 demanded 6920 clamped 4096
[kinematics-ws] K clamp binds: eid 1002 demanded 14107 clamped 4096
[kinematics-ws] K clamp binds: eid 1002 demanded 14102 clamped 4096
[kinematics-ws] K clamp binds: eid 1001 demanded 28766 clamped 4096
[kinematics-ws] K clamp binds: eid 1003 demanded 6919 clamped 4096
[kinematics-ws] K clamp binds: eid 1003 demanded 6918 clamped 4096
[kinematics-ws] K clamp binds: eid 1002 demanded 14105 clamped 4096
[kinematics-ws] K clamp binds: eid 1001 demanded 28782 clamped 4096
[kinematics-ws] K clamp binds: eid 1001 demanded 28806 clamped 4096
[kinematics-ws] K clamp binds: eid 1003 demanded 6919 clamped 4096
[kinematics-ws] K clamp binds: eid 1002 demanded 14102 clamped 4096
[kinematics-ws] K clamp binds: eid 1003 demanded 6923 clamped 4096
[kinematics-ws] K clamp binds: eid 1002 demanded 14114 clamped 4096
[kinematics-ws] K clamp binds: eid 1001 demanded 28761 clamped 4096
[kinematics-ws] K clamp binds: eid 1002 demanded 14105 clamped 4096
[kinematics-ws] K clamp binds: eid 1001 demanded 28805 clamped 4096
[kinematics-ws] K clamp binds: eid 1003 demanded 6926 clamped 4096
[kinematics-ws] K clamp binds: eid 1003 demanded 6928 clamped 4096
[kinematics-ws] K clamp binds: eid 1001 demanded 28802 clamped 4096
[kinematics-ws] K clamp binds: eid 1002 demanded 14112 clamped 4096
[kinematics-ws] K clamp binds: eid 1002 demanded 14123 clamped 4096
[kinematics-ws] K clamp binds: eid 1001 demanded 28782 clamped 4096
[kinematics-ws] K clamp binds: eid 1003 demanded 6929 clamped 4096
[kinematics-ws] K clamp binds: eid 1003 demanded 6929 clamped 4096
[kinematics-ws] K clamp binds: eid 1001 demanded 28782 clamped 4096
[kinematics-ws] K clamp binds: eid 1002 demanded 14126 clamped 4096
[kinematics-ws] K clamp binds: eid 1002 demanded 14125 clamped 4096
[kinematics-ws] K clamp binds: eid 1003 demanded 6929 clamped 4096
[kinematics-ws] K clamp binds: eid 1001 demanded 28784 clamped 4096
[kinematics-ws] K clamp binds: eid 1002 demanded 14125 clamped 4096
[kinematics-ws] K clamp binds: eid 1001 demanded 28799 clamped 4096
[kinematics-ws] K clamp binds: eid 1003 demanded 6928 clamped 4096
[kinematics-ws] K clamp binds: eid 1002 demanded 14125 clamped 4096
[kinematics-ws] K clamp binds: eid 1001 demanded 28832 clamped 4096
[kinematics-ws] K clamp binds: eid 1003 demanded 6927 clamped 4096
[kinematics-ws] K clamp binds: eid 1002 demanded 14127 clamped 4096
[kinematics-ws] K clamp binds: eid 1001 demanded 28796 clamped 4096
[kinematics-ws] K clamp binds: eid 1003 demanded 6925 clamped 4096
[kinematics-ws] K clamp binds: eid 1001 demanded 28810 clamped 4096
[kinematics-ws] K clamp binds: eid 1002 demanded 14130 clamped 4096
[kinematics-ws] K clamp binds: eid 1003 demanded 6925 clamped 4096
[kinematics-ws] K clamp binds: eid 1003 demanded 6927 clamped 4096
[kinematics-ws] K clamp binds: eid 1001 demanded 28789 clamped 4096
[kinematics-ws] K clamp binds: eid 1002 demanded 14134 clamped 4096
[kinematics-ws] K clamp binds: eid 1002 demanded 14131 clamped 4096
[kinematics-ws] K clamp binds: eid 1001 demanded 28837 clamped 4096
[kinematics-ws] K clamp binds: eid 1003 demanded 6930 clamped 4096
[kinematics-ws] K clamp binds: eid 1001 demanded 28840 clamped 4096
[kinematics-ws] K clamp binds: eid 1002 demanded 14121 clamped 4096
[kinematics-ws] K clamp binds: eid 1003 demanded 6930 clamped 4096
[kinematics-ws] K clamp binds: eid 1002 demanded 14124 clamped 4096
[kinematics-ws] K clamp binds: eid 1001 demanded 28834 clamped 4096
[kinematics-ws] K clamp binds: eid 1003 demanded 6925 clamped 4096
[kinematics-ws] K clamp binds: eid 1003 demanded 6922 clamped 4096
[kinematics-ws] K clamp binds: eid 1001 demanded 28840 clamped 4096
[kinematics-ws] K clamp binds: eid 1002 demanded 14128 clamped 4096
[kinematics-ws] K clamp binds: eid 1001 demanded 28851 clamped 4096
[kinematics-ws] K clamp binds: eid 1002 demanded 14118 clamped 4096
[kinematics-ws] K clamp binds: eid 1003 demanded 6928 clamped 4096
[kinematics-ws] K clamp binds: eid 1002 demanded 14130 clamped 4096
[kinematics-ws] K clamp binds: eid 1001 demanded 28831 clamped 4096
[kinematics-ws] K clamp binds: eid 1003 demanded 6926 clamped 4096
[kinematics-ws] K clamp binds: eid 1001 demanded 28806 clamped 4096
[kinematics-ws] K clamp binds: eid 1002 demanded 14119 clamped 4096
[kinematics-ws] K clamp binds: eid 1003 demanded 6920 clamped 4096
[kinematics-ws] K clamp binds: eid 1003 demanded 6926 clamped 4096
[kinematics-ws] K clamp binds: eid 1002 demanded 14131 clamped 4096
[kinematics-ws] K clamp binds: eid 1001 demanded 28845 clamped 4096
[kinematics-ws] K clamp binds: eid 1003 demanded 6923 clamped 4096
[kinematics-ws] K clamp binds: eid 1001 demanded 28814 clamped 4096
[kinematics-ws] K clamp binds: eid 1002 demanded 14131 clamped 4096
[kinematics-ws] K clamp binds: eid 1001 demanded 28822 clamped 4096
[kinematics-ws] K clamp binds: eid 1002 demanded 14127 clamped 4096
[kinematics-ws] K clamp binds: eid 1003 demanded 6921 clamped 4096
[kinematics-ws] K clamp binds: eid 1001 demanded 28853 clamped 4096
[kinematics-ws] K clamp binds: eid 1002 demanded 14137 clamped 4096
[kinematics-ws] K clamp binds: eid 1003 demanded 6926 clamped 4096
[kinematics-ws] K clamp binds: eid[kinematics-ws] K clamp binds: eid  10021003 demanded 14145 clamped 4096
 demanded 6919 clamped 4096
[kinematics-ws] K clamp binds: eid 1001 demanded 28865 clamped 4096
[kinematics-ws] K clamp binds: eid 1001 demanded 28865 clamped 4096
[kinematics-ws] K clamp binds: eid 1003 demanded 6927 clamped 4096
[kinematics-ws] K clamp binds: eid 1002 demanded 14148 clamped 4096
[kinematics-ws] K clamp binds: eid 1002 demanded 14148 clamped 4096
[kinematics-ws] K clamp binds: eid 1003 demanded 6920 clamped 4096
[kinematics-ws] K clamp binds: eid 1001 demanded 28849 clamped 4096
[kinematics-ws] K clamp binds: eid 1001 demanded 28827 clamped 4096
[kinematics-ws] K clamp binds: eid 1002 demanded 14148 clamped 4096
[kinematics-ws] K clamp binds: eid 1003 demanded 6928 clamped 4096
[kinematics-ws] K clamp binds: eid 1001 demanded 28856 clamped 4096
[kinematics-ws] K clamp binds: eid 1003 demanded 6924 clamped 4096
[kinematics-ws] K clamp binds: eid 1002 demanded 14149 clamped 4096
[kinematics-ws] K clamp binds: eid 1003 demanded 6926 clamped 4096
[kinematics-ws] K clamp binds: eid 1002 demanded 14150 clamped 4096
[kinematics-ws] K clamp binds: eid 1001 demanded 28837 clamped 4096
[kinematics-ws] K clamp binds: eid 1002 demanded 14152 clamped 4096
[kinematics-ws] K clamp binds: eid 1001 demanded 28861 clamped 4096
[kinematics-ws] K clamp binds: eid 1003 demanded 6931 clamped 4096
[kinematics-ws] K clamp binds: eid 1002 demanded 14150 clamped 4096
[kinematics-ws] K clamp binds: eid 1003 demanded 6926 clamped 4096
[kinematics-ws] K clamp binds: eid 1001 demanded 28833 clamped 4096
[kinematics-ws] K clamp binds: eid 1001 demanded 28848 clamped 4096
[kinematics-ws] K clamp binds: eid 1003 demanded 6932 clamped 4096
[kinematics-ws] K clamp binds: eid 1002 demanded 14145 clamped 4096
[kinematics-ws] K clamp binds: eid 1003 demanded 6936 clamped 4096
[kinematics-ws] K clamp binds: eid 1002 demanded 14143 clamped 4096
[kinematics-ws] K clamp binds: eid 1001 demanded 28867 clamped 4096
[kinematics-ws] K clamp binds: eid 1003 demanded 6932 clamped 4096
[kinematics-ws] K clamp binds: eid 1002 demanded 14147 clamped 4096
[kinematics-ws] K clamp binds: eid 1001 demanded 28869 clamped 4096
[kinematics-ws] K clamp binds: eid 1002 demanded 14141 clamped 4096
[kinematics-ws] K clamp binds: eid 1003 demanded 6933 clamped 4096
[kinematics-ws] K clamp binds: eid 1001 demanded 28854 clamped 4096
[kinematics-ws] K clamp binds: eid 1001 demanded 28848 clamped 4096
[kinematics-ws] K clamp binds: eid 1002 demanded 14145 clamped 4096
[kinematics-ws] K clamp binds: eid 1003 demanded 6940 clamped 4096
[kinematics-ws] K clamp binds: eid 1001 demanded 28885 clamped 4096
[kinematics-ws] K clamp binds: eid 1002 demanded 14143 clamped 4096
[kinematics-ws] K clamp binds: eid 1003 demanded 6944 clamped 4096
[kinematics-ws] K clamp binds: eid 1001 demanded 28851 clamped 4096
[kinematics-ws] K clamp binds: eid 1002 demanded 14147 clamped 4096
[kinematics-ws] K clamp binds: eid 1003 demanded 6943 clamped 4096
[kinematics-ws] K clamp binds: eid 1002 demanded 14144 clamped 4096
[kinematics-ws] K clamp binds: eid 1003 demanded 6941 clamped 4096
[kinematics-ws] K clamp binds: eid 1001 demanded 28883 clamped 4096
[kinematics-ws] K clamp binds: eid 1001 demanded 28847 clamped 4096
[kinematics-ws] K clamp binds: eid 1002 demanded 14153 clamped 4096
[kinematics-ws] K clamp binds: eid 1003 demanded 6940 clamped 4096
[kinematics-ws] K clamp binds: eid 1003 demanded 6941 clamped 4096
[kinematics-ws] K clamp binds: eid 1002 demanded 14155 clamped 4096
[kinematics-ws] K clamp binds: eid 1001 demanded 28872 clamped 4096
[kinematics-ws] K clamp binds: eid 1003 demanded 6942 clamped 4096
[kinematics-ws] K clamp binds: eid 1002 demanded 14154 clamped 4096
[kinematics-ws] K clamp binds: eid 1001 demanded 28897 clamped 4096
[kinematics-ws] K clamp binds: eid 1001 demanded 28903 clamped 4096
[kinematics-ws] K clamp binds: eid 1002 demanded 14157 clamped 4096
[kinematics-ws] K clamp binds: eid 1003 demanded 6944 clamped 4096
[kinematics-ws] K clamp binds: eid 1003 demanded 6944 clamped 4096
[kinematics-ws] K clamp binds: eid 1001 demanded 28894 clamped 4096
[kinematics-ws] K clamp binds: eid 1002 demanded 14163 clamped 4096
[kinematics-ws] K clamp binds: eid 1001 demanded 28870 clamped 4096
[kinematics-ws] K clamp binds: eid 1003 demanded 6944 clamped 4096
[kinematics-ws] K clamp binds: eid 1002 demanded 14167 clamped 4096
[kinematics-ws] K clamp binds: eid 1001 demanded 28877 clamped 4096
[kinematics-ws] K clamp binds: eid 1002 demanded 14169 clamped 4096
[kinematics-ws] K clamp binds: eid 1003 demanded 6943 clamped 4096
[kinematics-ws] K clamp binds: eid 1002 demanded 14168 clamped 4096
[kinematics-ws] K clamp binds: eid 1003 demanded 6942 clamped 4096
[kinematics-ws] K clamp binds: eid 1001 demanded 28904 clamped 4096
[kinematics-ws] K clamp binds: eid 1002 demanded 14166 clamped 4096
[kinematics-ws] K clamp binds: eid 1001 demanded 28864 clamped 4096
[kinematics-ws] K clamp binds: eid 1003 demanded 6943 clamped 4096
[kinematics-ws] K clamp binds: eid 1003 demanded 6946 clamped 4096
[kinematics-ws] K clamp binds: eid 1001 demanded 28897 clamped 4096
[kinematics-ws] K clamp binds: eid 1002 demanded 14163 clamped 4096
[kinematics-ws] K clamp binds: eid 1001 demanded 28912 clamped 4096
[kinematics-ws] K clamp binds: eid 1002 demanded 14165 clamped 4096
[kinematics-ws] K clamp binds: eid 1003 demanded 6951 clamped 4096
[kinematics-ws] K clamp binds: eid 1001 demanded 28894 clamped 4096
[kinematics-ws] K clamp binds: eid 1002 demanded 14171 clamped 4096
[kinematics-ws] K clamp binds: eid 1003 demanded 6955 clamped 4096
[kinematics-ws] K clamp binds: eid 1001 demanded 28889 clamped 4096
[kinematics-ws] K clamp binds: eid 1002 demanded 14168 clamped 4096
[kinematics-ws] K clamp binds: eid 1003 demanded 6950 clamped 4096
[kinematics-ws] K clamp binds: eid 1003 demanded 6941 clamped 4096
[kinematics-ws] K clamp binds: eid 1002 demanded 14158 clamped 4096
[kinematics-ws] K clamp binds: eid 1001 demanded 28893 clamped 4096
[kinematics-ws] K clamp binds: eid 1002 demanded 14168 clamped 4096
[kinematics-ws] K clamp binds: eid 1001 demanded 28909 clamped 4096
[kinematics-ws] K clamp binds: eid 1003 demanded 6942 clamped 4096
[kinematics-ws] K clamp binds: eid 1001 demanded 28930 clamped 4096
[kinematics-ws] K clamp binds: eid 1002 demanded 14161 clamped 4096
[kinematics-ws] K clamp binds: eid 1003 demanded 6951 clamped 4096
[kinematics-ws] K clamp binds: eid 1002 demanded 14166 clamped 4096
[kinematics-ws] K clamp binds: eid 1003 demanded 6947 clamped 4096
[kinematics-ws] K clamp binds: eid 1001 demanded 28895 clamped 4096
[kinematics-ws] K clamp binds: eid 1002 demanded 14162 clamped 4096
[kinematics-ws] K clamp binds: eid 1001 demanded 28906 clamped 4096
[kinematics-ws] K clamp binds: eid 1003 demanded 6937 clamped 4096
[kinematics-ws] K clamp binds: eid 1001 demanded 28897 clamped 4096
[kinematics-ws] K clamp binds: eid 1003 demanded 6948 clamped 4096
[kinematics-ws] K clamp binds: eid 1002 demanded 14172 clamped 4096
[kinematics-ws] K clamp binds: eid 1002 demanded 14164 clamped 4096
[kinematics-ws] K clamp binds: eid 1003 demanded 6945 clamped 4096
[kinematics-ws] K clamp binds: eid 1001 demanded 28933 clamped 4096
[kinematics-ws] K clamp binds: eid 1001 demanded 28913 clamped 4096
[kinematics-ws] K clamp binds: eid 1003 demanded 6938 clamped 4096
[kinematics-ws] K clamp binds: eid 1002 demanded 14172 clamped 4096
[kinematics-ws] K clamp binds: eid 1003 demanded 6950 clamped 4096
[kinematics-ws] K clamp binds: eid 1002 demanded 14182 clamped 4096
[kinematics-ws] K clamp binds: eid 1001 demanded 28903 clamped 4096
[kinematics-ws] K clamp binds: eid 1003 demanded 6936 clamped 4096
[kinematics-ws] K clamp binds: eid 1001 demanded 28904 clamped 4096
[kinematics-ws] K clamp binds: eid 1002 demanded 14181 clamped 4096
[kinematics-ws] K clamp binds: eid 1001 demanded 28909 clamped 4096
[kinematics-ws] K clamp binds: eid 1003 demanded 6949 clamped 4096
[kinematics-ws] K clamp binds: eid 1002 demanded 14179 clamped 4096
[kinematics-ws] K clamp binds: eid 1001 demanded 28931 clamped 4096
[kinematics-ws] K clamp binds: eid 1002 demanded 14179 clamped 4096
[kinematics-ws] K clamp binds: eid 1003 demanded 6938 clamped 4096
[kinematics-ws] K clamp binds: eid 1001 demanded 28951 clamped 4096
[kinematics-ws] K clamp binds: eid 1003 demanded 6950 clamped 4096
[kinematics-ws] K clamp binds: eid 1002 demanded 14180 clamped 4096
[kinematics-ws] K clamp binds: eid 1001 demanded 28902 clamped 4096
[kinematics-ws] K clamp binds: eid 1002 demanded 14181 clamped 4096
[kinematics-ws] K clamp binds: eid 1003 demanded 6938 clamped 4096
[kinematics-ws] K clamp binds: eid 1001 demanded 28944 clamped 4096
[kinematics-ws] K clamp binds: eid 1002 demanded 14180 clamped 4096
[kinematics-ws] K clamp binds: eid 1003 demanded 6952 clamped 4096
[kinematics-ws] K clamp binds: eid 1003 demanded 6941 clamped 4096
[kinematics-ws] K clamp binds: eid 1001 demanded 28902 clamped 4096
[kinematics-ws] K clamp binds: eid 1002 demanded 14182 clamped 4096
[kinematics-ws] K clamp binds: eid 1001 demanded 28945 clamped 4096
[kinematics-ws] K clamp binds: eid 1003 demanded 6949 clamped 4096
[kinematics-ws] K clamp binds: eid 1002 demanded 14189 clamped 4096
[kinematics-ws] K clamp binds: eid 1001 demanded 28963 clamped 4096
[kinematics-ws] K clamp binds: eid 1003 demanded 6953 clamped 4096
[kinematics-ws] K clamp binds: eid 1002 demanded 14196 clamped 4096
[kinematics-ws] K clamp binds: eid 1002 demanded 14189 clamped 4096
[kinematics-ws] K clamp binds: eid 1001 demanded 28959 clamped 4096
[kinematics-ws] K clamp binds: eid 1003 demanded 6943 clamped 4096
[kinematics-ws] K clamp binds: eid 1002 demanded 14176 clamped 4096
[kinematics-ws] K clamp binds: eid 1001 demanded 28960 clamped 4096
[kinematics-ws] K clamp binds: eid 1003 demanded 6954 clamped 4096
[kinematics-ws] K clamp binds: eid 1002 demanded 14189 clamped 4096
[kinematics-ws] K clamp binds: eid 1001 demanded 28969 clamped 4096
[kinematics-ws] K clamp binds: eid 1003 demanded 6959 clamped 4096
[kinematics-ws] K clamp binds: eid 1003 demanded 6951 clamped 4096
[kinematics-ws] K clamp binds: eid 1001 demanded 28963 clamped 4096
[kinematics-ws] K clamp binds: eid 1002 demanded 14183 clamped 4096
[kinematics-ws] K clamp binds: eid 1001 demanded 28927 clamped 4096
[kinematics-ws] K clamp binds: eid 1002 demanded 14181 clamped 4096
[kinematics-ws] K clamp binds: eid 1003 demanded 6951 clamped 4096
[kinematics-ws] K clamp binds: eid 1003 demanded 6960 clamped 4096
[kinematics-ws] K clamp binds: eid 1002 demanded 14186 clamped 4096
[kinematics-ws] K clamp binds: eid 1001 demanded 28954 clamped 4096
[kinematics-ws] K clamp binds: eid 1002 demanded 14185 clamped 4096
[kinematics-ws] K clamp binds: eid 1003 demanded 6967 clamped 4096
[kinematics-ws] K clamp binds: eid 1001 demanded 28935 clamped 4096
[kinematics-ws] K clamp binds: eid 1002 demanded 14182 clamped 4096
[kinematics-ws] K clamp binds: eid 1001 demanded 28967 clamped 4096
[kinematics-ws] K clamp binds: eid 1003 demanded 6965 clamped 4096
[kinematics-ws] K clamp binds: eid 1003 demanded 6961 clamped 4096
[kinematics-ws] K clamp binds: eid 1002 demanded 14199 clamped 4096
[kinematics-ws] K clamp binds: eid 1001 demanded 28941 clamped 4096
[kinematics-ws] K clamp binds: eid 1002 demanded 14190 clamped 4096
[kinematics-ws] K clamp binds: eid 1001 demanded 28940 clamped 4096
[kinematics-ws] K clamp binds: eid 1003 demanded 6958 clamped 4096
[kinematics-ws] K clamp binds: eid 1002 demanded 14187 clamped 4096
[kinematics-ws] K clamp binds: eid 1001 demanded 28952 clamped 4096
[kinematics-ws] K clamp binds: eid 1003 demanded 6958 clamped 4096
[kinematics-ws] K clamp binds: eid 1002 demanded 14199 clamped 4096
[kinematics-ws] K clamp binds: eid 1001 demanded 28953 clamped 4096
[kinematics-ws] K clamp binds: eid 1003 demanded 6959 clamped 4096
[kinematics-ws] K clamp binds: eid 1001 demanded 28945 clamped 4096
[kinematics-ws] K clamp binds: eid 1003 demanded 6961 clamped 4096
[kinematics-ws] K clamp binds: eid 1002 demanded 14210 clamped 4096
[kinematics-ws] K clamp binds: eid 1002 demanded 14213 clamped 4096
[kinematics-ws] K clamp binds: eid 1003 demanded 6961 clamped 4096
[kinematics-ws] K clamp binds: eid 1001 demanded 28959 clamped 4096
[kinematics-ws] K clamp binds: eid 1003 demanded 6961 clamped 4096
[kinematics-ws] K clamp binds: eid 1002 demanded 14214 clamped 4096
[kinematics-ws] K clamp binds: eid 1001 demanded 28991 clamped 4096
[kinematics-ws] K clamp binds: eid 1002 demanded 14215 clamped 4096
[kinematics-ws] K clamp binds: eid 1001 demanded 28942 clamped 4096
[kinematics-ws] K clamp binds: eid 1003 demanded 6960 clamped 4096
[kinematics-ws] K clamp binds: eid 1002 demanded 14215 clamped 4096
[kinematics-ws] K clamp binds: eid 1001 demanded 28988 clamped 4096
[kinematics-ws] K clamp binds: eid 1003 demanded 6960 clamped 4096
[kinematics-ws] K clamp binds: eid 1003 demanded 6960 clamped 4096
[kinematics-ws] K clamp binds: eid 1001 demanded 28944 clamped 4096
[kinematics-ws] K clamp binds: eid 1002 demanded 14214 clamped 4096
[kinematics-ws] K clamp binds: eid 1001 demanded 28974 clamped 4096
[kinematics-ws] K clamp binds: eid 1003 demanded 6964 clamped 4096
[kinematics-ws] K clamp binds: eid 1002 demanded 14209 clamped 4096
[kinematics-ws] K clamp binds: eid 1001 demanded 29004 clamped 4096
[kinematics-ws] K clamp binds: eid 1002 demanded 14202 clamped 4096
[kinematics-ws] K clamp binds: eid 1003 demanded 6971 clamped 4096
[kinematics-ws] K clamp binds: eid 1001 demanded 29010 clamped 4096
[kinematics-ws] K clamp binds: eid 1003 demanded 6977 clamped 4096
[kinematics-ws] K clamp binds: eid 1002 demanded 14204 clamped 4096
[kinematics-ws] K clamp binds: eid 1002 demanded 14211 clamped 4096
[kinematics-ws] K clamp binds: eid 1003 demanded 6975 clamped 4096
[kinematics-ws] K clamp binds: eid 1001 demanded 29011 clamped 4096
[kinematics-ws] K clamp binds: eid 1003 demanded 6963 clamped 4096
[kinematics-ws] K clamp binds: eid 1001 demanded 29006 clamped 4096
[kinematics-ws] K clamp binds: eid 1002 demanded 14202 clamped 4096
[kinematics-ws] K clamp binds: eid 1002 demanded 14201 clamped 4096
[kinematics-ws] K clamp binds: eid 1003 demanded 6958 clamped 4096
[kinematics-ws] K clamp binds: eid 1001 demanded 28974 clamped 4096
[kinematics-ws] K clamp binds: eid 1002 demanded [kinematics-ws] K clamp binds: eid14205 clamped  4096
1003 demanded 6965 clamped 4096
[kinematics-ws] K clamp binds: eid 1001 demanded 28967 clamped 4096
[kinematics-ws] K clamp binds: eid 1002 demanded 14201 clamped 4096
[kinematics-ws] K clamp binds: eid 1001 demanded 29012 clamped 4096
[kinematics-ws] K clamp binds: eid 1003 demanded 6973 clamped 4096
[kinematics-ws] K clamp binds: eid 1001 demanded 28957 clamped 4096
[kinematics-ws] K clamp binds: eid 1002 demanded 14207 clamped 4096
[kinematics-ws] K clamp binds: eid 1003 demanded 6963 clamped 4096
[kinematics-ws] K clamp binds: eid 1001 demanded 29005 clamped 4096
[kinematics-ws] K clamp binds: eid 1003 demanded 6958 clamped 4096
[kinematics-ws] K clamp binds: eid 1002 demanded 14205 clamped 4096
[kinematics-ws] K clamp binds: eid 1002 demanded 14209 clamped 4096
[kinematics-ws] K clamp binds: eid 1003 demanded 6971 clamped 4096
[kinematics-ws] K clamp binds: eid 1001 demanded 29011 clamped 4096
[kinematics-ws] K clamp binds: eid 1002 demanded 14213 clamped 4096
[kinematics-ws] K clamp binds: eid 1003 demanded 6960 clamped 4096
[kinematics-ws] K clamp binds: eid 1001 demanded 28983 clamped 4096
[kinematics-ws] K clamp binds: eid 1003 demanded 6960 clamped 4096
[kinematics-ws] K clamp binds: eid 1002 demanded 14213 clamped 4096
[kinematics-ws] K clamp binds: eid 1001 demanded 28977 clamped 4096
[kinematics-ws] K clamp binds: eid 1001 demanded 28979 clamped 4096
[kinematics-ws] K clamp binds: eid 1003 demanded 6969 clamped 4096
[kinematics-ws] K clamp binds: eid 1002 demanded 14216 clamped 4096
[kinematics-ws] K clamp binds: eid 1001 demanded 28987 clamped 4096
[kinematics-ws] K clamp binds: eid 1002 demanded 14221 clamped 4096
[kinematics-ws] K clamp binds: eid 1003 demanded 6955 clamped 4096
[kinematics-ws] K clamp binds: eid 1002 demanded 14225 clamped 4096
[kinematics-ws] K clamp binds: eid 1001 demanded 29020 clamped 4096
[kinematics-ws] K clamp binds: eid 1003 demanded 6971 clamped 4096
[kinematics-ws] K clamp binds: eid 1001 demanded 29031 clamped 4096
[kinematics-ws] K clamp binds: eid 1002 demanded 14227 clamped 4096
[kinematics-ws] K clamp binds: eid 1003 demanded 6955 clamped 4096
[kinematics-ws] K clamp binds: eid 1003 demanded 6972 clamped 4096
[kinematics-ws] K clamp binds: eid 1002 demanded 14229 clamped 4096
[kinematics-ws] K clamp binds: eid 1001 demanded 28973 clamped 4096
[kinematics-ws] K clamp binds: eid 1003 demanded 6956 clamped 4096
[kinematics-ws] K clamp binds: eid 1001 demanded 29035 clamped 4096
[kinematics-ws] K clamp binds: eid 1002 demanded 14229 clamped 4096
[kinematics-ws] K clamp binds: eid 1003 demanded 6973 clamped 4096
[kinematics-ws] K clamp binds: eid 1002 demanded 14228 clamped 4096
[kinematics-ws] K clamp binds: eid 1001 demanded 28978 clamped 4096
[kinematics-ws] K clamp binds: eid 1002 demanded 14227 clamped 4096
[kinematics-ws] K clamp binds: eid 1003 demanded 6959 clamped 4096
[kinematics-ws] K clamp binds: eid 1001 demanded 29016 clamped 4096
[kinematics-ws] K clamp binds: eid 1002 demanded 14227 clamped 4096
[kinematics-ws] K clamp binds: eid 1003 demanded 6969 clamped 4096
[kinematics-ws] K clamp binds: eid 1001 demanded 29049 clamped 4096
[kinematics-ws] K clamp binds: eid 1003 demanded 6971 clamped 4096
[kinematics-ws] K clamp binds: eid 1002 demanded 14228 clamped 4096
[kinematics-ws] K clamp binds: eid 1001 demanded 29046 clamped 4096
[kinematics-ws] K clamp binds: eid 1002 demanded 14228 clamped 4096
[kinematics-ws] K clamp binds: eid 1001 demanded 29044 clamped 4096
[kinematics-ws] K clamp binds: eid 1003 demanded 6961 clamped 4096
[kinematics-ws] K clamp binds: eid 1003 demanded 6976 clamped 4096
[kinematics-ws] K clamp binds: eid 1001 demanded 29052 clamped 4096
[kinematics-ws] K clamp binds: eid 1002 demanded 14224 clamped 4096
[kinematics-ws] K clamp binds: eid 1001 demanded 29053 clamped 4096
[kinematics-ws] K clamp binds: eid 1002 demanded 14223 clamped 4096
[kinematics-ws] K clamp binds: eid 1003 demanded 6975 clamped 4096
[kinematics-ws] K clamp binds: eid 1003 demanded 6965 clamped 4096
[kinematics-ws] K clamp binds: eid 1002 demanded 14225 clamped 4096
[kinematics-ws] K clamp binds: eid 1001 demanded 29015 clamped 4096
[kinematics-ws] K clamp binds: eid 1002 demanded 14221 clamped 4096
[kinematics-ws] K clamp binds: eid 1003 demanded 6974 clamped 4096
[kinematics-ws] K clamp binds: eid 1001 demanded 29013 clamped 4096
[kinematics-ws] K clamp binds: eid 1003 demanded 6985 clamped 4096
[kinematics-ws] K clamp binds: eid 1002 demanded 14225 clamped 4096
[kinematics-ws] K clamp binds: eid 1001 demanded 29042 clamped 4096
[kinematics-ws] K clamp binds: eid 1002 demanded 14223 clamped 4096
[kinematics-ws] K clamp binds: eid 1001 demanded 29013 clamped 4096
[kinematics-ws] K clamp binds: eid 1003 demanded 6981 clamped 4096
[kinematics-ws] K clamp binds: eid 1001 demanded 29019 clamped 4096
[kinematics-ws] K clamp binds: eid 1003 demanded 6973 clamped 4096
[kinematics-ws] K clamp binds: eid 1002 demanded 14228 clamped 4096
[kinematics-ws] K clamp binds: eid 1001 demanded 29061 clamped 4096
[kinematics-ws] K clamp binds: eid 1002 demanded 14228 clamped 4096
[kinematics-ws] K clamp binds: eid 1003 demanded 6973 clamped 4096
[kinematics-ws] K clamp binds: eid 1002 demanded 14230 clamped 4096
[kinematics-ws] K clamp binds: eid 1003 demanded 6980 clamped 4096
[kinematics-ws] K clamp binds: eid 1001 demanded 29061 clamped 4096
[kinematics-ws] K clamp binds: eid 1002 demanded 14235 clamped 4096
[kinematics-ws] K clamp binds: eid 1003 demanded 6987 clamped 4096
[kinematics-ws] K clamp binds: eid 1001 demanded 29055 clamped 4096
[kinematics-ws] K clamp binds: eid 1003 demanded 6992 clamped 4096
[kinematics-ws] K clamp binds: eid 1002 demanded 14239 clamped 4096
[kinematics-ws] K clamp binds: eid 1001 demanded 29059 clamped 4096
[kinematics-ws] K clamp binds: eid 1002 demanded 14239 clamped 4096
[kinematics-ws] K clamp binds: eid 1003 demanded 6994 clamped 4096
[kinematics-ws] K clamp binds: eid 1001 demanded 29070 clamped 4096
[kinematics-ws] K clamp binds: eid 1001 demanded 29061 clamped 4096
[kinematics-ws] K clamp binds: eid 1002 demanded 14241 clamped 4096
[kinematics-ws] K clamp binds: eid 1003 demanded 6994 clamped 4096
[kinematics-ws] K clamp binds: eid 1003 demanded 6994 clamped 4096
[kinematics-ws] K clamp binds: eid 1002 demanded 14243 clamped 4096
[kinematics-ws] K clamp binds: eid 1001 demanded 29024 clamped 4096
[kinematics-ws] K clamp binds: eid 1001 demanded 29058 clamped 4096
[kinematics-ws] K clamp binds: eid 1003 demanded 6994 clamped 4096
[kinematics-ws] K clamp binds: eid 1002 demanded 14245 clamped 4096
[kinematics-ws] K clamp binds: eid[kinematics-ws] K clamp binds: eid  10021001  demanded demanded 29031 14245clamped  clamped 40964096

[kinematics-ws] K clamp binds: eid 1003 demanded 6994 clamped 4096
[kinematics-ws] K clamp binds: eid 1002 demanded 14245 clamped 4096
[kinematics-ws] K clamp binds: eid 1001 demanded 29068 clamped 4096
[kinematics-ws] K clamp binds: eid 1003 demanded 6995 clamped 4096
[kinematics-ws] K clamp binds: eid 1001 demanded 29036 clamped 4096
[kinematics-ws] K clamp binds: eid 1002 demanded 14244 clamped 4096
[kinematics-ws] K clamp binds: eid 1003 demanded 6995 clamped 4096
[kinematics-ws] K clamp binds: eid 1001 demanded 29040 clamped 4096
[kinematics-ws] K clamp binds: eid 1003 demanded 6994 clamped 4096
[kinematics-ws] K clamp binds: eid 1002 demanded 14246 clamped 4096
[kinematics-ws] K clamp binds: eid 1003 demanded 6990 clamped 4096
[kinematics-ws] K clamp binds: eid 1001 demanded 29060 clamped 4096
[kinematics-ws] K clamp binds: eid 1002 demanded 14251 clamped 4096
[kinematics-ws] K clamp binds: eid 1002 demanded 14251 clamped 4096
[kinematics-ws] K clamp binds: eid 1003 demanded 6985 clamped 4096
[kinematics-ws] K clamp binds: eid 1001 demanded 29068 clamped 4096
[kinematics-ws] K clamp binds: eid 1001 demanded 29059 clamped 4096
[kinematics-ws] K clamp binds: eid 1003 demanded 6982 clamped 4096
[kinematics-ws] K clamp binds: eid 1002 demanded 14242 clamped 4096
[kinematics-ws] K clamp binds: eid 1002 demanded 14242 clamped 4096
[kinematics-ws] K clamp binds: eid 1003 demanded 6984 clamped 4096
[kinematics-ws] K clamp binds: eid 1001 demanded 29044 clamped 4096
[kinematics-ws] K clamp binds: eid 1003 demanded 6991 clamped 4096
[kinematics-ws] K clamp binds: eid 1002 demanded 14248 clamped 4096
[kinematics-ws] K clamp binds: eid 1001 demanded 29061 clamped 4096
[kinematics-ws] K clamp binds: eid 1001 demanded 29089 clamped 4096
[kinematics-ws] K clamp binds: eid 1003 demanded 6992 clamped 4096
[kinematics-ws] K clamp binds: eid 1002 demanded 14239 clamped 4096
[kinematics-ws] K clamp binds: eid 1003 demanded 6984 clamped 4096
[kinematics-ws] K clamp binds: eid 1001 demanded 29038 clamped 4096
[kinematics-ws] K clamp binds: eid 1002 demanded 14248 clamped 4096
[kinematics-ws] K clamp binds: eid 1003 demanded 6980 clamped 4096
[kinematics-ws] K clamp binds: eid 1001 demanded 29091 clamped 4096
[kinematics-ws] K clamp binds: eid 1002 demanded 14240 clamped 4096
[kinematics-ws] K clamp binds: eid 1002 demanded 14250 clamped 4096
[kinematics-ws] K clamp binds: eid 1003 demanded 6988 clamped 4096
[kinematics-ws] K clamp binds: eid 1001 demanded 29051 clamped 4096
[kinematics-ws] K clamp binds: eid 1001 demanded 29061 clamped 4096
[kinematics-ws] K clamp binds: eid 1003 demanded 6988 clamped 4096
[kinematics-ws] K clamp binds: eid 1002 demanded 14243 clamped 4096
[kinematics-ws] K clamp binds: eid 1002 demanded 14251 clamped 4096
[kinematics-ws] K clamp binds: eid 1001 demanded 29096 clamped 4096
[kinematics-ws] K clamp binds: eid 1003 demanded 6978 clamped 4096
[kinematics-ws] K clamp binds: eid 1001 demanded 29109 clamped 4096
[kinematics-ws] K clamp binds: eid 1003 demanded 6986 clamped 4096
[kinematics-ws] K clamp binds: eid 1002 demanded 14256 clamped 4096
[kinematics-ws] K clamp binds: eid 1002 demanded 14251 clamped 4096
[kinematics-ws] K clamp binds: eid 1001 demanded 29112 clamped 4096
[kinematics-ws] K clamp binds: eid 1003 demanded 6986 clamped 4096
[kinematics-ws] K clamp binds: eid 1002 demanded 14254 clamped 4096
[kinematics-ws] K clamp binds: eid 1003 demanded 6978 clamped 4096
[kinematics-ws] K clamp binds: eid 1001 demanded 29106 clamped 4096
[kinematics-ws] K clamp binds: eid 1003 demanded 6989 clamped 4096
[kinematics-ws] K clamp binds: eid 1001 demanded 29082 clamped 4096
[kinematics-ws] K clamp binds: eid 1002 demanded 14261 clamped 4096
[kinematics-ws] K clamp binds: eid 1003 demanded 6978 clamped 4096
[kinematics-ws] K clamp binds: eid 1001 demanded 29065 clamped 4096
[kinematics-ws] K clamp binds: eid 1002 demanded 14267 clamped 4096
[kinematics-ws] K clamp binds: eid 1001 demanded 29104 clamped 4096
[kinematics-ws] K clamp binds: eid 1002 demanded 14270 clamped 4096
[kinematics-ws] K clamp binds: eid 1003 demanded 6987 clamped 4096
[kinematics-ws] K clamp binds: eid 1002 demanded 14271 clamped 4096
[kinematics-ws] K clamp binds: eid 1001 demanded 29070 clamped 4096
[kinematics-ws] K clamp binds: eid 1003 demanded 6979 clamped 4096
[kinematics-ws] K clamp binds: eid 1002 demanded 14272 clamped 4096
[kinematics-ws] K clamp binds: eid 1003 demanded 6987 clamped 4096
[kinematics-ws] K clamp binds: eid 1001 demanded 29103 clamped 4096
[kinematics-ws] K clamp binds: eid 1001 demanded 29067 clamped 4096
[kinematics-ws] K clamp binds: eid 1002 demanded 14271 clamped 4096
[kinematics-ws] K clamp binds: eid 1003 demanded 6980 clamped 4096
[kinematics-ws] K clamp binds: eid 1001 demanded 29095 clamped 4096
[kinematics-ws] K clamp binds: eid 1003 demanded 6990 clamped 4096
[kinematics-ws] K clamp binds: eid 1002 demanded 14270 clamped 4096
[kinematics-ws] K clamp binds: eid 1001 demanded 29121 clamped 4096
[kinematics-ws] K clamp binds: eid 1002 demanded 14267 clamped 4096
[kinematics-ws] K clamp binds: eid 1003 demanded 6979 clamped 4096
[kinematics-ws] K clamp binds: eid 1001 demanded 29126 clamped 4096
[kinematics-ws] K clamp binds: eid 1002 demanded 14265 clamped 4096
[kinematics-ws] K clamp binds: eid 1003 demanded 6992 clamped 4096
[kinematics-ws] K clamp binds: eid 1001 demanded 29128 clamped 4096
[kinematics-ws] K clamp binds: eid 1002 demanded 14266 clamped 4096
[kinematics-ws] K clamp binds: eid 1003 demanded 6985 clamped 4096
[kinematics-ws] K clamp binds: eid 1001 demanded 29127 clamped 4096
[kinematics-ws] K clamp binds: eid 1003 demanded 6986 clamped 4096
[kinematics-ws] K clamp binds: eid 1002 demanded 14268 clamped 4096
[kinematics-ws] K clamp binds: eid 1002 demanded 14264 clamped 4096
[kinematics-ws] K clamp binds: eid 1001 demanded 29111 clamped 4096
[kinematics-ws] K clamp binds: eid 1003 demanded 6996 clamped 4096
[kinematics-ws] K clamp binds: eid 1001 demanded 29088 clamped 4096
[kinematics-ws] K clamp binds: eid 1002 demanded 14262 clamped 4096
[kinematics-ws] K clamp binds: eid 1003 demanded 6987 clamped 4096
[kinematics-ws] K clamp binds: eid 1003 demanded 6989 clamped 4096
[kinematics-ws] K clamp binds: eid 1001 demanded 29115 clamped 4096
[kinematics-ws] K clamp binds: eid 1002 demanded 14265 clamped 4096
[kinematics-ws] K clamp binds: eid 1001 demanded 29099 clamped 4096
[kinematics-ws] K clamp binds: eid 1002 demanded 14261 clamped 4096
[kinematics-ws] K clamp binds: eid 1003 demanded 7000 clamped 4096
[kinematics-ws] K clamp binds: eid 1003 demanded 6997 clamped 4096
[kinematics-ws] K clamp binds: eid 1002 demanded 14266 clamped 4096
[kinematics-ws] K clamp binds: eid 1001 demanded 29114 clamped 4096
[kinematics-ws] K clamp binds: eid 1001 demanded 29091 clamped 4096
[kinematics-ws] K clamp binds: eid 1002 demanded 14262 clamped 4096
[kinematics-ws] K clamp binds: eid 1003 demanded 6991 clamped 4096
[kinematics-ws] K clamp binds: eid 1002 demanded 14268 clamped 4096
[kinematics-ws] K clamp binds: eid 1003 demanded 6994 clamped 4096
[kinematics-ws] K clamp binds: eid 1001 demanded 29123 clamped 4096
[kinematics-ws] K clamp binds: eid 1003 demanded 7003 clamped 4096
[kinematics-ws] K clamp binds: eid 1001 demanded 29138 clamped 4096
[kinematics-ws] K clamp binds: eid 1002 demanded 14268 clamped 4096
[kinematics-ws] K clamp binds: eid 1002 demanded 14269 clamped 4096
[kinematics-ws] K clamp binds: eid 1003 demanded 7007 clamped 4096
[kinematics-ws] K clamp binds: eid 1001 demanded 29136 clamped 4096
[kinematics-ws] K clamp binds: eid[kinematics-ws] K clamp binds: eid  10031001  demanded demanded 29137 clamped 4096
7006 clamped 4096
[kinematics-ws] K clamp binds: eid 1002 demanded 14275 clamped 4096
[kinematics-ws] K clamp binds: eid 1003 demanded 7002 clamped 4096
[kinematics-ws] K clamp binds: eid 1002 demanded 14278 clamped 4096
[kinematics-ws] K clamp binds: eid 1001 demanded 29142 clamped 4096
[kinematics-ws] K clamp binds: eid 1002 demanded 14278 clamped 4096
[kinematics-ws] K clamp binds: eid 1001 demanded 29141 clamped 4096
[kinematics-ws] K clamp binds: eid 1003 demanded 6999 clamped 4096
[kinematics-ws] K clamp binds: eid 1003 demanded 6999 clamped 4096
[kinematics-ws] K clamp binds: eid [kinematics-ws] K clamp binds: eid1002  demanded 14279 clamped 1001 4096demanded 
29121 clamped 4096
[kinematics-ws] K clamp binds: eid 1003 demanded 6999 clamped 4096
[kinematics-ws] K clamp binds: eid 1002 demanded 14282 clamped 4096
[kinematics-ws] K clamp binds: eid 1001 demanded 29117 clamped 4096
[kinematics-ws] K clamp binds: eid 1001 demanded 29135 clamped 4096
[kinematics-ws] K clamp binds: eid 1003 demanded 7001 clamped 4096
[kinematics-ws] K clamp binds: eid 1002 demanded 14285 clamped 4096
[kinematics-ws] K clamp binds: eid 1002 demanded 14286 clamped 4096
[kinematics-ws] K clamp binds: eid 1003 demanded 7001 clamped 4096
[kinematics-ws] K clamp binds: eid 1001 demanded 29114 clamped 4096
[kinematics-ws] K clamp binds: eid 1001 demanded 29131 clamped 4096
[kinematics-ws] K clamp binds: eid 1003 demanded 7002 clamped 4096
[kinematics-ws] K clamp binds: eid 1002 demanded 14286 clamped 4096
[kinematics-ws] K clamp binds: eid 1001 demanded 29145 clamped 4096
[kinematics-ws] K clamp binds: eid 1002 demanded 14285 clamped 4096
[kinematics-ws] K clamp binds: eid 1003 demanded 7001 clamped 4096
[kinematics-ws] K clamp binds: eid 1002 demanded 14284 clamped 4096
[kinematics-ws] K clamp binds: eid 1003 demanded 7000 clamped 4096
[kinematics-ws] K clamp binds: eid 1001 demanded 29133 clamped 4096
[kinematics-ws] K clamp binds: eid 1001 demanded 29130 clamped 4096
[kinematics-ws] K clamp binds: eid 1002 demanded 14286 clamped 4096
[kinematics-ws] K clamp binds: eid 1003 demanded 7000 clamped 4096
[kinematics-ws] K clamp binds: eid 1003 demanded 7002 clamped 4096
[kinematics-ws] K clamp binds: eid 1002 demanded 14290 clamped 4096
[kinematics-ws] K clamp binds: eid 1001 demanded 29132 clamped 4096
[kinematics-ws] K clamp binds: eid 1003 demanded 7007 clamped 4096
[kinematics-ws] K clamp binds: eid 1001 demanded 29133 clamped 4096
[kinematics-ws] K clamp binds: eid 1002 demanded 14291 clamped 4096
[kinematics-ws] K clamp binds: eid 1002 demanded 14282 clamped 4096
[kinematics-ws] K clamp binds: eid 1001 demanded 29141 clamped 4096
[kinematics-ws] K clamp binds: eid 1003 demanded 7014 clamped 4096
[kinematics-ws] K clamp binds: eid 1001 demanded 29160 clamped 4096
[kinematics-ws] K clamp binds: eid 1002 demanded 14282 clamped 4096
[kinematics-ws] K clamp binds: eid 1003 demanded 7017 clamped 4096
[kinematics-ws] K clamp binds: eid 1001 demanded 29151 clamped 4096
[kinematics-ws] K clamp binds: eid 1003 demanded 7012 clamped 4096
[kinematics-ws] K clamp binds: eid 1002 demanded 14289 clamped 4096
[kinematics-ws] K clamp binds: eid 1002 demanded 14279 clamped 4096
[kinematics-ws] K clamp binds: eid 1003 demanded 7001 clamped 4096
[kinematics-ws] K clamp binds: eid 1001 demanded 29129 clamped 4096
[kinematics-ws] K clamp binds: eid 1003 demanded 6999 clamped 4096
[kinematics-ws] K clamp binds: eid 1001 demanded 29159 clamped 4096
[kinematics-ws] K clamp binds: eid 1002 demanded 14287 clamped 4096
[kinematics-ws] K clamp binds: eid 1002 demanded 14280 clamped 4096
[kinematics-ws] K clamp binds: eid 1001 demanded 29136 clamped 4096
[kinematics-ws] K clamp binds: eid 1003 demanded 7010 clamped 4096
[kinematics-ws] K clamp binds: eid 1002 demanded 14288 clamped 4096
[kinematics-ws] K clamp binds: eid 1001 demanded 29145 clamped 4096
[kinematics-ws] K clamp binds: eid 1003 demanded 7014 clamped 4096
[kinematics-ws] K clamp binds: eid 1001 demanded 29172 clamped 4096
[kinematics-ws] K clamp binds: eid 1002 demanded 14282 clamped 4096
[kinematics-ws] K clamp binds: eid 1003 demanded 7000 clamped 4096
[kinematics-ws] K clamp binds: eid 1001 demanded 29173 clamped 4096
[kinematics-ws] K clamp binds: eid 1002 demanded 14292 clamped 4096
[kinematics-ws] K clamp binds: eid 1003 demanded 6998 clamped 4096
[kinematics-ws] K clamp binds: eid 1001 demanded 29170 clamped 4096
[kinematics-ws] K clamp binds: eid 1003 demanded 7013 clamped 4096
[kinematics-ws] K clamp binds: eid 1002 demanded 14290 clamped 4096
[kinematics-ws] K clamp binds: eid 1003 demanded 7002 clamped 4096
[kinematics-ws] K clamp binds: eid 1001 demanded 29172 clamped 4096
[kinematics-ws] K clamp binds: eid 1002 demanded 14289 clamped 4096
[kinematics-ws] K clamp binds: eid 1003 demanded 6997 clamped 4096
[kinematics-ws] K clamp binds: eid 1002 demanded 14298 clamped 4096
[kinematics-ws] K clamp binds: eid 1001 demanded 29179 clamped 4096
[kinematics-ws] K clamp binds: eid 1002 demanded 14303 clamped 4096
[kinematics-ws] K clamp binds: eid 1003 demanded 7012 clamped 4096
[kinematics-ws] K clamp binds: eid 1001 demanded 29181 clamped 4096
[kinematics-ws] K clamp binds: eid 1002 demanded 14302 clamped 4096
[kinematics-ws] K clamp binds: eid 1003 demanded 6995 clamped 4096
[kinematics-ws] K clamp binds: eid 1001 demanded 29162 clamped 4096
[kinematics-ws] K clamp binds: eid 1001 demanded 29157 clamped 4096
[kinematics-ws] K clamp binds: eid 1002 demanded 14301 clamped 4096
[kinematics-ws] K clamp binds: eid 1003 demanded 7007 clamped 4096
[kinematics-ws] K clamp binds: eid 1001 demanded 29175 clamped 4096
[kinematics-ws] K clamp binds: eid 1002 demanded 14301 clamped 4096
[kinematics-ws] K clamp binds: eid 1003 demanded 7002 clamped 4096
[kinematics-ws] K clamp binds: eid 1002 demanded 14302 clamped 4096
[kinematics-ws] K clamp binds: eid 1003 demanded 7001 clamped 4096
[kinematics-ws] K clamp binds: eid 1001 demanded 29155 clamped 4096
[kinematics-ws] K clamp binds: eid 1003 demanded 7007 clamped 4096
[kinematics-ws] K clamp binds: eid 1001 demanded 29171 clamped 4096
[kinematics-ws] K clamp binds: eid 1002 demanded 14302 clamped 4096
[kinematics-ws] K clamp binds: eid 1002 demanded 14302 clamped 4096
[kinematics-ws] K clamp binds: eid 1001 demanded 29183 clamped 4096
[kinematics-ws] K clamp binds: eid 1003 demanded 7000 clamped 4096
[kinematics-ws] K clamp binds: eid 1002 demanded 14303 clamped 4096
[kinematics-ws] K clamp binds: eid 1003 demanded 7007 clamped 4096
[kinematics-ws] K clamp binds: eid 1001 demanded 29172 clamped 4096
[kinematics-ws] K clamp binds: eid 1002 demanded 14307 clamped 4096
[kinematics-ws] K clamp binds: eid 1003 demanded 7004 clamped 4096
[kinematics-ws] K clamp binds: eid 1001 demanded 29170 clamped 4096
[kinematics-ws] K clamp binds: eid 1001 demanded 29173 clamped 4096
[kinematics-ws] K clamp binds: eid 1003 demanded 7002 clamped 4096
[kinematics-ws] K clamp binds: eid 1002 demanded 14313 clamped 4096
[kinematics-ws] K clamp binds: eid 1002 demanded 14313 clamped 4096
[kinematics-ws] K clamp binds: eid 1003 demanded 7013 clamped 4096
[kinematics-ws] K clamp binds: eid 1001 demanded 29173 clamped 4096
[kinematics-ws] K clamp binds: eid 1002 demanded 14303 clamped 4096
[kinematics-ws] K clamp binds: eid 1003 demanded 6998 clamped 4096
[kinematics-ws] K clamp binds: eid 1001 demanded 29177 clamped 4096
[kinematics-ws] K clamp binds: eid 1002 demanded 14300 clamped 4096
[kinematics-ws] K clamp binds: eid 1001 demanded 29194 clamped 4096
[kinematics-ws] K clamp binds: eid 1003 demanded 7016 clamped 4096
[kinematics-ws] K clamp binds: eid 1002 demanded 14311 clamped 4096
[kinematics-ws] K clamp binds: eid 1003 demanded 7008 clamped 4096
[kinematics-ws] K clamp binds: eid 1001 demanded 29199 clamped 4096
[kinematics-ws] K clamp binds: eid 1001 demanded 29169 clamped 4096
[kinematics-ws] K clamp binds: eid 1003 demanded 7002 clamped 4096
[kinematics-ws] K clamp binds: eid 1002 demanded 14301 clamped 4096
[kinematics-ws] K clamp binds: eid 1003 demanded 7020 clamped 4096
[kinematics-ws] K clamp binds: eid 1001 demanded 29198 clamped 4096
[kinematics-ws] K clamp binds: eid 1002 demanded 14302 clamped 4096
[kinematics-ws] K clamp binds: eid 1001 demanded 29170 clamped 4096
[kinematics-ws] K clamp binds: eid 1003 demanded 7015 clamped 4096
[kinematics-ws] K clamp binds: eid 1002 demanded 14306 clamped 4096
[kinematics-ws] K clamp binds: eid 1002 demanded 14301 clamped 4096
[kinematics-ws] K clamp binds: eid 1003 demanded 7005 clamped 4096
[kinematics-ws] K clamp binds: eid 1001 demanded 29203 clamped 4096
[kinematics-ws] K clamp binds: eid 1003 demanded 7015 clamped 4096
[kinematics-ws] K clamp binds: eid 1001 demanded 29197 clamped 4096
[kinematics-ws] K clamp binds: eid 1002 demanded 14306 clamped 4096
[kinematics-ws] K clamp binds: eid 1002 demanded 14308 clamped 4096
[kinematics-ws] K clamp binds: eid 1001 demanded 29185 clamped 4096
[kinematics-ws] K clamp binds: eid 1003 demanded 7026 clamped 4096
[kinematics-ws] K clamp binds: eid 1003 demanded 7022 clamped 4096
[kinematics-ws] K clamp binds: eid 1002 demanded 14302 clamped 4096
[kinematics-ws] K clamp binds: eid 1001 demanded 29188 clamped 4096
[kinematics-ws] K clamp binds: eid 1003 demanded 7012 clamped 4096
[kinematics-ws] K clamp binds: eid 1001 demanded 29193 clamped 4096
[kinematics-ws] K clamp binds: eid 1002 demanded 14317 clamped 4096
[kinematics-ws] K clamp binds: eid 1003 demanded 7011 clamped 4096
[kinematics-ws] K clamp binds: eid 1001 demanded 29191 clamped 4096
[kinematics-ws] K clamp binds: eid 1002 demanded 14313 clamped 4096
[kinematics-ws] K clamp binds: eid[kinematics-ws] K clamp binds: eid  1003 1002 demanded demanded 7019 14309clamped  clamped 40964096

[kinematics-ws] K clamp binds: eid 1001 demanded 29192 clamped 4096
[kinematics-ws] K clamp binds: eid 1001 demanded 29211 clamped 4096
[kinematics-ws] K clamp binds: eid 1003 demanded 7028 clamped 4096
[kinematics-ws] K clamp binds: eid 1002 demanded 14317 clamped 4096
[kinematics-ws] K clamp binds: eid 1002 demanded 14326 clamped 4096
[kinematics-ws] K clamp binds: eid 1003 demanded 7033 clamped 4096
[kinematics-ws] K clamp binds: eid 1001 demanded 29224 clamped 4096
[kinematics-ws] K clamp binds: eid 1002 demanded 14329 clamped 4096
[kinematics-ws] K clamp binds: eid 1001 demanded 29185 clamped 4096
[kinematics-ws] K clamp binds: eid 1003 demanded 7034 clamped 4096
[kinematics-ws] K clamp binds: eid 1002 demanded 14329 clamped 4096
[kinematics-ws] K clamp binds: eid 1001 demanded 29220 clamped 4096
[kinematics-ws] K clamp binds: eid 1003 demanded 7033 clamped 4096
[kinematics-ws] K clamp binds: eid 1003 demanded 7031 clamped 4096
[kinematics-ws] K clamp binds: eid 1001 demanded 29188 clamped 4096
[kinematics-ws] K clamp binds: eid 1002 demanded 14329 clamped 4096
[kinematics-ws] K clamp binds: eid 1003 demanded 7030 clamped 4096
[kinematics-ws] K clamp binds: eid 1001 demanded 29227 clamped 4096
[kinematics-ws] K clamp binds: eid 1002 demanded 14329 clamped 4096
[kinematics-ws] K clamp binds: eid 1003 demanded 7029 clamped 4096
[kinematics-ws] K clamp binds: eid 1001 demanded 29215 clamped 4096
[kinematics-ws] K clamp binds: eid 1002 demanded 14330 clamped 4096
[kinematics-ws] K clamp binds: eid 1003 demanded 7030 clamped 4096
[kinematics-ws] K clamp binds: eid 1001 demanded 29200 clamped 4096
[kinematics-ws] K clamp binds: eid 1002 demanded 14332 clamped 4096
[kinematics-ws] K clamp binds: eid 1001 demanded 29206 clamped 4096
[kinematics-ws] K clamp binds: eid 1002 demanded 14333 clamped 4096
[kinematics-ws] K clamp binds: eid 1003 demanded 7031 clamped 4096
[kinematics-ws] K clamp binds: eid 1003 demanded [kinematics-ws] K clamp binds: eid7033  clamped 1002 4096demanded 14332 clamped 
4096
[kinematics-ws] K clamp binds: eid 1001 demanded 29213 clamped 4096
[kinematics-ws] K clamp binds: eid 1001 demanded 29211 clamped 4096
[kinematics-ws] K clamp binds: eid 1003 demanded 7036 clamped 4096
[kinematics-ws] K clamp binds: eid 1002 demanded 14327 clamped 4096
[kinematics-ws] K clamp binds: eid 1002 demanded 14322 clamped 4096
[kinematics-ws] K clamp binds: eid 1003 demanded 7037 clamped 4096
[kinematics-ws] K clamp binds: eid 1001 demanded 29206 clamped 4096
[kinematics-ws] K clamp binds: eid 1003 demanded 7035 clamped 4096
[kinematics-ws] K clamp binds: eid 1002 demanded 14326 clamped 4096
[kinematics-ws] K clamp binds: eid 1001 demanded 29222 clamped 4096
[kinematics-ws] K clamp binds: eid 1002 demanded 14328 clamped 4096
[kinematics-ws] K clamp binds: eid 1003 demanded 7029 clamped 4096
[kinematics-ws] K clamp binds: eid 1001 demanded 29250 clamped 4096
[kinematics-ws] K clamp binds: eid 1002 demanded 14320 clamped 4096
[kinematics-ws] K clamp binds: eid 1003 demanded 7022 clamped 4096
[kinematics-ws] K clamp binds: eid 1001 demanded 29211 clamped 4096
[kinematics-ws] K clamp binds: eid 1001 demanded 29229 clamped 4096
[kinematics-ws] K clamp binds: eid 1003 demanded 7020 clamped 4096
[kinematics-ws] K clamp binds: eid 1002 demanded 14325 clamped 4096
[kinematics-ws] K clamp binds: eid 1002 demanded 14323 clamped 4096
[kinematics-ws] K clamp binds: eid 1001 demanded 29216 clamped 4096
[kinematics-ws] K clamp binds: eid 1003 demanded 7026 clamped 4096
[kinematics-ws] K clamp binds: eid 1001 demanded 29248 clamped 4096
[kinematics-ws] K clamp binds: eid 1002 demanded 14322 clamped 4096
[kinematics-ws] K clamp binds: eid 1003 demanded 7034 clamped 4096
[kinematics-ws] K clamp binds: eid 1001 demanded 29213 clamped 4096
[kinematics-ws] K clamp binds: eid 1003 demanded 7031 clamped 4096
[kinematics-ws] K clamp binds: eid 1002 demanded 14325 clamped 4096
[kinematics-ws] K clamp binds: eid[kinematics-ws] K clamp binds: eid  1001 demanded 100229222 clamped  demanded 14326 clamped 40964096

[kinematics-ws] K clamp binds: eid 1003 demanded 7020 clamped 4096
[kinematics-ws] K clamp binds: eid 1001 demanded 29248 clamped 4096
[kinematics-ws] K clamp binds: eid 1002 demanded 14324 clamped 4096
[kinematics-ws] K clamp binds: eid 1003 demanded 7021 clamped 4096
[kinematics-ws] K clamp binds: eid 1001 demanded 29261 clamped 4096
[kinematics-ws] K clamp binds: eid 1002 demanded 14333 clamped 4096
[kinematics-ws] K clamp binds: eid 1003 demanded 7033 clamped 4096
[kinematics-ws] K clamp binds: eid 1002 demanded 14328 clamped 4096
[kinematics-ws] K clamp binds: eid 1001 demanded 29261 clamped 4096
[kinematics-ws] K clamp binds: eid 1003 demanded 7026 clamped 4096
[kinematics-ws] K clamp binds: eid 1001 demanded 29249 clamped 4096
[kinematics-ws] K clamp binds: eid 1002 demanded 14330 clamped 4096
[kinematics-ws] K clamp binds: eid 1003 demanded 7016 clamped 4096
[kinematics-ws] K clamp binds: eid 1001 demanded 29228 clamped 4096
[kinematics-ws] K clamp binds: eid 1003 demanded 7030 clamped 4096
[kinematics-ws] K clamp binds: eid 1002 demanded 14340 clamped 4096
[kinematics-ws] K clamp binds: eid 1001 demanded 29236 clamped 4096
[kinematics-ws] K clamp binds: eid 1003 demanded 7024 clamped 4096
[kinematics-ws] K clamp binds: eid 1002 demanded 14341 clamped 4096
[kinematics-ws] K clamp binds: eid 1002 demanded 14339 clamped 4096
[kinematics-ws] K clamp binds: eid 1003 demanded 7017 clamped 4096
[kinematics-ws] K clamp binds: eid 1001 demanded 29268 clamped 4096
[kinematics-ws] K clamp binds: eid[kinematics-ws] K clamp binds: eid  10011002 demanded 14338  clamped demanded 29224 clamped 40964096

[kinematics-ws] K clamp binds: eid 1003 demanded 7031 clamped 4096
[kinematics-ws] K clamp binds: eid 1003 demanded 7016 clamped 4096
[kinematics-ws] K clamp binds: eid 1002 demanded 14340 clamped [kinematics-ws] K clamp binds: eid4096 
1001 demanded 29262 clamped 4096
[kinematics-ws] K clamp binds: eid 1001 demanded 29224 clamped 4096
[kinematics-ws] K clamp binds: eid 1003 demanded 7028 clamped 4096
[kinematics-ws] K clamp binds: eid 1002 demanded 14342 clamped 4096
[kinematics-ws] K clamp binds: eid 1002 demanded 14343 clamped 4096
[kinematics-ws] K clamp binds: eid 1003 demanded 7021 clamped 4096
[kinematics-ws] K clamp binds: eid 1001 demanded 29268 clamped 4096
[kinematics-ws] K clamp binds: eid 1002 demanded 14343 clamped 4096
[kinematics-ws] K clamp binds: eid 1001 demanded 29266 clamped 4096
[kinematics-ws] K clamp binds: eid 1003 demanded 7024 clamped 4096
[kinematics-ws] K clamp binds: eid[kinematics-ws] K clamp binds: eid  10011002  demandeddemanded  1434129245  clampedclamped  40964096

[kinematics-ws] K clamp binds: eid 1003 demanded 7024 clamped 4096
[kinematics-ws] K clamp binds: eid 1001 demanded 29241 clamped 4096
[kinematics-ws] K clamp binds: eid 1003 demanded 7024 clamped 4096
[kinematics-ws] K clamp binds: eid 1002 demanded 14341 clamped 4096
[kinematics-ws] K clamp binds: eid 1001 demanded 29243 clamped 4096
[kinematics-ws] K clamp binds: eid 1003 demanded 7023 clamped 4096
[kinematics-ws] K clamp binds: eid 1002 demanded 14345 clamped 4096
[kinematics-ws] K clamp binds: eid 1002 demanded 14353 clamped 4096
[kinematics-ws] K clamp binds: eid 1001 demanded 29244 clamped 4096
[kinematics-ws] K clamp binds: eid 1003 demanded 7028 clamped 4096
[kinematics-ws] K clamp binds: eid 1001 demanded 29252 clamped 4096
[kinematics-ws] K clamp binds: eid 1003 demanded 7019 clamped 4096
[kinematics-ws] K clamp binds: eid 1002 demanded 14354 clamped 4096
[kinematics-ws] K clamp binds: eid 1001 demanded 29281 clamped 4096
[kinematics-ws] K clamp binds: eid 1003 demanded 7035 clamped 4096
[kinematics-ws] K clamp binds: eid 1002 demanded 14343 clamped 4096
[kinematics-ws] K clamp binds: eid 1001 demanded 29286 clamped 4096
[kinematics-ws] K clamp binds: eid 1002 demanded 14339 clamped 4096
[kinematics-ws] K clamp binds: eid 1003 demanded 7019 clamped 4096
[kinematics-ws] K clamp binds: eid 1001 demanded 29239 clamped 4096
[kinematics-ws] K clamp binds: eid 1002 demanded 14352 clamped 4096
[kinematics-ws] K clamp binds: eid 1003 demanded 7032 clamped 4096
[kinematics-ws] K clamp binds: eid 1001 demanded 29285 clamped 4096
[kinematics-ws] K clamp binds: eid 1003 demanded 7033 clamped 4096
[kinematics-ws] K clamp binds: eid 1002 demanded 14341 clamped 4096
[kinematics-ws] K clamp binds: eid 1003 demanded 7021 clamped 4096
[kinematics-ws] K clamp binds: eid 1002 demanded 14341 clamped 4096
[kinematics-ws] K clamp binds: eid 1001 demanded 29242 clamped 4096
[kinematics-ws] K clamp binds: eid 1003 demanded 7036 clamped 4096
[kinematics-ws] K clamp binds: eid 1002 demanded 14348 clamped 4096
[kinematics-ws] K clamp binds: eid 1001 demanded 29293 clamped 4096
[kinematics-ws] K clamp binds: eid 1001 demanded 29260 clamped 4096
[kinematics-ws] K clamp binds: eid 1003 demanded 7038 clamped 4096
[kinematics-ws] K clamp binds: eid 1002 demanded 14338 clamped 4096
[kinematics-ws] K clamp binds: eid 1003 demanded 7026 clamped 4096
[kinematics-ws] K clamp binds: eid 1001 demanded 29253 clamped 4096
[kinematics-ws] K clamp binds: eid 1002 demanded 14349 clamped 4096
[kinematics-ws] K clamp binds: eid[kinematics-ws] K clamp binds: eid  1002 demanded 1001 demanded14343 clamped 4096 
29280 clamped 4096
[kinematics-ws] K clamp binds: eid 1003 demanded 7032 clamped 4096
[kinematics-ws] K clamp binds: eid 1001 demanded 29299 clamped 4096
[kinematics-ws] K clamp binds: eid 1003 demanded 7044 clamped 4096
[kinematics-ws] K clamp binds: eid 1002 demanded 14344 clamped 4096
[kinematics-ws] K clamp binds: eid 1002 demanded 14356 clamped 4096
[kinematics-ws] K clamp binds: eid 1001 demanded 29303 clamped 4096
[kinematics-ws] K clamp binds: eid 1003 demanded 7042 clamped 4096
[kinematics-ws] K clamp binds: eid 1001 demanded 29295 clamped 4096
[kinematics-ws] K clamp binds: eid 1002 demanded 14345 clamped 4096
[kinematics-ws] K clamp binds: eid 1003 demanded 7033 clamped 4096
[kinematics-ws] K clamp binds: eid 1001 demanded 29273 clamped 4096
[kinematics-ws] K clamp binds: eid 1002 demanded 14350 clamped 4096
[kinematics-ws] K clamp binds: eid 1003 demanded 7032 clamped 4096
[kinematics-ws] K clamp binds: eid 1003 demanded 7039 clamped 4096
[kinematics-ws] K clamp binds: eid 1002 demanded 14364 clamped 4096
[kinematics-ws] K clamp binds: eid 1001 demanded 29264 clamped 4096
[kinematics-ws] K clamp binds: eid 1001 demanded 29302 clamped 4096
[kinematics-ws] K clamp binds: eid 1002 demanded 14363 clamped 4096
[kinematics-ws] K clamp binds: eid 1003 demanded 7048 clamped 4096
[kinematics-ws] K clamp binds: eid 1002 demanded 14357 clamped 4096
[kinematics-ws] K clamp binds: eid 1003 demanded 7052 clamped 4096
[kinematics-ws] K clamp binds: eid 1001 demanded 29288 clamped 4096
[kinematics-ws] K clamp binds: eid 1001 demanded 29271 clamped 4096
[kinematics-ws] K clamp binds: eid 1003 demanded 7050 clamped 4096
[kinematics-ws] K clamp binds: eid 1002 demanded 14355 clamped 4096
[kinematics-ws] K clamp binds: eid 1001 demanded 29294 clamped 4096
[kinematics-ws] K clamp binds: eid 1002 demanded 14357 clamped 4096
[kinematics-ws] K clamp binds: eid 1003 demanded 7047 clamped 4096
[kinematics-ws] K clamp binds: eid 1001 demanded 29294 clamped 4096
[kinematics-ws] K clamp binds: eid 1002 demanded 14360 clamped 4096
[kinematics-ws] K clamp binds: eid 1003 demanded 7043 clamped 4096
[kinematics-ws] K clamp binds: eid 1002 demanded 14362 clamped 4096
[kinematics-ws] K clamp binds: eid 1001 demanded 29266 clamped 4096
[kinematics-ws] K clamp binds: eid 1003 demanded 7041 clamped 4096
[kinematics-ws] K clamp binds: eid 1003 demanded 7040 clamped 4096
[kinematics-ws] K clamp binds: eid 1002 demanded 14361 clamped 4096
[kinematics-ws] K clamp binds: eid 1001 demanded 29303 clamped 4096
[kinematics-ws] K clamp binds: eid 1001 demanded 29326 clamped 4096
[kinematics-ws] K clamp binds: eid 1003 demanded 7039 clamped 4096
[kinematics-ws] K clamp binds: eid 1002 demanded 14359 clamped 4096
[kinematics-ws] K clamp binds: eid 1002 demanded 14357 clamped 4096
[kinematics-ws] K clamp binds: eid 1003 demanded 7039 clamped 4096
[kinematics-ws] K clamp binds: eid 1001 demanded 29329 clamped 4096
[kinematics-ws] K clamp binds: eid 1003 demanded 7040 clamped 4096
[kinematics-ws] K clamp binds: eid 1001 demanded 29329 clamped 4096
[kinematics-ws] K clamp binds: eid 1002 demanded 14361 clamped 4096
[kinematics-ws] K clamp binds: eid 1002 demanded 14371 clamped 4096
[kinematics-ws] K clamp binds: eid 1003 demanded 7041 clamped 4096
[kinematics-ws] K clamp binds: eid 1001 demanded 29331 clamped 4096
[kinematics-ws] K clamp binds: eid 1001 demanded 29325 clamped 4096
[kinematics-ws] K clamp binds: eid 1002 demanded 14379 clamped 4096
[kinematics-ws] K clamp binds: eid 1003 demanded 7044 clamped 4096
[kinematics-ws] K clamp binds: eid 1002 demanded 14368 clamped 4096
[kinematics-ws] K clamp binds: eid 1001 demanded 29298 clamped 4096
[kinematics-ws] K clamp binds: eid 1003 demanded 7048 clamped 4096
[kinematics-ws] K clamp binds: eid 1001 demanded 29289 clamped 4096
[kinematics-ws] K clamp binds: eid 1002 demanded 14353 clamped 4096
[kinematics-ws] K clamp binds: eid 1003 demanded 7053 clamped 4096
[kinematics-ws] K clamp binds: eid 1003 demanded 7058 clamped 4096
[kinematics-ws] K clamp binds: eid 1001 demanded 29325 clamped 4096
[kinematics-ws] K clamp binds: eid 1002 demanded 14369 clamped 4096
[kinematics-ws] K clamp binds: eid 1002 demanded 14370 clamped 4096
[kinematics-ws] K clamp binds: eid 1001 demanded 29287 clamped 4096
[kinematics-ws] K clamp binds: eid 1003 demanded 7057 clamped 4096
[kinematics-ws] K clamp binds: eid 1001 demanded 29322 clamped 4096
[kinematics-ws] K clamp binds: eid 1002 demanded 14352 clamped 4096
[kinematics-ws] K clamp binds: eid 1003 demanded 7051 clamped 4096
[kinematics-ws] K clamp binds: eid 1001 demanded 29286 clamped 4096
[kinematics-ws] K clamp binds: eid 1003 demanded 7041 clamped 4096
[kinematics-ws] K clamp binds: eid 1002 demanded 14375 clamped 4096
[kinematics-ws] K clamp binds: eid 1003 demanded 7038 clamped 4096
[kinematics-ws] K clamp binds: eid 1002 demanded 14353 clamped 4096
[kinematics-ws] K clamp binds: eid 1001 demanded 29323 clamped 4096
[kinematics-ws] K clamp binds: eid 1001 demanded 29331 clamped 4096
[kinematics-ws] K clamp binds: eid 1003 demanded 7047 clamped 4096
[kinematics-ws] K clamp binds: eid 1002 demanded 14374 clamped 4096
[kinematics-ws] K clamp binds: eid 1001 demanded 29312 clamped 4096
[kinematics-ws] K clamp binds: eid 1003 demanded 7056 clamped 4096
[kinematics-ws] K clamp binds: eid 1002 demanded 14353 clamped 4096
[kinematics-ws] K clamp binds: eid 1003 demanded 7050 clamped 4096
[kinematics-ws] K clamp binds: eid 1001 demanded 29305 clamped 4096
[kinematics-ws] K clamp binds: eid 1002 demanded 14378 clamped 4096
[kinematics-ws] K clamp binds: eid 1002 demanded 14358 clamped 4096
[kinematics-ws] K clamp binds: eid 1003 demanded 7037 clamped 4096
[kinematics-ws] K clamp binds: eid 1001 demanded 29306 clamped 4096
[kinematics-ws] K clamp binds: eid 1002 demanded 14369 clamped 4096
[kinematics-ws] K clamp binds: eid 1003 demanded 7043 clamped 4096
[kinematics-ws] K clamp binds: eid 1001 demanded 29307 clamped 4096
[kinematics-ws] K clamp binds: eid[kinematics-ws] K clamp binds: eid  1002 1003 demanded demanded 14382 7055 clamped clamped 40964096

[kinematics-ws] K clamp binds: eid 1001 demanded 29315 clamped 4096
[kinematics-ws] K clamp binds: eid[kinematics-ws] K clamp binds: eid  1003 1001demanded  7042 demandedclamped  29339 clamped 40964096

[kinematics-ws] K clamp binds: eid 1002 demanded 14367 clamped 4096
[kinematics-ws] K clamp binds: eid 1001 demanded 29346 clamped 4096
[kinematics-ws] K clamp binds: eid 1002 demanded 14366 clamped 4096
[kinematics-ws] K clamp binds: eid 1003 demanded 7037 clamped 4096
[kinematics-ws] K clamp binds: eid 1001 demanded 29304 clamped 4096
[kinematics-ws] K clamp binds: eid 1002 demanded 14383 clamped 4096
[kinematics-ws] K clamp binds: eid 1003 demanded 7053 clamped 4096
[kinematics-ws] K clamp binds: eid 1003 demanded 7040 clamped 4096
[kinematics-ws] K clamp binds: eid 1002 demanded 14392 clamped 4096
[kinematics-ws] K clamp binds: eid 1001 demanded 29334 clamped 4096
[kinematics-ws] K clamp binds: eid 1002 demanded 14391 clamped 4096
[kinematics-ws] K clamp binds: eid 1001 demanded 29317 clamped 4096
[kinematics-ws] K clamp binds: eid 1003 demanded 7039 clamped 4096
[kinematics-ws] K clamp binds: eid 1003 demanded 7052 clamped 4096
[kinematics-ws] K clamp binds: eid 1002 demanded 14386 clamped 4096
[kinematics-ws] K clamp binds: eid 1001 demanded 29339 clamped 4096
[kinematics-ws] K clamp binds: eid 1002 demanded 14383 clamped 4096
[kinematics-ws] K clamp binds: eid 1003 demanded 7033 clamped 4096
[kinematics-ws] K clamp binds: eid 1001 demanded 29305 clamped 4096
[kinematics-ws] K clamp binds: eid 1001 demanded 29344 clamped 4096
[kinematics-ws] K clamp binds: eid 1003 demanded 7051 clamped 4096
[kinematics-ws] K clamp binds: eid 1002 demanded 14381 clamped 4096
[kinematics-ws] K clamp binds: eid 1001 demanded 29360 clamped 4096
[kinematics-ws] K clamp binds: eid 1003 demanded 7038 clamped 4096
[kinematics-ws] K clamp binds: eid 1002 demanded 14382 clamped 4096
[kinematics-ws] K clamp binds: eid 1001 demanded 29348 clamped 4096
[kinematics-ws] K clamp binds: eid 1002 demanded 14385 clamped 4096
[kinematics-ws] K clamp binds: eid 1003 demanded 7046 clamped 4096
[kinematics-ws] K clamp binds: eid 1001 demanded 29339 clamped 4096
[kinematics-ws] K clamp binds: eid 1003 demanded 7042 clamped 4096
[kinematics-ws] K clamp binds: eid 1002 demanded 14390 clamped 4096
[kinematics-ws] K clamp binds: eid 1001 demanded 29340 clamped 4096
[kinematics-ws] K clamp binds: eid 1002 demanded 14397 clamped 4096
[kinematics-ws] K clamp binds: eid 1003 demanded 7044 clamped 4096
[kinematics-ws] K clamp binds: eid 1003 demanded 7042 clamped 4096
[kinematics-ws] K clamp binds: eid 1001 demanded 29348 clamped 4096
[kinematics-ws] K clamp binds: eid 1002 demanded 14400 clamped 4096
[kinematics-ws] K clamp binds: eid 1002 demanded 14391 clamped 4096
[kinematics-ws] K clamp binds: eid 1003 demanded 7047 clamped 4096
[kinematics-ws] K clamp binds: eid 1001 demanded 29365 clamped 4096
[kinematics-ws] K clamp binds: eid 1001 demanded 29366 clamped 4096
[kinematics-ws] K clamp binds: eid[kinematics-ws] K clamp binds: eid  1003 demanded 1002 7039demanded 14376 clamped  clamped 40964096

[kinematics-ws] K clamp binds: eid 1003 demanded 7054 clamped 4096
[kinematics-ws] K clamp binds: eid 1002 demanded 14381 clamped 4096
[kinematics-ws] K clamp binds: eid 1001 demanded 29330 clamped 4096
[kinematics-ws] K clamp binds: eid 1003 demanded 7036 clamped 4096
[kinematics-ws] K clamp binds: eid 1002 demanded 14396 clamped 4096
[kinematics-ws] K clamp binds: eid 1001 demanded 29341 clamped 4096
[kinematics-ws] K clamp binds: eid 1003 demanded 7055 clamped 4096
[kinematics-ws] K clamp binds: eid 1001 demanded 29356 clamped 4096
[kinematics-ws] K clamp binds: eid 1002 demanded 14380 clamped 4096
[kinematics-ws] K clamp binds: eid 1001 demanded 29332 clamped 4096
[kinematics-ws] K clamp binds: eid 1003 demanded 7045 clamped 4096
[kinematics-ws] K clamp binds: eid 1002 demanded 14378 clamped 4096
[kinematics-ws] K clamp binds: eid 1001 demanded 29349 clamped 4096
[kinematics-ws] K clamp binds: eid 1002 demanded 14394 clamped 4096
[kinematics-ws] K clamp binds: eid 1003 demanded 7043 clamped 4096
[kinematics-ws] K clamp binds: eid 1001 demanded 29365 clamped 4096
[kinematics-ws] K clamp binds: eid 1002 demanded 14371 clamped 4096
[kinematics-ws] K clamp binds: eid 1003 demanded 7060 clamped 4096
[kinematics-ws] K clamp binds: eid 1003 demanded 7045 clamped 4096
[kinematics-ws] K clamp binds: eid 1002 demanded 14395 clamped 4096
[kinematics-ws] K clamp binds: eid 1001 demanded 29336 clamped 4096
[kinematics-ws] K clamp binds: eid 1001 demanded 29343 clamped 4096
[kinematics-ws] K clamp binds: eid 1002 demanded 14373 clamped 4096
[kinematics-ws] K clamp binds: eid 1003 demanded 7046 clamped 4096
[kinematics-ws] K clamp binds: eid 1001 demanded 29364 clamped 4096
[kinematics-ws] K clamp binds: eid 1003 demanded 7062 clamped 4096
[kinematics-ws] K clamp binds: eid 1002 demanded 14396 clamped 4096
[kinematics-ws] K clamp binds: eid [kinematics-ws] K clamp binds: eid 1001 1002 demanded demanded 29376 14376clamped  clamped 40964096

[kinematics-ws] K clamp binds: eid 1003 demanded 7056 clamped 4096
[kinematics-ws] K clamp binds: eid 1001 demanded 29376 clamped 4096
[kinematics-ws] K clamp binds: eid 1002 demanded 14392 clamped 4096
[kinematics-ws] K clamp binds: eid 1003 demanded 7045 clamped 4096
[kinematics-ws] K clamp binds: eid 1001 demanded 29365 clamped 4096
[kinematics-ws] K clamp binds: eid 1003 demanded 7054 clamped 4096
[kinematics-ws] K clamp binds: eid 1002 demanded 14395 clamped 4096
[kinematics-ws] K clamp binds: eid 1001 demanded 29348 clamped 4096
[kinematics-ws] K clamp binds: eid 1003 demanded 7067 clamped 4096
[kinematics-ws] K clamp binds: eid 1002 demanded 14380 clamped 4096
[kinematics-ws] K clamp binds: eid 1001 demanded 29353 clamped 4096
[kinematics-ws] K clamp binds: eid 1003 demanded 7065 clamped 4096
[kinematics-ws] K clamp binds: eid 1002 demanded 14395 clamped 4096
[kinematics-ws] K clamp binds: eid 1003 demanded 7055 clamped 4096
[kinematics-ws] K clamp binds: eid 1002 demanded 14407 clamped 4096
[kinematics-ws] K clamp binds: eid 1001 demanded 29387 clamped 4096
[kinematics-ws] K clamp binds: eid 1002 demanded 14399 clamped 4096
[kinematics-ws] K clamp binds: eid 1001 demanded 29357 clamped 4096
[kinematics-ws] K clamp binds: eid 1003 demanded 7051 clamped 4096
[kinematics-ws] K clamp binds: eid 1001 demanded 29361 clamped 4096
[kinematics-ws] K clamp binds: eid 1002 demanded 14390 clamped 4096
[kinematics-ws] K clamp binds: eid 1003 demanded 7056 clamped 4096
[kinematics-ws] K clamp binds: eid 1002 demanded 14392 clamped 4096
[kinematics-ws] K clamp binds: eid 1003 demanded 7066 clamped 4096
[kinematics-ws] K clamp binds: eid 1001 demanded 29367 clamped 4096
[kinematics-ws] K clamp binds: eid 1002 demanded 14399 clamped 4096
[kinematics-ws] K clamp binds: eid 1003 demanded 7072 clamped 4096
[kinematics-ws] K clamp binds: eid 1001 demanded 29375 clamped 4096
[kinematics-ws] K clamp binds: eid 1003 demanded 7074 clamped 4096
[kinematics-ws] K clamp binds: eid 1001 demanded 29347 clamped 4096
[kinematics-ws] K clamp binds: eid 1002 demanded 14405 clamped 4096
[kinematics-ws] K clamp binds: eid 1003 demanded 7073 clamped 4096
[kinematics-ws] K clamp binds: eid 1001 demanded 29386 clamped 4096
[kinematics-ws] K clamp binds: eid 1002 demanded 14409 clamped 4096
[kinematics-ws] K clamp binds: eid 1003 demanded 7071 clamped 4096
[kinematics-ws] K clamp binds: eid 1001 demanded 29401 clamped 4096
[kinematics-ws] K clamp binds: eid 1002 demanded 14410 clamped 4096
[kinematics-ws] K clamp binds: eid 1002 demanded 14408 clamped 4096
[kinematics-ws] K clamp binds: eid 1001 demanded 29391 clamped 4096
[kinematics-ws] K clamp binds: eid 1003 demanded 7068 clamped 4096
[kinematics-ws] K clamp binds: eid 1001 demanded 29383 clamped 4096
[kinematics-ws] K clamp binds: eid 1003 demanded 7066 clamped 4096
[kinematics-ws] K clamp binds: eid 1002 demanded 14403 clamped 4096
[kinematics-ws] K clamp binds: eid 1002 demanded 14397 clamped 4096
[kinematics-ws] K clamp binds: eid 1003 demanded 7066 clamped 4096
[kinematics-ws] K clamp binds: eid 1001 demanded 29384 clamped 4096
[kinematics-ws] K clamp binds: eid 1001 demanded 29393 clamped 4096
[kinematics-ws] K clamp binds: eid 1003 demanded 7066 clamped 4096
[kinematics-ws] K clamp binds: eid 1002 demanded 14396 clamped 4096
[kinematics-ws] K clamp binds: eid 1001 demanded 29407 clamped 4096
[kinematics-ws] K clamp binds: eid 1003 demanded 7067 clamped 4096
[kinematics-ws] K clamp binds: eid 1002 demanded 14405 clamped 4096
[kinematics-ws] K clamp binds: eid 1001 demanded 29403 clamped 4096
[kinematics-ws] K clamp binds: eid 1003 demanded 7069 clamped 4096
[kinematics-ws] K clamp binds: eid 1002 demanded 14419 clamped 4096
[kinematics-ws] K clamp binds: eid 1001 demanded 29369 clamped 4096
[kinematics-ws] K clamp binds: eid 1003 demanded 7072 clamped 4096
[kinematics-ws] K clamp binds: eid 1002 demanded 14414 clamped 4096
[kinematics-ws] K clamp binds: eid 1003 demanded 7075 clamped 4096
[kinematics-ws] K clamp binds: eid 1001 demanded 29382 clamped 4096
[kinematics-ws] K clamp binds: eid 1002 demanded 14394 clamped 4096
[kinematics-ws] K clamp binds: eid 1001 demanded 29396 clamped 4096
[kinematics-ws] K clamp binds: eid 1002 demanded 14402 clamped 4096
[kinematics-ws] K clamp binds: eid 1003 demanded 7078 clamped 4096
[kinematics-ws] K clamp binds: eid[kinematics-ws] K clamp binds: eid  1003 1002 demanded demanded 7077 14416clamped  clamped 40964096

[kinematics-ws] K clamp binds: eid 1001 demanded 29370 clamped 4096
[kinematics-ws] K clamp binds: eid 1003 demanded 7073 clamped 4096
[kinematics-ws] K clamp binds: eid 1001 demanded 29393 clamped 4096
[kinematics-ws] K clamp binds: eid 1002 demanded 14391 clamped 4096
[kinematics-ws] K clamp binds: eid 1001 demanded 29396 clamped 4096
[kinematics-ws] K clamp binds: eid 1003 demanded 7065 clamped 4096
[kinematics-ws] K clamp binds: eid 1002 demanded 14410 clamped 4096
[kinematics-ws] K clamp binds: eid 1003 demanded 7059 clamped 4096
[kinematics-ws] K clamp binds: eid 1002 demanded 14401 clamped 4096
[kinematics-ws] K clamp binds: eid 1001 demanded 29372 clamped 4096
[kinematics-ws] K clamp binds: eid 1001 demanded 29395 clamped 4096
[kinematics-ws] K clamp binds: eid 1002 demanded 14403 clamped 4096
[kinematics-ws] K clamp binds: eid 1003 demanded 7061 clamped 4096
[kinematics-ws] K clamp binds: eid 1001 demanded 29419 clamped 4096
[kinematics-ws] K clamp binds: eid 1003 demanded 7070 clamped 4096
[kinematics-ws] K clamp binds: eid 1002 demanded 14404 clamped 4096
[kinematics-ws] K clamp binds: eid 1001 demanded 29425 clamped 4096
[kinematics-ws] K clamp binds: eid 1002 demanded 14408 clamped 4096
[kinematics-ws] K clamp binds: eid 1003 demanded 7076 clamped 4096
[kinematics-ws] K clamp binds: eid 1001 demanded 29426 clamped 4096
[kinematics-ws] K clamp binds: eid 1002 demanded 14398 clamped 4096
[kinematics-ws] K clamp binds: eid 1003 demanded 7068 clamped 4096
[kinematics-ws] K clamp binds: eid 1001 demanded 29427 clamped 4096
[kinematics-ws] K clamp binds: eid 1002 demanded 14420 clamped 4096
[kinematics-ws] K clamp binds: eid 1003 demanded 7057 clamped 4096
[kinematics-ws] K clamp binds: eid[kinematics-ws] K clamp binds: eid  1001 demanded 29422 clamped 4096
1002 demanded 14399 clamped 4096
[kinematics-ws] K clamp binds: eid 1003 demanded 7063 clamped 4096
[kinematics-ws] K clamp binds: eid 1002 demanded 14409 clamped 4096
[kinematics-ws] K clamp binds: eid 1001 demanded 29404 clamped 4096
[kinematics-ws] K clamp binds: eid 1003 demanded 7074 clamped 4096
[kinematics-ws] K clamp binds: eid 1001 demanded 29390 clamped 4096
[kinematics-ws] K clamp binds: eid 1003 demanded 7065 clamped 4096
[kinematics-ws] K clamp binds: eid 1002 demanded 14427 clamped 4096
[kinematics-ws] K clamp binds: eid 1001 demanded 29415 clamped 4096
[kinematics-ws] K clamp binds: eid 1002 demanded 14413 clamped 4096
[kinematics-ws] K clamp binds: eid 1003 demanded 7055 clamped 4096
[kinematics-ws] K clamp binds: eid 1003 demanded 7070 clamped 4096
[kinematics-ws] K clamp binds: eid 1001 demanded 29407 clamped 4096
[kinematics-ws] K clamp binds: eid 1002 demanded 14404 clamped 4096
[kinematics-ws] K clamp binds: eid 1003 demanded 7068 clamped 4096
[kinematics-ws] K clamp binds: eid 1002 demanded 14415 clamped 4096
[kinematics-ws] K clamp binds: eid 1001 demanded 29395 clamped 4096
[kinematics-ws] K clamp binds: eid 1003 demanded 7054 clamped 4096
[kinematics-ws] K clamp binds: eid 1001 demanded 29412 clamped 4096
[kinematics-ws] K clamp binds: eid 1002 demanded 14429 clamped 4096
[kinematics-ws] K clamp binds: eid 1003 demanded 7070 clamped 4096
[kinematics-ws] K clamp binds: eid 1001 demanded 29408 clamped 4096
[kinematics-ws] K clamp binds: eid 1002 demanded 14436 clamped 4096
[kinematics-ws] K clamp binds: eid 1002 demanded 14437 clamped 4096
[kinematics-ws] K clamp binds: eid 1001 demanded 29395 clamped 4096
[kinematics-ws] K clamp binds: eid 1003 demanded 7063 clamped 4096
[kinematics-ws] K clamp binds: eid 1002 demanded 14436 clamped 4096
[kinematics-ws] K clamp binds: eid 1003 demanded 7057 clamped 4096
[kinematics-ws] K clamp binds: eid 1001 demanded 29426 clamped 4096
[kinematics-ws] K clamp binds: eid 1003 demanded 7072 clamped 4096
[kinematics-ws] K clamp binds: eid 1001 demanded 29433 clamped 4096
[kinematics-ws] K clamp binds: eid 1002 demanded 14435 clamped 4096
[kinematics-ws] K clamp binds: eid 1003 demanded 7053 clamped 4096
[kinematics-ws] K clamp binds: eid 1002 demanded 14435 clamped 4096
[kinematics-ws] K clamp binds: eid 1001 demanded 29424 clamped 4096
[kinematics-ws] K clamp binds: eid 1001 demanded 29418 clamped 4096
[kinematics-ws] K clamp binds: eid 1003 demanded 7071 clamped 4096
[kinematics-ws] K clamp binds: eid 1002 demanded 14438 clamped 4096
[kinematics-ws] K clamp binds: eid 1001 demanded 29418 clamped 4096
[kinematics-ws] K clamp binds: eid 1002 demanded 14440 clamped 4096
[kinematics-ws] K clamp binds: eid 1003 demanded 7056 clamped 4096
[kinematics-ws] K clamp binds: eid 1003 demanded 7068 clamped 4096
[kinematics-ws] K clamp binds: eid 1002 demanded 14438 clamped 4096
[kinematics-ws] K clamp binds: eid 1001 demanded 29423 clamped 4096
[kinematics-ws] K clamp binds: eid 1003 demanded 7059 clamped 4096
[kinematics-ws] K clamp binds: eid 1001 demanded 29435 clamped 4096
[kinematics-ws] K clamp binds: eid 1002 demanded 14431 clamped 4096
[kinematics-ws] K clamp binds: eid 1001 demanded 29445 clamped 4096
[kinematics-ws] K clamp binds: eid 1003 demanded 7068 clamped 4096
[kinematics-ws] K clamp binds: eid 1002 demanded 14420 clamped 4096
[kinematics-ws] K clamp binds: eid 1001 demanded 29427 clamped 4096
[kinematics-ws] K clamp binds: eid 1003 demanded 7059 clamped 4096
[kinematics-ws] K clamp binds: eid 1002 demanded 14418 clamped 4096
[kinematics-ws] K clamp binds: eid 1001 demanded 29409 clamped 4096
[kinematics-ws] K clamp binds: eid 1002 demanded 14432 clamped 4096
[kinematics-ws] K clamp binds: eid 1003 demanded 7071 clamped 4096
[kinematics-ws] K clamp binds: eid 1003 demanded 7057 clamped 4096
[kinematics-ws] K clamp binds: eid 1002 demanded 14434 clamped 4096
[kinematics-ws] K clamp binds: eid 1001 demanded 29440 clamped 4096
[kinematics-ws] K clamp binds: eid 1002 demanded 14416 clamped 4096
[kinematics-ws] K clamp binds: eid 1001 demanded 29410 clamped 4096
[kinematics-ws] K clamp binds: eid 1003 demanded 7075 clamped 4096
[kinematics-ws] K clamp binds: eid 1003 demanded 7058 clamped 4096
[kinematics-ws] K clamp binds: eid 1001 demanded 29440 clamped 4096
[kinematics-ws] K clamp binds: eid 1002 demanded 14424 clamped 4096
[kinematics-ws] K clamp binds: eid 1001 demanded 29410 clamped 4096
[kinematics-ws] K clamp binds: eid 1002 demanded 14432 clamped 4096
[kinematics-ws] K clamp binds: eid 1003 demanded 7071 clamped 4096
[kinematics-ws] K clamp binds: eid 1003 demanded 7070 clamped 4096
[kinematics-ws] K clamp binds: eid 1002 demanded 14412 clamped 4096
[kinematics-ws] K clamp binds: eid 1001 demanded 29438 clamped 4096
[kinematics-ws] K clamp binds: eid 1003 demanded 7060 clamped 4096
[kinematics-ws] K clamp binds: eid 1002 demanded 14433 clamped 4096
[kinematics-ws] K clamp binds: eid 1001 demanded 29447 clamped 4096
[kinematics-ws] K clamp binds: eid 1002 demanded 14414 clamped 4096
[kinematics-ws] K clamp binds: eid 1001 demanded 29431 clamped 4096
[kinematics-ws] K clamp binds: eid 1003 demanded 7078 clamped 4096
[kinematics-ws] K clamp binds: eid 1003 demanded 7069 clamped 4096
[kinematics-ws] K clamp binds: eid 1001 demanded 29426 clamped 4096
[kinematics-ws] K clamp binds: eid 1002 demanded 14433 clamped 4096
[kinematics-ws] K clamp binds: eid 1002 demanded 14415 clamped 4096
[kinematics-ws] K clamp binds: eid 1001 demanded 29430 clamped 4096
[kinematics-ws] K clamp binds: eid 1003 demanded 7063 clamped 4096
[kinematics-ws] K clamp binds: eid 1001 demanded 29432 clamped 4096
[kinematics-ws] K clamp binds: eid 1003 demanded 7080 clamped 4096
[kinematics-ws] K clamp binds: eid 1002 demanded 14436 clamped 4096
[kinematics-ws] K clamp binds: eid 1001 demanded 29430 clamped 4096
[kinematics-ws] K clamp binds: eid 1002 demanded 14418 clamped 4096
[kinematics-ws] K clamp binds: eid 1003 demanded 7077 clamped 4096
[kinematics-ws] K clamp binds: eid 1001 demanded 29432 clamped 4096
[kinematics-ws] K clamp binds: eid 1002 demanded 14431 clamped 4096
[kinematics-ws] K clamp binds: eid 1003 demanded 7065 clamped 4096
[kinematics-ws] K clamp binds: eid 1002 demanded 14438 clamped 4096
[kinematics-ws] K clamp binds: eid 1001 demanded 29449 clamped 4096
[kinematics-ws] K clamp binds: eid 1003 demanded 7073 clamped 4096
[kinematics-ws] K clamp binds: eid 1003 demanded 7085 clamped 4096
[kinematics-ws] K clamp binds: eid 1002 demanded 14422 clamped 4096
[kinematics-ws] K clamp binds: eid 1001 demanded 29467 clamped 4096
[kinematics-ws] K clamp binds: eid 1002 demanded 14432 clamped 4096
[kinematics-ws] K clamp binds: eid 1003 demanded 7082 clamped 4096
[kinematics-ws] K clamp binds: eid 1001 demanded 29437 clamped 4096
[kinematics-ws] K clamp binds: eid 1001 demanded 29436 clamped 4096
[kinematics-ws] K clamp binds: eid 1003 demanded 7072 clamped 4096
[kinematics-ws] K clamp binds: eid 1002 demanded 14447 clamped 4096
[kinematics-ws] K clamp binds: eid [kinematics-ws] K clamp binds: eid 1003 1002demanded  7071 demandedclamped  14443 clamped 40964096

[kinematics-ws] K clamp binds: eid 1001 demanded 29458 clamped 4096
[kinematics-ws] K clamp binds: eid 1002 demanded 14434 clamped 4096
[kinematics-ws] K clamp binds: eid 1003 demanded 7080 clamped 4096
[kinematics-ws] K clamp binds: eid 1001 demanded 29431 clamped 4096
[kinematics-ws] K clamp binds: eid 1003 demanded 7089 clamped 4096
[kinematics-ws] K clamp binds: eid 1002 demanded 14431 clamped 4096
[kinematics-ws] K clamp binds: eid 1001 demanded 29452 clamped 4096
[kinematics-ws] K clamp binds: eid 1002 demanded 14436 clamped 4096
[kinematics-ws] K clamp binds: eid 1001 demanded 29460 clamped 4096
[kinematics-ws] K clamp binds: eid 1003 demanded 7092 clamped 4096
[kinematics-ws] K clamp binds: eid 1001 demanded 29433 clamped 4096
[kinematics-ws] K clamp binds: eid 1003 demanded 7088 clamped 4096
[kinematics-ws] K clamp binds: eid 1002 demanded 14442 clamped 4096
[kinematics-ws] K clamp binds: eid 1001 demanded 29451 clamped 4096
[kinematics-ws] K clamp binds: eid 1003 demanded 7082 clamped 4096
[kinematics-ws] K clamp binds: eid 1002 demanded 14447 clamped 4096
[kinematics-ws] K clamp binds: eid 1003 demanded 7078 clamped 4096
[kinematics-ws] K clamp binds: eid 1001 demanded 29475 clamped 4096
[kinematics-ws] K clamp binds: eid 1002 demanded 14449 clamped 4096
[kinematics-ws] K clamp binds: eid 1001 demanded 29484 clamped 4096
[kinematics-ws] K clamp binds: eid 1002 demanded 14448 clamped 4096
[kinematics-ws] K clamp binds: eid 1003 demanded 7076 clamped 4096
[kinematics-ws] K clamp binds: eid 1001 demanded 29486 clamped 4096
[kinematics-ws] K clamp binds: eid 1003 demanded 7076 clamped 4096
[kinematics-ws] K clamp binds: eid 1002 demanded 14445 clamped 4096
[kinematics-ws] K clamp binds: eid 1001 demanded 29487 clamped 4096
[kinematics-ws] K clamp binds: eid 1002 demanded 14441 clamped 4096
[kinematics-ws] K clamp binds: eid 1003 demanded 7077 clamped 4096
[kinematics-ws] K clamp binds: eid 1003 demanded 7079 clamped 4096
[kinematics-ws] K clamp binds: eid 1002 demanded 14437 clamped 4096
[kinematics-ws] K clamp binds: eid 1001 demanded 29483 clamped 4096
[kinematics-ws] K clamp binds: eid 1003 demanded 7080 clamped 4096
[kinematics-ws] K clamp binds: eid 1001 demanded 29468 clamped 4096
[kinematics-ws] K clamp binds: eid 1002 demanded 14439 clamped 4096
[kinematics-ws] K clamp binds: eid 1002 demanded 14450 clamped 4096
[kinematics-ws] K clamp binds: eid 1003 demanded 7080 clamped 4096
[kinematics-ws] K clamp binds: eid 1001 demanded 29450 clamped 4096
[kinematics-ws] K clamp binds: eid 1003 demanded 7079 clamped 4096
[kinematics-ws] K clamp binds: eid 1002 demanded 14459 clamped 4096
[kinematics-ws] K clamp binds: eid 1001 demanded 29465 clamped 4096
[kinematics-ws] K clamp binds: eid 1002 demanded 14450 clamped 4096
[kinematics-ws] K clamp binds: eid 1001 demanded 29480 clamped 4096
[kinematics-ws] K clamp binds: eid 1003 demanded 7078 clamped 4096
[kinematics-ws] K clamp binds: eid 1001 demanded 29446 clamped 4096
[kinematics-ws] K clamp binds: eid 1003 demanded 7077 clamped 4096
[kinematics-ws] K clamp binds: eid 1002 demanded 14434 clamped 4096
[kinematics-ws] K clamp binds: eid 1001 demanded 29480 clamped 4096
[kinematics-ws] K clamp binds: eid 1003 demanded 7077 clamped 4096
[kinematics-ws] K clamp binds: eid 1002 demanded 14445 clamped 4096
[kinematics-ws] K clamp binds: eid 1001 demanded 29448 clamped 4096
[kinematics-ws] K clamp binds: eid 1003 demanded 7079 clamped 4096
[kinematics-ws] K clamp binds: eid 1002 demanded 14455 clamped 4096
[kinematics-ws] K clamp binds: eid 1001 demanded 29483 clamped 4096
[kinematics-ws] K clamp binds: eid 1003 demanded 7084 clamped 4096
[kinematics-ws] K clamp binds: eid 1002 demanded 14433 clamped 4096
[kinematics-ws] K clamp binds: eid 1001 demanded 29469 clamped 4096
[kinematics-ws] K clamp binds: eid 1003 demanded 7091 clamped 4096
[kinematics-ws] K clamp binds: eid 1002 demanded 14448 clamped 4096
[kinematics-ws] K clamp binds: eid 1002 demanded 14445 clamped 4096
[kinematics-ws] K clamp binds: eid 1003 demanded 7098 clamped 4096
[kinematics-ws] K clamp binds: eid 1001 demanded 29457 clamped 4096
[kinematics-ws] K clamp binds: eid 1001 demanded 29480 clamped 4096
[kinematics-ws] K clamp binds: eid 1002 demanded 14437 clamped 4096
[kinematics-ws] K clamp binds: eid 1003 demanded 7099 clamped 4096
[kinematics-ws] K clamp binds: eid 1001 demanded 29497 clamped 4096
[kinematics-ws] K clamp binds: eid 1002 demanded 14451 clamped 4096
[kinematics-ws] K clamp binds: eid 1003 demanded 7092 clamped 4096
[kinematics-ws] K clamp binds: eid 1002 demanded 14437 clamped 4096
[kinematics-ws] K clamp binds: eid 1003 demanded 7081 clamped 4096
[kinematics-ws] K clamp binds: eid 1001 demanded 29502 clamped 4096
[kinematics-ws] K clamp binds: eid 1001 demanded 29503 clamped 4096
[kinematics-ws] K clamp binds: eid 1002 demanded 14449 clamped 4096
[kinematics-ws] K clamp binds: eid 1003 demanded 7076 clamped 4096
[kinematics-ws] K clamp binds: eid 1003 demanded 7085 clamped 4096
[kinematics-ws] K clamp binds: eid 1002 demanded 14446 clamped 4096
[kinematics-ws] K clamp binds: eid 1001 demanded 29504 clamped 4096
[kinematics-ws] K clamp binds: eid 1001 demanded 29499 clamped 4096
[kinematics-ws] K clamp binds: eid 1002 demanded 14439 clamped 4096
[kinematics-ws] K clamp binds: eid 1003 demanded 7098 clamped 4096
[kinematics-ws] K clamp binds: eid 1003 demanded 7093 clamped 4096
[kinematics-ws] K clamp binds: eid 1002 demanded 14461 clamped 4096
[kinematics-ws] K clamp binds: eid 1001 demanded 29486 clamped 4096
[kinematics-ws] K clamp binds: eid 1002 demanded 14443 clamped 4096
[kinematics-ws] K clamp binds: eid 1003 demanded 7076 clamped 4096
[kinematics-ws] K clamp binds: eid 1001 demanded 29473 clamped 4096
[kinematics-ws] K clamp binds: eid 1002 demanded 14446 clamped 4096
[kinematics-ws] K clamp binds: eid 1001 demanded 29489 clamped 4096
[kinematics-ws] K clamp binds: eid 1003 demanded 7079 clamped 4096
[kinematics-ws] K clamp binds: eid 1002 demanded 14466 clamped 4096[kinematics-ws] K clamp binds: eid
 [kinematics-ws] K clamp binds: eid 1003 demanded 7096 clamped 40961001
 demanded 29493 clamped 4096
[kinematics-ws] K clamp binds: eid 1001 demanded 29470 clamped 4096
[kinematics-ws] K clamp binds: eid 1003 demanded 7088 clamped 4096
[kinematics-ws] K clamp binds: eid 1002 demanded 14461 clamped 4096
[kinematics-ws] K clamp binds: eid 1003 demanded 7073 clamped 4096
[kinematics-ws] K clamp binds: eid 1001 demanded 29498 clamped 4096
[kinematics-ws] K clamp binds: eid 1002 demanded 14448 clamped 4096
[kinematics-ws] K clamp binds: eid 1002 demanded 14449 clamped 4096
[kinematics-ws] K clamp binds: eid 1001 demanded 29471 clamped 4096
[kinematics-ws] K clamp binds: eid 1003 demanded 7088 clamped 4096
[kinematics-ws] K clamp binds: eid 1001 demanded 29496 clamped 4096
[kinematics-ws] K clamp binds: eid 1003 demanded 7092 clamped 4096
[kinematics-ws] K clamp binds: eid 1002 demanded 14461 clamped 4096
[kinematics-ws] K clamp binds: eid 1002 demanded 14472 clamped 4096
[kinematics-ws] K clamp binds: eid 1003 demanded 7072 clamped 4096
[kinematics-ws] K clamp binds: eid 1001 demanded 29494 clamped 4096
[kinematics-ws] K clamp binds: eid 1001 demanded 29480 clamped 4096
[kinematics-ws] K clamp binds: eid 1002 demanded 14477 clamped 4096
[kinematics-ws] K clamp binds: eid 1003 demanded 7089 clamped 4096
[kinematics-ws] K clamp binds: eid 1001 demanded 29494 clamped 4096
[kinematics-ws] K clamp binds: eid 1003 demanded 7087 clamped 4096
[kinematics-ws] K clamp binds: eid 1002 demanded 14478 clamped 4096
[kinematics-ws] K clamp binds: eid 1001 demanded 29511 clamped 4096
[kinematics-ws] K clamp binds: eid 1002 demanded 14478 clamped 4096
[kinematics-ws] K clamp binds: eid 1003 demanded 7073 clamped 4096
[kinematics-ws] K clamp binds: eid 1003 demanded 7094 clamped 4096
[kinematics-ws] K clamp binds: eid 1002 demanded 14478 clamped 4096
[kinematics-ws] K clamp binds: eid 1001 demanded 29518 clamped 4096
[kinematics-ws] K clamp binds: eid 1003 demanded 7074 clamped 4096
[kinematics-ws] K clamp binds: eid 1001 demanded 29520 clamped 4096
[kinematics-ws] K clamp binds: eid 1002 demanded 14479 clamped 4096
[kinematics-ws] K clamp binds: eid 1001 demanded 29521 clamped 4096
[kinematics-ws] K clamp binds: eid 1002 demanded 14479 clamped 4096
[kinematics-ws] K clamp binds: eid 1003 demanded 7087 clamped 4096
[kinematics-ws] K clamp binds: eid 1002 demanded 14476 clamped 4096
[kinematics-ws] K clamp binds: eid 1003 demanded 7083 clamped 4096
[kinematics-ws] K clamp binds: eid 1001 demanded 29517 clamped 4096
[kinematics-ws] K clamp binds: eid 1001 demanded 29505 clamped 4096
[kinematics-ws] K clamp binds: eid 1003 demanded 7079 clamped 4096
[kinematics-ws] K clamp binds: eid 1002 demanded 14470 clamped 4096
[kinematics-ws] K clamp binds: eid 1002 demanded 14461 clamped 4096
[kinematics-ws] K clamp binds: eid 1003 demanded 7089 clamped 4096
[kinematics-ws] K clamp binds: eid 1001 demanded 29496 clamped 4096
[kinematics-ws] K clamp binds: eid 1003 demanded 7076 clamped 4096
[kinematics-ws] K clamp binds: eid 1002 demanded 14458 clamped 4096
[kinematics-ws] K clamp binds: eid 1001 demanded 29507 clamped 4096
[kinematics-ws] K clamp binds: eid 1002 demanded 14467 clamped 4096
[kinematics-ws] K clamp binds: eid 1001 demanded 29514 clamped 4096
[kinematics-ws] K clamp binds: eid 1003 demanded 7091 clamped 4096
[kinematics-ws] K clamp binds: eid 1001 demanded 29492 clamped 4096
[kinematics-ws] K clamp binds: eid 1002 demanded 14476 clamped 4096
[kinematics-ws] K clamp binds: eid 1003 demanded 7077 clamped 4096
[kinematics-ws] K clamp binds: eid 1001 demanded 29514 clamped 4096
[kinematics-ws] K clamp binds: eid 1003 demanded 7089 clamped 4096
[kinematics-ws] K clamp binds: eid 1002 demanded 14465 clamped 4096
[kinematics-ws] K clamp binds: eid 1003 demanded 7082 clamped 4096
[kinematics-ws] K clamp binds: eid 1001 demanded 29493 clamped 4096
[kinematics-ws] K clamp binds: eid 1002 demanded 14455 clamped 4096
[kinematics-ws] K clamp binds: eid 1002 demanded 14471 clamped 4096
[kinematics-ws] K clamp binds: eid 1003 demanded 7083 clamped 4096
[kinematics-ws] K clamp binds: eid 1001 demanded 29518 clamped 4096
[kinematics-ws] K clamp binds: eid 1002 demanded 14465 clamped 4096
[kinematics-ws] K clamp binds: eid 1003 demanded 7092 clamped 4096
[kinematics-ws] K clamp binds: eid 1001 demanded 29502 clamped 4096
[kinematics-ws] K clamp binds: eid 1003 demanded 7075 clamped 4096
[kinematics-ws] K clamp binds: eid 1001 demanded 29506 clamped 4096
[kinematics-ws] K clamp binds: eid 1002 demanded 14455 clamped 4096
[kinematics-ws] K clamp binds: eid 1001 demanded 29526 clamped 4096
[kinematics-ws] K clamp binds: eid 1002 demanded 14473 clamped 4096
[kinematics-ws] K clamp binds: eid 1003 demanded 7099 clamped 4096
[kinematics-ws] K clamp binds: eid 1002 demanded 14453 clamped 4096
[kinematics-ws] K clamp binds: eid 1001 demanded 29530 clamped 4096
[kinematics-ws] K clamp binds: eid 1003 demanded 7080 clamped 4096
[kinematics-ws] K clamp binds: eid 1001 demanded 29526 clamped 4096
[kinematics-ws] K clamp binds: eid 1003 demanded 7087 clamped 4096
[kinematics-ws] K clamp binds: eid 1002 demanded 14472 clamped 4096
[kinematics-ws] K clamp binds: eid 1002 demanded 14455 clamped 4096
[kinematics-ws] K clamp binds: eid 1001 demanded 29523 clamped 4096
[kinematics-ws] K clamp binds: eid 1003 demanded 7099 clamped 4096
[kinematics-ws] K clamp binds: eid 1003 demanded 7079 clamped 4096
[kinematics-ws] K clamp binds: eid 1002 demanded 14474 clamped 4096
[kinematics-ws] K clamp binds: eid 1001 demanded 29523 clamped 4096
[kinematics-ws] K clamp binds: eid 1001 demanded 29527 clamped 4096
[kinematics-ws] K clamp binds: eid 1003 demanded 7091 clamped 4096
[kinematics-ws] K clamp binds: eid 1002 demanded 14455 clamped 4096
[kinematics-ws] K clamp binds: eid 1003 demanded 7103 clamped 4096
[kinematics-ws] K clamp binds: eid 1001 demanded 29534 clamped 4096
[kinematics-ws] K clamp binds: eid 1002 demanded 14475 clamped 4096
[kinematics-ws] K clamp binds: eid 1003 demanded 7085 clamped 4096
[kinematics-ws] K clamp binds: eid 1001 demanded 29539 clamped 4096
[kinematics-ws] K clamp binds: eid 1002 demanded 14465 clamped 4096
[kinematics-ws] K clamp binds: eid 1001 demanded 29529 clamped 4096
[kinematics-ws] K clamp binds: eid 1003 demanded 7086 clamped 4096
[kinematics-ws] K clamp binds: eid 1002 demanded 14463 clamped 4096
[kinematics-ws] K clamp binds: eid 1001 demanded 29515 clamped 4096
[kinematics-ws] K clamp binds: eid 1002 demanded 14481 clamped 4096
[kinematics-ws] K clamp binds: eid 1003 demanded 7105 clamped 4096
[kinematics-ws] K clamp binds: eid [kinematics-ws] K clamp binds: eid 1001 demanded 1002 29530 demanded clamped14472  clamped 40964096

[kinematics-ws] K clamp binds: eid 1003 demanded 7102 clamped 4096
[kinematics-ws] K clamp binds: eid 1002 demanded 14465 clamped 4096
[kinematics-ws] K clamp binds: eid 1003 demanded 7087 clamped 4096
[kinematics-ws] K clamp binds: eid 1001 demanded 29523 clamped 4096
[kinematics-ws] K clamp binds: eid 1001 demanded 29522 clamped 4096
[kinematics-ws] K clamp binds: eid 1002 demanded 14478 clamped 4096
[kinematics-ws] K clamp binds: eid 1003 demanded 7089 clamped 4096
[kinematics-ws] K clamp binds: eid 1002 demanded 14489 clamped 4096
[kinematics-ws] K clamp binds: eid 1001 demanded 29525 clamped 4096
[kinematics-ws] K clamp binds: eid 1003 demanded 7104 clamped 4096
[kinematics-ws] K clamp binds: eid 1001 demanded 29532 clamped 4096
[kinematics-ws] K clamp binds: eid 1003 demanded 7111 clamped 4096
[kinematics-ws] K clamp binds: eid 1002 demanded 14486 clamped 4096
[kinematics-ws] K clamp binds: eid 1001 demanded 29519 clamped 4096
[kinematics-ws] K clamp binds: eid [kinematics-ws] K clamp binds: eid1002 demanded 14478  clamped 40961003 demanded 
7104 clamped 4096
[kinematics-ws] K clamp binds: eid 1002 demanded 14474 clamped 4096
[kinematics-ws] K clamp binds: eid 1003 demanded 7093 clamped 4096
[kinematics-ws] K clamp binds: eid 1001 demanded 29537 clamped 4096
[kinematics-ws] K clamp binds: eid[kinematics-ws] K clamp binds: eid  1002 1003demanded  demanded 14475 7090clamped  clamped 40964096

[kinematics-ws] K clamp binds: eid 1001 demanded 29546 clamped 4096
[kinematics-ws] K clamp binds: eid 1001 demanded 29541 clamped 4096
[kinematics-ws] K clamp binds: eid 1002 demanded 14477 clamped 4096
[kinematics-ws] K clamp binds: eid 1003 demanded 7096 clamped 4096
[kinematics-ws] K clamp binds: eid 1001 demanded 29537 clamped 4096
[kinematics-ws] K clamp binds: eid 1002 demanded 14479 clamped 4096
[kinematics-ws] K clamp binds: eid 1003 demanded 7105 clamped 4096
[kinematics-ws] K clamp binds: eid 1001 demanded 29536 clamped 4096
[kinematics-ws] K clamp binds: eid 1002 demanded 14480 clamped 4096
[kinematics-ws] K clamp binds: eid 1003 demanded 7113 clamped 4096
[kinematics-ws] K clamp binds: eid 1002 demanded 14479 clamped 4096
[kinematics-ws] K clamp binds: eid 1001 demanded 29537 clamped 4096
[kinematics-ws] K clamp binds: eid 1003 demanded 7117 clamped 4096
[kinematics-ws] K clamp binds: eid 1001 demanded 29538 clamped 4096
[kinematics-ws] K clamp binds: eid 1002 demanded 14477 clamped 4096
[kinematics-ws] K clamp binds: eid 1003 demanded 7116 clamped 4096
[kinematics-ws] K clamp binds: eid 1002 demanded 14476 clamped 4096
[kinematics-ws] K clamp binds: eid 1003 demanded 7114 clamped 4096
[kinematics-ws] K clamp binds: eid 1001 demanded 29544 clamped 4096
[kinematics-ws] K clamp binds: eid 1002 demanded 14479 clamped 4096
[kinematics-ws] K clamp binds: eid 1001 demanded 29555 clamped 4096
[kinematics-ws] K clamp binds: eid 1003 demanded 7112 clamped 4096
[kinematics-ws] K clamp binds: eid 1001 demanded 29558 clamped 4096
[kinematics-ws] K clamp binds: eid 1002 demanded 14489 clamped 4096
[kinematics-ws] K clamp binds: eid 1003 demanded 7109 clamped 4096
[kinematics-ws] K clamp binds: eid 1003 demanded 7108 clamped 4096
[kinematics-ws] K clamp binds: eid 1002 demanded 14499 clamped 4096
[kinematics-ws] K clamp binds: eid 1001 demanded 29538 clamped 4096
[kinematics-ws] K clamp binds: eid 1001 demanded 29540 clamped 4096
[kinematics-ws] K clamp binds: eid 1002 demanded 14497 clamped 4096
[kinematics-ws] K clamp binds: eid 1003 demanded 7107 clamped 4096
[kinematics-ws] K clamp binds: eid 1001 demanded 29553 clamped 4096
[kinematics-ws] K clamp binds: eid 1002 demanded 14480 clamped 4096
[kinematics-ws] K clamp binds: eid 1003 demanded 7107 clamped 4096
[kinematics-ws] K clamp binds: eid 1003 demanded 7109 clamped 4096
[kinematics-ws] K clamp binds: eid 1002 demanded 14474 clamped 4096
[kinematics-ws] K clamp binds: eid 1001 demanded 29532 clamped 4096
[kinematics-ws] K clamp binds: eid 1001 demanded 29555 clamped 4096
[kinematics-ws] K clamp binds: eid 1002 demanded 14493 clamped 4096
[kinematics-ws] K clamp binds: eid 1003 demanded 7111 clamped 4096
[kinematics-ws] K clamp binds: eid 1002 demanded 14492 clamped 4096
[kinematics-ws] K clamp binds: eid 1003 demanded 7114 clamped 4096
[kinematics-ws] K clamp binds: eid 1001 demanded 29538 clamped 4096
[kinematics-ws] K clamp binds: eid 1002 demanded 14471 clamped 4096
[kinematics-ws] K clamp binds: eid 1001 demanded 29548 clamped 4096
[kinematics-ws] K clamp binds: eid 1003 demanded 7117 clamped 4096
[kinematics-ws] K clamp binds: eid 1001 demanded 29563 clamped 4096
[kinematics-ws] K clamp binds: eid 1003 demanded 7119 clamped 4096
[kinematics-ws] K clamp binds: eid 1002 demanded 14491 clamped 4096
[kinematics-ws] K clamp binds: eid 1001 demanded 29551 clamped 4096
[kinematics-ws] K clamp binds: eid 1002 demanded 14485 clamped 4096
[kinematics-ws] K clamp binds: eid 1003 demanded 7119 clamped 4096
[kinematics-ws] K clamp binds: eid 1001 demanded 29548 clamped 4096
[kinematics-ws] K clamp binds: eid 1002 demanded 14475 clamped 4096
[kinematics-ws] K clamp binds: eid 1003 demanded 7115 clamped 4096
[kinematics-ws] K clamp binds: eid [kinematics-ws] K clamp binds: eid1002  demanded 14494 clamped 1001 demanded 29556 4096clamped 4096

[kinematics-ws] K clamp binds: eid 1003 demanded 7108 clamped 4096
[kinematics-ws] K clamp binds: eid[kinematics-ws] K clamp binds: eid  10011002  demanded demanded 29564 14471clamped  clamped 40964096

[kinematics-ws] K clamp binds: eid 1003 demanded 7100 clamped 4096
[kinematics-ws] K clamp binds: eid 1002 demanded 14496 clamped 4096
[kinematics-ws] K clamp binds: eid 1001 demanded 29568 clamped 4096
[kinematics-ws] K clamp binds: eid 1003 demanded 7097 clamped 4096
[kinematics-ws] K clamp binds: eid 1001 demanded 29566 clamped 4096
[kinematics-ws] K clamp binds: eid 1002 demanded 14473 clamped 4096
[kinematics-ws] K clamp binds: eid 1003 demanded 7103 clamped 4096
[kinematics-ws] K clamp binds: eid 1001 demanded 29560 clamped 4096
[kinematics-ws] K clamp binds: eid 1002 demanded 14494 clamped 4096
[kinematics-ws] K clamp binds: eid 1003 demanded 7114 clamped 4096
[kinematics-ws] K clamp binds: eid 1001 demanded 29555 clamped 4096
[kinematics-ws] K clamp binds: eid 1003 demanded 7118 clamped 4096
[kinematics-ws] K clamp binds: eid 1002 demanded 14483 clamped 4096
[kinematics-ws] K clamp binds: eid 1003 demanded 7109 clamped 4096
[kinematics-ws] K clamp binds: eid 1001 demanded 29564 clamped 4096
[kinematics-ws] K clamp binds: eid 1002 demanded 14482 clamped 4096
[kinematics-ws] K clamp binds: eid 1003 demanded 7097 clamped 4096
[kinematics-ws] K clamp binds: eid 1002 demanded 14502 clamped 4096
[kinematics-ws] K clamp binds: eid 1001 demanded 29579 clamped 4096
[kinematics-ws] K clamp binds: eid 1003 demanded 7100 clamped 4096
[kinematics-ws] K clamp binds: eid 1002 demanded 14481 clamped 4096
[kinematics-ws] K clamp binds: eid 1001 demanded 29563 clamped 4096
[kinematics-ws] K clamp binds: eid 1003 demanded 7114 clamped 4096
[kinematics-ws] K clamp binds: eid 1002 demanded 14487 clamped 4096
[kinematics-ws] K clamp binds: eid 1001 demanded 29555 clamped 4096
[kinematics-ws] K clamp binds: eid 1001 demanded 29576 clamped 4096
[kinematics-ws] K clamp binds: eid 1002 demanded 14507 clamped 4096
[kinematics-ws] K clamp binds: eid 1003 demanded 7113 clamped 4096
[kinematics-ws] K clamp binds: eid 1002 demanded 14499 clamped 4096
[kinematics-ws] K clamp binds: eid 1001 demanded 29550 clamped 4096
[kinematics-ws] K clamp binds: eid 1003 demanded 7097 clamped 4096
[kinematics-ws] K clamp binds: eid 1003 demanded 7099 clamped 4096
[kinematics-ws] K clamp binds: eid 1002 demanded 14485 clamped 4096
[kinematics-ws] K clamp binds: eid 1001 demanded 29577 clamped 4096
[kinematics-ws] K clamp binds: eid 1002 demanded 14491 clamped 4096
[kinematics-ws] K clamp binds: eid 1001 demanded 29559 clamped 4096
[kinematics-ws] K clamp binds: eid 1003 demanded 7115 clamped 4096
[kinematics-ws] K clamp binds: eid 1003 demanded 7104 clamped 4096
[kinematics-ws] K clamp binds: eid 1002 demanded 14506 clamped 4096
[kinematics-ws] K clamp binds: eid 1001 demanded 29566 clamped 4096
[kinematics-ws] K clamp binds: eid 1003 demanded 7094 clamped 4096
[kinematics-ws] K clamp binds: eid 1002 demanded 14515 clamped 4096
[kinematics-ws] K clamp binds: eid 1001 demanded 29587 clamped 4096
[kinematics-ws] K clamp binds: eid 1002 demanded 14516 clamped 4096
[kinematics-ws] K clamp binds: eid 1003 demanded 7112 clamped 4096
[kinematics-ws] K clamp binds: eid 1001 demanded 29576 clamped 4096
[kinematics-ws] K clamp binds: eid 1001 demanded 29567 clamped 4096
[kinematics-ws] K clamp binds: eid 1003 demanded 7106 clamped 4096
[kinematics-ws] K clamp binds: eid 1002 demanded 14513 clamped 4096
[kinematics-ws] K clamp binds: eid 1001 demanded 29571 clamped 4096
[kinematics-ws] K clamp binds: eid 1003 demanded 7093 clamped 4096
[kinematics-ws] K clamp binds: eid 1002 demanded 14509 clamped 4096
[kinematics-ws] K clamp binds: eid 1003 demanded 7114 clamped 4096
[kinematics-ws] K clamp binds: eid 1001 demanded 29577 clamped 4096
[kinematics-ws] K clamp binds: eid 1002 demanded 14507 clamped 4096
[kinematics-ws] K clamp binds: eid 1003 demanded 7099 clamped 4096
[kinematics-ws] K clamp binds: eid 1002 demanded 14507 clamped 4096
[kinematics-ws] K clamp binds: eid 1001 demanded 29580 clamped 4096
[kinematics-ws] K clamp binds: eid 1001 demanded 29578 clamped 4096
[kinematics-ws] K clamp binds: eid 1002 demanded 14509 clamped 4096
[kinematics-ws] K clamp binds: eid 1003 demanded 7099 clamped 4096
[kinematics-ws] K clamp binds: eid 1001 demanded 29573 clamped 4096
[kinematics-ws] K clamp binds: eid 1002 demanded 14512 clamped 4096
[kinematics-ws] K clamp binds: eid 1003 demanded 7112 clamped 4096
[kinematics-ws] K clamp binds: eid 1003 demanded 7092 clamped 4096
[kinematics-ws] K clamp binds: eid 1002 demanded 14517 clamped 4096
[kinematics-ws] K clamp binds: eid 1001 demanded 29574 clamped 4096
[kinematics-ws] K clamp binds: eid 1002 demanded 14520 clamped 4096
[kinematics-ws] K clamp binds: eid 1003 demanded 7113 clamped 4096
[kinematics-ws] K clamp binds: eid 1001 demanded 29592 clamped 4096
[kinematics-ws] K clamp binds: eid 1001 demanded 29603 clamped 4096
[kinematics-ws] K clamp binds: eid 1003 demanded 7095 clamped 4096
[kinematics-ws] K clamp binds: eid 1002 demanded 14518 clamped 4096
[kinematics-ws] K clamp binds: eid 1001 demanded 29575 clamped 4096
[kinematics-ws] K clamp binds: eid 1003 demanded 7108 clamped 4096
[kinematics-ws] K clamp binds: eid 1002 demanded 14508 clamped 4096
[kinematics-ws] K clamp binds: eid 1002 demanded 14497 clamped 4096
[kinematics-ws] K clamp binds: eid 1003 demanded 7100 clamped 4096
[kinematics-ws] K clamp binds: eid 1001 demanded 29579 clamped 4096
[kinematics-ws] K clamp binds: eid[kinematics-ws] K clamp binds: eid  1001 1003demanded  demanded 710529596 clamped  clamped 40964096

[kinematics-ws] K clamp binds: eid 1002 demanded 14500 clamped 4096
[kinematics-ws] K clamp binds: eid 1002 demanded 14515 clamped 4096
[kinematics-ws] K clamp binds: eid 1003 demanded 7102 clamped 4096
[kinematics-ws] K clamp binds: eid 1001 demanded 29569 clamped 4096
[kinematics-ws] K clamp binds: eid 1001 demanded 29598 clamped 4096
[kinematics-ws] K clamp binds: eid 1002 demanded 14513 clamped 4096
[kinematics-ws] K clamp binds: eid 1003 demanded 7105 clamped 4096
[kinematics-ws] K clamp binds: eid 1001 demanded 29580 clamped 4096
[kinematics-ws] K clamp binds: eid 1002 demanded 14494 clamped 4096
[kinematics-ws] K clamp binds: eid 1003 demanded 7101 clamped 4096
[kinematics-ws] K clamp binds: eid 1002 demanded 14504 clamped 4096
[kinematics-ws] K clamp binds: eid 1001 demanded 29581 clamped 4096
[kinematics-ws] K clamp binds: eid 1003 demanded 7109 clamped 4096
[kinematics-ws] K clamp binds: eid 1003 demanded 7098 clamped 4096
[kinematics-ws] K clamp binds: eid 1001 demanded 29609 clamped 4096
[kinematics-ws] K clamp binds: eid 1002 demanded 14514 clamped 4096
[kinematics-ws] K clamp binds: eid 1001 demanded 29595 clamped 4096
[kinematics-ws] K clamp binds: eid 1003 demanded 7115 clamped 4096
[kinematics-ws] K clamp binds: eid 1002 demanded 14492 clamped 4096
[kinematics-ws] K clamp binds: eid 1001 demanded 29583 clamped 4096
[kinematics-ws] K clamp binds: eid 1003 demanded 7094 clamped 4096
[kinematics-ws] K clamp binds: eid 1002 demanded 14510 clamped 4096
[kinematics-ws] K clamp binds: eid 1003 demanded 7116 clamped 4096
[kinematics-ws] K clamp binds: eid 1002 demanded 14501 clamped 4096
[kinematics-ws] K clamp binds: eid 1001 demanded 29589 clamped 4096
[kinematics-ws] K clamp binds: eid 1002 demanded 14501 clamped 4096
[kinematics-ws] K clamp binds: eid 1003 demanded 7101 clamped 4096
[kinematics-ws] K clamp binds: eid 1001 demanded 29600 clamped 4096
[kinematics-ws] K clamp binds: eid[kinematics-ws] K clamp binds: eid  10011002  demandeddemanded  29606 14508 clamped clamped 40964096

[kinematics-ws] K clamp binds: eid 1003 demanded 7106 clamped 4096
[kinematics-ws] K clamp binds: eid 1002 demanded 14499 clamped 4096
[kinematics-ws] K clamp binds: eid 1003 demanded 7117 clamped 4096
[kinematics-ws] K clamp binds: eid 1001 demanded 29605 clamped 4096
[kinematics-ws] K clamp binds: eid 1001 demanded 29598 clamped 4096
[kinematics-ws] K clamp binds: eid 1002 demanded 14507 clamped 4096
[kinematics-ws] K clamp binds: eid 1003 demanded 7098 clamped 4096
[kinematics-ws] K clamp binds: eid 1002 demanded 14506 clamped 4096
[kinematics-ws] K clamp binds: eid 1001 demanded 29590 clamped 4096
[kinematics-ws] K clamp binds: eid 1003 demanded 7114 clamped 4096
[kinematics-ws] K clamp binds: eid 1001 demanded 29595 clamped 4096
[kinematics-ws] K clamp binds: eid 1002 demanded 14500 clamped 4096
[kinematics-ws] K clamp binds: eid 1003 demanded 7116 clamped 4096
[kinematics-ws] K clamp binds: eid 1002 demanded 14518 clamped 4096
[kinematics-ws] K clamp binds: eid 1001 demanded 29619 clamped 4096
[kinematics-ws] K clamp binds: eid 1003 demanded 7100 clamped 4096
[kinematics-ws] K clamp binds: eid 1003 demanded 7115 clamped 4096
[kinematics-ws] K clamp binds: eid 1002 demanded 14498 clamped 4096
[kinematics-ws] K clamp binds: eid 1001 demanded 29619 clamped 4096
[kinematics-ws] K clamp binds: eid 1002 demanded 14512 clamped 4096
[kinematics-ws] K clamp binds: eid 1003 demanded 7122 clamped 4096
[kinematics-ws] K clamp binds: eid 1001 demanded 29585 clamped 4096
[kinematics-ws] K clamp binds: eid 1002 demanded 14521 clamped 4096
[kinematics-ws] K clamp binds: eid 1001 demanded 29614 clamped 4096
[kinematics-ws] K clamp binds: eid 1003 demanded 7106 clamped 4096
[kinematics-ws] K clamp binds: eid 1001 demanded 29600 clamped 4096
[kinematics-ws] K clamp binds: eid 1002 demanded 14505 clamped 4096
[kinematics-ws] K clamp binds: eid 1003 demanded 7107 clamped 4096
[kinematics-ws] K clamp binds: eid 1001 demanded 29606 clamped 4096
[kinematics-ws] K clamp binds: eid 1003 demanded 7124 clamped 4096
[kinematics-ws] K clamp binds: eid 1002 demanded 14508 clamped 4096
[kinematics-ws] K clamp binds: eid[kinematics-ws] K clamp binds: eid  10031002  demandeddemanded  7123 clamped 14525 clamped 40964096

[kinematics-ws] K clamp binds: eid 1001 demanded 29598 clamped 4096
[kinematics-ws] K clamp binds: eid 1002 demanded 14527 clamped 4096
[kinematics-ws] K clamp binds: eid 1001 demanded 29623 clamped 4096
[kinematics-ws] K clamp binds: eid 1003 demanded 7109 clamped 4096
[kinematics-ws] K clamp binds: eid 1001 demanded 29590 clamped 4096
[kinematics-ws] K clamp binds: eid 1003 demanded 7108 clamped 4096
[kinematics-ws] K clamp binds: eid 1002 demanded 14517 clamped 4096
[kinematics-ws] K clamp binds: eid 1001 demanded 29614 clamped 4096
[kinematics-ws] K clamp binds: eid 1003 demanded 7122 clamped 4096
[kinematics-ws] K clamp binds: eid 1002 demanded 14511 clamped 4096
[kinematics-ws] K clamp binds: eid 1001 demanded 29636 clamped 4096
[kinematics-ws] K clamp binds: eid 1003 demanded 7131 clamped 4096
[kinematics-ws] K clamp binds: eid 1002 demanded 14513 clamped 4096
[kinematics-ws] K clamp binds: eid 1003 demanded 7126 clamped 4096
[kinematics-ws] K clamp binds: eid 1002 demanded 14520 clamped 4096
[kinematics-ws] K clamp binds: eid 1001 demanded 29625 clamped 4096
[kinematics-ws] K clamp binds: eid 1002 demanded 14527 clamped 4096
[kinematics-ws] K clamp binds: eid 1003 demanded 7115 clamped 4096
[kinematics-ws] K clamp binds: eid 1001 demanded 29611 clamped 4096
[kinematics-ws] K clamp binds: eid 1002 demanded 14532 clamped 4096
[kinematics-ws] K clamp binds: eid 1003 demanded 7110 clamped 4096
[kinematics-ws] K clamp binds: eid 1001 demanded 29606 clamped 4096
[kinematics-ws] K clamp binds: eid 1001 demanded 29606 clamped 4096
[kinematics-ws] K clamp binds: eid 1002 demanded 14534 clamped 4096
[kinematics-ws] K clamp binds: eid 1003 demanded 7114 clamped 4096
[kinematics-ws] K clamp binds: eid 1001 demanded 29607 clamped 4096
[kinematics-ws] K clamp binds: eid 1002 demanded 14535 clamped 4096
[kinematics-ws] K clamp binds: eid 1003 demanded 7123 clamped 4096
[kinematics-ws] K clamp binds: eid 1002 demanded 14534 clamped 4096
[kinematics-ws] K clamp binds: eid 1001 demanded 29610 clamped 4096
[kinematics-ws] K clamp binds: eid 1003 demanded 7131 clamped 4096
[kinematics-ws] K clamp binds: eid 1003 demanded 7136 clamped 4096
[kinematics-ws] K clamp binds: eid 1002 demanded 14531 clamped 4096
[kinematics-ws] K clamp binds: eid 1001 demanded 29622 clamped 4096
[kinematics-ws] K clamp binds: eid 1001 demanded 29643 clamped 4096
[kinematics-ws] K clamp binds: eid 1003 demanded 7135 clamped 4096
[kinematics-ws] K clamp binds: eid 1002 demanded 14526 clamped 4096
[kinematics-ws] K clamp binds: eid 1003 demanded 7133 clamped 4096
[kinematics-ws] K clamp binds: eid 1001 demanded 29646 clamped 4096
[kinematics-ws] K clamp binds: eid 1002 demanded 14520 clamped 4096
[kinematics-ws] K clamp binds: eid 1001 demanded 29612 clamped 4096
[kinematics-ws] K clamp binds: eid 1003 demanded 7129 clamped 4096
[kinematics-ws] K clamp binds: eid 1002 demanded 14517 clamped 4096
[kinematics-ws] K clamp binds: eid 1002 demanded 14522 clamped 4096
[kinematics-ws] K clamp binds: eid 1003 demanded 7126 clamped 4096
[kinematics-ws] K clamp binds: eid 1001 demanded 29615 clamped 4096
[kinematics-ws] K clamp binds: eid 1001 demanded 29645 clamped 4096
[kinematics-ws] K clamp binds: eid 1003 demanded 7123 clamped 4096
[kinematics-ws] K clamp binds: eid 1002 demanded 14533 clamped 4096
[kinematics-ws] K clamp binds: eid 1001 demanded 29601 clamped 4096
[kinematics-ws] K clamp binds: eid 1002 demanded 14539 clamped 4096
[kinematics-ws] K clamp binds: eid 1003 demanded 7121 clamped 4096
[kinematics-ws] K clamp binds: eid 1002 demanded 14527 clamped 4096
[kinematics-ws] K clamp binds: eid 1003 demanded 7121 clamped 4096
[kinematics-ws] K clamp binds: eid 1001 demanded 29645 clamped 4096
[kinematics-ws] K clamp binds: eid 1002 demanded 14514 clamped 4096
[kinematics-ws] K clamp binds: eid 1003 demanded 7121 clamped 4096
[kinematics-ws] K clamp binds: eid 1001 demanded 29602 clamped 4096
[kinematics-ws] K clamp binds: eid 1001 demanded 29647 clamped 4096
[kinematics-ws] K clamp binds: eid 1002 demanded 14526 clamped 4096
[kinematics-ws] K clamp binds: eid 1003 demanded 7121 clamped 4096
[kinematics-ws] K clamp binds: eid 1002 demanded 14535 clamped 4096
[kinematics-ws] K clamp binds: eid 1001 demanded 29621 clamped 4096
[kinematics-ws] K clamp binds: eid 1003 demanded 7122 clamped 4096
[kinematics-ws] K clamp binds: eid 1001 demanded 29616 clamped 4096
[kinematics-ws] K clamp binds: eid 1002 demanded 14516 clamped 4096
[kinematics-ws] K clamp binds: eid 1003 demanded 7125 clamped 4096
[kinematics-ws] K clamp binds: eid 1003 demanded 7128 clamped 4096
[kinematics-ws] K clamp binds: eid 1002 demanded 14522 clamped 4096
[kinematics-ws] K clamp binds: eid 1001 demanded 29652 clamped 4096
[kinematics-ws] K clamp binds: eid 1001 demanded 29656 clamped 4096
[kinematics-ws] K clamp binds: eid 1003 demanded 7132 clamped 4096
[kinematics-ws] K clamp binds: eid 1002 demanded 14533 clamped 4096
[kinematics-ws] K clamp binds: eid 1001 demanded 29638 clamped 4096
[kinematics-ws] K clamp binds: eid 1003 demanded 7136 clamped 4096
[kinematics-ws] K clamp binds: eid 1002 demanded 14512 clamped 4096
[kinematics-ws] K clamp binds: eid 1003 demanded 7139 clamped 4096
[kinematics-ws] K clamp binds: eid 1001 demanded 29627 clamped 4096
[kinematics-ws] K clamp binds: eid 1002 demanded 14533 clamped 4096
[kinematics-ws] K clamp binds: eid 1003 demanded 7139 clamped 4096
[kinematics-ws] K clamp binds: eid 1002 demanded 14516 clamped 4096
[kinematics-ws] K clamp binds: eid 1001 demanded 29624 clamped 4096
[kinematics-ws] K clamp binds: eid 1002 demanded 14528 clamped 4096
[kinematics-ws] K clamp binds: eid 1001 demanded 29625 clamped 4096
[kinematics-ws] K clamp binds: eid 1003 demanded 7135 clamped 4096
[kinematics-ws] K clamp binds: eid 1001 demanded 29627 clamped 4096
[kinematics-ws] K clamp binds: eid 1002 demanded 14519 clamped 4096
[kinematics-ws] K clamp binds: eid 1003 demanded 7127 clamped 4096
[kinematics-ws] K clamp binds: eid 1003 demanded 7119 clamped 4096
[kinematics-ws] K clamp binds: eid 1002 demanded 14530 clamped 4096
[kinematics-ws] K clamp binds: eid 1001 demanded 29634 clamped 4096
[kinematics-ws] K clamp binds: eid 1002 demanded 14516 clamped 4096
[kinematics-ws] K clamp binds: eid 1003 demanded 7117 clamped 4096
[kinematics-ws] K clamp binds: eid 1001 demanded 29653 clamped 4096
[kinematics-ws] K clamp binds: eid 1001 demanded 29671 clamped 4096
[kinematics-ws] K clamp binds: eid 1002 demanded 14537 clamped 4096
[kinematics-ws] K clamp binds: eid 1003 demanded 7124 clamped 4096
[kinematics-ws] K clamp binds: eid 1002 demanded 14515 clamped 4096
[kinematics-ws] K clamp binds: eid 1003 demanded 7135 clamped 4096
[kinematics-ws] K clamp binds: eid 1001 demanded 29653 clamped 4096
[kinematics-ws] K clamp binds: eid 1003 demanded 7138 clamped 4096
[kinematics-ws] K clamp binds: eid 1002 demanded 14534 clamped 4096
[kinematics-ws] K clamp binds: eid 1001 demanded 29621 clamped 4096
[kinematics-ws] K clamp binds: eid 1002 demanded 14533 clamped 4096
[kinematics-ws] K clamp binds: eid 1003 demanded 7128 clamped 4096
[kinematics-ws] K clamp binds: eid 1001 demanded 29656 clamped 4096
[kinematics-ws] K clamp binds: eid 1001 demanded 29648 clamped 4096
[kinematics-ws] K clamp binds: eid 1002 demanded 14519 clamped 4096
[kinematics-ws] K clamp binds: eid 1003 demanded 7116 clamped 4096
[kinematics-ws] K clamp binds: eid 1002 demanded 14538 clamped 4096
[kinematics-ws] K clamp binds: eid 1003 demanded 7120 clamped 4096
[kinematics-ws] K clamp binds: eid 1001 demanded 29630 clamped 4096
[kinematics-ws] K clamp binds: eid 1003 demanded 7135 clamped 4096
[kinematics-ws] K clamp binds: eid 1001 demanded 29659 clamped 4096
[kinematics-ws] K clamp binds: eid 1002 demanded 14542 clamped 4096
[kinematics-ws] K clamp binds: eid 1001 demanded 29635 clamped 4096
[kinematics-ws] K clamp binds: eid 1002 demanded 14527 clamped 4096
[kinematics-ws] K clamp binds: eid 1003 demanded 7134 clamped 4096
[kinematics-ws] K clamp binds: eid 1003 demanded 7118 clamped 4096
[kinematics-ws] K clamp binds: eid 1002 demanded 14528 clamped 4096
[kinematics-ws] K clamp binds: eid 1001 demanded 29644 clamped 4096
[kinematics-ws] K clamp binds: eid 1001 demanded 29669 clamped 4096
[kinematics-ws] K clamp binds: eid 1003 demanded 7118 clamped 4096
[kinematics-ws] K clamp binds: eid 1002 demanded 14544 clamped 4096
[kinematics-ws] K clamp binds: eid 1002 demanded 14552 clamped 4096
[kinematics-ws] K clamp binds: eid 1003 demanded 7134 clamped 4096
[kinematics-ws] K clamp binds: eid 1001 demanded 29632 clamped 4096
[kinematics-ws] K clamp binds: eid 1002 demanded 14547 clamped 4096
[kinematics-ws] K clamp binds: eid 1001 demanded 29644 clamped 4096
[kinematics-ws] K clamp binds: eid 1003 demanded 7129 clamped 4096
[kinematics-ws] K clamp binds: eid 1003 demanded 7113 clamped 4096
[kinematics-ws] K clamp binds: eid 1001 demanded 29677 clamped 4096
[kinematics-ws] K clamp binds: eid 1002 demanded 14539 clamped 4096
[kinematics-ws] K clamp binds: eid 1001 demanded 29684 clamped 4096
[kinematics-ws] K clamp binds: eid 1002 demanded 14534 clamped 4096
[kinematics-ws] K clamp binds: eid 1003 demanded 7127 clamped 4096
[kinematics-ws] K clamp binds: eid 1003 demanded 7133 clamped 4096
[kinematics-ws] K clamp binds: eid 1002 demanded 14533 clamped 4096
[kinematics-ws] K clamp binds: eid 1001 demanded 29675 clamped 4096
[kinematics-ws] K clamp binds: eid 1002 demanded 14535 clamped 4096
[kinematics-ws] K clamp binds: eid 1003 demanded 7113 clamped 4096
[kinematics-ws] K clamp binds: eid 1001 demanded 29667 clamped 4096
[kinematics-ws] K clamp binds: eid 1002 demanded 14537 clamped 4096
[kinematics-ws] K clamp binds: eid 1003 demanded 7125 clamped 4096
[kinematics-ws] K clamp binds: eid 1001 demanded 29665 clamped 4096
[kinematics-ws] K clamp binds: eid 1001 demanded 29670 clamped 4096
[kinematics-ws] K clamp binds: eid 1003 demanded 7132 clamped 4096
[kinematics-ws] K clamp binds: eid 1002 demanded 14538 clamped 4096
[kinematics-ws] K clamp binds: eid 1001 demanded 29680 clamped 4096
[kinematics-ws] K clamp binds: eid 1003 demanded 7112 clamped 4096
[kinematics-ws] K clamp binds: eid 1002 demanded 14538 clamped 4096
[kinematics-ws] K clamp binds: eid 1001 demanded 29690 clamped 4096
[kinematics-ws] K clamp binds: eid 1003 demanded 7130 clamped 4096
[kinematics-ws] K clamp binds: eid 1002 demanded 14537 clamped 4096
[kinematics-ws] K clamp binds: eid 1001 demanded 29682 clamped 4096
[kinematics-ws] K clamp binds: eid 1002 demanded 14535 clamped 4096
[kinematics-ws] K clamp binds: eid 1003 demanded 7123 clamped 4096
[kinematics-ws] K clamp binds: eid 1001 demanded 29652 clamped 4096
[kinematics-ws] K clamp binds: eid 1002 demanded 14536 clamped 4096
[kinematics-ws] K clamp binds: eid 1003 demanded 7116 clamped 4096
[kinematics-ws] K clamp binds: eid 1003 demanded 7134 clamped 4096
[kinematics-ws] K clamp binds: eid 1001 demanded 29651 clamped 4096
[kinematics-ws] K clamp binds: eid 1002 demanded 14541 clamped 4096
[kinematics-ws] K clamp binds: eid 1002 demanded 14552 clamped 4096
[kinematics-ws] K clamp binds: eid 1003 demanded 7112 clamped 4096
[kinematics-ws] K clamp binds: eid 1001 demanded 29686 clamped 4096
[kinematics-ws] K clamp binds: eid 1003 demanded 7132 clamped 4096
[kinematics-ws] K clamp binds: eid 1002 demanded 14561 clamped 4096
[kinematics-ws] K clamp binds: eid 1001 demanded 29653 clamped 4096
[kinematics-ws] K clamp binds: eid 1003 demanded 7117 clamped 4096
[kinematics-ws] K clamp binds: eid 1001 demanded 29663 clamped 4096
[kinematics-ws] K clamp binds: eid 1002 demanded 14558 clamped 4096
[kinematics-ws] K clamp binds: eid 1003 demanded 7126 clamped 4096
[kinematics-ws] K clamp binds: eid 1002 demanded 14542 clamped 4096
[kinematics-ws] K clamp binds: eid 1001 demanded 29668 clamped 4096
[kinematics-ws] K clamp binds: eid 1001 demanded 29662 clamped 4096
[kinematics-ws] K clamp binds: eid 1002 demanded 14533 clamped 4096
[kinematics-ws] K clamp binds: eid 1003 demanded 7122 clamped 4096
[kinematics-ws] K clamp binds: eid 1001 demanded 29660 clamped 4096
[kinematics-ws] K clamp binds: eid 1002 demanded 14549 clamped 4096
[kinematics-ws] K clamp binds: eid 1003 demanded 7122 clamped 4096
[kinematics-ws] K clamp binds: eid 1001 demanded 29686 clamped 4096
[kinematics-ws] K clamp binds: eid 1003 demanded 7126 clamped 4096
[kinematics-ws] K clamp binds: eid 1002 demanded 14559 clamped 4096
[kinematics-ws] K clamp binds: eid 1002 demanded 14537 clamped 4096
[kinematics-ws] K clamp binds: eid 1003 demanded 7121 clamped 4096
[kinematics-ws] K clamp binds: eid 1001 demanded 29650 clamped 4096
[kinematics-ws] K clamp binds: eid 1001 demanded 29671 clamped 4096
[kinematics-ws] K clamp binds: eid 1002 demanded 14537 clamped 4096
[kinematics-ws] K clamp binds: eid 1003 demanded 7126 clamped 4096
[kinematics-ws] K clamp binds: eid 1001 demanded 29698 clamped 4096
[kinematics-ws] K clamp binds: eid 1003 demanded 7124 clamped 4096
[kinematics-ws] K clamp binds: eid 1002 demanded 14558 clamped 4096
[kinematics-ws] K clamp binds: eid 1003 demanded 7122 clamped 4096
[kinematics-ws] K clamp binds: eid 1002 demanded 14534 clamped 4096
[kinematics-ws] K clamp binds: eid 1001 demanded 29690 clamped 4096
[kinematics-ws] K clamp binds: eid 1003 demanded 7130 clamped 4096
[kinematics-ws] K clamp binds: eid 1002 demanded 14543 clamped 4096
[kinematics-ws] K clamp binds: eid 1001 demanded 29673 clamped 4096
[kinematics-ws] K clamp binds: eid 1003 demanded 7117 clamped 4096
[kinematics-ws] K clamp binds: eid 1001 demanded 29665 clamped 4096
[kinematics-ws] K clamp binds: eid 1002 demanded 14550 clamped 4096
[kinematics-ws] K clamp binds: eid 1001 demanded 29664 clamped 4096
[kinematics-ws] K clamp binds: eid 1003 demanded 7136 clamped 4096
[kinematics-ws] K clamp binds: eid 1002 demanded 14531 clamped 4096
[kinematics-ws] K clamp binds: eid 1001 demanded 29665 clamped 4096
[kinematics-ws] K clamp binds: eid 1002 demanded 14556 clamped 4096
[kinematics-ws] K clamp binds: eid 1003 demanded 7115 clamped 4096
[kinematics-ws] K clamp binds: eid 1001 demanded 29666 clamped 4096
[kinematics-ws] K clamp binds: eid 1002 demanded 14529 clamped 4096
[kinematics-ws] K clamp binds: eid 1003 demanded 7135 clamped 4096
[kinematics-ws] K clamp binds: eid 1001 demanded 29673 clamped 4096
[kinematics-ws] K clamp binds: eid [kinematics-ws] K clamp binds: eid 1003 demanded 7125 clamped 4096
1002 demanded 14557 clamped 4096
[kinematics-ws] K clamp binds: eid 1001 demanded 29691 clamped 4096
[kinematics-ws] K clamp binds: eid 1002 demanded 14531 clamped 4096
[kinematics-ws] K clamp binds: eid 1003 demanded 7122 clamped 4096
[kinematics-ws] K clamp binds: eid 1003 demanded 7139 clamped 4096
[kinematics-ws] K clamp binds: eid 1002 demanded 14556 clamped 4096
[kinematics-ws] K clamp binds: eid 1001 demanded 29711 clamped 4096
[kinematics-ws] K clamp binds: eid 1003 demanded 7120 clamped 4096
[kinematics-ws] K clamp binds: eid 1002 demanded 14539 clamped 4096
[kinematics-ws] K clamp binds: eid 1001 demanded 29697 clamped 4096
[kinematics-ws] K clamp binds: eid 1001 demanded 29662 clamped 4096
[kinematics-ws] K clamp binds: eid 1002 demanded 14545 clamped 4096
[kinematics-ws] K clamp binds: eid 1003 demanded 7129 clamped 4096
[kinematics-ws] K clamp binds: eid 1003 demanded 7140 clamped 4096
[kinematics-ws] K clamp binds: eid 1002 demanded 14558 clamped 4096
[kinematics-ws] K clamp binds: eid 1001 demanded 29689 clamped 4096
[kinematics-ws] K clamp binds: eid 1001 demanded 29697 clamped 4096
[kinematics-ws] K clamp binds: eid 1003 demanded 7121 clamped 4096
[kinematics-ws] K clamp binds: eid 1002 demanded 14535 clamped 4096
[kinematics-ws] K clamp binds: eid 1002 demanded 14555 clamped 4096
[kinematics-ws] K clamp binds: eid 1001 demanded 29661 clamped 4096
[kinematics-ws] K clamp binds: eid 1003 demanded 7130 clamped 4096
[kinematics-ws] K clamp binds: eid 1001 demanded 29707 clamped 4096
[kinematics-ws] K clamp binds: eid 1002 demanded 14562 clamped 4096
[kinematics-ws] K clamp binds: eid 1003 demanded 7144 clamped 4096
[kinematics-ws] K clamp binds: eid 1001 demanded 29661 clamped 4096
[kinematics-ws] K clamp binds: eid 1002 demanded 14542 clamped 4096
[kinematics-ws] K clamp binds: eid 1003 demanded 7128 clamped 4096
[kinematics-ws] K clamp binds: eid 1001 demanded 29705 clamped 4096
[kinematics-ws] K clamp binds: eid 1002 demanded 14548 clamped 4096
[kinematics-ws] K clamp binds: eid 1003 demanded 7124 clamped 4096
[kinematics-ws] K clamp binds: eid 1001 demanded 29681 clamped 4096
[kinematics-ws] K clamp binds: eid 1002 demanded 14568 clamped 4096
[kinematics-ws] K clamp binds: eid 1003 demanded 7142 clamped 4096
[kinematics-ws] K clamp binds: eid 1003 demanded 7144 clamped 4096
[kinematics-ws] K clamp binds: eid 1002 demanded 14567 clamped 4096
[kinematics-ws] K clamp binds: eid 1001 demanded 29675 clamped 4096
[kinematics-ws] K clamp binds: eid 1002 demanded 14552 clamped 4096
[kinematics-ws] K clamp binds: eid 1003 demanded 7129 clamped 4096
[kinematics-ws] K clamp binds: eid 1001 demanded 29715 clamped 4096
[kinematics-ws] K clamp binds: eid 1003 demanded 7127 clamped 4096
[kinematics-ws] K clamp binds: eid 1002 demanded 14547 clamped 4096
[kinematics-ws] K clamp binds: eid 1001 demanded 29702 clamped 4096
[kinematics-ws] K clamp binds: eid 1002 demanded 14554 clamped 4096
[kinematics-ws] K clamp binds: eid 1001 demanded 29678 clamped 4096
[kinematics-ws] K clamp binds: eid 1003 demanded 7142 clamped 4096
[kinematics-ws] K clamp binds: eid 1001 demanded 29680 clamped 4096
[kinematics-ws] K clamp binds: eid 1003 demanded 7150 clamped 4096
[kinematics-ws] K clamp binds: eid 1002 demanded 14566 clamped 4096
[kinematics-ws] K clamp binds: eid 1002 demanded 14575 clamped 4096
[kinematics-ws] K clamp binds: eid 1003 demanded 7141 clamped 4096
[kinematics-ws] K clamp binds: eid 1001 demanded 29696 clamped 4096
[kinematics-ws] K clamp binds: eid 1001 demanded 29708 clamped 4096
[kinematics-ws] K clamp binds: eid 1003 demanded 7130 clamped 4096
[kinematics-ws] K clamp binds: eid 1002 demanded 14579 clamped 4096
[kinematics-ws] K clamp binds: eid 1001 demanded 29713 clamped 4096
[kinematics-ws] K clamp binds: eid 1002 demanded 14580 clamped 4096
[kinematics-ws] K clamp binds: eid 1003 demanded 7130 clamped 4096
[kinematics-ws] K clamp binds: eid 1003 demanded 7141 clamped 4096
[kinematics-ws] K clamp binds: eid 1002 demanded 14579 clamped 4096
[kinematics-ws] K clamp binds: eid 1001 demanded 29710 clamped 4096
[kinematics-ws] K clamp binds: eid 1001 demanded 29700 clamped 4096
[kinematics-ws] K clamp binds: eid 1003 demanded 7151 clamped 4096
[kinematics-ws] K clamp binds: eid 1002 demanded 14579 clamped 4096
[kinematics-ws] K clamp binds: eid 1001 demanded 29686 clamped 4096
[kinematics-ws] K clamp binds: eid 1003 demanded 7154 clamped 4096
[kinematics-ws] K clamp binds: eid 1002 demanded 14579 clamped 4096
[kinematics-ws] K clamp binds: eid 1001 demanded 29686 clamped 4096
[kinematics-ws] K clamp binds: eid 1003 demanded 7149 clamped 4096
[kinematics-ws] K clamp binds: eid 1002 demanded 14580 clamped 4096
[kinematics-ws] K clamp binds: eid 1003 demanded 7141 clamped 4096
[kinematics-ws] K clamp binds: eid 1001 demanded 29712 clamped 4096
[kinematics-ws] K clamp binds: eid 1002 demanded 14581 clamped 4096
[kinematics-ws] K clamp binds: eid 1001 demanded 29731 clamped 4096
[kinematics-ws] K clamp binds: eid 1002 demanded 14579 clamped 4096
[kinematics-ws] K clamp binds: eid 1003 demanded 7135 clamped 4096
[kinematics-ws] K clamp binds: eid 1003 demanded 7133 clamped 4096
[kinematics-ws] K clamp binds: eid 1001 demanded 29694 clamped 4096
[kinematics-ws] K clamp binds: eid 1002 demanded 14574 clamped 4096
[kinematics-ws] K clamp binds: eid 1001 demanded 29691 clamped 4096
[kinematics-ws] K clamp binds: eid 1002 demanded 14565 clamped 4096
[kinematics-ws] K clamp binds: eid 1003 demanded 7135 clamped 4096
[kinematics-ws] K clamp binds: eid 1001 demanded 29728 clamped 4096
[kinematics-ws] K clamp binds: eid 1002 demanded 14557 clamped 4096
[kinematics-ws] K clamp binds: eid 1003 demanded 7139 clamped 4096
[kinematics-ws] K clamp binds: eid 1001 demanded 29678 clamped 4096
[kinematics-ws] K clamp binds: eid 1002 demanded 14559 clamped 4096
[kinematics-ws] K clamp binds: eid 1003 demanded 7143 clamped 4096
[kinematics-ws] K clamp binds: eid 1001 demanded 29728 clamped 4096
[kinematics-ws] K clamp binds: eid 1003 demanded 7147 clamped 4096
[kinematics-ws] K clamp binds: eid 1002 demanded 14571 clamped 4096
[kinematics-ws] K clamp binds: eid 1002 demanded 14579 clamped 4096
[kinematics-ws] K clamp binds: eid 1001 demanded 29679 clamped 4096
[kinematics-ws] K clamp binds: eid 1003 demanded 7151 clamped 4096
[kinematics-ws] K clamp binds: eid 1003 demanded 7153 clamped 4096
[kinematics-ws] K clamp binds: eid 1002 demanded 14568 clamped 4096
[kinematics-ws] K clamp binds: eid 1001 demanded 29731 clamped 4096
[kinematics-ws] K clamp binds: eid 1001 demanded 29692 clamped 4096
[kinematics-ws] K clamp binds: eid 1003 demanded 7154 clamped 4096
[kinematics-ws] K clamp binds: eid 1002 demanded 14554 clamped 4096
[kinematics-ws] K clamp binds: eid 1002 demanded 14566 clamped 4096
[kinematics-ws] K clamp binds: eid 1001 demanded 29703 clamped 4096
[kinematics-ws] K clamp binds: eid 1003 demanded 7155 clamped 4096
[kinematics-ws] K clamp binds: eid 1002 demanded 14576 clamped 4096
[kinematics-ws] K clamp binds: eid 1001 demanded 29738 clamped 4096
[kinematics-ws] K clamp binds: eid 1003 demanded 7155 clamped 4096
[kinematics-ws] K clamp binds: eid 1002 demanded 14556 clamped 4096
[kinematics-ws] K clamp binds: eid 1001 demanded 29714 clamped 4096
[kinematics-ws] K clamp binds: eid 1003 demanded 7154 clamped 4096
[kinematics-ws] K clamp binds: eid 1002 demanded 14561 clamped 4096
[kinematics-ws] K clamp binds: eid 1003 demanded 7153 clamped 4096
[kinematics-ws] K clamp binds: eid 1001 demanded 29694 clamped 4096
[kinematics-ws] K clamp binds: eid 1001 demanded 29705 clamped 4096
[kinematics-ws] K clamp binds: eid 1002 demanded 14574 clamped 4096
[kinematics-ws] K clamp binds: eid 1003 demanded 7150 clamped 4096
[kinematics-ws] K clamp binds: eid 1001 demanded 29725 clamped 4096
[kinematics-ws] K clamp binds: eid 1002 demanded 14552 clamped 4096
[kinematics-ws] K clamp binds: eid 1003 demanded 7147 clamped 4096
[kinematics-ws] K clamp binds: eid 1001 demanded 29738 clamped 4096
[kinematics-ws] K clamp binds: eid 1002 demanded 14570 clamped 4096
[kinematics-ws] K clamp binds: eid 1003 demanded 7143 clamped 4096
[kinematics-ws] K clamp binds: eid 1001 demanded 29744 clamped 4096
[kinematics-ws] K clamp binds: eid 1003 demanded 7139 clamped 4096
[kinematics-ws] K clamp binds: eid 1002 demanded 14560 clamped 4096
[kinematics-ws] K clamp binds: eid 1002 demanded 14562 clamped 4096
[kinematics-ws] K clamp binds: eid 1003 demanded 7137 clamped 4096
[kinematics-ws] K clamp binds: eid 1001 demanded 29743 clamped 4096
[kinematics-ws] K clamp binds: eid 1001 demanded 29734 clamped 4096
[kinematics-ws] K clamp binds: eid 1003 demanded 7137 clamped 4096
[kinematics-ws] K clamp binds: eid 1002 demanded 14567 clamped 4096
[kinematics-ws] K clamp binds: eid 1001 demanded 29718 clamped 4096
[kinematics-ws] K clamp binds: eid 1002 demanded 14559 clamped 4096
[kinematics-ws] K clamp binds: eid 1003 demanded 7142 clamped 4096
[kinematics-ws] K clamp binds: eid 1001 demanded 29704 clamped 4096
[kinematics-ws] K clamp binds: eid 1002 demanded 14567 clamped 4096
[kinematics-ws] K clamp binds: eid 1003 demanded 7149 clamped 4096
[kinematics-ws] K clamp binds: eid 1001 demanded 29713 clamped 4096
[kinematics-ws] K clamp binds: eid 1003 demanded 7157 clamped 4096
[kinematics-ws] K clamp binds: eid 1002 demanded 14564 clamped 4096
[kinematics-ws] K clamp binds: eid 1001 demanded 29745 clamped 4096
[kinematics-ws] K clamp binds: eid 1002 demanded 14562 clamped 4096
[kinematics-ws] K clamp binds: eid 1003 demanded 7160 clamped 4096
[kinematics-ws] K clamp binds: eid 1003 demanded 7155 clamped 4096
[kinematics-ws] K clamp binds: eid 1002 demanded 14574 clamped 4096
[kinematics-ws] K clamp binds: eid 1001 demanded 29739 clamped 4096
[kinematics-ws] K clamp binds: eid 1002 demanded 14555 clamped 4096
[kinematics-ws] K clamp binds: eid 1003 demanded 7144 clamped 4096
[kinematics-ws] K clamp binds: eid 1001 demanded 29699 clamped 4096
[kinematics-ws] K clamp binds: eid 1001 demanded 29738 clamped 4096
[kinematics-ws] K clamp binds: eid 1002 demanded 14578 clamped 4096
[kinematics-ws] K clamp binds: eid 1003 demanded 7136 clamped 4096
[kinematics-ws] K clamp binds: eid 1001 demanded 29723 clamped 4096
[kinematics-ws] K clamp binds: eid 1002 demanded 14568 clamped 4096
[kinematics-ws] K clamp binds: eid 1003 demanded 7139 clamped 4096
[kinematics-ws] K clamp binds: eid 1003 demanded 7152 clamped 4096
[kinematics-ws] K clamp binds: eid 1002 demanded 14561 clamped 4096
[kinematics-ws] K clamp binds: eid 1001 demanded 29716 clamped 4096
[kinematics-ws] K clamp binds: eid 1001 demanded 29732 clamped 4096
[kinematics-ws] K clamp binds: eid 1003 demanded 7159 clamped 4096
[kinematics-ws] K clamp binds: eid 1002 demanded 14582 clamped 4096
[kinematics-ws] K clamp binds: eid 1003 demanded 7150 clamped 4096
[kinematics-ws] K clamp binds: eid 1002 demanded 14576 clamped 4096
[kinematics-ws] K clamp binds: eid 1001 demanded 29722 clamped 4096
[kinematics-ws] K clamp binds: eid 1001 demanded 29717 clamped 4096
[kinematics-ws] K clamp binds: eid 1003 demanded 7136 clamped 4096
[kinematics-ws] K clamp binds: eid 1002 demanded 14563 clamped 4096
[kinematics-ws] K clamp binds: eid 1001 demanded 29752 clamped 4096
[kinematics-ws] K clamp binds: eid 1002 demanded 14574 clamped 4096
[kinematics-ws] K clamp binds: eid 1003 demanded 7139 clamped 4096
[kinematics-ws] K clamp binds: eid 1001 demanded 29711 clamped 4096
[kinematics-ws] K clamp binds: eid 1003 demanded 7154 clamped 4096
[kinematics-ws] K clamp binds: eid 1002 demanded 14589 clamped 4096
[kinematics-ws] K clamp binds: eid 1003 demanded 7154 clamped 4096
[kinematics-ws] K clamp binds: eid 1001 demanded 29723 clamped 4096
[kinematics-ws] K clamp binds: eid 1002 demanded 14585 clamped 4096
[kinematics-ws] K clamp binds: eid 1002 demanded 14573 clamped 4096
[kinematics-ws] K clamp binds: eid 1001 demanded 29759 clamped 4096
[kinematics-ws] K clamp binds: eid 1003 demanded 7137 clamped 4096
[kinematics-ws] K clamp binds: eid 1001 demanded 29756 clamped 4096
[kinematics-ws] K clamp binds: eid 1002 demanded 14569 clamped 4096
[kinematics-ws] K clamp binds: eid 1003 demanded 7137 clamped 4096
[kinematics-ws] K clamp binds: eid 1001 demanded 29736 clamped 4096
[kinematics-ws] K clamp binds: eid 1003 demanded 7155 clamped 4096
[kinematics-ws] K clamp binds: eid 1002 demanded 14575 clamped 4096
[kinematics-ws] K clamp binds: eid[kinematics-ws] K clamp binds: eid  10021003  demanded demanded 7149 14585clamped  clamped 40964096

[kinematics-ws] K clamp binds: eid 1001 demanded 29723 clamped 4096
[kinematics-ws] K clamp binds: eid 1001 demanded 29721 clamped 4096
[kinematics-ws] K clamp binds: eid 1002 demanded 14593 clamped 4096
[kinematics-ws] K clamp binds: eid 1003 demanded 7133 clamped 4096
[kinematics-ws] K clamp binds: eid 1001 demanded 29722 clamped 4096
[kinematics-ws] K clamp binds: eid 1003 demanded 7147 clamped 4096
[kinematics-ws] K clamp binds: eid 1002 demanded 14597 clamped 4096
[kinematics-ws] K clamp binds: eid 1003 demanded 7154 clamped 4096
[kinematics-ws] K clamp binds: eid 1002 demanded 14598 clamped 4096
[kinematics-ws] K clamp binds: eid 1001 demanded 29722 clamped 4096
[kinematics-ws] K clamp binds: eid 1001 demanded 29723 clamped 4096
[kinematics-ws] K clamp binds: eid 1002 demanded 14599 clamped 4096
[kinematics-ws] K clamp binds: eid 1003 demanded 7134 clamped 4096
[kinematics-ws] K clamp binds: eid 1001 demanded 29733 clamped 4096
[kinematics-ws] K clamp binds: eid 1002 demanded 14599 clamped 4096
[kinematics-ws] K clamp binds: eid 1003 demanded 7144 clamped 4096
[kinematics-ws] K clamp binds: eid 1001 demanded 29755 clamped 4096
[kinematics-ws] K clamp binds: eid 1003 demanded 7154 clamped 4096
[kinematics-ws] K clamp binds: eid 1002 demanded 14599 clamped 4096
[kinematics-ws] K clamp binds: eid 1003 demanded 7132 clamped 4096
[kinematics-ws] K clamp binds: eid 1001 demanded 29775 clamped 4096
[kinematics-ws] K clamp binds: eid 1002 demanded 14599 clamped 4096
[kinematics-ws] K clamp binds: eid 1001 demanded 29755 clamped 4096
[kinematics-ws] K clamp binds: eid 1003 demanded 7147 clamped 4096
[kinematics-ws] K clamp binds: eid 1002 demanded 14599 clamped 4096
[kinematics-ws] K clamp binds: eid 1002 demanded 14597 clamped 4096
[kinematics-ws] K clamp binds: eid 1001 demanded 29719 clamped 4096
[kinematics-ws] K clamp binds: eid 1003 demanded 7149 clamped 4096
[kinematics-ws] K clamp binds: eid 1002 demanded 14592 clamped 4096
[kinematics-ws] K clamp binds: eid 1001 demanded 29750 clamped 4096
[kinematics-ws] K clamp binds: eid 1003 demanded 7132 clamped 4096
[kinematics-ws] K clamp binds: eid 1001 demanded 29762 clamped 4096
[kinematics-ws] K clamp binds: eid 1003 demanded 7154 clamped 4096
[kinematics-ws] K clamp binds: eid 1002 demanded 14584 clamped 4096
[kinematics-ws] K clamp binds: eid 1001 demanded 29717 clamped 4096
[kinematics-ws] K clamp binds: eid 1002 demanded 14578 clamped 4096
[kinematics-ws] K clamp binds: eid 1003 demanded 7136 clamped 4096
[kinematics-ws] K clamp binds: eid 1002 demanded 14579 clamped 4096
[kinematics-ws] K clamp binds: eid 1003 demanded 7143 clamped 4096
[kinematics-ws] K clamp binds: eid 1001 demanded 29769 clamped 4096
[kinematics-ws] K clamp binds: eid[kinematics-ws] K clamp binds: eid  10011002  demandeddemanded  29718 14589 clamped clamped 40964096

[kinematics-ws] K clamp binds: eid 1003 demanded 7148 clamped 4096
[kinematics-ws] K clamp binds: eid 1001 demanded 29771 clamped 4096
[kinematics-ws] K clamp binds: eid 1003 demanded 7133 clamped 4096
[kinematics-ws] K clamp binds: eid 1002 demanded 14597 clamped 4096
[kinematics-ws] K clamp binds: eid 1001 demanded 29719 clamped 4096
[kinematics-ws] K clamp binds: eid 1002 demanded 14592 clamped 4096
[kinematics-ws] K clamp binds: eid 1003 demanded 7154 clamped 4096
[kinematics-ws] K clamp binds: eid 1002 demanded 14577 clamped 4096
[kinematics-ws] K clamp binds: eid 1003 demanded 7131 clamped 4096
[kinematics-ws] K clamp binds: eid 1001 demanded 29766 clamped 4096
[kinematics-ws] K clamp binds: eid 1001 demanded 29754 clamped 4096
[kinematics-ws] K clamp binds: eid 1003 demanded 7154 clamped [kinematics-ws] K clamp binds: eid 40961002 demanded 
14580 clamped 4096
[kinematics-ws] K clamp binds: eid 1001 demanded 29726 clamped 4096
[kinematics-ws] K clamp binds: eid 1003 demanded 7133 clamped 4096
[kinematics-ws] K clamp binds: eid 1002 demanded 14595 clamped 4096
[kinematics-ws] K clamp binds: eid 1001 demanded 29764 clamped 4096
[kinematics-ws] K clamp binds: eid 1002 demanded 14586 clamped 4096
[kinematics-ws] K clamp binds: eid 1003 demanded 7152 clamped 4096
[kinematics-ws] K clamp binds: eid 1001 demanded 29784 clamped 4096
[kinematics-ws] K clamp binds: eid 1003 demanded 7135 clamped 4096
[kinematics-ws] K clamp binds: eid 1002 demanded 14574 clamped 4096
[kinematics-ws] K clamp binds: eid 1002 demanded 14592 clamped 4096
[kinematics-ws] K clamp binds: eid 1003 demanded 7152 clamped 4096
[kinematics-ws] K clamp binds: eid 1001 demanded 29765 clamped 4096
[kinematics-ws] K clamp binds: eid 1001 demanded 29745 clamped 4096
[kinematics-ws] K clamp binds: eid 1002 demanded 14584 clamped 4096
[kinematics-ws] K clamp binds: eid 1003 demanded 7135 clamped 4096
[kinematics-ws] K clamp binds: eid 1003 demanded 7153 clamped 4096
[kinematics-ws] K clamp binds: eid 1002 demanded 14575 clamped 4096
[kinematics-ws] K clamp binds: eid 1001 demanded 29738 clamped 4096
[kinematics-ws] K clamp binds: eid 1001 demanded 29739 clamped 4096
[kinematics-ws] K clamp binds: eid 1003 demanded 7134 clamped 4096
[kinematics-ws] K clamp binds: eid 1002 demanded 14593 clamped 4096
[kinematics-ws] K clamp binds: eid 1002 demanded 14574 clamped 4096
[kinematics-ws] K clamp binds: eid 1003 demanded 7156 clamped 4096
[kinematics-ws] K clamp binds: eid 1001 demanded 29741 clamped 4096
[kinematics-ws] K clamp binds: eid 1001 demanded 29740 clamped 4096
[kinematics-ws] K clamp binds: eid 1003 demanded 7133 clamped 4096
[kinematics-ws] K clamp binds: eid 1002 demanded 14590 clamped 4096
[kinematics-ws] K clamp binds: eid 1002 demanded 14579 clamped 4096
[kinematics-ws] K clamp binds: eid 1001 demanded 29740 clamped 4096
[kinematics-ws] K clamp binds: eid 1003 demanded 7156 clamped 4096
[kinematics-ws] K clamp binds: eid 1001 demanded 29749 clamped 4096
[kinematics-ws] K clamp binds: eid 1002 demanded 14586 clamped 4096
[kinematics-ws] K clamp binds: eid 1003 demanded 7138 clamped 4096
[kinematics-ws] K clamp binds: eid 1003 demanded 7149 clamped 4096
[kinematics-ws] K clamp binds: eid 1001 demanded 29773 clamped 4096
[kinematics-ws] K clamp binds: eid 1002 demanded 14581 clamped 4096
[kinematics-ws] K clamp binds: eid 1001 demanded 29797 clamped 4096
[kinematics-ws] K clamp binds: eid 1002 demanded 14587 clamped 4096
[kinematics-ws] K clamp binds: eid 1003 demanded 7150 clamped 4096
[kinematics-ws] K clamp binds: eid 1002 demanded 14579 clamped 4096
[kinematics-ws] K clamp binds: eid 1003 demanded 7137 clamped 4096
[kinematics-ws] K clamp binds: eid 1001 demanded 29778 clamped 4096
[kinematics-ws] K clamp binds: eid 1001 demanded[kinematics-ws] K clamp binds: eid  29737 clamped 1003 demanded 7159 clamped 40964096

[kinematics-ws] K clamp binds: eid 1002 demanded 14593 clamped 4096
[kinematics-ws] K clamp binds: eid 1002 demanded 14576 clamped 4096
[kinematics-ws] K clamp binds: eid 1003 demanded 7139 clamped 4096
[kinematics-ws] K clamp binds: eid 1001 demanded 29767 clamped 4096
[kinematics-ws] K clamp binds: eid 1001 demanded 29787 clamped 4096
[kinematics-ws] K clamp binds: eid 1003 demanded 7148 clamped 4096
[kinematics-ws] K clamp binds: eid 1002 demanded 14596 clamped 4096
[kinematics-ws] K clamp binds: eid 1001 demanded 29733 clamped 4096
[kinematics-ws] K clamp binds: eid 1002 demanded 14584 clamped 4096
[kinematics-ws] K clamp binds: eid 1003 demanded 7158 clamped 4096
[kinematics-ws] K clamp binds: eid 1003 demanded 7138 clamped 4096
[kinematics-ws] K clamp binds: eid 1001 demanded 29790 clamped 4096
[kinematics-ws] K clamp binds: eid 1002 demanded 14584 clamped 4096
[kinematics-ws] K clamp binds: eid 1001 demanded 29739 clamped 4096
[kinematics-ws] K clamp binds: eid 1002 demanded 14600 clamped 4096
[kinematics-ws] K clamp binds: eid 1003 demanded 7153 clamped 4096
[kinematics-ws] K clamp binds: eid 1002 demanded 14586 clamped 4096
[kinematics-ws] K clamp binds: eid 1003 demanded 7159 clamped 4096
[kinematics-ws] K clamp binds: eid 1001 demanded 29789 clamped 4096
[kinematics-ws] K clamp binds: eid 1001 demanded 29736 clamped 4096
[kinematics-ws] K clamp binds: eid 1003 demanded 7140 clamped 4096
[kinematics-ws] K clamp binds: eid 1002 demanded 14586 clamped 4096
[kinematics-ws] K clamp binds: eid 1001 demanded 29795 clamped 4096
[kinematics-ws] K clamp binds: eid 1003 demanded 7152 clamped 4096
[kinematics-ws] K clamp binds: eid 1002 demanded 14603 clamped 4096
[kinematics-ws] K clamp binds: eid 1003 demanded 7164 clamped 4096
[kinematics-ws] K clamp binds: eid 1001 demanded 29756 clamped 4096
[kinematics-ws] K clamp binds: eid 1002 demanded 14599 clamped 4096
[kinematics-ws] K clamp binds: eid 1003 demanded 7147 clamped 4096
[kinematics-ws] K clamp binds: eid 1001 demanded 29753 clamped 4096
[kinematics-ws] K clamp binds: eid 1002 demanded 14587 clamped 4096
[kinematics-ws] K clamp binds: eid [kinematics-ws] K clamp binds: eid 1002 demanded 1003 demanded 14591 clamped 7145 clamped 40964096

[kinematics-ws] K clamp binds: eid 1001 demanded 29801 clamped 4096
[kinematics-ws] K clamp binds: eid 1001 demanded 29788 clamped 4096
[kinematics-ws] K clamp binds: eid 1003 demanded 7163 clamped 4096
[kinematics-ws] K clamp binds: eid 1002 demanded 14605 clamped 4096
[kinematics-ws] K clamp binds: eid 1002 demanded 14610 clamped 4096
[kinematics-ws] K clamp binds: eid 1003 demanded 7163 clamped 4096
[kinematics-ws] K clamp binds: eid 1001 demanded 29755 clamped 4096
[kinematics-ws] K clamp binds: eid 1003 demanded 7147 clamped 4096
[kinematics-ws] K clamp binds: eid 1001 demanded 29753 clamped 4096
[kinematics-ws] K clamp binds: eid 1002 demanded 14605 clamped 4096
[kinematics-ws] K clamp binds: eid 1001 demanded 29772 clamped 4096
[kinematics-ws] K clamp binds: eid 1002 demanded 14597 clamped 4096
[kinematics-ws] K clamp binds: eid 1003 demanded 7147 clamped 4096
[kinematics-ws] K clamp binds: eid 1001 demanded 29789 clamped 4096
[kinematics-ws] K clamp binds: eid 1003 demanded 7164 clamped 4096
[kinematics-ws] K clamp binds: eid 1002 demanded 14593 clamped 4096
[kinematics-ws] K clamp binds: eid 1001 demanded 29798 clamped 4096
[kinematics-ws] K clamp binds: eid 1003 demanded 7169 clamped 4096
[kinematics-ws] K clamp binds: eid 1002 demanded 14594 clamped 4096
[kinematics-ws] K clamp binds: eid 1001 demanded 29800 clamped 4096
[kinematics-ws] K clamp binds: eid 1002 demanded 14598 clamped 4096
[kinematics-ws] K clamp binds: eid 1003 demanded 7157 clamped 4096
[kinematics-ws] K clamp binds: eid 1001 demanded 29795 clamped 4096
[kinematics-ws] K clamp binds: eid 1002 demanded 14603 clamped 4096
[kinematics-ws] K clamp binds: eid 1003 demanded 7147 clamped 4096
[kinematics-ws] K clamp binds: eid 1002 demanded 14607 clamped 4096
[kinematics-ws] K clamp binds: eid 1003 demanded 7153 clamped 4096
[kinematics-ws] K clamp binds: eid 1001 demanded 29782 clamped 4096
[kinematics-ws] K clamp binds: eid 1002 demanded 14609 clamped 4096
[kinematics-ws] K clamp binds: eid 1003 demanded 7166 clamped 4096
[kinematics-ws] K clamp binds: eid 1001 demanded 29765 clamped 4096
[kinematics-ws] K clamp binds: eid 1001 demanded 29760 clamped 4096
[kinematics-ws] K clamp binds: eid 1003 demanded 7173 clamped 4096
[kinematics-ws] K clamp binds: eid 1002 demanded 14610 clamped 4096
[kinematics-ws] K clamp binds: eid 1002 demanded 14609 clamped 4096
[kinematics-ws] K clamp binds: eid 1001 demanded 29786 clamped 4096
[kinematics-ws] K clamp binds: eid 1003 demanded 7168 clamped 4096
[kinematics-ws] K clamp binds: eid 1003 demanded 7158 clamped 4096
[kinematics-ws] K clamp binds: eid 1002 demanded 14606 clamped 4096
[kinematics-ws] K clamp binds: eid 1001 demanded 29815 clamped 4096
[kinematics-ws] K clamp binds: eid 1001 demanded 29787 clamped 4096
[kinematics-ws] K clamp binds: eid 1002 demanded 14602 clamped 4096
[kinematics-ws] K clamp binds: eid 1003 demanded 7151 clamped 4096
[kinematics-ws] K clamp binds: eid 1001 demanded 29756 clamped 4096
[kinematics-ws] K clamp binds: eid 1003 demanded 7152 clamped 4096
[kinematics-ws] K clamp binds: eid 1002 demanded 14598 clamped 4096
[kinematics-ws] K clamp binds: eid 1002 demanded 14596 clamped 4096
[kinematics-ws] K clamp binds: eid 1003 demanded 7159 clamped 4096
[kinematics-ws] K clamp binds: eid 1001 demanded 29807 clamped 4096
[kinematics-ws] K clamp binds: eid 1002 demanded 14599 clamped 4096
[kinematics-ws] K clamp binds: eid 1003 demanded 7168 clamped 4096
[kinematics-ws] K clamp binds: eid 1001 demanded 29778 clamped 4096
[kinematics-ws] K clamp binds: eid 1002 demanded 14607 clamped 4096
[kinematics-ws] K clamp binds: eid 1001 demanded 29774 clamped 4096
[kinematics-ws] K clamp binds: eid 1003 demanded 7175 clamped 4096
[kinematics-ws] K clamp binds: eid 1001 demanded 29798 clamped 4096
[kinematics-ws] K clamp binds: eid 1002 demanded 14617 clamped 4096
[kinematics-ws] K clamp binds: eid 1003 demanded 7177 clamped 4096
[kinematics-ws] K clamp binds: eid[kinematics-ws] K clamp binds: eid  1002 demanded 1003 14619 demandedclamped  7176 clamped 40964096

[kinematics-ws] K clamp binds: eid 1001 demanded 29769 clamped 4096
[kinematics-ws] K clamp binds: eid 1001 demanded 29793 clamped 4096
[kinematics-ws] K clamp binds: eid 1002 demanded 14608 clamped 4096
[kinematics-ws] K clamp binds: eid 1003 demanded 7173 clamped 4096
[kinematics-ws] K clamp binds: eid 1001 demanded 29793 clamped 4096
[kinematics-ws] K clamp binds: eid 1003 demanded 7169 clamped 4096
[kinematics-ws] K clamp binds: eid 1002 demanded 14595 clamped 4096
[kinematics-ws] K clamp binds: eid 1002 demanded 14601 clamped 4096
[kinematics-ws] K clamp binds: eid 1003 demanded 7165 clamped 4096
[kinematics-ws] K clamp binds: eid 1001 demanded 29764 clamped 4096
[kinematics-ws] K clamp binds: eid 1001 demanded 29817 clamped 4096
[kinematics-ws] K clamp binds: eid 1002 demanded 14617 clamped 4096
[kinematics-ws] K clamp binds: eid 1003 demanded 7162 clamped 4096
[kinematics-ws] K clamp binds: eid 1001 demanded 29794 clamped 4096
[kinematics-ws] K clamp binds: eid 1003 demanded 7160 clamped 4096
[kinematics-ws] K clamp binds: eid 1002 demanded 14611 clamped 4096
[kinematics-ws] K clamp binds: eid 1002 demanded 14593 clamped 4096
[kinematics-ws] K clamp binds: eid 1003 demanded 7158 clamped 4096
[kinematics-ws] K clamp binds: eid 1001 demanded 29766 clamped 4096
[kinematics-ws] K clamp binds: eid 1003 demanded 7158 clamped 4096
[kinematics-ws] K clamp binds: eid 1002 demanded 14605 clamped 4096
[kinematics-ws] K clamp binds: eid 1001 demanded 29794 clamped 4096
[kinematics-ws] K clamp binds: eid 1001 demanded 29826 clamped 4096
[kinematics-ws] K clamp binds: eid 1002 demanded 14615 clamped 4096
[kinematics-ws] K clamp binds: eid 1003 demanded 7157 clamped 4096
[kinematics-ws] K clamp binds: eid 1002 demanded 14593 clamped 4096
[kinematics-ws] K clamp binds: eid 1003 demanded 7157 clamped 4096
[kinematics-ws] K clamp binds: eid 1001 demanded 29829 clamped 4096
[kinematics-ws] K clamp binds: eid 1003 demanded 7158 clamped 4096
[kinematics-ws] K clamp binds: eid 1001 demanded 29816 clamped 4096
[kinematics-ws] K clamp binds: eid 1002 demanded 14605 clamped 4096
[kinematics-ws] K clamp binds: eid 1002 demanded 14611 clamped 4096
[kinematics-ws] K clamp binds: eid 1001 demanded 29804 clamped 4096
[kinematics-ws] K clamp binds: eid 1003 demanded 7159 clamped 4096
[kinematics-ws] K clamp binds: eid 1001 demanded 29799 clamped 4096
[kinematics-ws] K clamp binds: eid 1003 demanded 7161 clamped 4096
[kinematics-ws] K clamp binds: eid 1002 demanded 14591 clamped 4096
[kinematics-ws] K clamp binds: eid 1002 demanded 14615 clamped 4096
[kinematics-ws] K clamp binds: eid 1001 demanded 29800 clamped 4096
[kinematics-ws] K clamp binds: eid 1003 demanded 7164 clamped 4096
[kinematics-ws] K clamp binds: eid 1001 demanded 29807 clamped 4096
[kinematics-ws] K clamp binds: eid 1002 demanded 14594 clamped 4096
[kinematics-ws] K clamp binds: eid 1003 demanded 7167 clamped 4096
[kinematics-ws] K clamp binds: eid 1001 demanded 29821 clamped 4096
[kinematics-ws] K clamp binds: eid 1002 demanded 14609 clamped 4096
[kinematics-ws] K clamp binds: eid 1003 demanded 7172 clamped 4096
[kinematics-ws] K clamp binds: eid 1001 demanded 29835 clamped 4096
[kinematics-ws] K clamp binds: eid 1003 demanded 7177 clamped 4096
[kinematics-ws] K clamp binds: eid 1002 demanded 14599 clamped 4096
[kinematics-ws] K clamp binds: eid 1003 demanded 7180 clamped 4096
[kinematics-ws] K clamp binds: eid 1001 demanded 29831 clamped 4096
[kinematics-ws] K clamp binds: eid 1002 demanded 14606 clamped 4096
[kinematics-ws] K clamp binds: eid 1002 demanded 14601 clamped 4096
[kinematics-ws] K clamp binds: eid 1003 demanded 7181 clamped 4096
[kinematics-ws] K clamp binds: eid 1001 demanded 29801 clamped 4096
[kinematics-ws] K clamp binds: eid 1001 demanded 29779 clamped 4096
[kinematics-ws] K clamp binds: eid 1002 demanded 14609 clamped 4096
[kinematics-ws] K clamp binds: eid 1003 demanded 7178 clamped 4096
[kinematics-ws] K clamp binds: eid 1001 demanded 29812 clamped 4096
[kinematics-ws] K clamp binds: eid 1003 demanded 7171 clamped 4096
[kinematics-ws] K clamp binds: eid 1002 demanded 14597 clamped 4096
[kinematics-ws] K clamp binds: eid 1001 demanded 29828 clamped 4096
[kinematics-ws] K clamp binds: eid 1003 demanded 7162 clamped 4096
[kinematics-ws] K clamp binds: eid 1002 demanded 14616 clamped 4096
[kinematics-ws] K clamp binds: eid 1003 demanded 7156 clamped 4096
[kinematics-ws] K clamp binds: eid 1002 demanded 14594 clamped 4096
[kinematics-ws] K clamp binds: eid 1001 demanded 29778 clamped 4096
[kinematics-ws] K clamp binds: eid 1002 demanded 14617 clamped 4096
[kinematics-ws] K clamp binds: eid 1003 demanded 7157 clamped 4096
[kinematics-ws] K clamp binds: eid 1001 demanded 29815 clamped 4096
[kinematics-ws] K clamp binds: eid 1001 demanded 29805 clamped 4096
[kinematics-ws] K clamp binds: eid 1003 demanded 7165 clamped 4096
[kinematics-ws] K clamp binds: eid 1002 demanded 14604 clamped 4096
[kinematics-ws] K clamp binds: eid 1003 demanded 7176 clamped 4096
[kinematics-ws] K clamp binds: eid 1002 demanded 14602 clamped 4096
[kinematics-ws] K clamp binds: eid 1001 demanded 29794 clamped 4096
[kinematics-ws] K clamp binds: eid 1001 demanded 29814 clamped 4096
[kinematics-ws] K clamp binds: eid 1002 demanded 14622 clamped 4096
[kinematics-ws] K clamp binds: eid 1003 demanded 7180 clamped 4096
[kinematics-ws] K clamp binds: eid 1002 demanded 14605 clamped 4096
[kinematics-ws] K clamp binds: eid 1003 demanded 7172 clamped 4096
[kinematics-ws] K clamp binds: eid 1001 demanded 29799 clamped 4096
[kinematics-ws] K clamp binds: eid 1003 demanded 7159 clamped 4096
[kinematics-ws] K clamp binds: eid 1002 demanded 14604 clamped 4096
[kinematics-ws] K clamp binds: eid 1001 demanded 29799 clamped 4096
[kinematics-ws] K clamp binds: eid 1003 demanded 7155 clamped 4096
[kinematics-ws] K clamp binds: eid 1002 demanded 14624 clamped 4096
[kinematics-ws] K clamp binds: eid 1001 demanded 29829 clamped 4096
[kinematics-ws] K clamp binds: eid 1002 demanded 14618 clamped 4096
[kinematics-ws] K clamp binds: eid 1003 demanded 7166 clamped 4096
[kinematics-ws] K clamp binds: eid 1001 demanded 29782 clamped 4096
[kinematics-ws] K clamp binds: eid 1002 demanded 14604 clamped 4096
[kinematics-ws] K clamp binds: eid 1001 demanded 29818 clamped 4096
[kinematics-ws] K clamp binds: eid 1003 demanded 7179 clamped 4096
[kinematics-ws] K clamp binds: eid[kinematics-ws] K clamp binds: eid  10031001 demanded 29839  demandedclamped  7174 clamped 40964096

[kinematics-ws] K clamp binds: eid 1002 demanded 14613 clamped 4096
[kinematics-ws] K clamp binds: eid 1002 demanded 14628 clamped 4096
[kinematics-ws] K clamp binds: eid 1003 demanded 7158 clamped 4096
[kinematics-ws] K clamp binds: eid 1001 demanded 29805 clamped 4096
[kinematics-ws] K clamp binds: eid 1002 demanded 14628 clamped 4096
[kinematics-ws] K clamp binds: eid 1003 demanded 7156 clamped 4096
[kinematics-ws] K clamp binds: eid 1001 demanded 29791 clamped 4096
[kinematics-ws] K clamp binds: eid 1002 demanded 14617 clamped 4096
[kinematics-ws] K clamp binds: eid 1003 demanded 7172 clamped 4096
[kinematics-ws] K clamp binds: eid 1001 demanded 29811 clamped 4096
[kinematics-ws] K clamp binds: eid 1001 demanded 29836 clamped 4096
[kinematics-ws] K clamp binds: eid 1003 demanded 7177 clamped 4096
[kinematics-ws] K clamp binds: eid 1002 demanded 14610 clamped 4096
[kinematics-ws] K clamp binds: eid 1001 demanded 29850 clamped 4096
[kinematics-ws] K clamp binds: eid 1003 demanded 7160 clamped 4096
[kinematics-ws] K clamp binds: eid 1002 demanded 14612 clamped 4096
[kinematics-ws] K clamp binds: eid 1002 demanded 14621 clamped 4096
[kinematics-ws] K clamp binds: eid 1001 demanded 29854 clamped 4096
[kinematics-ws] K clamp binds: eid 1003 demanded 7154 clamped 4096
[kinematics-ws] K clamp binds: eid 1003 demanded 7173 clamped 4096
[kinematics-ws] K clamp binds: eid 1001 demanded 29855 clamped 4096
[kinematics-ws] K clamp binds: eid 1002 demanded 14629 clamped 4096
[kinematics-ws] K clamp binds: eid 1002 demanded 14635 clamped 4096
[kinematics-ws] K clamp binds: eid 1003 demanded 7174 clamped 4096
[kinematics-ws] K clamp binds: eid 1001 demanded 29855 clamped 4096
[kinematics-ws] K clamp binds: eid 1002 demanded 14638 clamped 4096
[kinematics-ws] K clamp binds: eid 1003 demanded 7154 clamped 4096
[kinematics-ws] K clamp binds: eid 1001 demanded 29854 clamped 4096
[kinematics-ws] K clamp binds: eid 1002 demanded 14638 clamped 4096
[kinematics-ws] K clamp binds: eid 1001 demanded 29845 clamped 4096
[kinematics-ws] K clamp binds: eid 1003 demanded 7161 clamped 4096
[kinematics-ws] K clamp binds: eid 1002 demanded 14638 clamped 4096
[kinematics-ws] K clamp binds: eid 1001 demanded 29826 clamped 4096
[kinematics-ws] K clamp binds: eid 1003 demanded 7177 clamped 4096
[kinematics-ws] K clamp binds: eid 1001 demanded 29805 clamped 4096
[kinematics-ws] K clamp binds: eid [kinematics-ws] K clamp binds: eid 10031002  demanded 14637 clamped demanded 7159 clamped 40964096

[kinematics-ws] K clamp binds: eid 1001 demanded 29808 clamped 4096
[kinematics-ws] K clamp binds: eid 1002 demanded 14637 clamped 4096
[kinematics-ws] K clamp binds: eid 1003 demanded 7156 clamped 4096
[kinematics-ws] K clamp binds: eid[kinematics-ws] K clamp binds: eid  1003 1002 demanded 14638 clamped demanded 40967176 clamped 4096

[kinematics-ws] K clamp binds: eid 1001 demanded 29842 clamped 4096
[kinematics-ws] K clamp binds: eid 1001 demanded 29845 clamped 4096
[kinematics-ws] K clamp binds: eid 1003 demanded 7160 clamped 4096
[kinematics-ws] K clamp binds: eid 1002 demanded 14639 clamped 4096
[kinematics-ws] K clamp binds: eid 1003 demanded 7156 clamped 4096
[kinematics-ws] K clamp binds: eid 1001 demanded 29802 clamped 4096
[kinematics-ws] K clamp binds: eid 1002 demanded 14639 clamped 4096
[kinematics-ws] K clamp binds: eid 1001 demanded 29825 clamped 4096
[kinematics-ws] K clamp binds: eid 1003 demanded 7176 clamped 4096
[kinematics-ws] K clamp binds: eid 1002 demanded 14637 clamped 4096
[kinematics-ws] K clamp binds: eid 1003 demanded 7156 clamped 4096
[kinematics-ws] K clamp binds: eid 1001 demanded 29841 clamped 4096
[kinematics-ws] K clamp binds: eid 1002 demanded 14632 clamped 4096
[kinematics-ws] K clamp binds: eid 1003 demanded 7161 clamped 4096
[kinematics-ws] K clamp binds: eid 1001 demanded 29798 clamped 4096
[kinematics-ws] K clamp binds: eid 1002 demanded 14626 clamped 4096
[kinematics-ws] K clamp binds: eid 1002 demanded 14619 clamped 4096
[kinematics-ws] K clamp binds: eid 1003 demanded 7173 clamped 4096
[kinematics-ws] K clamp binds: eid 1001 demanded 29848 clamped 4096
[kinematics-ws] K clamp binds: eid 1001 demanded 29798 clamped 4096
[kinematics-ws] K clamp binds: eid 1003 demanded 7150 clamped 4096
[kinematics-ws] K clamp binds: eid 1002 demanded 14618 clamped 4096
[kinematics-ws] K clamp binds: eid 1001 demanded 29850 clamped 4096
[kinematics-ws] K clamp binds: eid 1003 demanded 7172 clamped 4096
[kinematics-ws] K clamp binds: eid 1002 demanded 14626 clamped 4096
[kinematics-ws] K clamp binds: eid 1001 demanded 29801 clamped 4096
[kinematics-ws] K clamp binds: eid 1002 demanded 14636 clamped 4096
[kinematics-ws] K clamp binds: eid 1003 demanded 7161 clamped 4096
[kinematics-ws] K clamp binds: eid 1001 demanded 29844 clamped 4096
[kinematics-ws] K clamp binds: eid 1002 demanded 14636 clamped 4096
[kinematics-ws] K clamp binds: eid 1003 demanded 7158 clamped 4096
[kinematics-ws] K clamp binds: eid 1001 demanded 29830 clamped 4096
[kinematics-ws] K clamp binds: eid 1002 demanded 14623 clamped 4096
[kinematics-ws] K clamp binds: eid 1003 demanded 7173 clamped 4096
[kinematics-ws] K clamp binds: eid 1003 demanded 7150 clamped 4096
[kinematics-ws] K clamp binds: eid 1002 demanded 14616 clamped 4096
[kinematics-ws] K clamp binds: eid 1001 demanded 29808 clamped 4096
[kinematics-ws] K clamp binds: eid 1003 demanded 7175 clamped 4096
[kinematics-ws] K clamp binds: eid 1001 demanded 29851 clamped 4096
[kinematics-ws] K clamp binds: eid 1002 demanded 14628 clamped 4096
[kinematics-ws] K clamp binds: eid 1001 demanded 29849 clamped 4096
[kinematics-ws] K clamp binds: eid 1003 demanded 7152 clamped 4096
[kinematics-ws] K clamp binds: eid 1002 demanded 14635 clamped 4096
[kinematics-ws] K clamp binds: eid 1002 demanded 14620 clamped 4096
[kinematics-ws] K clamp binds: eid 1003 demanded 7170 clamped 4096
[kinematics-ws] K clamp binds: eid 1001 demanded 29818 clamped 4096
[kinematics-ws] K clamp binds: eid 1003 demanded 7158 clamped 4096
[kinematics-ws] K clamp binds: eid 1001 demanded 29817 clamped 4096
[kinematics-ws] K clamp binds: eid 1002 demanded 14617 clamped 4096
[kinematics-ws] K clamp binds: eid 1003 demanded 7165 clamped 4096
[kinematics-ws] K clamp binds: eid 1001 demanded 29840 clamped 4096
[kinematics-ws] K clamp binds: eid 1002 demanded 14634 clamped 4096
[kinematics-ws] K clamp binds: eid 1001 demanded 29860 clamped 4096
[kinematics-ws] K clamp binds: eid 1003 demanded 7163 clamped 4096
[kinematics-ws] K clamp binds: eid 1002 demanded 14622 clamped 4096
[kinematics-ws] K clamp binds: eid 1002 demanded 14617 clamped 4096
[kinematics-ws] K clamp binds: eid 1001 demanded 29869 clamped 4096
[kinematics-ws] K clamp binds: eid 1003 demanded 7162 clamped 4096
[kinematics-ws] K clamp binds: eid 1001 demanded 29871 clamped 4096
[kinematics-ws] K clamp binds: eid 1003 demanded 7165 clamped 4096
[kinematics-ws] K clamp binds: eid 1002 demanded 14634 clamped 4096
[kinematics-ws] K clamp binds: eid 1001 demanded 29871 clamped 4096
[kinematics-ws] K clamp binds: eid 1003 demanded 7161 clamped 4096
[kinematics-ws] K clamp binds: eid 1002 demanded 14615 clamped 4096
[kinematics-ws] K clamp binds: eid 1002 demanded 14625 clamped 4096
[kinematics-ws] K clamp binds: eid 1003 demanded 7165 clamped 4096
[kinematics-ws] K clamp binds: eid 1001 demanded 29872 clamped 4096
[kinematics-ws] K clamp binds: eid 1001 demanded 29871 clamped 4096
[kinematics-ws] K clamp binds: eid 1003 demanded 7163 clamped 4096
[kinematics-ws] K clamp binds: eid 1002 demanded 14626 clamped 4096
[kinematics-ws] K clamp binds: eid 1003 demanded 7162 clamped 4096
[kinematics-ws] K clamp binds: eid 1002 demanded 14616 clamped 4096
[kinematics-ws] K clamp binds: eid 1001 demanded 29865 clamped 4096
[kinematics-ws] K clamp binds: eid 1001 demanded 29849 clamped 4096
[kinematics-ws] K clamp binds: eid 1002 demanded 14632 clamped 4096
[kinematics-ws] K clamp binds: eid 1003 demanded 7169 clamped 4096
[kinematics-ws] K clamp binds: eid 1001 demanded 29830 clamped 4096
[kinematics-ws] K clamp binds: eid 1002 demanded 14613 clamped 4096
[kinematics-ws] K clamp binds: eid 1003 demanded 7157 clamped 4096
[kinematics-ws] K clamp binds: eid 1001 demanded 29828 clamped 4096
[kinematics-ws] K clamp binds: eid 1002 demanded 14634 clamped 4096
[kinematics-ws] K clamp binds: eid 1003 demanded 7175 clamped 4096
[kinematics-ws] K clamp binds: eid 1001 demanded 29855 clamped 4096
[kinematics-ws] K clamp binds: eid 1002 demanded 14613 clamped 4096
[kinematics-ws] K clamp binds: eid 1003 demanded 7153 clamped 4096
[kinematics-ws] K clamp binds: eid 1002 demanded 14634 clamped 4096
[kinematics-ws] K clamp binds: eid 1001 demanded 29866 clamped 4096
[kinematics-ws] K clamp binds: eid 1003 demanded 7178 clamped 4096
[kinematics-ws] K clamp binds: eid 1002 demanded 14616 clamped 4096
[kinematics-ws] K clamp binds: eid 1003 demanded 7155 clamped 4096
[kinematics-ws] K clamp binds: eid 1001 demanded 29830 clamped 4096
[kinematics-ws] K clamp binds: eid 1003 demanded 7171 clamped 4096
[kinematics-ws] K clamp binds: eid 1002 demanded 14631 clamped 4096
[kinematics-ws] K clamp binds: eid 1001 demanded 29836 clamped 4096
[kinematics-ws] K clamp binds: eid 1002 demanded 14625 clamped 4096
[kinematics-ws] K clamp binds: eid 1003 demanded 7169 clamped 4096
[kinematics-ws] K clamp binds: eid 1001 demanded 29865 clamped 4096
[kinematics-ws] K clamp binds: eid 1003 demanded 7158 clamped 4096
[kinematics-ws] K clamp binds: eid 1002 demanded 14622 clamped 4096
[kinematics-ws] K clamp binds: eid 1001 demanded 29821 clamped 4096
[kinematics-ws] K clamp binds: eid 1001 demanded 29860 clamped 4096
[kinematics-ws] K clamp binds: eid 1002 demanded 14637 clamped 4096
[kinematics-ws] K clamp binds: eid 1003 demanded 7180 clamped 4096
[kinematics-ws] K clamp binds: eid 1003 demanded 7158 clamped 4096
[kinematics-ws] K clamp binds: eid[kinematics-ws] K clamp binds: eid  1002 demanded 1001 demanded 14618 clamped 29830 clamped 40964096

[kinematics-ws] K clamp binds: eid 1001 demanded 29856 clamped 4096
[kinematics-ws] K clamp binds: eid 1002 demanded 14633 clamped 4096
[kinematics-ws] K clamp binds: eid 1003 demanded 7169 clamped 4096
[kinematics-ws] K clamp binds: eid 1003 demanded 7178 clamped 4096
[kinematics-ws] K clamp binds: eid 1001 demanded 29828 clamped 4096[kinematics-ws] K clamp binds: eid
 1002 demanded 14636 clamped 4096
[kinematics-ws] K clamp binds: eid 1001 demanded 29867 clamped 4096
[kinematics-ws] K clamp binds: eid 1002 demanded 14621 clamped 4096
[kinematics-ws] K clamp binds: eid 1003 demanded 7157 clamped 4096
[kinematics-ws] K clamp binds: eid 1001 demanded 29825 clamped 4096
[kinematics-ws] K clamp binds: eid 1002 demanded 14634 clamped 4096
[kinematics-ws] K clamp binds: eid 1003 demanded 7175 clamped 4096
[kinematics-ws] K clamp binds: eid 1001 demanded 29858 clamped 4096
[kinematics-ws] K clamp binds: eid 1003 demanded 7177 clamped 4096
[kinematics-ws] K clamp binds: eid 1002 demanded 14642 clamped 4096
[kinematics-ws] K clamp binds: eid 1001 demanded 29865 clamped 4096
[kinematics-ws] K clamp binds: eid 1003 demanded 7158 clamped 4096
[kinematics-ws] K clamp binds: eid 1002 demanded 14628 clamped 4096
[kinematics-ws] K clamp binds: eid 1003 demanded 7175 clamped 4096
[kinematics-ws] K clamp binds: eid 1002 demanded 14627 clamped 4096
[kinematics-ws] K clamp binds: eid 1001 demanded 29832 clamped 4096
[kinematics-ws] K clamp binds: eid 1003 demanded 7182 clamped 4096
[kinematics-ws] K clamp binds: eid 1002 demanded 14642 clamped 4096
[kinematics-ws] K clamp binds: eid 1001 demanded 29849 clamped 4096
[kinematics-ws] K clamp binds: eid 1002 demanded 14647 clamped 4096
[kinematics-ws] K clamp binds: eid 1003 demanded 7161 clamped 4096
[kinematics-ws] K clamp binds: eid 1001 demanded 29878 clamped 4096
[kinematics-ws] K clamp binds: eid 1001 demanded 29875 clamped 4096
[kinematics-ws] K clamp binds: eid 1002 demanded 14637 clamped 4096
[kinematics-ws] K clamp binds: eid 1003 demanded 7169 clamped 4096
[kinematics-ws] K clamp binds: eid 1002 demanded 14629 clamped 4096
[kinematics-ws] K clamp binds: eid 1003 demanded 7186 clamped 4096
[kinematics-ws] K clamp binds: eid 1001 demanded 29856 clamped 4096
[kinematics-ws] K clamp binds: eid 1001 demanded 29844 clamped 4096
[kinematics-ws] K clamp binds: eid 1002 demanded 14634 clamped 4096
[kinematics-ws] K clamp binds: eid 1003 demanded 7173 clamped 4096
[kinematics-ws] K clamp binds: eid 1002 demanded 14644 clamped 4096
[kinematics-ws] K clamp binds: eid 1003 demanded 7162 clamped 4096
[kinematics-ws] K clamp binds: eid 1001 demanded 29842 clamped 4096
[kinematics-ws] K clamp binds: eid 1002 demanded 14652 clamped 4096
[kinematics-ws] K clamp binds: eid 1003 demanded 7178 clamped 4096
[kinematics-ws] K clamp binds: eid 1001 demanded 29845 clamped 4096
[kinematics-ws] K clamp binds: eid 1002 demanded 14653 clamped 4096
[kinematics-ws] K clamp binds: eid 1001 demanded 29847 clamped 4096
[kinematics-ws] K clamp binds: eid 1003 demanded 7188 clamped 4096
[kinematics-ws] K clamp binds: eid 1001 demanded 29847 clamped 4096
[kinematics-ws] K clamp binds: eid 1002 demanded 14650 clamped 4096
[kinematics-ws] K clamp binds: eid 1003 demanded 7174 clamped 4096
[kinematics-ws] K clamp binds: eid 1001 demanded 29845 clamped 4096
[kinematics-ws] K clamp binds: eid 1003 demanded 7164 clamped 4096
[kinematics-ws] K clamp binds: eid 1002 demanded 14644 clamped 4096
[kinematics-ws] K clamp binds: eid 1001 demanded 29844 clamped 4096
[kinematics-ws] K clamp binds: eid 1002 demanded 14640 clamped 4096
[kinematics-ws] K clamp binds: eid 1003 demanded 7176 clamped 4096
[kinematics-ws] K clamp binds: eid 1002 demanded 14638 clamped 4096
[kinematics-ws] K clamp binds: eid 1001 demanded 29853 clamped 4096
[kinematics-ws] K clamp binds: eid 1003 demanded 7190 clamped 4096
[kinematics-ws] K clamp binds: eid 1001 demanded 29874 clamped 4096
[kinematics-ws] K clamp binds: eid 1002 demanded 14637 clamped 4096
[kinematics-ws] K clamp binds: eid 1003 demanded 7186 clamped 4096
[kinematics-ws] K clamp binds: eid 1002 demanded 14637 clamped 4096
[kinematics-ws] K clamp binds: eid 1003 demanded 7171 clamped 4096
[kinematics-ws] K clamp binds: eid 1001 demanded 29892 clamped 4096
[kinematics-ws] K clamp binds: eid 1003 demanded 7167 clamped 4096
[kinematics-ws] K clamp binds: eid 1001 demanded 29879 clamped 4096
[kinematics-ws] K clamp binds: eid 1002 demanded 14637 clamped 4096
[kinematics-ws] K clamp binds: eid 1001 demanded 29845 clamped 4096
[kinematics-ws] K clamp binds: eid 1002 demanded 14637 clamped 4096
[kinematics-ws] K clamp binds: eid 1003 demanded 7178 clamped 4096
[kinematics-ws] K clamp binds: eid 1001 demanded 29856 clamped 4096
[kinematics-ws] K clamp binds: eid 1002 demanded 14637 clamped 4096
[kinematics-ws] K clamp binds: eid 1003 demanded 7191 clamped 4096
[kinematics-ws] K clamp binds: eid 1002 demanded 14639 clamped 4096
[kinematics-ws] K clamp binds: eid 1001 demanded 29890 clamped 4096
[kinematics-ws] K clamp binds: eid 1003 demanded 7193 clamped 4096
[kinematics-ws] K clamp binds: eid 1003 demanded 7184 clamped 4096
[kinematics-ws] K clamp binds: eid 1002 demanded 14642 clamped 4096
[kinematics-ws] K clamp binds: eid 1001 demanded 29851 clamped 4096
[kinematics-ws] K clamp binds: eid 1001 demanded 29857 clamped 4096
[kinematics-ws] K clamp binds: eid 1003 demanded 7173 clamped 4096
[kinematics-ws] K clamp binds: eid 1002 demanded 14647 clamped 4096
[kinematics-ws] K clamp binds: eid 1003 demanded 7169 clamped 4096
[kinematics-ws] K clamp binds: eid 1001 demanded 29882 clamped 4096
[kinematics-ws] K clamp binds: eid 1002 demanded 14653 clamped 4096
[kinematics-ws] K clamp binds: eid 1002 demanded 14659 clamped 4096
[kinematics-ws] K clamp binds: eid 1003 demanded 7175 clamped 4096
[kinematics-ws] K clamp binds: eid 1001 demanded 29839 clamped 4096
[kinematics-ws] K clamp binds: eid 1001 demanded 29888 clamped [kinematics-ws] K clamp binds: eid 1002 demanded 14660 clamped 4096
[kinematics-ws] K clamp binds: eid 1003 demanded 7185 clamped 4096
4096
[kinematics-ws] K clamp binds: eid 1001 demanded 29839 clamped 4096
[kinematics-ws] K clamp binds: eid 1002 demanded 14653 clamped 4096
[kinematics-ws] K clamp binds: eid 1003 demanded 7193 clamped 4096
[kinematics-ws] K clamp binds: eid 1001 demanded 29888 clamped 4096
[kinematics-ws] K clamp binds: eid 1003 demanded 7197 clamped 4096
[kinematics-ws] K clamp binds: eid 1002 demanded 14642 clamped 4096
[kinematics-ws] K clamp binds: eid 1001 demanded 29849 clamped 4096
[kinematics-ws] K clamp binds: eid 1003 demanded 7195 clamped 4096
[kinematics-ws] K clamp binds: eid 1002 demanded 14636 clamped 4096
[kinematics-ws] K clamp binds: eid 1003 demanded 7189 clamped 4096
[kinematics-ws] K clamp binds: eid 1002 demanded 14643 clamped 4096
[kinematics-ws] K clamp binds: eid 1001 demanded 29869 clamped 4096
[kinematics-ws] K clamp binds: eid 1003 demanded 7183 clamped 4096
[kinematics-ws] K clamp binds: eid 1002 demanded 14656 clamped 4096
[kinematics-ws] K clamp binds: eid 1001 demanded 29886 clamped 4096
[kinematics-ws] K clamp binds: eid 1002 demanded 14656 clamped 4096
[kinematics-ws] K clamp binds: eid 1003 demanded 7177 clamped 4096
[kinematics-ws] K clamp binds: eid 1001 demanded 29846 clamped 4096
[kinematics-ws] K clamp binds: eid 1003 demanded 7174 clamped 4096
[kinematics-ws] K clamp binds: eid 1002 demanded 14640 clamped 4096
[kinematics-ws] K clamp binds: eid 1001 demanded 29874 clamped 4096
[kinematics-ws] K clamp binds: eid 1002 demanded 14636 clamped 4096
[kinematics-ws] K clamp binds: eid 1001 demanded 29899 clamped 4096
[kinematics-ws] K clamp binds: eid 1003 demanded 7173 clamped 4096
[kinematics-ws] K clamp binds: eid 1002 demanded 14652 clamped 4096
[kinematics-ws] K clamp binds: eid 1003 demanded 7174 clamped 4096
[kinematics-ws] K clamp binds: eid 1001 demanded 29875 clamped 4096
[kinematics-ws] K clamp binds: eid 1003 demanded 7175 clamped 4096
[kinematics-ws] K clamp binds: eid 1001 demanded 29854 clamped 4096
[kinematics-ws] K clamp binds: eid 1002 demanded 14653 clamped 4096
[kinematics-ws] K clamp binds: eid 1003 demanded 7177 clamped 4096
[kinematics-ws] K clamp binds: eid 1002 demanded 14634 clamped 4096
[kinematics-ws] K clamp binds: eid 1001 demanded 29864 clamped 4096
[kinematics-ws] K clamp binds: eid 1003 demanded 7180 clamped 4096
[kinematics-ws] K clamp binds: eid 1001 demanded 29887 clamped 4096
[kinematics-ws] K clamp binds: eid 1002 demanded 14643 clamped 4096
[kinematics-ws] K clamp binds: eid 1001 demanded 29903 clamped 4096
[kinematics-ws] K clamp binds: eid 1003 demanded 7181 clamped 4096
[kinematics-ws] K clamp binds: eid 1002 demanded 14654 clamped 4096
[kinematics-ws] K clamp binds: eid 1001 demanded 29910 clamped 4096
[kinematics-ws] K clamp binds: eid 1002 demanded 14634 clamped 4096
[kinematics-ws] K clamp binds: eid 1003 demanded 7183 clamped 4096
[kinematics-ws] K clamp binds: eid 1002 demanded 14645 clamped 4096
[kinematics-ws] K clamp binds: eid[kinematics-ws] K clamp binds: eid  1001 1003 demanded 7183 clamped demanded 29912 clamped 40964096

[kinematics-ws] K clamp binds: eid 1001 demanded 29912 clamped 4096
[kinematics-ws] K clamp binds: eid 1002 demanded 14651 clamped 4096
[kinematics-ws] K clamp binds: eid 1003 demanded 7183 clamped 4096
[kinematics-ws] K clamp binds: eid 1001 demanded 29912 clamped 4096
[kinematics-ws] K clamp binds: eid 1003 demanded 7183 clamped 4096
[kinematics-ws] K clamp binds: eid 1002 demanded 14632 clamped 4096
[kinematics-ws] K clamp binds: eid 1002 demanded 14654 clamped 4096
[kinematics-ws] K clamp binds: eid 1003 demanded 7181 clamped 4096
[kinematics-ws] K clamp binds: eid 1001 demanded 29909 clamped 4096
[kinematics-ws] K clamp binds: eid 1003 demanded 7180 clamped 4096
[kinematics-ws] K clamp binds: eid 1002 demanded 14636 clamped 4096
[kinematics-ws] K clamp binds: eid 1001 demanded 29900 clamped 4096
[kinematics-ws] K clamp binds: eid 1001 demanded 29883 clamped 4096
[kinematics-ws] K clamp binds: eid 1003 demanded 7178 clamped 4096
[kinematics-ws] K clamp binds: eid 1002 demanded 14646 clamped 4096
[kinematics-ws] K clamp binds: eid 1002 demanded 14644 clamped 4096
[kinematics-ws] K clamp binds: eid 1003 demanded 7176 clamped 4096
[kinematics-ws] K clamp binds: eid 1001 demanded 29867 clamped 4096
[kinematics-ws] K clamp binds: eid 1001 demanded 29870 clamped 4096
[kinematics-ws] K clamp binds: eid 1003 demanded 7175 clamped 4096
[kinematics-ws] K clamp binds: eid 1002 demanded 14640 clamped 4096
[kinematics-ws] K clamp binds: eid 1002 demanded 14648 clamped 4096
[kinematics-ws] K clamp binds: eid 1003 demanded 7174 clamped 4096
[kinematics-ws] K clamp binds: eid 1001 demanded 29898 clamped 4096
[kinematics-ws] K clamp binds: eid 1003 demanded 7176 clamped 4096
[kinematics-ws] K clamp binds: eid 1002 demanded 14639 clamped 4096
[kinematics-ws] K clamp binds: eid 1001 demanded 29907 clamped 4096
[kinematics-ws] K clamp binds: eid 1003 demanded 7180 clamped 4096
[kinematics-ws] K clamp binds: eid 1001 demanded 29872 clamped 4096
[kinematics-ws] K clamp binds: eid 1002 demanded 14648 clamped 4096
[kinematics-ws] K clamp binds: eid 1003 demanded 7187 clamped 4096
[kinematics-ws] K clamp binds: eid 1001 demanded 29871 clamped 4096
[kinematics-ws] K clamp binds: eid 1002 demanded 14643 clamped 4096
[kinematics-ws] K clamp binds: eid 1001 demanded 29907 clamped 4096
[kinematics-ws] K clamp binds: eid 1002 demanded 14643 clamped 4096
[kinematics-ws] K clamp binds: eid 1003 demanded 7194 clamped 4096
[kinematics-ws] K clamp binds: eid 1001 demanded 29868 clamped 4096
[kinematics-ws] K clamp binds: eid 1002 demanded 14651 clamped 4096
[kinematics-ws] K clamp binds: eid 1003 demanded 7200 clamped 4096
[kinematics-ws] K clamp binds: eid 1002 demanded 14636 clamped 4096
[kinematics-ws] K clamp binds: eid 1001 demanded 29885 clamped 4096
[kinematics-ws] K clamp binds: eid 1003 demanded 7203 clamped 4096
[kinematics-ws] K clamp binds: eid 1001 demanded 29891 clamped 4096
[kinematics-ws] K clamp binds: eid 1003 demanded 7199 clamped 4096
[kinematics-ws] K clamp binds: eid 1002 demanded 14658 clamped 4096
[kinematics-ws] K clamp binds: eid 1003 demanded 7191 clamped 4096
[kinematics-ws] K clamp binds: eid 1002 demanded 14638 clamped 4096
[kinematics-ws] K clamp binds: eid 1001 demanded 29870 clamped 4096
[kinematics-ws] K clamp binds: eid 1001 demanded 29897 clamped 4096
[kinematics-ws] K clamp binds: eid 1003 demanded 7180 clamped 4096
[kinematics-ws] K clamp binds: eid 1002 demanded 14650 clamped 4096
[kinematics-ws] K clamp binds: eid 1001 demanded 29874 clamped 4096
[kinematics-ws] K clamp binds: eid 1003 demanded 7174 clamped 4096
[kinematics-ws] K clamp binds: eid 1002 demanded 14656 clamped 4096
[kinematics-ws] K clamp binds: eid 1001 demanded 29888 clamped 4096
[kinematics-ws] K clamp binds: eid 1002 demanded 14638 clamped 4096
[kinematics-ws] K clamp binds: eid 1003 demanded 7177 clamped 4096
[kinematics-ws] K clamp binds: eid 1001 demanded 29896 clamped 4096
[kinematics-ws] K clamp binds: eid 1003 demanded 7188 clamped 4096
[kinematics-ws] K clamp binds: eid 1002 demanded 14655 clamped 4096
[kinematics-ws] K clamp binds: eid 1002 demanded 14659 clamped 4096
[kinematics-ws] K clamp binds: eid 1001 demanded 29866 clamped 4096
[kinematics-ws] K clamp binds: eid 1003 demanded 7200 clamped 4096
[kinematics-ws] K clamp binds: eid 1001 demanded 29910 clamped 4096
[kinematics-ws] K clamp binds: eid 1002 demanded 14642 clamped 4096
[kinematics-ws] K clamp binds: eid 1003 demanded 7201 clamped 4096
[kinematics-ws] K clamp binds: eid 1003 demanded 7189 clamped 4096
[kinematics-ws] K clamp binds: eid 1002 demanded 14651 clamped 4096
[kinematics-ws] K clamp binds: eid 1001 demanded 29894 clamped 4096
[kinematics-ws] K clamp binds: eid 1001 demanded 29870 clamped 4096
[kinematics-ws] K clamp binds: eid 1002 demanded 14666 clamped 4096
[kinematics-ws] K clamp binds: eid 1003 demanded 7176 clamped 4096
[kinematics-ws] K clamp binds: eid 1001 demanded 29899 clamped 4096
[kinematics-ws] K clamp binds: eid 1003 demanded 7175 clamped 4096
[kinematics-ws] K clamp binds: eid 1002 demanded 14656 clamped 4096
[kinematics-ws] K clamp binds: eid 1002 demanded 14645 clamped 4096
[kinematics-ws] K clamp binds: eid 1001 demanded 29921 clamped 4096
[kinematics-ws] K clamp binds: eid 1003 demanded 7189 clamped 4096
[kinematics-ws] K clamp binds: eid 1002 demanded 14654 clamped 4096
[kinematics-ws] K clamp binds: eid 1003 demanded 7201 clamped 4096
[kinematics-ws] K clamp binds: eid 1001 demanded 29907 clamped 4096
[kinematics-ws] K clamp binds: eid 1001 demanded 29885 clamped 4096
[kinematics-ws] K clamp binds: eid 1002 demanded 14668 clamped 4096
[kinematics-ws] K clamp binds: eid 1003 demanded 7194 clamped 4096
[kinematics-ws] K clamp binds: eid 1001 demanded 29879 clamped 4096
[kinematics-ws] K clamp binds: eid 1003 demanded 7176 clamped 4096
[kinematics-ws] K clamp binds: eid 1002 demanded 14668 clamped 4096
[kinematics-ws] K clamp binds: eid 1002 demanded 14658 clamped 4096
[kinematics-ws] K clamp binds: eid 1003 demanded 7175 clamped 4096
[kinematics-ws] K clamp binds: eid 1001 demanded 29885 clamped 4096
[kinematics-ws] K clamp binds: eid 1002 demanded 14650 clamped 4096
[kinematics-ws] K clamp binds: eid 1003 demanded 7192 clamped 4096
[kinematics-ws] K clamp binds: eid 1001 demanded 29895 clamped 4096
[kinematics-ws] K clamp binds: eid 1001 demanded 29902 clamped 4096
[kinematics-ws] K clamp binds: eid 1002 demanded 14653 clamped 4096
[kinematics-ws] K clamp binds: eid 1003 demanded 7200 clamped 4096
[kinematics-ws] K clamp binds: eid 1002 demanded 14661 clamped 4096
[kinematics-ws] K clamp binds: eid 1001 demanded 29904 clamped 4096
[kinematics-ws] K clamp binds: eid 1003 demanded 7183 clamped 4096
[kinematics-ws] K clamp binds: eid [kinematics-ws] K clamp binds: eid 1003 1001 demanded demanded 7172 29901 clamped clamped 40964096

[kinematics-ws] K clamp binds: eid 1002 demanded 14670 clamped 4096
[kinematics-ws] K clamp binds: eid 1001 demanded 29894 clamped 4096
[kinematics-ws] K clamp binds: eid 1002 demanded 14675 clamped 4096
[kinematics-ws] K clamp binds: eid 1003 demanded 7188 clamped 4096
[kinematics-ws] K clamp binds: eid 1001 demanded 29886 clamped 4096
[kinematics-ws] K clamp binds: eid 1003 demanded 7199 clamped 4096
[kinematics-ws] K clamp binds: eid 1002 demanded 14676 clamped 4096
[kinematics-ws] K clamp binds: eid 1001 demanded 29884 clamped 4096
[kinematics-ws] K clamp binds: eid 1002 demanded 14675 clamped 4096
[kinematics-ws] K clamp binds: eid 1003 demanded 7181 clamped 4096
[kinematics-ws] K clamp binds: eid 1001 demanded 29896 clamped 4096
[kinematics-ws] K clamp binds: eid 1002 demanded 14672 clamped 4096
[kinematics-ws] K clamp binds: eid 1003 demanded 7172 clamped 4096
[kinematics-ws] K clamp binds: eid 1001 demanded 29922 clamped 4096
[kinematics-ws] K clamp binds: eid 1002 demanded 14670 clamped 4096
[kinematics-ws] K clamp binds: eid 1003 demanded 7193 clamped 4096
[kinematics-ws] K clamp binds: eid 1001 demanded 29932 clamped 4096
[kinematics-ws] K clamp binds: eid 1002 demanded 14668 clamped 4096
[kinematics-ws] K clamp binds: eid 1003 demanded 7194 clamped 4096
[kinematics-ws] K clamp binds: eid 1001 demanded 29903 clamped 4096
[kinematics-ws] K clamp binds: eid 1003 demanded 7172 clamped 4096
[kinematics-ws] K clamp binds: eid 1002 demanded 14667 clamped 4096
[kinematics-ws] K clamp binds: eid 1002 demanded 14668 clamped 4096
[kinematics-ws] K clamp binds: eid 1001 demanded 29880 clamped 4096
[kinematics-ws] K clamp binds: eid 1003 demanded 7182 clamped 4096
[kinematics-ws] K clamp binds: eid 1001 demanded 29916 clamped 4096
[kinematics-ws] K clamp binds: eid 1002 demanded 14669 clamped 4096
[kinematics-ws] K clamp binds: eid 1003 demanded 7198 clamped 4096
[kinematics-ws] K clamp binds: eid 1003 demanded 7176 clamped 4096
[kinematics-ws] K clamp binds: eid 1002 demanded 14671 clamped 4096
[kinematics-ws] K clamp binds: eid 1001 demanded 29921 clamped 4096
[kinematics-ws] K clamp binds: eid 1002 demanded 14674 clamped 4096
[kinematics-ws] K clamp binds: eid 1001 demanded 29878 clamped 4096
[kinematics-ws] K clamp binds: eid 1003 demanded 7177 clamped 4096
[kinematics-ws] K clamp binds: eid 1001 demanded 29920 clamped 4096
[kinematics-ws] K clamp binds: eid 1002 demanded 14676 clamped 4096
[kinematics-ws] K clamp binds: eid 1003 demanded 7198 clamped 4096
[kinematics-ws] K clamp binds: eid 1002 demanded 14679 clamped 4096
[kinematics-ws] K clamp binds: eid 1003 demanded 7178 clamped 4096
[kinematics-ws] K clamp binds: eid 1001 demanded 29899 clamped 4096
[kinematics-ws] K clamp binds: eid 1002 [kinematics-ws] K clamp binds: eiddemanded  14678 clamped 1001 demanded 409629897 clamped 4096

[kinematics-ws] K clamp binds: eid 1003 demanded 7176 clamped 4096
[kinematics-ws] K clamp binds: eid 1001 demanded 29914 clamped 4096
[kinematics-ws] K clamp binds: eid 1003 demanded 7198 clamped 4096
[kinematics-ws] K clamp binds: eid 1002 demanded 14674 clamped 4096
[kinematics-ws] K clamp binds: eid 1003 demanded 7174 clamped 4096
[kinematics-ws] K clamp binds: eid 1001 demanded 29892 clamped 4096
[kinematics-ws] K clamp binds: eid 1002 demanded 14667 clamped 4096
[kinematics-ws] K clamp binds: eid 1001 demanded 29912 clamped 4096
[kinematics-ws] K clamp binds: eid 1002 demanded 14660 clamped 4096
[kinematics-ws] K clamp binds: eid 1003 demanded 7180 clamped 4096
[kinematics-ws] K clamp binds: eid 1001 demanded 29906 clamped 4096
[kinematics-ws] K clamp binds: eid 1002 demanded 14658 clamped 4096
[kinematics-ws] K clamp binds: eid 1003 demanded 7196 clamped 4096
[kinematics-ws] K clamp binds: eid 1001 demanded 29892 clamped 4096
[kinematics-ws] K clamp binds: eid 1002 demanded 14666 clamped 4096
[kinematics-ws] K clamp binds: eid 1003 demanded 7169 clamped 4096
[kinematics-ws] K clamp binds: eid 1002 demanded 14676 clamped 4096
[kinematics-ws] K clamp binds: eid 1001 demanded 29933 clamped 4096
[kinematics-ws] K clamp binds: eid 1003 demanded 7190 clamped 4096
[kinematics-ws] K clamp binds: eid 1002 demanded 14676 clamped 4096
[kinematics-ws] K clamp binds: eid 1003 demanded 7186 clamped 4096
[kinematics-ws] K clamp binds: eid 1001 demanded 29889 clamped 4096
[kinematics-ws] K clamp binds: eid 1001 demanded 29907 clamped 4096
[kinematics-ws] K clamp binds: eid 1003 demanded 7172 clamped 4096
[kinematics-ws] K clamp binds: eid 1002 demanded 14664 clamped 4096
[kinematics-ws] K clamp binds: eid 1002 demanded 14656 clamped 4096
[kinematics-ws] K clamp binds: eid 1003 demanded 7197 clamped 4096
[kinematics-ws] K clamp binds: eid 1001 demanded 29939 clamped 4096
[kinematics-ws] K clamp binds: eid 1001 demanded 29908 clamped 4096
[kinematics-ws] K clamp binds: eid 1003 demanded 7171 clamped 4096
[kinematics-ws] K clamp binds: eid 1002 demanded 14666 clamped 4096
[kinematics-ws] K clamp binds: eid 1003 demanded 7189 clamped 4096
[kinematics-ws] K clamp binds: eid 1001 demanded 29891 clamped 4096
[kinematics-ws] K clamp binds: eid 1002 demanded 14676 clamped 4096
[kinematics-ws] K clamp binds: eid 1003 demanded 7184 clamped 4096
[kinematics-ws] K clamp binds: eid 1001 demanded 29916 clamped 4096
[kinematics-ws] K clamp binds: eid 1002 demanded 14665 clamped 4096
[kinematics-ws] K clamp binds: eid 1003 demanded 7175 clamped 4096
[kinematics-ws] K clamp binds: eid 1001 demanded 29943 clamped 4096
[kinematics-ws] K clamp binds: eid 1002 demanded 14655 clamped 4096
[kinematics-ws] K clamp binds: eid 1001 demanded 29946 clamped 4096
[kinematics-ws] K clamp binds: eid 1003 demanded 7195 clamped 4096
[kinematics-ws] K clamp binds: eid 1002 demanded 14669 clamped 4096
[kinematics-ws] K clamp binds: eid 1001 demanded 29933 clamped 4096
[kinematics-ws] K clamp binds: eid 1003 demanded 7169 clamped 4096
[kinematics-ws] K clamp binds: eid 1002 demanded 14671 clamped 4096
[kinematics-ws] K clamp binds: eid 1001 demanded 29920 clamped 4096
[kinematics-ws] K clamp binds: eid 1002 demanded 14655 clamped 4096
[kinematics-ws] K clamp binds: eid 1003 demanded 7197 clamped 4096
[kinematics-ws] K clamp binds: eid 1001 demanded 29911 clamped 4096
[kinematics-ws] K clamp binds: eid 1003 demanded 7170 clamped 4096
[kinematics-ws] K clamp binds: eid 1002 demanded 14666 clamped 4096
[kinematics-ws] K clamp binds: eid 1001 demanded 29908 clamped 4096
[kinematics-ws] K clamp binds: eid 1003 demanded 7194 clamped 4096
[kinematics-ws] K clamp binds: eid 1002 demanded 14671 clamped 4096
[kinematics-ws] K clamp binds: eid 1003 demanded 7175 clamped 4096
[kinematics-ws] K clamp binds: eid 1001 demanded 29908 clamped 4096
[kinematics-ws] K clamp binds: eid 1002 demanded 14653 clamped 4096
[kinematics-ws] K clamp binds: eid 1001 demanded 29910 clamped 4096
[kinematics-ws] K clamp binds: eid 1002 demanded 14670 clamped 4096
[kinematics-ws] K clamp binds: eid 1003 demanded 7189 clamped 4096
[kinematics-ws] K clamp binds: eid 1001 demanded 29917 clamped 4096
[kinematics-ws] K clamp binds: eid 1003 demanded 7179 clamped 4096
[kinematics-ws] K clamp binds: eid 1002 demanded 14663 clamped 4096
[kinematics-ws] K clamp binds: eid 1002 demanded 14657 clamped 4096
[kinematics-ws] K clamp binds: eid 1001 demanded 29930 clamped 4096
[kinematics-ws] K clamp binds: eid 1003 demanded 7186 clamped 4096
[kinematics-ws] K clamp binds: eid 1002 demanded 14672 clamped 4096
[kinematics-ws] K clamp binds: eid 1003 demanded 7181 clamped 4096
[kinematics-ws] K clamp binds: eid 1001 demanded 29946 clamped 4096
[kinematics-ws] K clamp binds: eid 1001 demanded 29955 clamped 4096
[kinematics-ws] K clamp binds: eid 1003 demanded 7185 clamped 4096
[kinematics-ws] K clamp binds: eid 1002 demanded 14653 clamped 4096
[kinematics-ws] K clamp binds: eid 1001 demanded 29941 clamped 4096
[kinematics-ws] K clamp binds: eid 1002 demanded 14672 clamped 4096
[kinematics-ws] K clamp binds: eid 1003 demanded 7181 clamped 4096
[kinematics-ws] K clamp binds: eid 1001 demanded 29910 clamped 4096
[kinematics-ws] K clamp binds: eid 1002 demanded 14655 clamped 4096
[kinematics-ws] K clamp binds: eid 1003 demanded 7187 clamped 4096
[kinematics-ws] K clamp binds: eid 1003 demanded 7179 clamped 4096
[kinematics-ws] K clamp binds: eid 1001 demanded 29905 clamped 4096
[kinematics-ws] K clamp binds: eid 1002 demanded 14670 clamped 4096
[kinematics-ws] K clamp binds: eid 1001 demanded 29940 clamped 4096
[kinematics-ws] K clamp binds: eid 1002 demanded 14657 clamped 4096
[kinematics-ws] K clamp binds: eid 1003 demanded 7191 clamped 4096
[kinematics-ws] K clamp binds: eid 1001 demanded 29944 clamped 4096
[kinematics-ws] K clamp binds: eid 1002 demanded 14670 clamped 4096
[kinematics-ws] K clamp binds: eid 1003 demanded 7174 clamped 4096
[kinematics-ws] K clamp binds: eid 1002 demanded 14657 clamped 4096
[kinematics-ws] K clamp binds: eid 1001 demanded 29901 clamped 4096
[kinematics-ws] K clamp binds: eid 1003 demanded 7197 clamped 4096
[kinematics-ws] K clamp binds: eid 1001 demanded 29926 clamped 4096
[kinematics-ws] K clamp binds: eid 1003 demanded 7171 clamped 4096
[kinematics-ws] K clamp binds: eid 1002 demanded 14672 clamped 4096
[kinematics-ws] K clamp binds: eid 1003 demanded 7199 clamped 4096
[kinematics-ws] K clamp binds: eid 1001 demanded 29941 clamped 4096
[kinematics-ws] K clamp binds: eid 1002 demanded 14655 clamped 4096
[kinematics-ws] K clamp binds: eid 1001 demanded 29898 clamped 4096
[kinematics-ws] K clamp binds: eid 1003 demanded 7172 clamped 4096
[kinematics-ws] K clamp binds: eid 1002 demanded 14675 clamped 4096
[kinematics-ws] K clamp binds: eid 1002 demanded 14656 clamped 4096
[kinematics-ws] K clamp binds: eid 1001 demanded 29947 clamped 4096
[kinematics-ws] K clamp binds: eid 1003 demanded 7195 clamped 4096
[kinematics-ws] K clamp binds: eid 1001 demanded 29903 clamped 4096
[kinematics-ws] K clamp binds: eid 1003 demanded 7183 clamped 4096
[kinematics-ws] K clamp binds: eid 1002 demanded 14672 clamped 4096
[kinematics-ws] K clamp binds: eid 1001 demanded 29940 clamped 4096
[kinematics-ws] K clamp binds: eid 1002 demanded 14666 clamped 4096
[kinematics-ws] K clamp binds: eid 1003 demanded 7182 clamped 4096
[kinematics-ws] K clamp binds: eid 1003 demanded 7197 clamped 4096
[kinematics-ws] K clamp binds: eid 1001 demanded 29906 clamped 4096
[kinematics-ws] K clamp binds: eid 1002 demanded 14661 clamped 4096
[kinematics-ws] K clamp binds: eid 1002 demanded 14678 clamped 4096
[kinematics-ws] K clamp binds: eid 1001 demanded 29946 clamped 4096
[kinematics-ws] K clamp binds: eid 1003 demanded 7172 clamped 4096
[kinematics-ws] K clamp binds: eid 1001 demanded 29900 clamped 4096
[kinematics-ws] K clamp binds: eid 1002 demanded 14661 clamped 4096
[kinematics-ws] K clamp binds: eid 1003 demanded 7199 clamped 4096
[kinematics-ws] K clamp binds: eid 1002 demanded 14668 clamped 4096
[kinematics-ws] K clamp binds: eid 1003 demanded 7183 clamped 4096
[kinematics-ws] K clamp binds: eid 1001 demanded 29951 clamped 4096
[kinematics-ws] K clamp binds: eid 1002 demanded 14681 clamped 4096
[kinematics-ws] K clamp binds: eid 1001 demanded 29916 clamped 4096
[kinematics-ws] K clamp binds: eid 1003 demanded 7181 clamped 4096
[kinematics-ws] K clamp binds: eid 1001 demanded 29920 clamped 4096
[kinematics-ws] K clamp binds: eid 1003 demanded 7202 clamped 4096
[kinematics-ws] K clamp binds: eid 1002 demanded 14663 clamped 4096
[kinematics-ws] K clamp binds: eid 1001 demanded 29955 clamped 4096
[kinematics-ws] K clamp binds: eid 1003 demanded 7176 clamped 4096
[kinematics-ws] K clamp binds: eid 1002 demanded 14668 clamped 4096
[kinematics-ws] K clamp binds: eid 1002 demanded 14684 clamped 4096
[kinematics-ws] K clamp binds: eid 1003 demanded 7191 clamped 4096
[kinematics-ws] K clamp binds: eid 1001 demanded 29923 clamped 4096
[kinematics-ws] K clamp binds: eid 1003 demanded 7199 clamped 4096
[kinematics-ws] K clamp binds: eid 1002 demanded 14674 clamped 4096
[kinematics-ws] K clamp binds: eid 1001 demanded 29913 clamped 4096
[kinematics-ws] K clamp binds: eid[kinematics-ws] K clamp binds: eid  1002 1001 demanded 29948 clamped 4096
demanded 14664 clamped 4096
[kinematics-ws] K clamp binds: eid 1003 demanded 7175 clamped 4096
[kinematics-ws] K clamp binds: eid 1001 demanded 29961 clamped 4096
[kinematics-ws] K clamp binds: eid 1003 demanded 7196 clamped 4096
[kinematics-ws] K clamp binds: eid 1002 demanded 14677 clamped 4096
[kinematics-ws] K clamp binds: eid 1001 demanded 29942 clamped 4096
[kinematics-ws] K clamp binds: eid 1003 demanded 7200 clamped 4096
[kinematics-ws] K clamp binds: eid 1002 demanded 14688 clamped 4096
[kinematics-ws] K clamp binds: eid 1001 demanded 29922 clamped 4096
[kinematics-ws] K clamp binds: eid 1002 demanded 14680 clamped 4096
[kinematics-ws] K clamp binds: eid 1003 demanded 7177 clamped 4096
[kinematics-ws] K clamp binds: eid 1002 demanded 14668 clamped 4096
[kinematics-ws] K clamp binds: eid 1003 demanded 7194 clamped 4096
[kinematics-ws] K clamp binds: eid 1001 demanded 29919 clamped 4096
[kinematics-ws] K clamp binds: eid 1001 demanded 29928 clamped 4096
[kinematics-ws] K clamp binds: eid 1002 demanded 14671 clamped 4096
[kinematics-ws] K clamp binds: eid 1003 demanded 7204 clamped 4096
[kinematics-ws] K clamp binds: eid 1003 demanded 7181 clamped 4096
[kinematics-ws] K clamp binds: eid 1001 demanded 29940 clamped 4096
[kinematics-ws] K clamp binds: eid 1002 demanded 14684 clamped 4096
[kinematics-ws] K clamp binds: eid 1001 demanded 29949 clamped 4096
[kinematics-ws] K clamp binds: eid 1002 demanded 14692 clamped 4096
[kinematics-ws] K clamp binds: eid 1003 demanded 7187 clamped 4096
[kinematics-ws] K clamp binds: eid 1001 demanded 29953 clamped 4096
[kinematics-ws] K clamp binds: eid 1002 demanded 14690 clamped 4096
[kinematics-ws] K clamp binds: eid 1003 demanded 7208 clamped 4096
[kinematics-ws] K clamp binds: eid 1002 demanded 14682 clamped 4096
[kinematics-ws] K clamp binds: eid 1003 demanded 7193 clamped 4096
[kinematics-ws] K clamp binds: eid 1001 demanded 29953 clamped 4096
[kinematics-ws] K clamp binds: eid 1003 demanded 7180 clamped 4096[kinematics-ws] K clamp binds: eid 
1002 demanded 14675 clamped 4096
[kinematics-ws] K clamp binds: eid 1001 demanded 29949 clamped 4096
[kinematics-ws] K clamp binds: eid 1003 demanded 7199 clamped 4096
[kinematics-ws] K clamp binds: eid 1001 demanded 29940 clamped 4096
[kinematics-ws] K clamp binds: eid 1002 demanded 14673 clamped 4096
[kinematics-ws] K clamp binds: eid 1001 demanded 29929 clamped 4096
[kinematics-ws] K clamp binds: eid 1003 demanded 7209 clamped 4096
[kinematics-ws] K clamp binds: eid 1002 demanded 14675 clamped 4096
[kinematics-ws] K clamp binds: eid 1001 demanded 29923 clamped 4096
[kinematics-ws] K clamp binds: eid 1002 demanded 14680 clamped 4096
[kinematics-ws] K clamp binds: eid 1003 demanded 7190 clamped 4096
[kinematics-ws] K clamp binds: eid 1002 demanded 14686 clamped 4096
[kinematics-ws] K clamp binds: eid 1001 demanded 29932 clamped 4096
[kinematics-ws] K clamp binds: eid 1003 demanded 7182 clamped 4096
[kinematics-ws] K clamp binds: eid 1002 demanded 14690 clamped 4096
[kinematics-ws] K clamp binds: eid 1003 demanded 7200 clamped 4096
[kinematics-ws] K clamp binds: eid 1001 demanded 29957 clamped 4096
[kinematics-ws] K clamp binds: eid 1003 demanded 7211 clamped 4096
[kinematics-ws] K clamp binds: eid 1002 demanded 14694 clamped 4096
[kinematics-ws] K clamp binds: eid 1001 demanded 29973 clamped 4096
[kinematics-ws] K clamp binds: eid 1001 demanded 29951 clamped 4096
[kinematics-ws] K clamp binds: eid 1002 demanded 14696 clamped 4096
[kinematics-ws] K clamp binds: eid 1003 demanded 7197 clamped 4096
[kinematics-ws] K clamp binds: eid 1003 demanded 7183 clamped 4096
[kinematics-ws] K clamp binds: eid 1002 demanded 14697 clamped 4096
[kinematics-ws] K clamp binds: eid 1001 demanded 29921 clamped 4096
[kinematics-ws] K clamp binds: eid 1001 demanded 29944 clamped 4096
[kinematics-ws] K clamp binds: eid 1003 demanded 7192 clamped 4096
[kinematics-ws] K clamp binds: eid 1002 demanded 14697 clamped 4096
[kinematics-ws] K clamp binds: eid 1002 demanded 14697 clamped 4096
[kinematics-ws] K clamp binds: eid 1003 demanded 7210 clamped 4096
[kinematics-ws] K clamp binds: eid 1001 demanded 29969 clamped 4096
[kinematics-ws] K clamp binds: eid 1001 demanded 29927 clamped 4096
[kinematics-ws] K clamp binds: eid 1003 demanded 7212 clamped 4096
[kinematics-ws] K clamp binds: eid 1002 demanded 14696 clamped 4096
[kinematics-ws] K clamp binds: eid 1002 demanded 14694 clamped 4096
[kinematics-ws] K clamp binds: eid 1001 demanded 29939 clamped 4096
[kinematics-ws] K clamp binds: eid 1003 demanded 7197 clamped 4096
[kinematics-ws] K clamp binds: eid 1003 demanded 7185 clamped 4096
[kinematics-ws] K clamp binds: eid 1001 demanded 29964 clamped 4096
[kinematics-ws] K clamp binds: eid 1002 demanded 14691 clamped 4096
[kinematics-ws] K clamp binds: eid[kinematics-ws] K clamp binds: eid  1002 1003 demandeddemanded  7190 14687 clamped clamped 40964096

[kinematics-ws] K clamp binds: eid 1001 demanded 29917 clamped 4096
[kinematics-ws] K clamp binds: eid 1001 demanded 29966 clamped 4096
[kinematics-ws] K clamp binds: eid 1002 demanded 14683 clamped 4096
[kinematics-ws] K clamp binds: eid 1003 demanded 7205 clamped 4096
[kinematics-ws] K clamp binds: eid 1002 demanded 14678 clamped 4096
[kinematics-ws] K clamp binds: eid 1003 demanded 7216 clamped 4096
[kinematics-ws] K clamp binds: eid 1001 demanded 29923 clamped 4096
[kinematics-ws] K clamp binds: eid 1002 demanded 14677 clamped 4096
[kinematics-ws] K clamp binds: eid 1003 demanded 7212 clamped 4096
[kinematics-ws] K clamp binds: eid 1001 demanded 29962 clamped 4096
[kinematics-ws] K clamp binds: eid 1001 demanded 29924 clamped 4096
[kinematics-ws] K clamp binds: eid 1002 demanded 14681 clamped 4096
[kinematics-ws] K clamp binds: eid 1003 demanded 7199 clamped 4096
[kinematics-ws] K clamp binds: eid 1001 demanded 29968 clamped 4096
[kinematics-ws] K clamp binds: eid 1003 demanded 7189 clamped 4096
[kinematics-ws] K clamp binds: eid 1002 demanded 14689 clamped 4096
[kinematics-ws] K clamp binds: eid 1002 demanded 14697 clamped 4096
[kinematics-ws] K clamp binds: eid 1003 demanded 7188 clamped 4096
[kinematics-ws] K clamp binds: eid 1001 demanded 29920 clamped 4096
[kinematics-ws] K clamp binds: eid [kinematics-ws] K clamp binds: eid 1002 demanded 100114699  clamped demanded 29968 clamped 40964096

[kinematics-ws] K clamp binds: eid 1003 demanded 7197 clamped 4096
[kinematics-ws] K clamp binds: eid 1002 demanded 14690 clamped 4096
[kinematics-ws] K clamp binds: eid 1001 demanded 29941 clamped 4096
[kinematics-ws] K clamp binds: eid 1003 demanded 7209 clamped 4096
[kinematics-ws] K clamp binds: eid 1002 demanded 14679 clamped 4096
[kinematics-ws] K clamp binds: eid 1003 demanded 7217 clamped 4096
[kinematics-ws] K clamp binds: eid 1001 demanded 29935 clamped 4096
[kinematics-ws] K clamp binds: eid[kinematics-ws] K clamp binds: eid  1003 demanded 7218 clamped 1001 demanded 29976 clamped 40964096

[kinematics-ws] K clamp binds: eid 1002 demanded 14677 clamped 4096
[kinematics-ws] K clamp binds: eid 1003 demanded 7213 clamped 4096
[kinematics-ws] K clamp binds: eid 1002 demanded 14689 clamped 4096
[kinematics-ws] K clamp binds: eid 1001 demanded 29946 clamped 4096
[kinematics-ws] K clamp binds: eid 1001 demanded 29931 clamped 4096
[kinematics-ws] K clamp binds: eid 1003 demanded 7204 clamped 4096
[kinematics-ws] K clamp binds: eid 1002 demanded 14698 clamped 4096
[kinematics-ws] K clamp binds: eid 1002 demanded 14688 clamped 4096
[kinematics-ws] K clamp binds: eid 1003 demanded 7196 clamped 4096
[kinematics-ws] K clamp binds: eid 1001 demanded 29966 clamped 4096
[kinematics-ws] K clamp binds: eid 1001 demanded 29982 clamped 4096
[kinematics-ws] K clamp binds: eid 1003 demanded 7191 clamped 4096
[kinematics-ws] K clamp binds: eid 1002 demanded 14675 clamped 4096
[kinematics-ws] K clamp binds: eid 1002 demanded 14683 clamped 4096
[kinematics-ws] K clamp binds: eid 1001 demanded 29960 clamped 4096
[kinematics-ws] K clamp binds: eid 1003 demanded 7190 clamped 4096
[kinematics-ws] K clamp binds: eid 1002 demanded 14697 clamped 4096
[kinematics-ws] K clamp binds: eid 1003 demanded 7192 clamped 4096
[kinematics-ws] K clamp binds: eid 1001 demanded 29939 clamped 4096
[kinematics-ws] K clamp binds: eid 1003 demanded 7197 clamped 4096
[kinematics-ws] K clamp binds: eid 1002 demanded 14685 clamped 4096
[kinematics-ws] K clamp binds: eid 1001 demanded 29939 clamped 4096
[kinematics-ws] K clamp binds: eid 1001 demanded 29953 clamped 4096
[kinematics-ws] K clamp binds: eid 1002 demanded 14674 clamped 4096
[kinematics-ws] K clamp binds: eid 1003 demanded 7202 clamped 4096
[kinematics-ws] K clamp binds: eid 1001 demanded 29969 clamped 4096
[kinematics-ws] K clamp binds: eid 1002 demanded 14691 clamped 4096
[kinematics-ws] K clamp binds: eid 1003 demanded 7208 clamped 4096
[kinematics-ws] K clamp binds: eid 1003 demanded 7213 clamped 4096
[kinematics-ws] K clamp binds: eid 1002 demanded 14690 clamped 4096
[kinematics-ws] K clamp binds: eid 1001 demanded 29980 clamped 4096
[kinematics-ws] K clamp binds: eid 1001 demanded 29986 clamped 4096
[kinematics-ws] K clamp binds: eid 1002 demanded 14672 clamped 4096
[kinematics-ws] K clamp binds: eid 1003 demanded 7216 clamped 4096
[kinematics-ws] K clamp binds: eid 1003 demanded 7219 clamped 4096
[kinematics-ws] K clamp binds: eid 1001 demanded 29988 clamped 4096
[kinematics-ws] K clamp binds: eid 1002 demanded 14689 clamped 4096
[kinematics-ws] K clamp binds: eid 1003 demanded 7221 clamped 4096
[kinematics-ws] K clamp binds: eid 1001 demanded 29987 clamped 4096
[kinematics-ws] K clamp binds: eid 1002 demanded 14688 clamped 4096
[kinematics-ws] K clamp binds: eid 1002 demanded 14672 clamped 4096
[kinematics-ws] K clamp binds: eid 1001 demanded 29984 clamped 4096
[kinematics-ws] K clamp binds: eid 1003 demanded 7222 clamped 4096
[kinematics-ws] K clamp binds: eid 1002 demanded 14694 clamped 4096
[kinematics-ws] K clamp binds: eid 1003 demanded 7222 clamped 4096
[kinematics-ws] K clamp binds: eid 1001 demanded 29976 clamped 4096
[kinematics-ws] K clamp binds: eid 1001 demanded 29963 clamped 4096
[kinematics-ws] K clamp binds: eid 1003 demanded 7222 clamped 4096
[kinematics-ws] K clamp binds: eid 1002 demanded 14678 clamped 4096
[kinematics-ws] K clamp binds: eid 1001 demanded 29949 clamped 4096
[kinematics-ws] K clamp binds: eid [kinematics-ws] K clamp binds: eid 1002 1003 demanded demanded 14681 clamped 7222 clamped 40964096

[kinematics-ws] K clamp binds: eid 1001 demanded 29944 clamped 4096
[kinematics-ws] K clamp binds: eid 1002 demanded 14691 clamped 4096
[kinematics-ws] K clamp binds: eid 1003 demanded 7223 clamped 4096
[kinematics-ws] K clamp binds: eid 1001 demanded 29959 clamped 4096
[kinematics-ws] K clamp binds: eid 1002 demanded 14672 clamped 4096
[kinematics-ws] K clamp binds: eid 1003 demanded 7222 clamped 4096
[kinematics-ws] K clamp binds: eid 1001 demanded 29985 clamped 4096
[kinematics-ws] K clamp binds: eid 1002 demanded 14694 clamped 4096
[kinematics-ws] K clamp binds: eid 1003 demanded 7222 clamped 4096
[kinematics-ws] K clamp binds: eid 1001 demanded 29987 clamped 4096
[kinematics-ws] K clamp binds: eid 1002 demanded 14672 clamped 4096
[kinematics-ws] K clamp binds: eid 1003 demanded 7222 clamped 4096
[kinematics-ws] K clamp binds: eid 1002 demanded 14693 clamped 4096
[kinematics-ws] K clamp binds: eid 1003 demanded 7221 clamped 4096
[kinematics-ws] K clamp binds: eid 1001 demanded 29955 clamped 4096
[kinematics-ws] K clamp binds: eid 1003 demanded 7219 clamped 4096
[kinematics-ws] K clamp binds: eid 1001 demanded 29945 clamped 4096
[kinematics-ws] K clamp binds: eid 1002 demanded 14674 clamped 4096
[kinematics-ws] K clamp binds: eid 1001 demanded 29982 clamped 4096
[kinematics-ws] K clamp binds: eid 1002 demanded 14692 clamped 4096
[kinematics-ws] K clamp binds: eid 1003 demanded 7217 clamped 4096
[kinematics-ws] K clamp binds: eid 1001 demanded 29974 clamped 4096
[kinematics-ws] K clamp binds: eid 1003 demanded 7213 clamped 4096
[kinematics-ws] K clamp binds: eid 1002 demanded 14675 clamped 4096
[kinematics-ws] K clamp binds: eid 1001 demanded 29940 clamped 4096
[kinematics-ws] K clamp binds: eid 1003 demanded 7209 clamped 4096
[kinematics-ws] K clamp binds: eid 1002 demanded 14693 clamped 4096
[kinematics-ws] K clamp binds: eid 1001 demanded 29982 clamped 4096
[kinematics-ws] K clamp binds: eid 1003 demanded 7204 clamped 4096
[kinematics-ws] K clamp binds: eid 1002 demanded 14674 clamped 4096
[kinematics-ws] K clamp binds: eid 1003 demanded 7199 clamped 4096
[kinematics-ws] K clamp binds: eid 1001 demanded 29960 clamped 4096
[kinematics-ws] K clamp binds: eid 1002 demanded 14696 clamped 4096
[kinematics-ws] K clamp binds: eid 1001 demanded 29953 clamped 4096
[kinematics-ws] K clamp binds: eid 1002 demanded 14673 clamped 4096
[kinematics-ws] K clamp binds: eid 1003 demanded 7195 clamped 4096
[kinematics-ws] K clamp binds: eid 1003 demanded 7194 clamped 4096
[kinematics-ws] K clamp binds: eid 1002 demanded 14696 clamped 4096
[kinematics-ws] K clamp binds: eid 1001 demanded 29981 clamped 4096
[kinematics-ws] K clamp binds: eid 1001 demanded 29942 clamped 4096
[kinematics-ws] K clamp binds: eid 1003 demanded 7196 clamped 4096
[kinematics-ws] K clamp binds: eid 1002 demanded 14678 clamped 4096
[kinematics-ws] K clamp binds: eid 1003 demanded 7201 clamped 4096
[kinematics-ws] K clamp binds: eid 1002 demanded 14688 clamped 4096
[kinematics-ws] K clamp binds: eid 1001 demanded 29986 clamped 4096
[kinematics-ws] K clamp binds: eid 1002 demanded 14692 clamped 4096
[kinematics-ws] K clamp binds: eid 1001 demanded 29942 clamped 4096
[kinematics-ws] K clamp binds: eid 1003 demanded 7209 clamped 4096
[kinematics-ws] K clamp binds: eid 1001 demanded 29983 clamped 4096
[kinematics-ws] K clamp binds: eid 1002 demanded 14677 clamped 4096
[kinematics-ws] K clamp binds: eid 1003 demanded 7218 clamped 4096
[kinematics-ws] K clamp binds: eid 1003 demanded 7222 clamped 4096
[kinematics-ws] K clamp binds: eid 1002 demanded 14699 clamped 4096
[kinematics-ws] K clamp binds: eid 1001 demanded 29954 clamped 4096
[kinematics-ws] K clamp binds: eid 1003 demanded 7221 clamped 4096
[kinematics-ws] K clamp binds: eid 1002 demanded 14686 clamped 4096
[kinematics-ws] K clamp binds: eid 1001 demanded 29966 clamped 4096
[kinematics-ws] K clamp binds: eid 1003 demanded 7214 clamped 4096
[kinematics-ws] K clamp binds: eid 1001 demanded 29984 clamped 4096
[kinematics-ws] K clamp binds: eid 1002 demanded 14682 clamped 4096
[kinematics-ws] K clamp binds: eid 1003 demanded 7203 clamped 4096
[kinematics-ws] K clamp binds: eid 1001 demanded 29944 clamped 4096
[kinematics-ws] K clamp binds: eid 1002 demanded 14702 clamped 4096
[kinematics-ws] K clamp binds: eid 1003 demanded 7195 clamped 4096
[kinematics-ws] K clamp binds: eid 1002 demanded 14687 clamped 4096
[kinematics-ws] K clamp binds: eid 1001 demanded 29983 clamped 4096
[kinematics-ws] K clamp binds: eid 1001 demanded 29985 clamped 4096
[kinematics-ws] K clamp binds: eid 1002 demanded 14683 clamped 4096
[kinematics-ws] K clamp binds: eid 1003 demanded 7195 clamped 4096
[kinematics-ws] K clamp binds: eid 1001 demanded 29950 clamped 4096
[kinematics-ws] K clamp binds: eid 1003 demanded 7204 clamped 4096
[kinematics-ws] K clamp binds: eid 1002 demanded 14703 clamped 4096
[kinematics-ws] K clamp binds: eid [kinematics-ws] K clamp binds: eid 1001 demanded 1003 29969 demanded clamped 7216 clamped 40964096

[kinematics-ws] K clamp binds: eid 1002 demanded 14696 clamped 4096
[kinematics-ws] K clamp binds: eid 1002 demanded 14682 clamped 4096
[kinematics-ws] K clamp binds: eid 1001 demanded 30000 clamped 4096
[kinematics-ws] K clamp binds: eid 1003 demanded 7222 clamped 4096
[kinematics-ws] K clamp binds: eid 1002 demanded 14695 clamped 4096
[kinematics-ws] K clamp binds: eid 1001 demanded 29990 clamped 4096
[kinematics-ws] K clamp binds: eid 1003 demanded 7216 clamped 4096
[kinematics-ws] K clamp binds: eid 1002 demanded 14707 clamped 4096
[kinematics-ws] K clamp binds: eid 1001 demanded 29964 clamped 4096
[kinematics-ws] K clamp binds: eid 1003 demanded 7201 clamped 4096
[kinematics-ws] K clamp binds: eid 1001 demanded 29957 clamped 4096
[kinematics-ws] K clamp binds: eid 1003 demanded 7193 clamped 4096
[kinematics-ws] K clamp binds: eid 1002 demanded 14697 clamped 4096
[kinematics-ws] K clamp binds: eid 1001 demanded 29971 clamped 4096
[kinematics-ws] K clamp binds: eid 1002 demanded 14686 clamped 4096
[kinematics-ws] K clamp binds: eid 1003 demanded 7200 clamped 4096
[kinematics-ws] K clamp binds: eid 1002 demanded 14693 clamped 4096
[kinematics-ws] K clamp binds: eid 1003 demanded 7215 clamped 4096
[kinematics-ws] K clamp binds: eid 1001 demanded 29990 clamped 4096
[kinematics-ws] K clamp binds: eid 1001 demanded 30003 clamped 4096
[kinematics-ws] K clamp binds: eid 1003 demanded 7221 clamped 4096
[kinematics-ws] K clamp binds: eid 1002 demanded 14707 clamped 4096
[kinematics-ws] K clamp binds: eid 1003 demanded 7210 clamped 4096
[kinematics-ws] K clamp binds: eid 1001 demanded 30009 clamped 4096
[kinematics-ws] K clamp binds: eid 1002 demanded 14710 clamped 4096
[kinematics-ws] K clamp binds: eid 1003 demanded 7195 clamped 4096
[kinematics-ws] K clamp binds: eid 1002 demanded 14700 clamped 4096
[kinematics-ws] K clamp binds: eid 1001 demanded 30011 clamped 4096
[kinematics-ws] K clamp binds: eid 1002 demanded 14691 clamped 4096
[kinematics-ws] K clamp binds: eid 1003 demanded 7196 clamped 4096
[kinematics-ws] K clamp binds: eid 1001 demanded 30011 clamped 4096
[kinematics-ws] K clamp binds: eid 1002 demanded 14691 clamped 4096
[kinematics-ws] K clamp binds: eid 1003 demanded 7213 clamped 4096
[kinematics-ws] K clamp binds: eid 1001 demanded 30011 clamped 4096
[kinematics-ws] K clamp binds: eid[kinematics-ws] K clamp binds: eid  10021001  demanded demanded 14699 30011 clampedclamped  40964096

[kinematics-ws] K clamp binds: eid 1003 demanded 7221 clamped 4096
[kinematics-ws] K clamp binds: eid 1001 demanded 30010 clamped 4096
[kinematics-ws] K clamp binds: eid 1003 demanded 7206 clamped 4096
[kinematics-ws] K clamp binds: eid 1002 demanded 14709 clamped 4096
[kinematics-ws] K clamp binds: eid 1002 demanded 14715 clamped 4096
[kinematics-ws] K clamp binds: eid 1003 demanded 7192 clamped 4096
[kinematics-ws] K clamp binds: eid 1001 demanded 30004 clamped 4096
[kinematics-ws] K clamp binds: eid 1002 demanded 14715 clamped 4096
[kinematics-ws] K clamp binds: eid 1003 demanded 7202 clamped 4096
[kinematics-ws] K clamp binds: eid 1001 demanded 29991 clamped 4096
[kinematics-ws] K clamp binds: eid 1001 demanded 29975 clamped 4096
[kinematics-ws] K clamp binds: eid 1003 demanded 7219 clamped 4096
[kinematics-ws] K clamp binds: eid 1002 demanded 14711 clamped 4096
[kinematics-ws] K clamp binds: eid 1002 demanded 14705 clamped 4096
[kinematics-ws] K clamp binds: eid 1001 demanded 29966 clamped 4096
[kinematics-ws] K clamp binds: eid 1003 demanded 7212 clamped 4096
[kinematics-ws] K clamp binds: eid 1002 demanded 14701 clamped 4096
[kinematics-ws] K clamp binds: eid 1001 demanded 29977 clamped 4096
[kinematics-ws] K clamp binds: eid 1003 demanded 7193 clamped 4096
[kinematics-ws] K clamp binds: eid 1002 demanded 14698 clamped 4096
[kinematics-ws] K clamp binds: eid 1001 demanded 30002 clamped 4096
[kinematics-ws] K clamp binds: eid 1003 demanded 7199 clamped 4096
[kinematics-ws] K clamp binds: eid 1003 demanded 7219 clamped 4096
[kinematics-ws] K clamp binds: eid 1001 demanded 30007 clamped 4096
[kinematics-ws] K clamp binds: eid 1002 demanded 14696 clamped 4096
[kinematics-ws] K clamp binds: eid 1001 demanded 29976 clamped 4096
[kinematics-ws] K clamp binds: eid 1003 demanded 7211 clamped 4096
[kinematics-ws] K clamp binds: eid 1002 demanded 14696 clamped 4096
[kinematics-ws] K clamp binds: eid 1003 demanded 7191 clamped 4096
[kinematics-ws] K clamp binds: eid 1001 demanded 29966 clamped 4096
[kinematics-ws] K clamp binds: eid 1002 demanded 14696 clamped 4096
[kinematics-ws] K clamp binds: eid 1002 demanded 14696 clamped 4096
[kinematics-ws] K clamp binds: eid 1003 demanded 7203 clamped 4096
[kinematics-ws] K clamp binds: eid 1001 demanded 30001 clamped 4096
[kinematics-ws] K clamp binds: eid 1001 demanded 29994 clamped 4096
[kinematics-ws] K clamp binds: eid [kinematics-ws] K clamp binds: eid 1003 1002demanded 7219 clamped  demanded 14696 clamped 40964096

[kinematics-ws] K clamp binds: eid 1001 demanded 29961 clamped 4096
[kinematics-ws] K clamp binds: eid 1003 demanded 7202 clamped 4096
[kinematics-ws] K clamp binds: eid 1002 demanded 14696 clamped 4096
[kinematics-ws] K clamp binds: eid 1002 demanded 14696 clamped 4096
[kinematics-ws] K clamp binds: eid 1003 demanded 7192 clamped 4096
[kinematics-ws] K clamp binds: eid 1001 demanded 29999 clamped 4096
[kinematics-ws] K clamp binds: eid 1003 demanded 7214 clamped 4096
[kinematics-ws] K clamp binds: eid 1002 demanded 14697 clamped 4096
[kinematics-ws] K clamp binds: eid 1001 demanded 29983 clamped 4096
[kinematics-ws] K clamp binds: eid 1001 demanded 29970 clamped 4096
[kinematics-ws] K clamp binds: eid 1002 demanded 14699 clamped 4096
[kinematics-ws] K clamp binds: eid 1003 demanded 7212 clamped 4096
[kinematics-ws] K clamp binds: eid 1003 demanded 7190 clamped 4096
[kinematics-ws] K clamp binds: eid 1002 demanded 14702 clamped 4096
[kinematics-ws] K clamp binds: eid 1001 demanded 30003 clamped 4096
[kinematics-ws] K clamp binds: eid 1003 demanded 7206 clamped 4096
[kinematics-ws] K clamp binds: eid 1002 demanded 14707 clamped 4096
[kinematics-ws] K clamp binds: eid 1001 demanded 29961 clamped 4096
[kinematics-ws] K clamp binds: eid 1002 demanded 14713 clamped 4096
[kinematics-ws] K clamp binds: eid 1003 demanded 7217 clamped 4096
[kinematics-ws] K clamp binds: eid 1001 demanded 30006 clamped 4096
[kinematics-ws] K clamp binds: eid 1001 demanded 29961 clamped 4096
[kinematics-ws] K clamp binds: eid 1002 demanded 14718 clamped 4096
[kinematics-ws] K clamp binds: eid 1003 demanded 7192 clamped 4096
[kinematics-ws] K clamp binds: eid 1001 demanded 30007 clamped 4096
[kinematics-ws] K clamp binds: eid 1002 demanded 14721 clamped 4096
[kinematics-ws] K clamp binds: eid 1003 demanded 7202 clamped 4096
[kinematics-ws] K clamp binds: eid 1001 demanded 29964 clamped 4096
[kinematics-ws] K clamp binds: eid 1002 demanded 14718 clamped 4096
[kinematics-ws] K clamp binds: eid 1003 demanded 7217 clamped 4096
[kinematics-ws] K clamp binds: eid 1003 demanded 7193 clamped 4096
[kinematics-ws] K clamp binds: eid 1001 demanded 30000 clamped 4096
[kinematics-ws] K clamp binds: eid 1002 demanded 14709 clamped 4096
[kinematics-ws] K clamp binds: eid 1003 demanded 7201 clamped 4096
[kinematics-ws] K clamp binds: eid 1001 demanded 29984 clamped 4096
[kinematics-ws] K clamp binds: eid 1002 demanded 14699 clamped 4096
[kinematics-ws] K clamp binds: eid 1002 demanded 14696 clamped 4096
[kinematics-ws] K clamp binds: eid 1001 demanded 29975 clamped 4096
[kinematics-ws] K clamp binds: eid 1003 demanded 7217 clamped 4096
[kinematics-ws] K clamp binds: eid 1003 demanded 7191 clamped 4096
[kinematics-ws] K clamp binds: eid 1001 demanded 30012 clamped 4096
[kinematics-ws] K clamp binds: eid 1002 demanded 14703 clamped 4096
[kinematics-ws] K clamp binds: eid 1001 demanded 29976 clamped 4096
[kinematics-ws] K clamp binds: eid 1003 demanded 7205 clamped 4096
[kinematics-ws] K clamp binds: eid 1002 demanded 14715 clamped 4096
[kinematics-ws] K clamp binds: eid 1003 demanded 7213 clamped 4096
[kinematics-ws] K clamp binds: eid 1001 demanded 29981 clamped 4096
[kinematics-ws] K clamp binds: eid 1002 demanded 14719 clamped 4096
[kinematics-ws] K clamp binds: eid 1003 demanded 7189 clamped 4096
[kinematics-ws] K clamp binds: eid 1002 demanded 14708 clamped 4096
[kinematics-ws] K clamp binds: eid 1001 demanded 30016 clamped 4096
[kinematics-ws] K clamp binds: eid 1001 demanded 29997 clamped 4096
[kinematics-ws] K clamp binds: eid 1003 demanded 7212 clamped 4096
[kinematics-ws] K clamp binds: eid 1002 demanded 14696 clamped 4096
[kinematics-ws] K clamp binds: eid 1003 demanded 7205 clamped 4096
[kinematics-ws] K clamp binds: eid 1002 demanded 14700 clamped 4096
[kinematics-ws] K clamp binds: eid 1001 demanded 29973 clamped 4096
[kinematics-ws] K clamp binds: eid 1001 demanded 29991 clamped 4096
[kinematics-ws] K clamp binds: eid 1002 demanded 14715 clamped 4096
[kinematics-ws] K clamp binds: eid 1003 demanded 7192 clamped 4096
[kinematics-ws] K clamp binds: eid 1001 demanded 30018 clamped 4096
[kinematics-ws] K clamp binds: eid 1002 demanded 14715 clamped 4096
[kinematics-ws] K clamp binds: eid 1003 demanded 7217 clamped 4096
[kinematics-ws] K clamp binds: eid 1001 demanded 30020 clamped 4096
[kinematics-ws] K clamp binds: eid 1003 demanded 7192 clamped 4096
[kinematics-ws] K clamp binds: eid 1002 demanded 14697 clamped 4096
[kinematics-ws] K clamp binds: eid 1003 demanded 7205 clamped 4096
[kinematics-ws] K clamp binds: eid 1002 demanded 14697 clamped 4096
[kinematics-ws] K clamp binds: eid 1001 demanded 30003 clamped 4096
[kinematics-ws] K clamp binds: eid 1002 demanded 14715 clamped 4096
[kinematics-ws] K clamp binds: eid 1001 demanded 29987 clamped 4096
[kinematics-ws] K clamp binds: eid 1003 demanded 7209 clamped 4096
[kinematics-ws] K clamp binds: eid 1001 demanded 29981 clamped 4096
[kinematics-ws] K clamp binds: eid [kinematics-ws] K clamp binds: eid 1002 1003 demandeddemanded 14710 clamped  7190 clamped 40964096

[kinematics-ws] K clamp binds: eid 1001 demanded 29984 clamped 4096
[kinematics-ws] K clamp binds: eid 1002 demanded 14693 clamped 4096
[kinematics-ws] K clamp binds: eid 1003 demanded 7217 clamped 4096
[kinematics-ws] K clamp binds: eid 1002 demanded 14707 clamped 4096
[kinematics-ws] K clamp binds: eid 1003 demanded 7191 clamped 4096
[kinematics-ws] K clamp binds: eid 1001 demanded 29990 clamped 4096
[kinematics-ws] K clamp binds: eid 1001 demanded 29995 clamped 4096
[kinematics-ws] K clamp binds: eid 1003 demanded 7209 clamped 4096
[kinematics-ws] K clamp binds: eid 1002 demanded 14714 clamped 4096
[kinematics-ws] K clamp binds: eid 1001 demanded 29998 clamped 4096
[kinematics-ws] K clamp binds: eid 1003 demanded 7203 clamped 4096
[kinematics-ws] K clamp binds: eid 1002 demanded 14693 clamped 4096
[kinematics-ws] K clamp binds: eid 1002 demanded 14704 clamped 4096
[kinematics-ws] K clamp binds: eid 1003 demanded 7196 clamped 4096
[kinematics-ws] K clamp binds: eid 1001 demanded 29998 clamped 4096
[kinematics-ws] K clamp binds: eid 1001 demanded 29994 clamped 4096
[kinematics-ws] K clamp binds: eid 1003 demanded 7214 clamped 4096
[kinematics-ws] K clamp binds: eid 1002 demanded 14713 clamped 4096
[kinematics-ws] K clamp binds: eid 1003 demanded 7189 clamped 4096
[kinematics-ws] K clamp binds: eid 1001 demanded 29989 clamped 4096
[kinematics-ws] K clamp binds: eid 1002 demanded 14692 clamped 4096
[kinematics-ws] K clamp binds: eid[kinematics-ws] K clamp binds: eid  1001 1003demanded 29984 clamped  demanded 7217 clamped 40964096

[kinematics-ws] K clamp binds: eid 1002 demanded 14709 clamped 4096
[kinematics-ws] K clamp binds: eid 1002 demanded 14706 clamped 4096
[kinematics-ws] K clamp binds: eid 1001 demanded 29985 clamped 4096
[kinematics-ws] K clamp binds: eid 1003 demanded 7189 clamped 4096
[kinematics-ws] K clamp binds: eid 1002 demanded 14694 clamped 4096
[kinematics-ws] K clamp binds: eid 1001 demanded 29997 clamped 4096
[kinematics-ws] K clamp binds: eid 1003 demanded 7214 clamped 4096
[kinematics-ws] K clamp binds: eid 1002 demanded 14715 clamped 4096
[kinematics-ws] K clamp binds: eid 1001 demanded 30018 clamped 4096
[kinematics-ws] K clamp binds: eid 1003 demanded 7194 clamped 4096
[kinematics-ws] K clamp binds: eid 1003 demanded 7209 clamped 4096
[kinematics-ws] K clamp binds: eid 1001 demanded 30033 clamped 4096
[kinematics-ws] K clamp binds: eid 1002 demanded 14692 clamped 4096
[kinematics-ws] K clamp binds: eid 1003 demanded 7200 clamped 4096
[kinematics-ws] K clamp binds: eid 1002 demanded 14709 clamped 4096
[kinematics-ws] K clamp binds: eid 1001 demanded 30021 clamped 4096
[kinematics-ws] K clamp binds: eid 1003 demanded 7204 clamped 4096
[kinematics-ws] K clamp binds: eid 1001 demanded 29990 clamped 4096
[kinematics-ws] K clamp binds: eid 1002 demanded 14701 clamped 4096
[kinematics-ws] K clamp binds: eid 1003 demanded 7204 clamped 4096
[kinematics-ws] K clamp binds: eid 1002 demanded 14701 clamped 4096
[kinematics-ws] K clamp binds: eid 1001 demanded 29985 clamped 4096
[kinematics-ws] K clamp binds: eid 1002 demanded 14708 clamped 4096
[kinematics-ws] K clamp binds: eid 1003 demanded 7201 clamped 4096
[kinematics-ws] K clamp binds: eid 1001 demanded 30019 clamped 4096
[kinematics-ws] K clamp binds: eid 1003 demanded 7206 clamped 4096
[kinematics-ws] K clamp binds: eid 1001 demanded 30025 clamped 4096
[kinematics-ws] K clamp binds: eid 1002 demanded 14695 clamped 4096
[kinematics-ws] K clamp binds: eid 1003 demanded 7200 clamped 4096
[kinematics-ws] K clamp binds: eid 1002 demanded 14712 clamped 4096
[kinematics-ws] K clamp binds: eid 1001 demanded 29984 clamped 4096
[kinematics-ws] K clamp binds: eid 1002 demanded 14694 clamped 4096
[kinematics-ws] K clamp binds: eid 1001 demanded 29999 clamped 4096
[kinematics-ws] K clamp binds: eid 1003 demanded 7207 clamped 4096
[kinematics-ws] K clamp binds: eid 1003 demanded 7201 clamped 4096
[kinematics-ws] K clamp binds: eid 1001 demanded 30028 clamped 4096
[kinematics-ws] K clamp binds: eid 1002 demanded 14713 clamped 4096
[kinematics-ws] K clamp binds: eid 1003 demanded 7205 clamped 4096
[kinematics-ws] K clamp binds: eid 1001 demanded 29982 clamped 4096
[kinematics-ws] K clamp binds: eid 1002 demanded 14695 clamped 4096
[kinematics-ws] K clamp binds: eid 1001 demanded 30010 clamped 4096
[kinematics-ws] K clamp binds: eid 1003 demanded 7204 clamped 4096
[kinematics-ws] K clamp binds: eid 1002 demanded 14712 clamped 4096
[kinematics-ws] K clamp binds: eid 1003 demanded 7202 clamped 4096
[kinematics-ws] K clamp binds: eid 1001 demanded 30011 clamped 4096
[kinematics-ws] K clamp binds: eid 1002 demanded 14698 clamped 4096
[kinematics-ws] K clamp binds: eid 1001 demanded 29984 clamped 4096
[kinematics-ws] K clamp binds: eid 1003 demanded 7209 clamped 4096
[kinematics-ws] K clamp binds: eid 1002 demanded 14708 clamped 4096
[kinematics-ws] K clamp binds: eid 1002 demanded 14706 clamped 4096
[kinematics-ws] K clamp binds: eid 1003 demanded 7197 clamped 4096
[kinematics-ws] K clamp binds: eid 1001 demanded 30026 clamped 4096
[kinematics-ws] K clamp binds: eid 1001 demanded 29978 clamped 4096
[kinematics-ws] K clamp binds: eid 1002 demanded 14700 clamped 4096
[kinematics-ws] K clamp binds: eid 1003 demanded 7215 clamped 4096
[kinematics-ws] K clamp binds: eid 1001 demanded 30029 clamped 4096
[kinematics-ws] K clamp binds: eid 1002 demanded 14715 clamped 4096
[kinematics-ws] K clamp binds: eid 1003 demanded 7192 clamped 4096
[kinematics-ws] K clamp binds: eid 1002 demanded 14694 clamped 4096
[kinematics-ws] K clamp binds: eid 1003 demanded 7219 clamped 4096
[kinematics-ws] K clamp binds: eid 1001 demanded 29979 clamped 4096
[kinematics-ws] K clamp binds: eid 1001 demanded 30028 clamped 4096
[kinematics-ws] K clamp binds: eid 1002 demanded 14717 clamped 4096
[kinematics-ws] K clamp binds: eid 1003 demanded 7191 clamped 4096
[kinematics-ws] K clamp binds: eid 1001 demanded 29987 clamped 4096
[kinematics-ws] K clamp binds: eid 1002 demanded 14702 clamped 4096
[kinematics-ws] K clamp binds: eid 1003 demanded 7218 clamped 4096
[kinematics-ws] K clamp binds: eid [kinematics-ws] K clamp binds: eid 1002 demanded 147041003  demandedclamped  7197 clamped 40964096

[kinematics-ws] K clamp binds: eid 1001 demanded 30014 clamped 4096
[kinematics-ws] K clamp binds: eid 1001 demanded 30014 clamped 4096
[kinematics-ws] K clamp binds: eid 1002 demanded 14719 clamped 4096
[kinematics-ws] K clamp binds: eid 1003 demanded 7208 clamped 4096
[kinematics-ws] K clamp binds: eid 1001 demanded 29986 clamped 4096
[kinematics-ws] K clamp binds: eid[kinematics-ws] K clamp binds: eid  1003 1002demanded 7210  demanded clamped 14698 clamped 40964096

[kinematics-ws] K clamp binds: eid 1002 demanded 14712 clamped 4096
[kinematics-ws] K clamp binds: eid 1003 demanded 7195 clamped 4096
[kinematics-ws] K clamp binds: eid 1001 demanded 30033 clamped 4096
[kinematics-ws] K clamp binds: eid 1001 demanded 30004 clamped 4096
[kinematics-ws] K clamp binds: eid 1003 demanded 7221 clamped 4096
[kinematics-ws] K clamp binds: eid 1002 demanded 14719 clamped 4096
[kinematics-ws] K clamp binds: eid 1002 demanded 14700 clamped 4096
[kinematics-ws] K clamp binds: eid 1003 demanded 7193 clamped 4096
[kinematics-ws] K clamp binds: eid 1001 demanded 29991 clamped 4096
[kinematics-ws] K clamp binds: eid 1001 demanded 30034 clamped 4096
[kinematics-ws] K clamp binds: eid 1003 demanded 7214 clamped 4096
[kinematics-ws] K clamp binds: eid 1002 demanded 14712 clamped 4096
[kinematics-ws] K clamp binds: eid 1001 demanded 30027 clamped 4096
[kinematics-ws] K clamp binds: eid 1002 demanded 14723 clamped 4096
[kinematics-ws] K clamp binds: eid 1003 demanded 7209 clamped 4096
[kinematics-ws] K clamp binds: eid 1002 demanded 14705 clamped 4096
[kinematics-ws] K clamp binds: eid 1001 demanded 29993 clamped 4096
[kinematics-ws] K clamp binds: eid 1003 demanded 7197 clamped 4096
[kinematics-ws] K clamp binds: eid 1001 demanded 30002 clamped 4096
[kinematics-ws] K clamp binds: eid 1002 demanded 14706 clamped 4096
[kinematics-ws] K clamp binds: eid 1003 demanded 7222 clamped 4096
[kinematics-ws] K clamp binds: eid 1001 demanded 30035 clamped 4096
[kinematics-ws] K clamp binds: eid 1002 demanded 14724 clamped 4096
[kinematics-ws] K clamp binds: eid 1003 demanded 7197 clamped 4096
[kinematics-ws] K clamp binds: eid 1003 demanded 7208 clamped 4096
[kinematics-ws] K clamp binds: eid 1002 demanded 14719 clamped 4096
[kinematics-ws] K clamp binds: eid 1001 demanded 30044 clamped 4096
[kinematics-ws] K clamp binds: eid 1001 demanded 30027 clamped 4096
[kinematics-ws] K clamp binds: eid 1003 demanded 7219 clamped 4096
[kinematics-ws] K clamp binds: eid 1002 demanded 14705 clamped 4096
[kinematics-ws] K clamp binds: eid 1003 demanded 7194 clamped 4096
[kinematics-ws] K clamp binds: eid 1001 demanded 30006 clamped 4096
[kinematics-ws] K clamp binds: eid 1002 demanded 14711 clamped 4096
[kinematics-ws] K clamp binds: eid 1002 demanded 14727 clamped 4096
[kinematics-ws] K clamp binds: eid 1001 demanded 29998 clamped 4096
[kinematics-ws] K clamp binds: eid 1003 demanded 7216 clamped 4096
[kinematics-ws] K clamp binds: eid 1001 demanded 30002 clamped 4096
[kinematics-ws] K clamp binds: eid 1002 demanded 14726 clamped 4096
[kinematics-ws] K clamp binds: eid 1003 demanded 7216 clamped 4096
[kinematics-ws] K clamp binds: eid 1001 demanded 30012 clamped 4096
[kinematics-ws] K clamp binds: eid 1003 demanded 7195 clamped 4096
[kinematics-ws] K clamp binds: eid 1002 demanded 14712 clamped 4096
[kinematics-ws] K clamp binds: eid 1002 demanded 14708 clamped 4096
[kinematics-ws] K clamp binds: eid 1003 demanded 7219 clamped 4096
[kinematics-ws] K clamp binds: eid 1001 demanded 30022 clamped 4096
[kinematics-ws] K clamp binds: eid 1002 demanded 14718 clamped 4096
[kinematics-ws] K clamp binds: eid 1003 demanded 7215 clamped 4096
[kinematics-ws] K clamp binds: eid 1001 demanded 30029 clamped 4096
[kinematics-ws] K clamp binds: eid 1001 demanded 30033 clamped 4096
[kinematics-ws] K clamp binds: eid 1002 demanded 14730 clamped 4096
[kinematics-ws] K clamp binds: eid 1003 demanded 7196 clamped 4096
[kinematics-ws] K clamp binds: eid 1003 demanded 7219 clamped 4096
[kinematics-ws] K clamp binds: eid 1001 demanded 30033 clamped 4096
[kinematics-ws] K clamp binds: eid 1002 demanded 14731 clamped 4096
[kinematics-ws] K clamp binds: eid 1001 demanded 30029 clamped 4096
[kinematics-ws] K clamp binds: eid 1002 demanded 14723 clamped 4096
[kinematics-ws] K clamp binds: eid 1003 demanded 7219 clamped 4096
[kinematics-ws] K clamp binds: eid [kinematics-ws] K clamp binds: eid 1003 demanded 7198 clamped 4096
[kinematics-ws] K clamp binds: eid 1001 demanded 30021 clamped 4096
1002 demanded 14714 clamped 4096
[kinematics-ws] K clamp binds: eid 1001 demanded 30012 clamped 4096
[kinematics-ws] K clamp binds: eid 1002 demanded 14711 clamped 4096
[kinematics-ws] K clamp binds: eid 1003 demanded 7214 clamped 4096
[kinematics-ws] K clamp binds: eid 1003 demanded 7225 clamped 4096
[kinematics-ws] K clamp binds: eid 1002 demanded 14716 clamped 4096
[kinematics-ws] K clamp binds: eid 1001 demanded 30003 clamped 4096
[kinematics-ws] K clamp binds: eid 1001 demanded 30003 clamped 4096
[kinematics-ws] K clamp binds: eid 1002 demanded 14724 clamped 4096
[kinematics-ws] K clamp binds: eid 1003 demanded 7203 clamped 4096
[kinematics-ws] K clamp binds: eid 1001 demanded 30016 clamped 4096
[kinematics-ws] K clamp binds: eid 1002 demanded 14731 clamped 4096
[kinematics-ws] K clamp binds: eid 1003 demanded 7205 clamped 4096
[kinematics-ws] K clamp binds: eid 1003 demanded 7227 clamped 4096
[kinematics-ws] K clamp binds: eid 1002 demanded 14735 clamped 4096
[kinematics-ws] K clamp binds: eid 1001 demanded 30041 clamped 4096
[kinematics-ws] K clamp binds: eid 1001 demanded 30055 clamped 4096
[kinematics-ws] K clamp binds: eid 1003 demanded 7217 clamped 4096
[kinematics-ws] K clamp binds: eid 1002 demanded 14736 clamped 4096
[kinematics-ws] K clamp binds: eid 1003 demanded 7200 clamped 4096
[kinematics-ws] K clamp binds: eid 1002 demanded 14734 clamped 4096
[kinematics-ws] K clamp binds: eid 1001 demanded 30038 clamped 4096
[kinematics-ws] K clamp binds: eid 1002 demanded 14731 clamped 4096
[kinematics-ws] K clamp binds: eid 1001 demanded 30005 clamped 4096
[kinematics-ws] K clamp binds: eid 1003 demanded 7214 clamped 4096
[kinematics-ws] K clamp binds: eid 1001 demanded 30007 clamped 4096
[kinematics-ws] K clamp binds: eid 1003 demanded 7229 clamped 4096
[kinematics-ws] K clamp binds: eid 1002 demanded 14727 clamped 4096
[kinematics-ws] K clamp binds: eid 1002 demanded 14725 clamped 4096
[kinematics-ws] K clamp binds: eid 1001 demanded 30045 clamped 4096
[kinematics-ws] K clamp binds: eid 1003 demanded 7214 clamped 4096
[kinematics-ws] K clamp binds: eid 1003 demanded 7201 clamped 4096
[kinematics-ws] K clamp binds: eid 1001 demanded 30042 clamped 4096
[kinematics-ws] K clamp binds: eid 1002 demanded 14723 clamped 4096
[kinematics-ws] K clamp binds: eid 1003 demanded 7217 clamped 4096
[kinematics-ws] K clamp binds: eid 1001 demanded 30000 clamped 4096
[kinematics-ws] K clamp binds: eid 1002 demanded 14721 clamped 4096
[kinematics-ws] K clamp binds: eid 1002 demanded 14721 clamped 4096
[kinematics-ws] K clamp binds: eid 1003 demanded 7231 clamped 4096
[kinematics-ws] K clamp binds: eid 1001 demanded 30024 clamped 4096
[kinematics-ws] K clamp binds: eid 1001 demanded 30048 clamped 4096
[kinematics-ws] K clamp binds: eid 1003 demanded 7219 clamped 4096
[kinematics-ws] K clamp binds: eid 1002 demanded 14721 clamped 4096
[kinematics-ws] K clamp binds: eid 1002 demanded 14721 clamped 4096
[kinematics-ws] K clamp binds: eid 1001 demanded 29999 clamped 4096
[kinematics-ws] K clamp binds: eid 1003 demanded 7203 clamped 4096
[kinematics-ws] K clamp binds: eid 1001 demanded 30032 clamped 4096
[kinematics-ws] K clamp binds: eid 1002 demanded 14722 clamped 4096
[kinematics-ws] K clamp binds: eid 1003 demanded 7211 clamped 4096
[kinematics-ws] K clamp binds: eid 1001 demanded 30032 clamped 4096
[kinematics-ws] K clamp binds: eid 1003 demanded 7229 clamped 4096
[kinematics-ws] K clamp binds: eid 1002 demanded 14723 clamped 4096
[kinematics-ws] K clamp binds: eid 1002 demanded 14726 clamped 4096
[kinematics-ws] K clamp binds: eid 1003 demanded 7229 clamped 4096
[kinematics-ws] K clamp binds: eid 1001 demanded 30002 clamped 4096
[kinematics-ws] K clamp binds: eid 1001 demanded 30049 clamped 4096
[kinematics-ws] K clamp binds: eid 1003 demanded 7213 clamped 4096
[kinematics-ws] K clamp binds: eid 1002 demanded 14729 clamped 4096
[kinematics-ws] K clamp binds: eid 1003 demanded 7204 clamped 4096
[kinematics-ws] K clamp binds: eid 1001 demanded 29996 clamped 4096
[kinematics-ws] K clamp binds: eid 1002 demanded 14733 clamped 4096
[kinematics-ws] K clamp binds: eid 1003 demanded 7216 clamped 4096
[kinematics-ws] K clamp binds: eid 1002 demanded 14737 clamped 4096
[kinematics-ws] K clamp binds: eid 1001 demanded 30050 clamped 4096
[kinematics-ws] K clamp binds: eid 1003 demanded 7231 clamped 4096
[kinematics-ws] K clamp binds: eid 1002 demanded 14739 clamped 4096
[kinematics-ws] K clamp binds: eid 1001 demanded 29997 clamped 4096
[kinematics-ws] K clamp binds: eid 1002 demanded 14739 clamped 4096
[kinematics-ws] K clamp binds: eid 1003 demanded 7232 clamped 4096
[kinematics-ws] K clamp binds: eid 1001 demanded 30051 clamped 4096
[kinematics-ws] K clamp binds: eid 1002 demanded 14736 clamped 4096
[kinematics-ws] K clamp binds: eid 1003 demanded 7218 clamped 4096
[kinematics-ws] K clamp binds: eid 1001 demanded 29997 clamped 4096
[kinematics-ws] K clamp binds: eid 1001 demanded 30050 clamped 4096
[kinematics-ws] K clamp binds: eid 1002 demanded 14729 clamped 4096
[kinematics-ws] K clamp binds: eid 1003 demanded 7207 clamped 4096
[kinematics-ws] K clamp binds: eid 1002 demanded 14721 clamped 4096
[kinematics-ws] K clamp binds: eid 1001 demanded 30008 clamped 4096
[kinematics-ws] K clamp binds: eid 1003 demanded 7210 clamped 4096
[kinematics-ws] K clamp binds: eid 1001 demanded 30030 clamped 4096
[kinematics-ws] K clamp binds: eid 1002 demanded 14717 clamped 4096
[kinematics-ws] K clamp binds: eid 1003 demanded 7224 clamped 4096
[kinematics-ws] K clamp binds: eid 1003 demanded 7235 clamped 4096
[kinematics-ws] K clamp binds: eid 1002 demanded 14720 clamped 4096
[kinematics-ws] K clamp binds: eid 1001 demanded 30043 clamped 4096
[kinematics-ws] K clamp binds: eid 1003 demanded 7233 clamped 4096
[kinematics-ws] K clamp binds: eid 1002 demanded 14729 clamped 4096
[kinematics-ws] K clamp binds: eid 1001 demanded 30001 clamped 4096
[kinematics-ws] K clamp binds: eid 1003 demanded 7222 clamped 4096
[kinematics-ws] K clamp binds: eid 1002 demanded 14737 clamped 4096
[kinematics-ws] K clamp binds: eid 1001 demanded 30049 clamped 4096
[kinematics-ws] K clamp binds: eid 1002 demanded 14737 clamped 4096
[kinematics-ws] K clamp binds: eid 1003 demanded 7210 clamped 4096
[kinematics-ws] K clamp binds: eid 1001 demanded 30040 clamped 4096
[kinematics-ws] K clamp binds: eid[kinematics-ws] K clamp binds: eid  10031001  demanded demanded 7208 clamped 30005 clamped 40964096

[kinematics-ws] K clamp binds: eid 1002 demanded 14727 clamped 4096
[kinematics-ws] K clamp binds: eid 1001 demanded 30040 clamped 4096
[kinematics-ws] K clamp binds: eid 1002 demanded 14717 clamped 4096
[kinematics-ws] K clamp binds: eid 1003 demanded 7216 clamped 4096
[kinematics-ws] K clamp binds: eid 1003 demanded 7228 clamped 4096
[kinematics-ws] K clamp binds: eid 1002 demanded 14720 clamped 4096
[kinematics-ws] K clamp binds: eid 1001 demanded 30061 clamped 4096
[kinematics-ws] K clamp binds: eid 1003 demanded 7236 clamped 4096
[kinematics-ws] K clamp binds: eid 1001 demanded 30027 clamped 4096
[kinematics-ws] K clamp binds: eid 1002 demanded 14733 clamped 4096
[kinematics-ws] K clamp binds: eid 1001 demanded 30010 clamped 4096
[kinematics-ws] K clamp binds: eid 1002 demanded 14737 clamped 4096
[kinematics-ws] K clamp binds: eid 1003 demanded 7237 clamped 4096
[kinematics-ws] K clamp binds: eid 1001 demanded 30036 clamped 4096
[kinematics-ws] K clamp binds: eid 1002 demanded 14724 clamped 4096
[kinematics-ws] K clamp binds: eid 1003 demanded 7231 clamped 4096
[kinematics-ws] K clamp binds: eid 1002 demanded 14715 clamped 4096
[kinematics-ws] K clamp binds: eid 1003 demanded 7221 clamped 4096
[kinematics-ws] K clamp binds: eid 1001 demanded 30064 clamped 4096
[kinematics-ws] K clamp binds: eid 1002 demanded 14726 clamped 4096
[kinematics-ws] K clamp binds: eid 1001 demanded 30064 clamped 4096
[kinematics-ws] K clamp binds: eid 1003 demanded 7213 clamped 4096
[kinematics-ws] K clamp binds: eid 1002 demanded 14737 clamped 4096
[kinematics-ws] K clamp binds: eid 1001 demanded 30044 clamped 4096
[kinematics-ws] K clamp binds: eid 1003 demanded 7210 clamped 4096
[kinematics-ws] K clamp binds: eid 1001 demanded 30025 clamped 4096
[kinematics-ws] K clamp binds: eid 1003 demanded 7212 clamped 4096
[kinematics-ws] K clamp binds: eid 1002 demanded 14725 clamped 4096
[kinematics-ws] K clamp binds: eid 1002 demanded 14714 clamped 4096
[kinematics-ws] K clamp binds: eid 1001 demanded 30017 clamped 4096
[kinematics-ws] K clamp binds: eid 1003 demanded 7218 clamped 4096
[kinematics-ws] K clamp binds: eid 1001 demanded 30020 clamped 4096
[kinematics-ws] K clamp binds: eid 1003 demanded 7226 clamped 4096
[kinematics-ws] K clamp binds: eid 1002 demanded 14729 clamped 4096
[kinematics-ws] K clamp binds: eid 1001 demanded 30027 clamped 4096
[kinematics-ws] K clamp binds: eid 1002 demanded 14733 clamped 4096
[kinematics-ws] K clamp binds: eid 1003 demanded 7234 clamped 4096
[kinematics-ws] K clamp binds: eid 1001 demanded 30035 clamped 4096
[kinematics-ws] K clamp binds: eid 1003 demanded 7238 clamped 4096
[kinematics-ws] K clamp binds: eid 1002 demanded 14716 clamped 4096
[kinematics-ws] K clamp binds: eid 1001 demanded 30041 clamped 4096
[kinematics-ws] K clamp binds: eid 1002 demanded 14721 clamped 4096
[kinematics-ws] K clamp binds: eid 1003 demanded 7240 clamped 4096
[kinematics-ws] K clamp binds: eid 1001 demanded 30043 clamped 4096
[kinematics-ws] K clamp binds: eid 1002 demanded 14735 clamped 4096
[kinematics-ws] K clamp binds: eid 1003 demanded 7239 clamped 4096
[kinematics-ws] K clamp binds: eid 1003 demanded 7235 clamped 4096
[kinematics-ws] K clamp binds: eid 1001 demanded 30042 clamped 4096
[kinematics-ws] K clamp binds: eid 1002 demanded 14718 clamped 4096
[kinematics-ws] K clamp binds: eid 1002 demanded 14719 clamped 4096
[kinematics-ws] K clamp binds: eid 1003 demanded 7231 clamped 4096
[kinematics-ws] K clamp binds: eid 1001 demanded 30037 clamped 4096
[kinematics-ws] K clamp binds: eid 1002 demanded 14734 clamped 4096
[kinematics-ws] K clamp binds: eid 1001 demanded 30030 clamped 4096
[kinematics-ws] K clamp binds: eid 1003 demanded 7226 clamped 4096
[kinematics-ws] K clamp binds: eid 1001 demanded 30022 clamped 4096
[kinematics-ws] K clamp binds: eid 1002 demanded 14715 clamped 4096
[kinematics-ws] K clamp binds: eid 1003 demanded 7222 clamped 4096
[kinematics-ws] K clamp binds: eid 1002 demanded 14723 clamped 4096
[kinematics-ws] K clamp binds: eid 1001 demanded 30019 clamped 4096
[kinematics-ws] K clamp binds: eid 1003 demanded 7218 clamped 4096
[kinematics-ws] K clamp binds: eid 1002 demanded 14731 clamped 4096
[kinematics-ws] K clamp binds: eid 1003 demanded 7216 clamped 4096
[kinematics-ws] K clamp binds: eid 1001 demanded 30027 clamped 4096
[kinematics-ws] K clamp binds: eid 1003 demanded 7214 clamped 4096
[kinematics-ws] K clamp binds: eid 1002 demanded 14712 clamped 4096
[kinematics-ws] K clamp binds: eid 1001 demanded 30046 clamped 4096
[kinematics-ws] K clamp binds: eid 1003 demanded 7213 clamped 4096
[kinematics-ws] K clamp binds: eid 1002 demanded 14731 clamped 4096
[kinematics-ws] K clamp binds: eid 1001 demanded 30070 clamped 4096
[kinematics-ws] K clamp binds: eid 1003 demanded 7212 clamped 4096
[kinematics-ws] K clamp binds: eid 1002 demanded 14720 clamped 4096
[kinematics-ws] K clamp binds: eid 1001 demanded 30076 clamped 4096
[kinematics-ws] K clamp binds: eid 1001 demanded 30052 clamped 4096
[kinematics-ws] K clamp binds: eid 1003 demanded 7212 clamped 4096
[kinematics-ws] K clamp binds: eid 1002 demanded 14719 clamped 4096
[kinematics-ws] K clamp binds: eid 1002 demanded 14731 clamped 4096
[kinematics-ws] K clamp binds: eid 1001 demanded 30021 clamped 4096
[kinematics-ws] K clamp binds: eid 1003 demanded 7213 clamped 4096
[kinematics-ws] K clamp binds: eid 1002 demanded 14712 clamped 4096
[kinematics-ws] K clamp binds: eid 1001 demanded 30027 clamped 4096
[kinematics-ws] K clamp binds: eid 1003 demanded 7213 clamped 4096
[kinematics-ws] K clamp binds: eid 1001 demanded 30067 clamped 4096
[kinematics-ws] K clamp binds: eid 1003 demanded 7213 clamped 4096
[kinematics-ws] K clamp binds: eid 1002 demanded 14733 clamped 4096
[kinematics-ws] K clamp binds: eid 1002 demanded 14713 clamped 4096
[kinematics-ws] K clamp binds: eid 1003 demanded 7213 clamped 4096
[kinematics-ws] K clamp binds: eid 1001 demanded 30066 clamped 4096
[kinematics-ws] K clamp binds: eid[kinematics-ws] K clamp binds: eid  1002 1001 demanded demanded 14730 30020clamped  clamped 40964096

[kinematics-ws] K clamp binds: eid 1003 demanded 7213 clamped 4096
[kinematics-ws] K clamp binds: eid 1001 demanded 30036 clamped 4096
[kinematics-ws] K clamp binds: eid 1002 demanded 14717 clamped 4096
[kinematics-ws] K clamp binds: eid 1003 demanded 7213 clamped 4096
[kinematics-ws] K clamp binds: eid 1002 demanded 14727 clamped 4096
[kinematics-ws] K clamp binds: eid 1001 demanded 30074 clamped 4096
[kinematics-ws] K clamp binds: eid 1003 demanded 7213 clamped 4096
[kinematics-ws] K clamp binds: eid 1003 demanded 7213 clamped 4096
[kinematics-ws] K clamp binds: eid 1002 demanded 14720 clamped 4096
[kinematics-ws] K clamp binds: eid 1001 demanded 30027 clamped 4096
[kinematics-ws] K clamp binds: eid 1003 demanded 7213 clamped 4096
[kinematics-ws] K clamp binds: eid 1001 demanded 30033 clamped 4096
[kinematics-ws] K clamp binds: eid 1002 demanded 14726 clamped 4096
[kinematics-ws] K clamp binds: eid 1002 demanded 14721 clamped 4096
[kinematics-ws] K clamp binds: eid 1001 demanded 30071 clamped 4096
[kinematics-ws] K clamp binds: eid 1003 demanded 7213 clamped 4096
[kinematics-ws] K clamp binds: eid 1001 demanded 30015 clamped 4096
[kinematics-ws] K clamp binds: eid 1003 demanded 7213 clamped 4096
[kinematics-ws] K clamp binds: eid 1002 demanded 14727 clamped 4096
[kinematics-ws] K clamp binds: eid 1002 demanded 14720 clamped 4096
[kinematics-ws] K clamp binds: eid 1001 demanded 30061 clamped 4096
[kinematics-ws] K clamp binds: eid 1003 demanded 7215 clamped 4096
[kinematics-ws] K clamp binds: eid 1002 demanded 14730 clamped 4096
[kinematics-ws] K clamp binds: eid 1003 demanded 7217 clamped 4096
[kinematics-ws] K clamp binds: eid 1001 demanded 30038 clamped 4096
[kinematics-ws] K clamp binds: eid 1003 demanded 7220 clamped 4096
[kinematics-ws] K clamp binds: eid 1002 demanded 14717 clamped 4096
[kinematics-ws] K clamp binds: eid 1001 demanded 30037 clamped 4096
[kinematics-ws] K clamp binds: eid 1001 demanded 30056 clamped 4096
[kinematics-ws] K clamp binds: eid 1002 demanded 14734 clamped 4096
[kinematics-ws] K clamp binds: eid 1003 demanded 7224 clamped 4096
[kinematics-ws] K clamp binds: eid 1001 demanded 30027 clamped 4096
[kinematics-ws] K clamp binds: eid 1003 demanded 7229 clamped 4096
[kinematics-ws] K clamp binds: eid 1002 demanded 14715 clamped 4096
[kinematics-ws] K clamp binds: eid 1002 demanded 14735 clamped 4096
[kinematics-ws] K clamp binds: eid 1003 demanded 7234 clamped 4096
[kinematics-ws] K clamp binds: eid 1001 demanded 30060 clamped 4096
[kinematics-ws] K clamp binds: eid 1001 demanded 30031 clamped 4096
[kinematics-ws] K clamp binds: eid 1003 demanded 7240 clamped 4096
[kinematics-ws] K clamp binds: eid 1002 demanded 14718 clamped 4096
[kinematics-ws] K clamp binds: eid 1001 demanded 30051 clamped 4096
[kinematics-ws] K clamp binds: eid 1002 demanded 14729 clamped 4096
[kinematics-ws] K clamp binds: eid 1003 demanded 7243 clamped 4096
[kinematics-ws] K clamp binds: eid 1002 demanded 14730 clamped 4096
[kinematics-ws] K clamp binds: eid 1003 demanded 7244 clamped 4096
[kinematics-ws] K clamp binds: eid 1001 demanded 30048 clamped 4096
[kinematics-ws] K clamp binds: eid 1001 demanded 30030 clamped 4096
[kinematics-ws] K clamp binds: eid 1002 demanded 14718 clamped 4096
[kinematics-ws] K clamp binds: eid 1003 demanded 7242 clamped 4096
[kinematics-ws] K clamp binds: eid 1001 demanded 30073 clamped 4096
[kinematics-ws] K clamp binds: eid 1002 demanded 14739 clamped 4096
[kinematics-ws] K clamp binds: eid 1003 demanded 7237 clamped 4096
[kinematics-ws] K clamp binds: eid 1001 demanded 30019 clamped 4096
[kinematics-ws] K clamp binds: eid 1003 demanded 7230 clamped 4096
[kinematics-ws] K clamp binds: eid 1002 demanded 14721 clamped 4096
[kinematics-ws] K clamp binds: eid 1002 demanded 14727 clamped 4096
[kinematics-ws] K clamp binds: eid 1003 demanded 7221 clamped 4096
[kinematics-ws] K clamp binds: eid 1001 demanded 30063 clamped 4096
[kinematics-ws] K clamp binds: eid 1002 demanded 14739 clamped 4096
[kinematics-ws] K clamp binds: eid 1001 demanded 30060 clamped 4096
[kinematics-ws] K clamp binds: eid 1003 demanded 7215 clamped 4096
[kinematics-ws] K clamp binds: eid 1002 demanded 14719 clamped 4096
[kinematics-ws] K clamp binds: eid 1001 demanded 30022 clamped 4096
[kinematics-ws] K clamp binds: eid 1003 demanded 7213 clamped 4096
[kinematics-ws] K clamp binds: eid 1001 demanded 30068 clamped 4096
[kinematics-ws] K clamp binds: eid 1003 demanded 7216 clamped 4096
[kinematics-ws] K clamp binds: eid 1002 demanded 14732 clamped 4096
[kinematics-ws] K clamp binds: eid 1002 demanded 14739 clamped 4096
[kinematics-ws] K clamp binds: eid 1003 demanded 7225 clamped 4096
[kinematics-ws] K clamp binds: eid 1001 demanded 30071 clamped 4096
[kinematics-ws] K clamp binds: eid [kinematics-ws] K clamp binds: eid 10011002  demandeddemanded 30028 clamped  14721 clamped 40964096

[kinematics-ws] K clamp binds: eid 1003 demanded 7235 clamped 4096
[kinematics-ws] K clamp binds: eid 1001 demanded 30044 clamped 4096
[kinematics-ws] K clamp binds: eid 1003 demanded 7243 clamped 4096
[kinematics-ws] K clamp binds: eid 1002 demanded 14731 clamped 4096
[kinematics-ws] K clamp binds: eid 1001 demanded 30083 clamped 4096
[kinematics-ws] K clamp binds: eid 1003 demanded 7243 clamped 4096
[kinematics-ws] K clamp binds: eid 1002 demanded 14743 clamped 4096
[kinematics-ws] K clamp binds: eid 1001 demanded 30073 clamped 4096
[kinematics-ws] K clamp binds: eid[kinematics-ws] K clamp binds: eid  1003 1002 demanded 7236 demanded clamped 14727 clamped 40964096

[kinematics-ws] K clamp binds: eid 1002 demanded 14725 clamped 4096
[kinematics-ws] K clamp binds: eid 1003 demanded 7223 clamped 4096
[kinematics-ws] K clamp binds: eid 1001 demanded 30040 clamped 4096
[kinematics-ws] K clamp binds: eid 1002 demanded 14744 clamped 4096
[kinematics-ws] K clamp binds: eid 1003 demanded 7214 clamped 4096
[kinematics-ws] K clamp binds: eid 1001 demanded 30032 clamped 4096
[kinematics-ws] K clamp binds: eid 1001 demanded 30055 clamped 4096
[kinematics-ws] K clamp binds: eid 1002 demanded 14740 clamped 4096
[kinematics-ws] K clamp binds: eid 1003 demanded 7214 clamped 4096
[kinematics-ws] K clamp binds: eid 1003 demanded 7223 clamped 4096
[kinematics-ws] K clamp binds: eid 1002 demanded 14724 clamped 4096
[kinematics-ws] K clamp binds: eid 1001 demanded 30082 clamped 4096
[kinematics-ws] K clamp binds: eid 1001 demanded 30091 clamped 4096
[kinematics-ws] K clamp binds: eid 1002 demanded 14730 clamped 4096
[kinematics-ws] K clamp binds: eid 1003 demanded 7237 clamped 4096
[kinematics-ws] K clamp binds: eid 1001 demanded 30084 clamped 4096
[kinematics-ws] K clamp binds: eid 1003 demanded 7244 clamped 4096
[kinematics-ws] K clamp binds: eid 1002 demanded 14747 clamped 4096
[kinematics-ws] K clamp binds: eid 1001 demanded 30069 clamped 4096
[kinematics-ws] K clamp binds: eid 1002 demanded 14744 clamped 4096
[kinematics-ws] K clamp binds: eid 1003 demanded 7238 clamped 4096
[kinematics-ws] K clamp binds: eid 1003 demanded 7223 clamped 4096
[kinematics-ws] K clamp binds: eid 1001 demanded 30055 clamped 4096
[kinematics-ws] K clamp binds: eid 1002 demanded 14729 clamped 4096
[kinematics-ws] K clamp binds: eid 1001 demanded 30046 clamped 4096
[kinematics-ws] K clamp binds: eid 1003 demanded 7212 clamped 4096
[kinematics-ws] K clamp binds: eid 1002 demanded 14728 clamped 4096
[kinematics-ws] K clamp binds: eid 1001 demanded 30042 clamped 4096
[kinematics-ws] K clamp binds: eid 1002 demanded 14741 clamped 4096
[kinematics-ws] K clamp binds: eid 1003 demanded 7216 clamped 4096
[kinematics-ws] K clamp binds: eid 1002 demanded 14751 clamped 4096
[kinematics-ws] K clamp binds: eid 1001 demanded 30040 clamped 4096
[kinematics-ws] K clamp binds: eid 1003 demanded 7231 clamped 4096
[kinematics-ws] K clamp binds: eid 1002 demanded 14746 clamped 4096
[kinematics-ws] K clamp binds: eid 1001 demanded 30039 clamped 4096
[kinematics-ws] K clamp binds: eid 1003 demanded 7243 clamped 4096
[kinematics-ws] K clamp binds: eid 1002 demanded 14734 clamped 4096
[kinematics-ws] K clamp binds: eid 1001 demanded 30040 clamped 4096
[kinematics-ws] K clamp binds: eid 1003 demanded 7238 clamped 4096
[kinematics-ws] K clamp binds: eid 1002 demanded 14729 clamped 4096
[kinematics-ws] K clamp binds: eid 1001 demanded 30042 clamped 4096
[kinematics-ws] K clamp binds: eid 1003 demanded 7221 clamped 4096
[kinematics-ws] K clamp binds: eid 1002 demanded 14736 clamped 4096
[kinematics-ws] K clamp binds: eid 1001 demanded 30046 clamped 4096
[kinematics-ws] K clamp binds: eid 1003 demanded 7211 clamped 4096
[kinematics-ws] K clamp binds: eid 1003 demanded 7221 clamped 4096
[kinematics-ws] K clamp binds: eid 1002 demanded 14747 clamped 4096
[kinematics-ws] K clamp binds: eid 1001 demanded 30054 clamped 4096
[kinematics-ws] K clamp binds: eid 1001 demanded 30069 clamped 4096
[kinematics-ws] K clamp binds: eid 1002 demanded 14754 clamped 4096
[kinematics-ws] K clamp binds: eid 1003 demanded 7238 clamped 4096
[kinematics-ws] K clamp binds: eid 1001 demanded 30086 clamped 4096
[kinematics-ws] K clamp binds: eid 1002 demanded 14752 clamped 4096
[kinematics-ws] K clamp binds: eid 1003 demanded 7241 clamped 4096
[kinematics-ws] K clamp binds: eid 1001 demanded 30098 clamped 4096
[kinematics-ws] K clamp binds: eid 1002 demanded 14746 clamped 4096
[kinematics-ws] K clamp binds: eid 1003 demanded 7224 clamped 4096
[kinematics-ws] K clamp binds: eid 1001 demanded 30094 clamped 4096
[kinematics-ws] K clamp binds: eid 1003 demanded 7211 clamped 4096
[kinematics-ws] K clamp binds: eid 1002 demanded 14738 clamped 4096
[kinematics-ws] K clamp binds: eid 1001 demanded 30070 clamped 4096
[kinematics-ws] K clamp binds: eid 1003 demanded 7220 clamped 4096
[kinematics-ws] K clamp binds: eid 1002 demanded 14733 clamped 4096
[kinematics-ws] K clamp binds: eid 1002 demanded 14733 clamped 4096
[kinematics-ws] K clamp binds: eid 1001 demanded 30043 clamped 4096
[kinematics-ws] K clamp binds: eid 1003 demanded 7239 clamped 4096
[kinematics-ws] K clamp binds: eid 1003 demanded 7238 clamped 4096
[kinematics-ws] K clamp binds: eid 1002 demanded 14737 clamped 4096
[kinematics-ws] K clamp binds: eid 1001 demanded 30042 clamped 4096
[kinematics-ws] K clamp binds: eid 1001 demanded 30074 clamped 4096
[kinematics-ws] K clamp binds: eid 1002 demanded 14742 clamped 4096
[kinematics-ws] K clamp binds: eid 1003 demanded 7218 clamped 4096
[kinematics-ws] K clamp binds: eid 1001 demanded 30097 clamped 4096
[kinematics-ws] K clamp binds: eid 1002 demanded 14748 clamped 4096
[kinematics-ws] K clamp binds: eid 1003 demanded 7211 clamped 4096
[kinematics-ws] K clamp binds: eid 1001 demanded 30067 clamped 4096
[kinematics-ws] K clamp binds: eid 1002 demanded 14752 clamped 4096
[kinematics-ws] K clamp binds: eid 1003 demanded 7230 clamped 4096
[kinematics-ws] K clamp binds: eid 1003 demanded 7242 clamped 4096
[kinematics-ws] K clamp binds: eid 1002 demanded 14756 clamped 4096
[kinematics-ws] K clamp binds: eid 1001 demanded 30036 clamped 4096
[kinematics-ws] K clamp binds: eid 1001 demanded 30068 clamped 4096
[kinematics-ws] K clamp binds: eid 1003 demanded [kinematics-ws] K clamp binds: eid7226 clamped  40961002 demanded 14758 clamped 4096

[kinematics-ws] K clamp binds: eid 1003 demanded 7210 clamped 4096
[kinematics-ws] K clamp binds: eid 1001 demanded 30093 clamped 4096
[kinematics-ws] K clamp binds: eid 1002 demanded 14758 clamped 4096
[kinematics-ws] K clamp binds: eid 1003 demanded 7224 clamped 4096
[kinematics-ws] K clamp binds: eid 1002 demanded 14758 clamped 4096
[kinematics-ws] K clamp binds: eid 1001 demanded 30046 clamped 4096
[kinematics-ws] K clamp binds: eid 1002 demanded 14758 clamped 4096
[kinematics-ws] K clamp binds: eid 1003 demanded 7241 clamped 4096
[kinematics-ws] K clamp binds: eid 1001 demanded 30051 clamped 4096
[kinematics-ws] K clamp binds: eid 1003 demanded 7227 clamped 4096
[kinematics-ws] K clamp binds: eid 1002 demanded 14758 clamped 4096
[kinematics-ws] K clamp binds: eid 1001 demanded 30094 clamped 4096
[kinematics-ws] K clamp binds: eid 1001 demanded 30043 clamped 4096
[kinematics-ws] K clamp binds: eid 1002 demanded 14758 clamped 4096
[kinematics-ws] K clamp binds: eid 1003 demanded 7210 clamped 4096
[kinematics-ws] K clamp binds: eid 1001 demanded 30062 clamped 4096
[kinematics-ws] K clamp binds: eid 1002 demanded 14758 clamped 4096
[kinematics-ws] K clamp binds: eid 1003 demanded 7225 clamped 4096
[kinematics-ws] K clamp binds: eid 1003 demanded 7241 clamped 4096
[kinematics-ws] K clamp binds: eid 1001 demanded 30083 clamped 4096
[kinematics-ws] K clamp binds: eid 1002 demanded 14759 clamped 4096
[kinematics-ws] K clamp binds: eid 1001 demanded 30034 clamped 4096
[kinematics-ws] K clamp binds: eid 1002 demanded 14759 clamped 4096
[kinematics-ws] K clamp binds: eid 1003 demanded 7223 clamped 4096
[kinematics-ws] K clamp binds: eid 1001 demanded 30092 clamped 4096
[kinematics-ws] K clamp binds: eid 1003 demanded 7210 clamped 4096
[kinematics-ws] K clamp binds: eid 1002 demanded 14759 clamped 4096
[kinematics-ws] K clamp binds: eid 1003 demanded 7231 clamped 4096
[kinematics-ws] K clamp binds: eid 1002 demanded 14758 clamped 4096
[kinematics-ws] K clamp binds: eid 1001 demanded 30038 clamped 4096
[kinematics-ws] K clamp binds: eid 1001 demanded 30082 clamped 4096
[kinematics-ws] K clamp binds: eid 1002 demanded 14756 clamped 4096
[kinematics-ws] K clamp binds: eid 1003 demanded 7238 clamped 4096
[kinematics-ws] K clamp binds: eid 1002 demanded 14753 clamped 4096
[kinematics-ws] K clamp binds: eid 1001 demanded 30048 clamped 4096
[kinematics-ws] K clamp binds: eid 1003 demanded 7214 clamped 4096
[kinematics-ws] K clamp binds: eid 1002 demanded 14749 clamped 4096
[kinematics-ws] K clamp binds: eid 1003 demanded 7216 clamped 4096
[kinematics-ws] K clamp binds: eid 1001 demanded 30077 clamped 4096
[kinematics-ws] K clamp binds: eid 1001 demanded 30048 clamped 4096
[kinematics-ws] K clamp binds: eid 1003 demanded 7239 clamped 4096
[kinematics-ws] K clamp binds: eid 1002 demanded 14745 clamped 4096
[kinematics-ws] K clamp binds: eid 1003 demanded 7227 clamped 4096
[kinematics-ws] K clamp binds: eid 1002 demanded 14740 clamped 4096
[kinematics-ws] K clamp binds: eid 1001 demanded 30083 clamped 4096
[kinematics-ws] K clamp binds: eid 1002 demanded 14738 clamped 4096
[kinematics-ws] K clamp binds: eid 1001 demanded 30040 clamped 4096
[kinematics-ws] K clamp binds: eid 1003 demanded 7209 clamped 4096
[kinematics-ws] K clamp binds: eid 1003 demanded 7231 clamped 4096
[kinematics-ws] K clamp binds: eid 1002 demanded 14739 clamped 4096
[kinematics-ws] K clamp binds: eid 1001 demanded 30095 clamped 4096
[kinematics-ws] K clamp binds: eid 1001 demanded 30036 clamped 4096
[kinematics-ws] K clamp binds: eid 1003 demanded 7236 clamped 4096
[kinematics-ws] K clamp binds: eid 1002 demanded 14744 clamped 4096
[kinematics-ws] K clamp binds: eid 1002 demanded 14752 clamped 4096
[kinematics-ws] K clamp binds: eid 1003 demanded 7210 clamped 4096
[kinematics-ws] K clamp binds: eid 1001 demanded 30087 clamped 4096
[kinematics-ws] K clamp binds: eid 1002 demanded 14758 clamped 4096
[kinematics-ws] K clamp binds: eid 1001 demanded 30065 clamped 4096
[kinematics-ws] K clamp binds: eid 1003 demanded 7223 clamped 4096
[kinematics-ws] K clamp binds: eid 1001 demanded 30048 clamped 4096
[kinematics-ws] K clamp binds: eid 1003 demanded 7239 clamped 4096
[kinematics-ws] K clamp binds: eid 1002 demanded 14758 clamped 4096
[kinematics-ws] K clamp binds: eid 1002 demanded 14752 clamped 4096
[kinematics-ws] K clamp binds: eid 1001 demanded 30099 clamped 4096
[kinematics-ws] K clamp binds: eid 1003 demanded 7213 clamped 4096
[kinematics-ws] K clamp binds: eid 1001 demanded 30055 clamped 4096
[kinematics-ws] K clamp binds: eid 1003 demanded 7218 clamped 4096
[kinematics-ws] K clamp binds: eid 1002 demanded 14742 clamped 4096
[kinematics-ws] K clamp binds: eid 1001 demanded 30054 clamped 4096
[kinematics-ws] K clamp binds: eid 1002 demanded 14737 clamped 4096
[kinematics-ws] K clamp binds: eid 1003 demanded 7240 clamped 4096
[kinematics-ws] K clamp binds: eid 1001 demanded 30102 clamped 4096
[kinematics-ws] K clamp binds: eid 1002 demanded 14742 clamped 4096
[kinematics-ws] K clamp binds: eid 1003 demanded 7216 clamped 4096
[kinematics-ws] K clamp binds: eid 1001 demanded 30073 clamped 4096
[kinematics-ws] K clamp binds: eid 1003 demanded 7215 clamped 4096
[kinematics-ws] K clamp binds: eid 1002 demanded 14752 clamped 4096
[kinematics-ws] K clamp binds: eid 1001 demanded 30044 clamped 4096
[kinematics-ws] K clamp binds: eid 1002 demanded 14758 clamped 4096
[kinematics-ws] K clamp binds: eid 1003 demanded 7240 clamped 4096
[kinematics-ws] K clamp binds: eid 1001 demanded 30081 clamped 4096
[kinematics-ws] K clamp binds: eid 1003 demanded 7215 clamped 4096
[kinematics-ws] K clamp binds: eid 1002 demanded 14751 clamped 4096
[kinematics-ws] K clamp binds: eid 1001 demanded 30107 clamped 4096
[kinematics-ws] K clamp binds: eid 1002 demanded 14739 clamped 4096
[kinematics-ws] K clamp binds: eid 1003 demanded 7216 clamped 4096
[kinematics-ws] K clamp binds: eid 1003 demanded 7240 clamped 4096
[kinematics-ws] K clamp binds: eid 1002 demanded 14738 clamped 4096
[kinematics-ws] K clamp binds: eid 1001 demanded 30079 clamped 4096
[kinematics-ws] K clamp binds: eid 1001 demanded 30050 clamped 4096
[kinematics-ws] K clamp binds: eid 1003 demanded 7213 clamped 4096
[kinematics-ws] K clamp binds: eid 1002 demanded 14750 clamped 4096
[kinematics-ws] K clamp binds: eid 1001 demanded 30060 clamped 4096
[kinematics-ws] K clamp binds: eid 1002 demanded 14757 clamped 4096
[kinematics-ws] K clamp binds: eid 1003 demanded 7220 clamped 4096
[kinematics-ws] K clamp binds: eid 1001 demanded 30092 clamped 4096
[kinematics-ws] K clamp binds: eid 1002 demanded 14746 clamped 4096
[kinematics-ws] K clamp binds: eid 1003 demanded 7238 clamped 4096
[kinematics-ws] K clamp binds: eid 1002 demanded 14736 clamped 4096
[kinematics-ws] K clamp binds: eid 1003 demanded 7209 clamped 4096
[kinematics-ws] K clamp binds: eid 1001 demanded 30112 clamped 4096
[kinematics-ws] K clamp binds: eid 1003 demanded 7226 clamped 4096
[kinematics-ws] K clamp binds: eid 1002 demanded 14745 clamped 4096
[kinematics-ws] K clamp binds: eid 1001 demanded 30106 clamped 4096
[kinematics-ws] K clamp binds: eid 1001 demanded 30086 clamped 4096
[kinematics-ws] K clamp binds: eid 1003 demanded 7233 clamped 4096
[kinematics-ws] K clamp binds: eid 1002 demanded 14756 clamped 4096
[kinematics-ws] K clamp binds: eid 1003 demanded 7207 clamped 4096
[kinematics-ws] K clamp binds: eid 1002 demanded 14746 clamped 4096
[kinematics-ws] K clamp binds: eid 1001 demanded 30067 clamped 4096
[kinematics-ws] K clamp binds: eid 1001 demanded 30057 clamped 4096
[kinematics-ws] K clamp binds: eid 1002 demanded 14735 clamped 4096
[kinematics-ws] K clamp binds: eid 1003 demanded 7235 clamped 4096
[kinematics-ws] K clamp binds: eid 1001 demanded 30055 clamped 4096
[kinematics-ws] K clamp binds: eid 1003 demanded 7222 clamped 4096
[kinematics-ws] K clamp binds: eid 1002 demanded 14747 clamped 4096
[kinematics-ws] K clamp binds: eid 1002 demanded 14754 clamped 4096
[kinematics-ws] K clamp binds: eid 1001 demanded 30058 clamped 4096
[kinematics-ws] K clamp binds: eid 1003 demanded 7213 clamped 4096
[kinematics-ws] K clamp binds: eid 1002 demanded 14738 clamped 4096
[kinematics-ws] K clamp binds: eid 1003 demanded 7239 clamped 4096
[kinematics-ws] K clamp binds: eid 1001 demanded 30063 clamped 4096
[kinematics-ws] K clamp binds: eid[kinematics-ws] K clamp binds: eid  1001 demanded 1003 30067 clamped demanded 7210 4096clamped 
4096
[kinematics-ws] K clamp binds: eid 1002 demanded 14739 clamped 4096
[kinematics-ws] K clamp binds: eid 1003 demanded 7227 clamped 4096
[kinematics-ws] K clamp binds: eid 1001 demanded 30068 clamped 4096
[kinematics-ws] K clamp binds: eid 1002 demanded 14754 clamped 4096
[kinematics-ws] K clamp binds: eid 1003 demanded 7229 clamped 4096
[kinematics-ws] K clamp binds: eid 1002 demanded 14742 clamped 4096
[kinematics-ws] K clamp binds: eid 1001 demanded 30067 clamped 4096
[kinematics-ws] K clamp binds: eid 1001 demanded 30064 clamped 4096
[kinematics-ws] K clamp binds: eid 1002 demanded 14736 clamped 4096
[kinematics-ws] K clamp binds: eid 1003 demanded 7209 clamped 4096
[kinematics-ws] K clamp binds: eid 1001 demanded 30060 clamped 4096
[kinematics-ws] K clamp binds: eid 1003 demanded 7239 clamped 4096
[kinematics-ws] K clamp binds: eid 1002 demanded 14753 clamped 4096
[kinematics-ws] K clamp binds: eid 1002 demanded 14742 clamped 4096
[kinematics-ws] K clamp binds: eid 1001 demanded 30057 clamped 4096
[kinematics-ws] K clamp binds: eid 1003 demanded 7211 clamped 4096
[kinematics-ws] K clamp binds: eid 1002 demanded 14736 clamped 4096
[kinematics-ws] K clamp binds: eid 1003 demanded 7226 clamped 4096
[kinematics-ws] K clamp binds: eid 1001 demanded 30058 clamped 4096
[kinematics-ws] K clamp binds: eid 1002 demanded 14753 clamped 4096
[kinematics-ws] K clamp binds: eid 1003 demanded 7228 clamped 4096
[kinematics-ws] K clamp binds: eid 1001 demanded 30067 clamped 4096
[kinematics-ws] K clamp binds: eid 1001 demanded 30086 clamped 4096
[kinematics-ws] K clamp binds: eid 1002 demanded 14738 clamped 4096
[kinematics-ws] K clamp binds: eid 1003 demanded 7210 clamped 4096
[kinematics-ws] K clamp binds: eid 1001 demanded 30108 clamped 4096
[kinematics-ws] K clamp binds: eid 1002 demanded 14740 clamped 4096
[kinematics-ws] K clamp binds: eid 1003 demanded 7239 clamped 4096
[kinematics-ws] K clamp binds: eid 1001 demanded 30120 clamped 4096
[kinematics-ws] K clamp binds: eid 1002 demanded 14752 clamped 4096
[kinematics-ws] K clamp binds: eid 1003 demanded 7208 clamped 4096
[kinematics-ws] K clamp binds: eid 1001 demanded 30109 clamped 4096
[kinematics-ws] K clamp binds: eid 1002 demanded 14733 clamped 4096
[kinematics-ws] K clamp binds: eid 1003 demanded 7233 clamped 4096
[kinematics-ws] K clamp binds: eid 1003 demanded 7219 clamped 4096
[kinematics-ws] K clamp binds: eid 1001 demanded 30077 clamped 4096
[kinematics-ws] K clamp binds: eid 1002 demanded 14749 clamped 4096
[kinematics-ws] K clamp binds: eid 1003 demanded 7219 clamped 4096
[kinematics-ws] K clamp binds: eid 1002 demanded 14743 clamped 4096
[kinematics-ws] K clamp binds: eid 1001 demanded 30055 clamped 4096
[kinematics-ws] K clamp binds: eid 1002 demanded 14737 clamped 4096
[kinematics-ws] K clamp binds: eid 1003 demanded 7232 clamped 4096
[kinematics-ws] K clamp binds: eid 1001 demanded 30074 clamped 4096
[kinematics-ws] K clamp binds: eid 1003 demanded 7209 clamped 4096
[kinematics-ws] K clamp binds: eid 1001 demanded 30113 clamped 4096
[kinematics-ws] K clamp binds: eid 1002 demanded 14752 clamped 4096
[kinematics-ws] K clamp binds: eid 1003 demanded 7239 clamped 4096
[kinematics-ws] K clamp binds: eid 1002 demanded 14732 clamped 4096
[kinematics-ws] K clamp binds: eid 1001 demanded 30108 clamped 4096
[kinematics-ws] K clamp binds: eid 1001 demanded 30063 clamped 4096
[kinematics-ws] K clamp binds: eid 1003 demanded 7207 clamped 4096
[kinematics-ws] K clamp binds: eid 1002 demanded 14751 clamped 4096
[kinematics-ws] K clamp binds: eid 1002 demanded 14737 clamped 4096
[kinematics-ws] K clamp binds: eid 1003 demanded 7237 clamped 4096
[kinematics-ws] K clamp binds: eid 1001 demanded 30064 clamped 4096
[kinematics-ws] K clamp binds: eid 1001 demanded 30113 clamped 4096
[kinematics-ws] K clamp binds: eid 1003 demanded 7212 clamped 4096
[kinematics-ws] K clamp binds: eid 1002 demanded 14745 clamped 4096
[kinematics-ws] K clamp binds: eid 1002 demanded 14744 clamped 4096
[kinematics-ws] K clamp binds: eid 1001 demanded 30094 clamped 4096
[kinematics-ws] K clamp binds: eid 1003 demanded 7230 clamped 4096
[kinematics-ws] K clamp binds: eid 1003 demanded 7220 clamped 4096
[kinematics-ws] K clamp binds: eid 1002 demanded 14740 clamped 4096
[kinematics-ws] K clamp binds: eid 1001 demanded 30052 clamped 4096
[kinematics-ws] K clamp binds: eid 1002 demanded 14748 clamped 4096
[kinematics-ws] K clamp binds: eid 1003 demanded 7222 clamped 4096
[kinematics-ws] K clamp binds: eid 1001 demanded 30100 clamped 4096
[kinematics-ws] K clamp binds: eid 1002 demanded 14736 clamped 4096
[kinematics-ws] K clamp binds: eid 1001 demanded 30098 clamped 4096
[kinematics-ws] K clamp binds: eid 1003 demanded 7227 clamped 4096
[kinematics-ws] K clamp binds: eid 1001 demanded 30052 clamped 4096
[kinematics-ws] K clamp binds: eid 1003 demanded 7216 clamped 4096
[kinematics-ws] K clamp binds: eid 1002 demanded 14751 clamped 4096
[kinematics-ws] K clamp binds: eid 1001 demanded 30109 clamped 4096
[kinematics-ws] K clamp binds: eid 1002 demanded 14735 clamped 4096
[kinematics-ws] K clamp binds: eid 1003 demanded 7233 clamped 4096
[kinematics-ws] K clamp binds: eid 1001 demanded 30076 clamped 4096
[kinematics-ws] K clamp binds: eid 1002 demanded 14752 clamped 4096
[kinematics-ws] K clamp binds: eid 1003 demanded 7211 clamped 4096
[kinematics-ws] K clamp binds: eid 1001 demanded 30070 clamped 4096
[kinematics-ws] K clamp binds: eid 1002 demanded 14735 clamped 4096
[kinematics-ws] K clamp binds: eid 1003 demanded 7236 clamped 4096
[kinematics-ws] K clamp binds: eid 1001 demanded 30109 clamped 4096
[kinematics-ws] K clamp binds: eid 1003 demanded 7209 clamped 4096
[kinematics-ws] K clamp binds: eid 1002 demanded 14751 clamped 4096
[kinematics-ws] K clamp binds: eid 1001 demanded 30051 clamped 4096
[kinematics-ws] K clamp binds: eid 1002 demanded 14737 clamped 4096
[kinematics-ws] K clamp binds: eid 1003 demanded 7238 clamped 4096
[kinematics-ws] K clamp binds: eid 1002 demanded 14749 clamped 4096
[kinematics-ws] K clamp binds: eid 1003 demanded 7208 clamped 4096
[kinematics-ws] K clamp binds: eid 1001 demanded 30115 clamped 4096
[kinematics-ws] K clamp binds: eid 1003 demanded 7239 clamped 4096
[kinematics-ws] K clamp binds: eid 1001 demanded 30053 clamped 4096
[kinematics-ws] K clamp binds: eid 1002 demanded 14741 clamped 4096
[kinematics-ws] K clamp binds: eid 1003 demanded 7208 clamped 4096
[kinematics-ws] K clamp binds: eid 1002 demanded 14745 clamped 4096
[kinematics-ws] K clamp binds: eid 1001 demanded 30111 clamped 4096
[kinematics-ws] K clamp binds: eid 1001 demanded 30057 clamped 4096
[kinematics-ws] K clamp binds: eid 1002 demanded 14748 clamped 4096
[kinematics-ws] K clamp binds: eid 1003 demanded 7239 clamped 4096
[kinematics-ws] K clamp binds: eid 1001 demanded 30111 clamped 4096
[kinematics-ws] K clamp binds: eid 1002 demanded 14738 clamped 4096
[kinematics-ws] K clamp binds: eid 1003 demanded 7208 clamped 4096
[kinematics-ws] K clamp binds: eid 1001 demanded 30054 clamped 4096
[kinematics-ws] K clamp binds: eid 1003 demanded 7238 clamped 4096
[kinematics-ws] K clamp binds: eid 1002 demanded 14755 clamped 4096
[kinematics-ws] K clamp binds: eid 1002 demanded 14735 clamped 4096
[kinematics-ws] K clamp binds: eid 1003 demanded 7209 clamped 4096
[kinematics-ws] K clamp binds: eid 1001 demanded 30116 clamped 4096
[kinematics-ws] K clamp binds: eid 1003 demanded 7237 clamped 4096
[kinematics-ws] K clamp binds: eid 1001 demanded 30053 clamped 4096
[kinematics-ws] K clamp binds: eid 1002 demanded 14755 clamped 4096
[kinematics-ws] K clamp binds: eid 1003 demanded 7212 clamped 4096
[kinematics-ws] K clamp binds: eid 1002 demanded 14741 clamped 4096
[kinematics-ws] K clamp binds: eid 1001 demanded 30113 clamped 4096
[kinematics-ws] K clamp binds: eid 1002 demanded 14745 clamped 4096
[kinematics-ws] K clamp binds: eid 1001 demanded 30072 clamped 4096
[kinematics-ws] K clamp binds: eid 1003 demanded 7234 clamped 4096
[kinematics-ws] K clamp binds: eid 1002 demanded 14754 clamped 4096
[kinematics-ws] K clamp binds: eid 1003 demanded 7216 clamped 4096
[kinematics-ws] K clamp binds: eid 1001 demanded 30081 clamped 4096
[kinematics-ws] K clamp binds: eid 1001 demanded 30113 clamped 4096
[kinematics-ws] K clamp binds: eid 1002 demanded 14737 clamped 4096
[kinematics-ws] K clamp binds: eid 1003 demanded 7229 clamped 4096
[kinematics-ws] K clamp binds: eid 1001 demanded 30056 clamped 4096
[kinematics-ws] K clamp binds: eid 1003 demanded 7223 clamped 4096
[kinematics-ws] K clamp binds: eid 1002 demanded 14756 clamped 4096
[kinematics-ws] K clamp binds: eid 1003 demanded 7222 clamped 4096
[kinematics-ws] K clamp binds: eid 1002 demanded 14747 clamped 4096
[kinematics-ws] K clamp binds: eid 1001 demanded 30105 clamped 4096
[kinematics-ws] K clamp binds: eid 1001 demanded 30105 clamped 4096
[kinematics-ws] K clamp binds: eid 1002 demanded 14741 clamped 4096
[kinematics-ws] K clamp binds: eid 1003 demanded 7231 clamped 4096
[kinematics-ws] K clamp binds: eid 1003 demanded 7214 clamped 4096
[kinematics-ws] K clamp binds: eid 1001 demanded 30059 clamped 4096
[kinematics-ws] K clamp binds: eid 1002 demanded 14759 clamped 4096
[kinematics-ws] K clamp binds: eid 1003 demanded 7239 clamped 4096
[kinematics-ws] K clamp binds: eid 1001 demanded 30103 clamped 4096
[kinematics-ws] K clamp binds: eid 1002 demanded 14744 clamped 4096
[kinematics-ws] K clamp binds: eid 1002 demanded 14745 clamped 4096
[kinematics-ws] K clamp binds: eid 1003 demanded 7209 clamped 4096
[kinematics-ws] K clamp binds: eid 1001 demanded 30119 clamped 4096
[kinematics-ws] K clamp binds: eid 1003 demanded 7241 clamped 4096
[kinematics-ws] K clamp binds: eid 1001 demanded 30071 clamped 4096
[kinematics-ws] K clamp binds: eid 1002 demanded 14761 clamped 4096
[kinematics-ws] K clamp binds: eid 1002 demanded 14746 clamped 4096
[kinematics-ws] K clamp binds: eid 1003 demanded 7211 clamped 4096
[kinematics-ws] K clamp binds: eid 1001 demanded 30074 clamped 4096
[kinematics-ws] K clamp binds: eid 1002 demanded 14745 clamped 4096
[kinematics-ws] K clamp binds: eid 1001 demanded 30121 clamped 4096
[kinematics-ws] K clamp binds: eid 1003 demanded 7234 clamped 4096
[kinematics-ws] K clamp binds: eid 1001 demanded 30120 clamped 4096
[kinematics-ws] K clamp binds: eid 1003 demanded 7223 clamped 4096
[kinematics-ws] K clamp binds: eid 1002 demanded 14762 clamped 4096
[kinematics-ws] K clamp binds: eid 1003 demanded 7221 clamped 4096
[kinematics-ws] K clamp binds: eid 1001 demanded 30080 clamped 4096
[kinematics-ws] K clamp binds: eid 1002 demanded 14751 clamped 4096
[kinematics-ws] K clamp binds: eid 1001 demanded 30067 clamped 4096
[kinematics-ws] K clamp binds: eid 1002 demanded 14743 clamped 4096
[kinematics-ws] K clamp binds: eid 1003 demanded 7238 clamped 4096
[kinematics-ws] K clamp binds: eid 1002 demanded 14759 clamped 4096
[kinematics-ws] K clamp binds: eid 1003 demanded 7210 clamped 4096
[kinematics-ws] K clamp binds: eid 1001 demanded 30095 clamped 4096
[kinematics-ws] K clamp binds: eid 1001 demanded 30126 clamped 4096
[kinematics-ws] K clamp binds: eid 1003 demanded 7242 clamped 4096
[kinematics-ws] K clamp binds: eid 1002 demanded 14762 clamped 4096
[kinematics-ws] K clamp binds: eid 1001 demanded 30132 clamped 4096
[kinematics-ws] K clamp binds: eid 1003 demanded 7216 clamped 4096
[kinematics-ws] K clamp binds: eid 1002 demanded 14745 clamped 4096
[kinematics-ws] K clamp binds: eid 1001 demanded 30112 clamped 4096
[kinematics-ws] K clamp binds: eid 1002 demanded 14749 clamped 4096
[kinematics-ws] K clamp binds: eid 1003 demanded 7228 clamped 4096
[kinematics-ws] K clamp binds: eid 1001 [kinematics-ws] K clamp binds: eiddemanded  30088 clamped 1003 demanded 7235 clamped 40964096

[kinematics-ws] K clamp binds: eid 1002 demanded 14765 clamped 4096
[kinematics-ws] K clamp binds: eid 1001 demanded 30074 clamped 4096
[kinematics-ws] K clamp binds: eid 1002 demanded 14761 clamped 4096
[kinematics-ws] K clamp binds: eid 1003 demanded 7212 clamped 4096
[kinematics-ws] K clamp binds: eid 1001 demanded 30073 clamped 4096
[kinematics-ws] K clamp binds: eid 1003 demanded 7243 clamped 4096
[kinematics-ws] K clamp binds: eid 1002 demanded 14747 clamped 4096
[kinematics-ws] K clamp binds: eid 1002 demanded 14750 clamped 4096
[kinematics-ws] K clamp binds: eid 1001 demanded 30082 clamped 4096
[kinematics-ws] K clamp binds: eid 1003 demanded 7218 clamped 4096
[kinematics-ws] K clamp binds: eid[kinematics-ws] K clamp binds: eid  1002 1001 demanded demanded 14765 30094clamped  clamped 40964096

[kinematics-ws] K clamp binds: eid 1003 demanded 7225 clamped 4096
[kinematics-ws] K clamp binds: eid 1001 demanded 30106 clamped 4096
[kinematics-ws] K clamp binds: eid 1002 demanded 14767 clamped 4096
[kinematics-ws] K clamp binds: eid 1003 demanded 7240 clamped 4096
[kinematics-ws] K clamp binds: eid 1001 demanded 30114 clamped 4096
[kinematics-ws] K clamp binds: eid 1003 demanded 7211 clamped 4096
[kinematics-ws] K clamp binds: eid 1002 demanded 14755 clamped 4096
[kinematics-ws] K clamp binds: eid 1001 demanded 30120 clamped 4096
[kinematics-ws] K clamp binds: eid 1003 demanded 7239 clamped 4096
[kinematics-ws] K clamp binds: eid 1002 demanded 14747 clamped 4096
[kinematics-ws] K clamp binds: eid 1001 demanded 30122 clamped 4096
[kinematics-ws] K clamp binds: eid 1002 demanded 14756 clamped [kinematics-ws] K clamp binds: eid4096 
1003 demanded 7230 clamped 4096
[kinematics-ws] K clamp binds: eid 1003 demanded 7215 clamped 4096
[kinematics-ws] K clamp binds: eid 1001 demanded 30122 clamped 4096
[kinematics-ws] K clamp binds: eid 1002 demanded 14768 clamped 4096
[kinematics-ws] K clamp binds: eid 1002 demanded 14770 clamped 4096
[kinematics-ws] K clamp binds: eid 1003 demanded 7245 clamped 4096
[kinematics-ws] K clamp binds: eid 1001 demanded 30118 clamped 4096
[kinematics-ws] K clamp binds: eid 1001 demanded 30112 clamped 4096
[kinematics-ws] K clamp binds: eid 1003 demanded 7222 clamped 4096
[kinematics-ws] K clamp binds: eid 1002 demanded 14761 clamped 4096
[kinematics-ws] K clamp binds: eid 1001 demanded 30102 clamped 4096
[kinematics-ws] K clamp binds: eid 1002 demanded 14751 clamped 4096
[kinematics-ws] K clamp binds: eid 1003 demanded 7221 clamped 4096
[kinematics-ws] K clamp binds: eid 1001 demanded 30091 clamped 4096
[kinematics-ws] K clamp binds: eid 1002 demanded 14752 clamped 4096
[kinematics-ws] K clamp binds: eid 1003 demanded 7246 clamped 4096
[kinematics-ws] K clamp binds: eid 1001 demanded 30080 clamped 4096
[kinematics-ws] K clamp binds: eid 1002 demanded 14760 clamped 4096
[kinematics-ws] K clamp binds: eid 1003 demanded 7219 clamped 4096
[kinematics-ws] K clamp binds: eid[kinematics-ws] K clamp binds: eid  10011002  demandeddemanded 30075  clamped 14770 clamped 40964096

[kinematics-ws] K clamp binds: eid 1003 demanded 7225 clamped 4096
[kinematics-ws] K clamp binds: eid 1003 demanded 7246 clamped 4096
[kinematics-ws] K clamp binds: eid 1001 demanded 30083 clamped 4096
[kinematics-ws] K clamp binds: eid 1002 demanded 14773 clamped 4096
[kinematics-ws] K clamp binds: eid 1003 demanded 7219 clamped 4096
[kinematics-ws] K clamp binds: eid 1002 demanded 14770 clamped 4096
[kinematics-ws] K clamp binds: eid 1001 demanded 30105 clamped 4096
[kinematics-ws] K clamp binds: eid[kinematics-ws] K clamp binds: eid  1002 demanded 1003 14762 demanded clamped 7226 clamped 40964096

[kinematics-ws] K clamp binds: eid 1001 demanded 30130 clamped 4096
[kinematics-ws] K clamp binds: eid 1001 demanded 30141 clamped 4096
[kinematics-ws] K clamp binds: eid 1003 demanded 7247 clamped 4096
[kinematics-ws] K clamp binds: eid 1002 demanded 14755 clamped 4096
[kinematics-ws] K clamp binds: eid 1002 demanded 14753 clamped 4096
[kinematics-ws] K clamp binds: eid 1001 demanded 30122 clamped 4096
[kinematics-ws] K clamp binds: eid 1003 demanded 7221 clamped 4096
[kinematics-ws] K clamp binds: eid 1002 demanded 14755 clamped 4096
[kinematics-ws] K clamp binds: eid 1003 demanded 7223 clamped 4096
[kinematics-ws] K clamp binds: eid 1001 demanded 30087 clamped 4096
[kinematics-ws] K clamp binds: eid 1001 demanded 30075 clamped 4096
[kinematics-ws] K clamp binds: eid 1002 demanded 14761 clamped 4096
[kinematics-ws] K clamp binds: eid 1003 demanded 7248 clamped 4096
[kinematics-ws] K clamp binds: eid 1001 demanded 30107 clamped 4096
[kinematics-ws] K clamp binds: eid 1003 demanded 7228 clamped 4096
[kinematics-ws] K clamp binds: eid 1002 demanded 14767 clamped 4096
[kinematics-ws] K clamp binds: eid 1001 demanded 30139 clamped 4096
[kinematics-ws] K clamp binds: eid 1002 demanded 14772 clamped 4096
[kinematics-ws] K clamp binds: eid 1003 demanded 7218 clamped 4096
[kinematics-ws] K clamp binds: eid 1001 demanded 30116 clamped 4096
[kinematics-ws] K clamp binds: eid 1003 demanded 7245 clamped 4096
[kinematics-ws] K clamp binds: eid 1002 demanded 14775 clamped 4096
[kinematics-ws] K clamp binds: eid 1003 demanded 7239 clamped 4096
[kinematics-ws] K clamp binds: eid 1002 demanded 14776 clamped 4096
[kinematics-ws] K clamp binds: eid 1001 demanded 30075 clamped 4096
[kinematics-ws] K clamp binds: eid 1001 demanded 30098 clamped 4096
[kinematics-ws] K clamp binds: eid 1003 demanded 7216 clamped 4096
[kinematics-ws] K clamp binds: eid 1002 demanded 14776 clamped 4096
[kinematics-ws] K clamp binds: eid 1001 demanded 30138 clamped 4096
[kinematics-ws] K clamp binds: eid 1002 demanded 14775 clamped 4096
[kinematics-ws] K clamp binds: eid 1003 demanded 7235 clamped 4096
[kinematics-ws] K clamp binds: eid 1003 demanded 7249 clamped 4096
[kinematics-ws] K clamp binds: eid 1001 demanded 30099 clamped 4096
[kinematics-ws] K clamp binds: eid 1002 demanded 14772 clamped 4096
[kinematics-ws] K clamp binds: eid 1001 demanded 30076 clamped 4096
[kinematics-ws] K clamp binds: eid 1003 demanded 7225 clamped 4096
[kinematics-ws] K clamp binds: eid 1002 demanded 14770 clamped 4096
[kinematics-ws] K clamp binds: eid 1002 demanded 14768 clamped 4096
[kinematics-ws] K clamp binds: eid 1003 demanded 7221 clamped 4096
[kinematics-ws] K clamp binds: eid 1001 demanded 30130 clamped 4096
[kinematics-ws] K clamp binds: eid [kinematics-ws] K clamp binds: eid 1001 demanded1003 demanded  7246 30108clamped  clamped 40964096

[kinematics-ws] K clamp binds: eid 1002 demanded 14766 clamped 4096
[kinematics-ws] K clamp binds: eid 1002 demanded 14765 clamped 4096
[kinematics-ws] K clamp binds: eid 1003 demanded 7244 clamped 4096
[kinematics-ws] K clamp binds: eid 1001 demanded 30074 clamped 4096
[kinematics-ws] K clamp binds: eid 1001 demanded 30133 clamped 4096
[kinematics-ws] K clamp binds: eid 1002 demanded 14764 clamped 4096
[kinematics-ws] K clamp binds: eid 1003 demanded 7220 clamped 4096
[kinematics-ws] K clamp binds: eid 1001 demanded 30092 clamped 4096
[kinematics-ws] K clamp binds: eid 1002 demanded 14764 clamped 4096
[kinematics-ws] K clamp binds: eid 1003 demanded 7227 clamped 4096
[kinematics-ws] K clamp binds: eid 1003 demanded 7250 clamped 4096
[kinematics-ws] K clamp binds: eid 1001 demanded 30092 clamped 4096
[kinematics-ws] K clamp binds: eid 1002 demanded 14764 clamped 4096
[kinematics-ws] K clamp binds: eid 1001 demanded 30130 clamped 4096
[kinematics-ws] K clamp binds: eid 1003 demanded 7242 clamped 4096
[kinematics-ws] K clamp binds: eid 1002 demanded 14764 clamped 4096
[kinematics-ws] K clamp binds: eid 1002 demanded 14765 clamped 4096
[kinematics-ws] K clamp binds: eid 1001 demanded 30070 clamped 4096
[kinematics-ws] K clamp binds: eid 1003 demanded 7220 clamped 4096
[kinematics-ws] K clamp binds: eid 1001 demanded 30133 clamped 4096
[kinematics-ws] K clamp binds: eid 1003 demanded 7229 clamped 4096
[kinematics-ws] K clamp binds: eid 1002 demanded 14767 clamped 4096
[kinematics-ws] K clamp binds: eid 1001 demanded 30080 clamped 4096
[kinematics-ws] K clamp binds: eid 1002 demanded 14769 clamped 4096
[kinematics-ws] K clamp binds: eid 1003 demanded 7251 clamped 4096
[kinematics-ws] K clamp binds: eid 1003 demanded 7245 clamped 4096
[kinematics-ws] K clamp binds: eid 1002 demanded 14772 clamped 4096
[kinematics-ws] K clamp binds: eid 1001 demanded 30119 clamped 4096
[kinematics-ws] K clamp binds: eid 1003 demanded 7223 clamped 4096
[kinematics-ws] K clamp binds: eid 1001 demanded 30093 clamped 4096
[kinematics-ws] K clamp binds: eid 1002 demanded 14774 clamped 4096
[kinematics-ws] K clamp binds: eid 1002 demanded 14777 clamped 4096
[kinematics-ws] K clamp binds: eid 1003 demanded 7226 clamped 4096
[kinematics-ws] K clamp binds: eid 1001 demanded 30110 clamped 4096
[kinematics-ws] K clamp binds: eid 1002 demanded 14779 clamped 4096
[kinematics-ws] K clamp binds: eid 1003 demanded 7248 clamped 4096
[kinematics-ws] K clamp binds: eid 1001 demanded 30098 clamped 4096
[kinematics-ws] K clamp binds: eid 1002 demanded 14779 clamped 4096
[kinematics-ws] K clamp binds: eid 1003 demanded 7252 clamped 4096
[kinematics-ws] K clamp binds: eid 1001 demanded 30112 clamped 4096
[kinematics-ws] K clamp binds: eid 1001 demanded 30091 clamped 4096
[kinematics-ws] K clamp binds: eid 1003 demanded 7232 clamped 4096
[kinematics-ws] K clamp binds: eid 1002 demanded 14778 clamped 4096
[kinematics-ws] K clamp binds: eid 1001 demanded 30124 clamped 4096
[kinematics-ws] K clamp binds: eid 1002 demanded 14775 clamped 4096
[kinematics-ws] K clamp binds: eid 1003 demanded 7221 clamped 4096
[kinematics-ws] K clamp binds: eid 1002 demanded 14769 clamped 4096
[kinematics-ws] K clamp binds: eid 1001 demanded 30078 clamped 4096
[kinematics-ws] K clamp binds: eid 1003 demanded 7236 clamped 4096
[kinematics-ws] K clamp binds: eid 1001 demanded 30138 clamped 4096
[kinematics-ws] K clamp binds: eid [kinematics-ws] K clamp binds: eid 1003 1002demanded  7254 demanded clamped 14763 clamped 40964096

[kinematics-ws] K clamp binds: eid 1003 demanded 7249 clamped 4096
[kinematics-ws] K clamp binds: eid 1001 demanded 30074 clamped 4096
[kinematics-ws] K clamp binds: eid 1002 demanded 14758 clamped 4096
[kinematics-ws] K clamp binds: eid 1001 demanded 30128 clamped 4096
[kinematics-ws] K clamp binds: eid 1002 demanded 14758 clamped 4096
[kinematics-ws] K clamp binds: eid 1003 demanded 7229 clamped 4096
[kinematics-ws] K clamp binds: eid 1002 demanded 14761 clamped 4096
[kinematics-ws] K clamp binds: eid 1003 demanded 7223 clamped 4096
[kinematics-ws] K clamp binds: eid 1001 demanded 30106 clamped 4096
[kinematics-ws] K clamp binds: eid 1003 demanded 7238 clamped 4096
[kinematics-ws] K clamp binds: eid 1001 demanded 30086 clamped 4096
[kinematics-ws] K clamp binds: eid 1002 demanded 14769 clamped 4096
[kinematics-ws] K clamp binds: eid 1001 demanded 30142 clamped 4096
[kinematics-ws] K clamp binds: eid 1002 demanded 14777 clamped 4096
[kinematics-ws] K clamp binds: eid 1003 demanded 7255 clamped 4096
[kinematics-ws] K clamp binds: eid 1001 demanded 30089 clamped 4096
[kinematics-ws] K clamp binds: eid 1003 demanded 7252 clamped 4096
[kinematics-ws] K clamp binds: eid 1002 demanded 14779 clamped 4096
[kinematics-ws] K clamp binds: eid 1002 demanded 14774 clamped 4096
[kinematics-ws] K clamp binds: eid 1001 demanded 30099 clamped 4096
[kinematics-ws] K clamp binds: eid 1003 demanded 7234 clamped 4096
[kinematics-ws] K clamp binds: eid[kinematics-ws] K clamp binds: eid  1001 demanded 30144 clamped 1003 demanded 7223 clamped 40964096

[kinematics-ws] K clamp binds: eid 1002 demanded 14765 clamped 4096
[kinematics-ws] K clamp binds: eid 1002 demanded 14758 clamped 4096
[kinematics-ws] K clamp binds: eid 1001 demanded 30095 clamped 4096
[kinematics-ws] K clamp binds: eid 1003 demanded 7231 clamped 4096
[kinematics-ws] K clamp binds: eid 1001 demanded 30090 clamped 4096
[kinematics-ws] K clamp binds: eid 1003 demanded 7249 clamped 4096
[kinematics-ws] K clamp binds: eid 1002 demanded 14759 clamped 4096
[kinematics-ws] K clamp binds: eid 1001 demanded 30142 clamped 4096
[kinematics-ws] K clamp binds: eid 1002 demanded 14769 clamped 4096
[kinematics-ws] K clamp binds: eid 1003 demanded 7257 clamped 4096
[kinematics-ws] K clamp binds: eid 1001 demanded 30127 clamped 4096
[kinematics-ws] K clamp binds: eid 1002 demanded 14777 clamped 4096
[kinematics-ws] K clamp binds: eid 1003 demanded 7249 clamped 4096
[kinematics-ws] K clamp binds: eid 1001 demanded 30084 clamped 4096
[kinematics-ws] K clamp binds: eid 1003 demanded 7232 clamped 4096
[kinematics-ws] K clamp binds: eid 1002 demanded 14775 clamped 4096
[kinematics-ws] K clamp binds: eid 1001 demanded 30103 clamped 4096
[kinematics-ws] K clamp binds: eid 1003 demanded 7224 clamped 4096
[kinematics-ws] K clamp binds: eid 1002 demanded 14764 clamped 4096
[kinematics-ws] K clamp binds: eid 1003 demanded 7232 clamped 4096
[kinematics-ws] K clamp binds: eid 1001 demanded 30146 clamped 4096
[kinematics-ws] K clamp binds: eid 1002 demanded 14756 clamped 4096
[kinematics-ws] K clamp binds: eid 1003 demanded 7247 clamped 4096
[kinematics-ws] K clamp binds: eid 1002 demanded 14763 clamped 4096
[kinematics-ws] K clamp binds: eid 1001 demanded 30140 clamped 4096
[kinematics-ws] K clamp binds: eid 1001 demanded 30101 clamped 4096
[kinematics-ws] K clamp binds: eid 1002 demanded 14775 clamped 4096
[kinematics-ws] K clamp binds: eid 1003 demanded 7258 clamped 4096
[kinematics-ws] K clamp binds: eid[kinematics-ws] K clamp binds: eid  1002 1003 demanded demanded 7256 clamped 14775 clamped 4096
4096
[kinematics-ws] K clamp binds: eid 1001 demanded 30087 clamped 4096
[kinematics-ws] K clamp binds: eid 1002 demanded 14762 clamped 4096
[kinematics-ws] K clamp binds: eid 1001 demanded 30111 clamped 4096
[kinematics-ws] K clamp binds: eid 1003 demanded 7243 clamped 4096
[kinematics-ws] K clamp binds: eid 1002 demanded 14756 clamped 4096
[kinematics-ws] K clamp binds: eid 1003 demanded 7230 clamped 4096
[kinematics-ws] K clamp binds: eid 1001 demanded 30143 clamped 4096
[kinematics-ws] K clamp binds: eid 1001 demanded 30155 clamped 4096
[kinematics-ws] K clamp binds: eid 1002 demanded 14767 clamped 4096
[kinematics-ws] K clamp binds: eid 1003 demanded 7226 clamped 4096
[kinematics-ws] K clamp binds: eid 1003 demanded 7233 clamped 4096
[kinematics-ws] K clamp binds: eid 1002 demanded 14777 clamped 4096
[kinematics-ws] K clamp binds: eid 1001 demanded 30141 clamped 4096
[kinematics-ws] K clamp binds: eid 1001 demanded 30117 clamped 4096
[kinematics-ws] K clamp binds: eid 1002 demanded 14766 clamped 4096
[kinematics-ws] K clamp binds: eid 1003 demanded 7246 clamped 4096
[kinematics-ws] K clamp binds: eid [kinematics-ws] K clamp binds: eid1003  demanded 7257 clamped 1002 demanded 14754 clamped 40964096

[kinematics-ws] K clamp binds: eid 1001 demanded 30099 clamped 4096
[kinematics-ws] K clamp binds: eid 1003 demanded 7260 clamped 4096
[kinematics-ws] K clamp binds: eid 1002 demanded 14765 clamped 4096
[kinematics-ws] K clamp binds: eid 1001 demanded 30092 clamped 4096
[kinematics-ws] K clamp binds: eid 1001 demanded 30095 clamped 4096
[kinematics-ws] K clamp binds: eid 1002 demanded 14777 clamped 4096
[kinematics-ws] K clamp binds: eid 1003 demanded 7254 clamped 4096
[kinematics-ws] K clamp binds: eid 1003 demanded 7242 clamped 4096
[kinematics-ws] K clamp binds: eid 1002 demanded 14763 clamped 4096
[kinematics-ws] K clamp binds: eid 1001 demanded 30104 clamped 4096
[kinematics-ws] K clamp binds: eid 1003 demanded 7232 clamped 4096
[kinematics-ws] K clamp binds: eid 1001 demanded 30115 clamped 4096
[kinematics-ws] K clamp binds: eid 1002 demanded 14754 clamped 4096
[kinematics-ws] K clamp binds: eid 1003 demanded 7227 clamped 4096
[kinematics-ws] K clamp binds: eid 1001 demanded 30124 clamped 4096
[kinematics-ws] K clamp binds: eid 1002 demanded 14770 clamped 4096
[kinematics-ws] K clamp binds: eid 1001 demanded 30131 clamped 4096
[kinematics-ws] K clamp binds: eid 1003 demanded 7230 clamped 4096
[kinematics-ws] K clamp binds: eid 1002 demanded 14773 clamped 4096
[kinematics-ws] K clamp binds: eid 1001 demanded 30135 clamped 4096
[kinematics-ws] K clamp binds: eid 1003 demanded 7238 clamped 4096
[kinematics-ws] K clamp binds: eid 1002 demanded 14755 clamped 4096
[kinematics-ws] K clamp binds: eid 1002 demanded 14761 clamped 4096
[kinematics-ws] K clamp binds: eid 1001 demanded 30136 clamped 4096
[kinematics-ws] K clamp binds: eid 1003 demanded 7249 clamped 4096
[kinematics-ws] K clamp binds: eid 1002 demanded 14776 clamped 4096
[kinematics-ws] K clamp binds: eid 1001 demanded 30135 clamped 4096
[kinematics-ws] K clamp binds: eid 1003 demanded 7258 clamped 4096
[kinematics-ws] K clamp binds: eid 1002 demanded 14760 clamped 4096
[kinematics-ws] K clamp binds: eid 1003 demanded 7262 clamped 4096
[kinematics-ws] K clamp binds: eid 1001 demanded 30131 clamped 4096
[kinematics-ws] K clamp binds: eid 1002 demanded 14756 clamped 4096
[kinematics-ws] K clamp binds: eid 1003 demanded 7260 clamped 4096
[kinematics-ws] K clamp binds: eid 1001 demanded 30124 clamped 4096
[kinematics-ws] K clamp binds: eid 1001 demanded 30114 clamped 4096
[kinematics-ws] K clamp binds: eid 1003 demanded 7254 clamped 4096
[kinematics-ws] K clamp binds: eid 1002 demanded 14775 clamped 4096
[kinematics-ws] K clamp binds: eid 1002 demanded 14762 clamped 4096
[kinematics-ws] K clamp binds: eid 1001 demanded 30104 clamped 4096
[kinematics-ws] K clamp binds: eid 1003 demanded 7245 clamped 4096
[kinematics-ws] K clamp binds: eid 1001 demanded 30096 clamped 4096
[kinematics-ws] K clamp binds: eid 1003 demanded 7237 clamped 4096
[kinematics-ws] K clamp binds: eid 1002 demanded 14755 clamped 4096
[kinematics-ws] K clamp binds: eid 1002 demanded 14775 clamped 4096
[kinematics-ws] K clamp binds: eid 1003 demanded 7231 clamped 4096
[kinematics-ws] K clamp binds: eid 1001 demanded 30095 clamped 4096
[kinematics-ws] K clamp binds: eid 1002 demanded 14760 clamped 4096
[kinematics-ws] K clamp binds: eid 1001 demanded 30106 clamped 4096
[kinematics-ws] K clamp binds: eid 1003 demanded 7228 clamped 4096
[kinematics-ws] K clamp binds: eid 1003 demanded 7229 clamped 4096
[kinematics-ws] K clamp binds: eid 1002 demanded 14757 clamped 4096
[kinematics-ws] K clamp binds: eid 1001 demanded 30127 clamped 4096
[kinematics-ws] K clamp binds: eid 1001 demanded 30151 clamped 4096
[kinematics-ws] K clamp binds: eid 1003 demanded 7233 clamped 4096
[kinematics-ws] K clamp binds: eid 1002 demanded 14775 clamped 4096
[kinematics-ws] K clamp binds: eid 1001 demanded 30162 clamped 4096
[kinematics-ws] K clamp binds: eid 1003 demanded 7239 clamped 4096
[kinematics-ws] K clamp binds: eid 1002 demanded 14755 clamped 4096
[kinematics-ws] K clamp binds: eid 1003 demanded 7246 clamped 4096
[kinematics-ws] K clamp binds: eid 1001 demanded 30148 clamped 4096
[kinematics-ws] K clamp binds: eid 1002 demanded 14763 clamped 4096
[kinematics-ws] K clamp binds: eid 1003 demanded 7252 clamped 4096
[kinematics-ws] K clamp binds: eid 1001 demanded 30115 clamped 4096
[kinematics-ws] K clamp binds: eid 1002 demanded 14771 clamped 4096
[kinematics-ws] K clamp binds: eid 1002 demanded 14751 clamped 4096
[kinematics-ws] K clamp binds: eid 1003 demanded 7257 clamped 4096
[kinematics-ws] K clamp binds: eid 1001 demanded 30093 clamped 4096
[kinematics-ws] K clamp binds: eid 1002 demanded 14772 clamped 4096
[kinematics-ws] K clamp binds: eid 1001 demanded 30111 clamped 4096
[kinematics-ws] K clamp binds: eid 1003 demanded 7261 clamped 4096
[kinematics-ws] K clamp binds: eid 1001 demanded 30150 clamped 4096
[kinematics-ws] K clamp binds: eid 1003 demanded 7263 clamped 4096
[kinematics-ws] K clamp binds: eid 1002 demanded 14760 clamped 4096
[kinematics-ws] K clamp binds: eid 1001 demanded 30157 clamped 4096
[kinematics-ws] K clamp binds: eid 1003 demanded 7264 clamped 4096
[kinematics-ws] K clamp binds: eid 1002 demanded 14759 clamped 4096
[kinematics-ws] K clamp binds: eid 1002 demanded 14772 clamped 4096
[kinematics-ws] K clamp binds: eid 1003 demanded 7263 clamped 4096
[kinematics-ws] K clamp binds: eid 1001 demanded 30115 clamped 4096
[kinematics-ws] K clamp binds: eid 1002 demanded 14751 clamped 4096
[kinematics-ws] K clamp binds: eid 1001 demanded 30093 clamped 4096
[kinematics-ws] K clamp binds: eid 1003 demanded 7261 clamped 4096
[kinematics-ws] K clamp binds: eid 1002 demanded 14773 clamped 4096
[kinematics-ws] K clamp binds: eid[kinematics-ws] K clamp binds: eid  1003 1001demanded  7258demanded  clamped 30134 clamped 40964096

[kinematics-ws] K clamp binds: eid 1001 demanded 30158 clamped 4096
[kinematics-ws] K clamp binds: eid 1003 demanded 7255 clamped 4096
[kinematics-ws] K clamp binds: eid 1002 demanded 14755 clamped 4096
[kinematics-ws] K clamp binds: eid 1003 demanded 7252 clamped 4096
[kinematics-ws] K clamp binds: eid 1001 demanded 30110 clamped 4096
[kinematics-ws] K clamp binds: eid 1002 demanded 14765 clamped 4096
[kinematics-ws] K clamp binds: eid[kinematics-ws] K clamp binds: eid  1003 1002 demandeddemanded  7249 clamped14764  clamped 40964096

[kinematics-ws] K clamp binds: eid 1001 demanded 30098 clamped 4096
[kinematics-ws] K clamp binds: eid 1003 demanded 7246 clamped 4096
[kinematics-ws] K clamp binds: eid 1002 demanded 14757 clamped 4096
[kinematics-ws] K clamp binds: eid 1001 demanded 30153 clamped 4096
[kinematics-ws] K clamp binds: eid 1002 demanded 14771 clamped 4096
[kinematics-ws] K clamp binds: eid 1003 demanded 7244 clamped 4096
[kinematics-ws] K clamp binds: eid 1001 demanded 30131 clamped 4096
[kinematics-ws] K clamp binds: eid 1003 demanded 7242 clamped 4096
[kinematics-ws] K clamp binds: eid 1001 demanded 30091 clamped 4096
[kinematics-ws] K clamp binds: eid 1002 demanded 14753 clamped 4096
[kinematics-ws] K clamp binds: eid 1001 demanded 30148 clamped 4096
[kinematics-ws] K clamp binds: eid 1003 demanded 7240 clamped 4096
[kinematics-ws] K clamp binds: eid 1002 demanded 14774 clamped 4096
[kinematics-ws] K clamp binds: eid 1002 demanded 14751 clamped 4096
[kinematics-ws] K clamp binds: eid 1003 demanded 7239 clamped 4096
[kinematics-ws] K clamp binds: eid 1001 demanded 30129 clamped 4096
[kinematics-ws] K clamp binds: eid 1001 demanded 30094 clamped 4096
[kinematics-ws] K clamp binds: eid 1002 demanded 14774 clamped 4096
[kinematics-ws] K clamp binds: eid 1003 demanded 7238 clamped 4096
[kinematics-ws] K clamp binds: eid 1002 demanded 14752 clamped 4096
[kinematics-ws] K clamp binds: eid 1001 demanded 30156 clamped 4096
[kinematics-ws] K clamp binds: eid 1003 demanded 7237 clamped 4096
[kinematics-ws] K clamp binds: eid 1003 demanded 7237 clamped 4096
[kinematics-ws] K clamp binds: eid 1002 demanded 14774 clamped 4096
[kinematics-ws] K clamp binds: eid 1001 demanded 30104 clamped 4096
[kinematics-ws] K clamp binds: eid 1002 demanded 14753 clamped 4096
[kinematics-ws] K clamp binds: eid 1003 demanded 7237 clamped 4096
[kinematics-ws] K clamp binds: eid 1001 demanded 30120 clamped 4096
[kinematics-ws] K clamp binds: eid 1002 demanded 14774 clamped 4096
[kinematics-ws] K clamp binds: eid 1003 demanded 7237 clamped 4096
[kinematics-ws] K clamp binds: eid 1001 demanded 30143 clamped 4096
[kinematics-ws] K clamp binds: eid 1003 demanded 7238 clamped 4096
[kinematics-ws] K clamp binds: eid 1001 demanded 30092 clamped 4096
[kinematics-ws] K clamp binds: eid 1002 demanded 14753 clamped 4096
[kinematics-ws] K clamp binds: eid 1001 demanded 30157 clamped 4096
[kinematics-ws] K clamp binds: eid 1002 demanded 14774 clamped 4096
[kinematics-ws] K clamp binds: eid 1003 demanded 7238 clamped 4096
[kinematics-ws] K clamp binds: eid 1003 demanded 7239 clamped 4096
[kinematics-ws] K clamp binds: eid 1002 demanded 14753 clamped 4096
[kinematics-ws] K clamp binds: eid 1001 demanded 30091 clamped 4096
[kinematics-ws] K clamp binds: eid 1001 demanded 30151 clamped 4096
[kinematics-ws] K clamp binds: eid 1002 demanded 14775 clamped 4096
[kinematics-ws] K clamp binds: eid 1003 demanded 7240 clamped 4096
[kinematics-ws] K clamp binds: eid 1002 demanded 14753 clamped 4096
[kinematics-ws] K clamp binds: eid 1001 demanded 30099 clamped 4096
[kinematics-ws] K clamp binds: eid 1003 demanded 7242 clamped 4096
[kinematics-ws] K clamp binds: eid 1001 demanded 30144 clamped 4096
[kinematics-ws] K clamp binds: eid 1003 demanded 7244 clamped 4096
[kinematics-ws] K clamp binds: eid 1002 demanded 14775 clamped 4096
[kinematics-ws] K clamp binds: eid 1001 demanded 30103 clamped 4096
[kinematics-ws] K clamp binds: eid 1002 demanded 14754 clamped 4096
[kinematics-ws] K clamp binds: eid 1003 demanded 7246 clamped 4096
[kinematics-ws] K clamp binds: eid 1001 demanded 30145 clamped 4096
[kinematics-ws] K clamp binds: eid 1002 demanded 14773 clamped 4096
[kinematics-ws] K clamp binds: eid 1003 demanded 7249 clamped 4096
[kinematics-ws] K clamp binds: eid 1001 demanded 30100 clamped 4096
[kinematics-ws] K clamp binds: eid 1003 demanded 7252 clamped 4096
[kinematics-ws] K clamp binds: eid 1002 demanded 14760 clamped 4096
[kinematics-ws] K clamp binds: eid 1001 demanded 30152 clamped 4096
[kinematics-ws] K clamp binds: eid 1003 demanded 7255 clamped 4096
[kinematics-ws] K clamp binds: eid 1002 demanded 14766 clamped 4096
[kinematics-ws] K clamp binds: eid 1002 demanded 14769 clamped 4096
[kinematics-ws] K clamp binds: eid 1001 demanded 30092 clamped 4096
[kinematics-ws] K clamp binds: eid 1003 demanded 7259 clamped 4096
[kinematics-ws] K clamp binds: eid 1001 demanded 30159 clamped 4096
[kinematics-ws] K clamp binds: eid 1002 demanded 14758 clamped 4096
[kinematics-ws] K clamp binds: eid 1003 demanded 7262 clamped 4096
[kinematics-ws] K clamp binds: eid 1001 demanded 30094 clamped 4096
[kinematics-ws] K clamp binds: eid 1003 demanded 7264 clamped 4096
[kinematics-ws] K clamp binds: eid 1002 demanded 14777 clamped 4096
[kinematics-ws] K clamp binds: eid 1001 demanded 30146 clamped 4096
[kinematics-ws] K clamp binds: eid 1003 demanded 7265 clamped 4096
[kinematics-ws] K clamp binds: eid 1002 demanded 14755 clamped 4096
[kinematics-ws] K clamp binds: eid 1002 demanded 14775 clamped 4096
[kinematics-ws] K clamp binds: eid 1003 demanded 7265 clamped 4096
[kinematics-ws] K clamp binds: eid 1001 demanded 30124 clamped 4096
[kinematics-ws] K clamp binds: eid 1003 demanded 7264 clamped 4096
[kinematics-ws] K clamp binds: eid 1001 demanded 30108 clamped 4096
[kinematics-ws] K clamp binds: eid 1002 demanded 14764 clamped 4096
[kinematics-ws] K clamp binds: eid 1003 demanded 7261 clamped 4096
[kinematics-ws] K clamp binds: eid 1002 demanded 14762 clamped 4096
[kinematics-ws] K clamp binds: eid 1001 demanded 30161 clamped 4096
[kinematics-ws] K clamp binds: eid 1001 demanded 30099 clamped 4096
[kinematics-ws] K clamp binds: eid 1003 demanded 7256 clamped 4096
[kinematics-ws] K clamp binds: eid 1002 demanded 14777 clamped 4096
[kinematics-ws] K clamp binds: eid 1003 demanded 7251 clamped 4096
[kinematics-ws] K clamp binds: eid 1001 demanded 30134 clamped 4096
[kinematics-ws] K clamp binds: eid 1002 demanded 14756 clamped 4096
[kinematics-ws] K clamp binds: eid 1002 demanded 14774 clamped 4096
[kinematics-ws] K clamp binds: eid 1003 demanded 7244 clamped 4096
[kinematics-ws] K clamp binds: eid 1001 demanded 30155 clamped 4096
[kinematics-ws] K clamp binds: eid 1001 demanded 30097 clamped 4096
[kinematics-ws] K clamp binds: eid 1002 demanded 14771 clamped 4096
[kinematics-ws] K clamp binds: eid 1003 demanded 7238 clamped 4096
[kinematics-ws] K clamp binds: eid 1002 demanded 14758 clamped 4096
[kinematics-ws] K clamp binds: eid 1001 demanded 30137 clamped 4096
[kinematics-ws] K clamp binds: eid 1003 demanded 7233 clamped 4096
[kinematics-ws] K clamp binds: eid 1001 demanded 30161 clamped 4096
[kinematics-ws] K clamp binds: eid 1002 demanded 14780 clamped 4096
[kinematics-ws] K clamp binds: eid 1003 demanded 7231 clamped 4096
[kinematics-ws] K clamp binds: eid 1003 demanded 7232 clamped 4096
[kinematics-ws] K clamp binds: eid 1001 demanded 30106 clamped 4096
[kinematics-ws] K clamp binds: eid 1002 demanded 14766 clamped 4096
[kinematics-ws] K clamp binds: eid 1003 demanded 7237 clamped 4096
[kinematics-ws] K clamp binds: eid 1001 demanded 30118 clamped 4096
[kinematics-ws] K clamp binds: eid 1002 demanded 14762 clamped 4096
[kinematics-ws] K clamp binds: eid 1002 demanded 14782 clamped 4096
[kinematics-ws] K clamp binds: eid 1003 demanded 7245 clamped 4096
[kinematics-ws] K clamp binds: eid 1001 demanded 30167 clamped 4096
[kinematics-ws] K clamp binds: eid 1001 demanded 30142 clamped 4096
[kinematics-ws] K clamp binds: eid 1003 demanded 7253 clamped 4096
[kinematics-ws] K clamp binds: eid 1002 demanded 14765 clamped 4096
[kinematics-ws] K clamp binds: eid 1001 demanded 30102 clamped 4096
[kinematics-ws] K clamp binds: eid 1002 demanded 14764 clamped 4096
[kinematics-ws] K clamp binds: eid 1003 demanded 7261 clamped 4096
[kinematics-ws] K clamp binds: eid 1002 demanded 14783 clamped 4096
[kinematics-ws] K clamp binds: eid 1001 demanded 30128 clamped 4096
[kinematics-ws] K clamp binds: eid 1003 demanded 7265 clamped 4096
[kinematics-ws] K clamp binds: eid 1002 demanded 14768 clamped 4096
[kinematics-ws] K clamp binds: eid 1001 demanded 30169 clamped 4096
[kinematics-ws] K clamp binds: eid 1003 demanded 7265 clamped 4096
[kinematics-ws] K clamp binds: eid 1002 demanded 14763 clamped 4096
[kinematics-ws] K clamp binds: eid 1003 demanded 7259 clamped 4096
[kinematics-ws] K clamp binds: eid 1001 demanded 30157 clamped 4096
[kinematics-ws] K clamp binds: eid 1001 demanded 30117 clamped 4096
[kinematics-ws] K clamp binds: eid 1003 demanded 7249 clamped 4096
[kinematics-ws] K clamp binds: eid 1002 demanded 14782 clamped 4096
[kinematics-ws] K clamp binds: eid 1003 demanded 7239 clamped 4096
[kinematics-ws] K clamp binds: eid 1002 demanded 14775 clamped 4096
[kinematics-ws] K clamp binds: eid 1001 demanded 30107 clamped 4096
[kinematics-ws] K clamp binds: eid 1001 demanded 30136 clamped 4096
[kinematics-ws] K clamp binds: eid 1002 demanded 14761 clamped 4096
[kinematics-ws] K clamp binds: eid 1003 demanded 7232 clamped 4096
[kinematics-ws] K clamp binds: eid 1003 demanded 7232 clamped 4096
[kinematics-ws] K clamp binds: eid 1001 demanded 30169 clamped 4096
[kinematics-ws] K clamp binds: eid 1002 demanded 14777 clamped 4096
[kinematics-ws] K clamp binds: eid 1002 demanded 14783 clamped 4096
[kinematics-ws] K clamp binds: eid 1003 demanded 7238 clamped 4096
[kinematics-ws] K clamp binds: eid 1001 demanded 30173 clamped 4096
[kinematics-ws] K clamp binds: eid 1001 demanded 30151 clamped 4096
[kinematics-ws] K clamp binds: eid 1002 demanded 14767 clamped 4096
[kinematics-ws] K clamp binds: eid 1003 demanded 7249 clamped 4096
[kinematics-ws] K clamp binds: eid 1001 demanded 30124 clamped 4096
[kinematics-ws] K clamp binds: eid 1002 demanded 14766 clamped 4096
[kinematics-ws] K clamp binds: eid 1003 demanded 7260 clamped 4096
[kinematics-ws] K clamp binds: eid 1001 demanded 30110 clamped 4096
[kinematics-ws] K clamp binds: eid 1003 demanded 7265 clamped 4096
[kinematics-ws] K clamp binds: eid 1002 demanded 14784 clamped 4096
[kinematics-ws] K clamp binds: eid[kinematics-ws] K clamp binds: eid  1001 1002demanded  demanded 3011314782  clamped clamped 40964096

[kinematics-ws] K clamp binds: eid 1003 demanded 7262 clamped 4096
[kinematics-ws] K clamp binds: eid 1003 demanded 7252 clamped 4096
[kinematics-ws] K clamp binds: eid 1002 demanded 14766 clamped 4096
[kinematics-ws] K clamp binds: eid 1001 demanded 30129 clamped 4096
[kinematics-ws] K clamp binds: eid 1001 demanded 30148 clamped 4096
[kinematics-ws] K clamp binds: eid 1003 demanded 7239 clamped 4096
[kinematics-ws] K clamp binds: eid 1002 demanded 14769 clamped 4096
[kinematics-ws] K clamp binds: eid 1001 demanded 30164 clamped 4096
[kinematics-ws] K clamp binds: eid 1003 demanded 7231 clamped 4096
[kinematics-ws] K clamp binds: eid 1002 demanded 14785 clamped 4096
[kinematics-ws] K clamp binds: eid 1001 demanded 30174 clamped 4096
[kinematics-ws] K clamp binds: eid 1003 demanded 7233 clamped 4096
[kinematics-ws] K clamp binds: eid 1002 demanded 14785 clamped 4096
[kinematics-ws] K clamp binds: eid 1002 demanded 14770 clamped 4096
[kinematics-ws] K clamp binds: eid 1001 demanded 30180 clamped 4096
[kinematics-ws] K clamp binds: eid 1003 demanded 7245 clamped 4096
[kinematics-ws] K clamp binds: eid 1001 demanded 30181 clamped 4096
[kinematics-ws] K clamp binds: eid [kinematics-ws] K clamp binds: eid 10021003  demanded demanded7258 clamped  14767 clamped 40964096

[kinematics-ws] K clamp binds: eid 1001 demanded 30181 clamped 4096
[kinematics-ws] K clamp binds: eid 1002 demanded 14781 clamped 4096
[kinematics-ws] K clamp binds: eid 1003 demanded 7265 clamped 4096
[kinematics-ws] K clamp binds: eid 1001 demanded 30180 clamped 4096
[kinematics-ws] K clamp binds: eid 1002 demanded 14790 clamped 4096
[kinematics-ws] K clamp binds: eid 1003 demanded 7260 clamped 4096
[kinematics-ws] K clamp binds: eid 1002 demanded 14781 clamped 4096
[kinematics-ws] K clamp binds: eid 1001 demanded 30180 clamped 4096
[kinematics-ws] K clamp binds: eid 1003 demanded 7246 clamped 4096
[kinematics-ws] K clamp binds: eid 1002 demanded 14769 clamped 4096
[kinematics-ws] K clamp binds: eid 1003 demanded 7233 clamped 4096
[kinematics-ws] K clamp binds: eid 1001 demanded 30180 clamped 4096
[kinematics-ws] K clamp binds: eid 1003 demanded 7232 clamped 4096
[kinematics-ws] K clamp binds: eid 1002 demanded 14770 clamped 4096
[kinematics-ws] K clamp binds: eid 1001 demanded 30181 clamped 4096
[kinematics-ws] K clamp binds: eid 1001 demanded 30182 clamped 4096
[kinematics-ws] K clamp binds: eid 1003 demanded 7243 clamped 4096
[kinematics-ws] K clamp binds: eid 1002 demanded 14782 clamped 4096
[kinematics-ws] K clamp binds: eid 1003 demanded 7259 clamped 4096
[kinematics-ws] K clamp binds: eid 1001 demanded 30181 clamped 4096
[kinematics-ws] K clamp binds: eid 1002 demanded 14791 clamped 4096
[kinematics-ws] K clamp binds: eid 1003 demanded 7265 clamped 4096
[kinematics-ws] K clamp binds: eid 1001 demanded 30177 clamped 4096
[kinematics-ws] K clamp binds: eid 1002 demanded 14787 clamped 4096
[kinematics-ws] K clamp binds: eid 1003 demanded 7256 clamped 4096
[kinematics-ws] K clamp binds: eid 1001 demanded 30169 clamped 4096
[kinematics-ws] K clamp binds: eid 1002 demanded 14776 clamped 4096
[kinematics-ws] K clamp binds: eid 1001 demanded 30155 clamped 4096
[kinematics-ws] K clamp binds: eid 1003 demanded 7239 clamped 4096
[kinematics-ws] K clamp binds: eid 1002 demanded 14769 clamped 4096
[kinematics-ws] K clamp binds: eid 1001 demanded 30137 clamped 4096
[kinematics-ws] K clamp binds: eid 1002 demanded 14774 clamped 4096
[kinematics-ws] K clamp binds: eid 1003 demanded 7230 clamped 4096
[kinematics-ws] K clamp binds: eid 1001 demanded 30122 clamped 4096
[kinematics-ws] K clamp binds: eid 1002 demanded 14785 clamped 4096
[kinematics-ws] K clamp binds: eid 1003 demanded 7238 clamped 4096
[kinematics-ws] K clamp binds: eid 1001 demanded 30115 clamped 4096
[kinematics-ws] K clamp binds: eid 1003 demanded 7255 clamped 4096
[kinematics-ws] K clamp binds: eid 1002 demanded 14793 clamped 4096
[kinematics-ws] K clamp binds: eid 1001 demanded 30124 clamped 4096
[kinematics-ws] K clamp binds: eid 1002 demanded 14792 clamped 4096
[kinematics-ws] K clamp binds: eid 1003 demanded 7265 clamped 4096
[kinematics-ws] K clamp binds: eid 1002 demanded 14784 clamped 4096
[kinematics-ws] K clamp binds: eid 1003 demanded 7256 clamped 4096
[kinematics-ws] K clamp binds: eid 1001 demanded 30149 clamped 4096
[kinematics-ws] K clamp binds: eid 1003 demanded 7238 clamped 4096
[kinematics-ws] K clamp binds: eid 1002 demanded 14776 clamped 4096
[kinematics-ws] K clamp binds: eid 1001 demanded 30174 clamped 4096
[kinematics-ws] K clamp binds: eid 1001 demanded 30180 clamped 4096
[kinematics-ws] K clamp binds: eid 1002 demanded 14772 clamped 4096
[kinematics-ws] K clamp binds: eid 1003 demanded 7230 clamped 4096
[kinematics-ws] K clamp binds: eid 1003 demanded 7241 clamped 4096
[kinematics-ws] K clamp binds: eid 1002 demanded 14774 clamped 4096
[kinematics-ws] K clamp binds: eid 1001 demanded 30157 clamped 4096
[kinematics-ws] K clamp binds: eid 1002 demanded 14781 clamped 4096
[kinematics-ws] K clamp binds: eid 1003 demanded 7259 clamped 4096
[kinematics-ws] K clamp binds: eid 1001 demanded 30123 clamped 4096
[kinematics-ws] K clamp binds: eid 1001 demanded 30116 clamped 4096
[kinematics-ws] K clamp binds: eid 1002 demanded 14789 clamped 4096
[kinematics-ws] K clamp binds: eid 1003 demanded 7263 clamped 4096
[kinematics-ws] K clamp binds: eid 1002 demanded 14794 clamped 4096
[kinematics-ws] K clamp binds: eid 1001 demanded 30148 clamped 4096
[kinematics-ws] K clamp binds: eid 1003 demanded 7247 clamped 4096
[kinematics-ws] K clamp binds: eid 1001 demanded 30179 clamped 4096
[kinematics-ws] K clamp binds: eid 1003 demanded 7231 clamped 4096
[kinematics-ws] K clamp binds: eid 1002 demanded 14795 clamped 4096
[kinematics-ws] K clamp binds: eid 1002 demanded 14793 clamped 4096
[kinematics-ws] K clamp binds: eid 1003 demanded 7235 clamped 4096
[kinematics-ws] K clamp binds: eid 1001 demanded 30161 clamped 4096
[kinematics-ws] K clamp binds: eid 1001 demanded 30118 clamped 4096
[kinematics-ws] K clamp binds: eid 1003 demanded 7254 clamped 4096
[kinematics-ws] K clamp binds: eid 1002 demanded 14788 clamped 4096
[kinematics-ws] K clamp binds: eid 1001 demanded 30125 clamped 4096
[kinematics-ws] K clamp binds: eid 1003 demanded 7264 clamped 4096
[kinematics-ws] K clamp binds: eid 1002 demanded 14783 clamped 4096
[kinematics-ws] K clamp binds: eid 1002 demanded 14778 clamped [kinematics-ws] K clamp binds: eid 4096
1001 demanded 30172 clamped 4096
[kinematics-ws] K clamp binds: eid 1003 demanded 7250 clamped 4096
[kinematics-ws] K clamp binds: eid 1001 demanded 30164 clamped 4096
[kinematics-ws] K clamp binds: eid 1002 demanded 14775 clamped 4096
[kinematics-ws] K clamp binds: eid 1003 demanded 7232 clamped 4096
[kinematics-ws] K clamp binds: eid 1002 demanded 14775 clamped 4096
[kinematics-ws] K clamp binds: eid 1003 demanded 7234 clamped 4096
[kinematics-ws] K clamp binds: eid 1001 demanded 30115 clamped 4096
[kinematics-ws] K clamp binds: eid 1001 demanded 30136 clamped 4096
[kinematics-ws] K clamp binds: eid 1003 demanded 7255 clamped 4096
[kinematics-ws] K clamp binds: eid 1002 demanded 14775 clamped 4096
[kinematics-ws] K clamp binds: eid 1002 demanded 14778 clamped 4096
[kinematics-ws] K clamp binds: eid 1003 demanded 7263 clamped 4096
[kinematics-ws] K clamp binds: eid 1001 demanded 30178 clamped 4096
[kinematics-ws] K clamp binds: eid 1001 demanded 30133 clamped 4096
[kinematics-ws] K clamp binds: eid 1002 demanded 14780 clamped 4096
[kinematics-ws] K clamp binds: eid 1003 demanded 7247 clamped 4096
[kinematics-ws] K clamp binds: eid 1002 demanded 14783 clamped 4096
[kinematics-ws] K clamp binds: eid 1001 demanded 30120 clamped 4096
[kinematics-ws] K clamp binds: eid 1003 demanded 7230 clamped 4096
[kinematics-ws] K clamp binds: eid 1001 demanded 30175 clamped 4096
[kinematics-ws] K clamp binds: eid 1003 demanded 7239 clamped 4096
[kinematics-ws] K clamp binds: eid 1002 demanded 14786 clamped 4096
[kinematics-ws] K clamp binds: eid 1001 demanded 30137 clamped 4096
[kinematics-ws] K clamp binds: eid 1003 demanded 7260 clamped 4096
[kinematics-ws] K clamp binds: eid 1002 demanded 14788 clamped 4096
[kinematics-ws] K clamp binds: eid 1001 demanded 30120 clamped 4096
[kinematics-ws] K clamp binds: eid 1003 demanded 7259 clamped 4096
[kinematics-ws] K clamp binds: eid 1002 demanded 14790 clamped 4096
[kinematics-ws] K clamp binds: eid 1001 demanded 30177 clamped 4096
[kinematics-ws] K clamp binds: eid 1002 demanded 14792 clamped 4096
[kinematics-ws] K clamp binds: eid 1003 demanded 7237 clamped 4096
[kinematics-ws] K clamp binds: eid 1001 demanded 30123 clamped 4096
[kinematics-ws] K clamp binds: eid 1003 demanded 7230 clamped 4096
[kinematics-ws] K clamp binds: eid 1002 demanded 14793 clamped 4096
[kinematics-ws] K clamp binds: eid 1001 demanded 30140 clamped 4096
[kinematics-ws] K clamp binds: eid 1003 demanded 7251 clamped 4096
[kinematics-ws] K clamp binds: eid 1002 demanded 14794 clamped 4096
[kinematics-ws] K clamp binds: eid 1002 demanded 14794 clamped 4096
[kinematics-ws] K clamp binds: eid 1003 demanded 7263 clamped 4096
[kinematics-ws] K clamp binds: eid 1001 demanded 30167 clamped 4096
[kinematics-ws] K clamp binds: eid 1002 demanded 14794 clamped 4096
[kinematics-ws] K clamp binds: eid 1003 demanded 7246 clamped 4096
[kinematics-ws] K clamp binds: eid 1001 demanded 30110 clamped 4096
[kinematics-ws] K clamp binds: eid 1001 demanded 30173 clamped 4096
[kinematics-ws] K clamp binds: eid 1002 demanded 14794 clamped 4096
[kinematics-ws] K clamp binds: eid 1003 demanded 7229 clamped 4096
[kinematics-ws] K clamp binds: eid 1002 demanded 14794 clamped 4096
[kinematics-ws] K clamp binds: eid 1001 demanded 30123 clamped 4096
[kinematics-ws] K clamp binds: eid 1003 demanded 7243 clamped 4096
[kinematics-ws] K clamp binds: eid 1001 demanded 30150 clamped 4096
[kinematics-ws] K clamp binds: eid 1003 demanded 7263 clamped 4096
[kinematics-ws] K clamp binds: eid 1002 demanded 14793 clamped 4096
[kinematics-ws] K clamp binds: eid 1001 demanded 30148 clamped 4096
[kinematics-ws] K clamp binds: eid 1002 demanded 14791 clamped 4096
[kinematics-ws] K clamp binds: eid 1003 demanded 7251 clamped 4096
[kinematics-ws] K clamp binds: eid 1002 demanded 14789 clamped 4096
[kinematics-ws] K clamp binds: eid 1003 demanded 7229 clamped 4096
[kinematics-ws] K clamp binds: eid 1001 demanded 30128 clamped 4096
[kinematics-ws] K clamp binds: eid 1001 demanded 30164 clamped 4096
[kinematics-ws] K clamp binds: eid 1003 demanded 7239 clamped 4096
[kinematics-ws] K clamp binds: eid 1002 demanded 14787 clamped 4096
[kinematics-ws] K clamp binds: eid 1001 demanded 30118 clamped 4096
[kinematics-ws] K clamp binds: eid 1002 demanded 14784 clamped 4096
[kinematics-ws] K clamp binds: eid 1003 demanded 7262 clamped 4096
[kinematics-ws] K clamp binds: eid 1003 demanded 7252 clamped 4096
[kinematics-ws] K clamp binds: eid 1002 demanded 14782 clamped 4096
[kinematics-ws] K clamp binds: eid 1001 demanded 30170 clamped 4096
[kinematics-ws] K clamp binds: eid 1003 demanded 7229 clamped 4096
[kinematics-ws] K clamp binds: eid 1002 demanded 14779 clamped 4096
[kinematics-ws] K clamp binds: eid 1001 demanded 30116 clamped 4096
[kinematics-ws] K clamp binds: eid 1001 demanded 30171 clamped 4096
[kinematics-ws] K clamp binds: eid [kinematics-ws] K clamp binds: eid1002  demanded 14777 clamped 40961003 
demanded 7239 clamped 4096
[kinematics-ws] K clamp binds: eid 1001 demanded 30118 clamped 4096
[kinematics-ws] K clamp binds: eid 1002 demanded 14777 clamped 4096
[kinematics-ws] K clamp binds: eid 1003 demanded 7262 clamped 4096
[kinematics-ws] K clamp binds: eid 1001 demanded 30166 clamped 4096
[kinematics-ws] K clamp binds: eid 1002 demanded 14778 clamped 4096
[kinematics-ws] K clamp binds: eid 1003 demanded 7250 clamped 4096
[kinematics-ws] K clamp binds: eid 1001 demanded 30129 clamped 4096
[kinematics-ws] K clamp binds: eid 1002 demanded 14781 clamped 4096
[kinematics-ws] K clamp binds: eid 1003 demanded 7228 clamped 4096
[kinematics-ws] K clamp binds: eid 1003 demanded 7243 clamped 4096
[kinematics-ws] K clamp binds: eid 1002 demanded 14785 clamped 4096
[kinematics-ws] K clamp binds: eid 1001 demanded 30151 clamped 4096
[kinematics-ws] K clamp binds: eid [kinematics-ws] K clamp binds: eid 10011002 demanded  demanded 30151 clamped14791 clamped  40964096

[kinematics-ws] K clamp binds: eid 1003 demanded 7263 clamped 4096
[kinematics-ws] K clamp binds: eid 1001 demanded 30126 clamped 4096
[kinematics-ws] K clamp binds: eid 1003 demanded 7244 clamped 4096
[kinematics-ws] K clamp binds: eid 1002 demanded 14796 clamped 4096
[kinematics-ws] K clamp binds: eid[kinematics-ws] K clamp binds: eid  [kinematics-ws] K clamp binds: eid 10021003  1001 demandeddemanded  demanded 7228 1480030176clamped clamped   4096clamped 40964096


[kinematics-ws] K clamp binds: eid 1001 demanded 30113 clamped 4096
[kinematics-ws] K clamp binds: eid 1003 demanded 7250 clamped 4096
[kinematics-ws] K clamp binds: eid 1002 demanded 14800 clamped 4096
[kinematics-ws] K clamp binds: eid 1001 demanded 30172 clamped 4096
[kinematics-ws] K clamp binds: eid 1002 demanded 14796 clamped 4096
[kinematics-ws] K clamp binds: eid 1003 demanded 7261 clamped 4096
[kinematics-ws] K clamp binds: eid 1003 demanded 7235 clamped 4096
[kinematics-ws] K clamp binds: eid 1001 demanded 30142 clamped 4096
[kinematics-ws] K clamp binds: eid 1002 demanded 14788 clamped 4096
[kinematics-ws] K clamp binds: eid 1002 demanded 14781 clamped 4096
[kinematics-ws] K clamp binds: eid 1001 demanded 30128 clamped 4096
[kinematics-ws] K clamp binds: eid 1003 demanded 7232 clamped 4096
[kinematics-ws] K clamp binds: eid 1002 demanded 14776 clamped 4096
[kinematics-ws] K clamp binds: eid 1001 demanded 30182 clamped 4096
[kinematics-ws] K clamp binds: eid 1003 demanded 7259 clamped 4096
[kinematics-ws] K clamp binds: eid 1002 demanded 14778 clamped 4096
[kinematics-ws] K clamp binds: eid 1003 demanded 7253 clamped 4096
[kinematics-ws] K clamp binds: eid 1001 demanded 30125 clamped 4096
[kinematics-ws] K clamp binds: eid 1003 demanded 7228 clamped 4096
[kinematics-ws] K clamp binds: eid 1001 demanded 30145 clamped 4096
[kinematics-ws] K clamp binds: eid 1002 demanded 14786 clamped 4096
[kinematics-ws] K clamp binds: eid 1001 demanded 30181 clamped 4096
[kinematics-ws] K clamp binds: eid 1003 demanded 7244 clamped 4096
[kinematics-ws] K clamp binds: eid 1002 demanded 14795 clamped 4096
[kinematics-ws] K clamp binds: eid 1001 demanded 30124 clamped 4096
[kinematics-ws] K clamp binds: eid 1003 demanded 7262 clamped 4096
[kinematics-ws] K clamp binds: eid 1002 demanded 14800 clamped 4096
[kinematics-ws] K clamp binds: eid 1002 demanded 14797 clamped 4096
[kinematics-ws] K clamp binds: eid 1001 demanded 30142 clamped 4096
[kinematics-ws] K clamp binds: eid 1003 demanded 7237 clamped 4096
[kinematics-ws] K clamp binds: eid 1002 demanded 14787 clamped 4096
[kinematics-ws] K clamp binds: eid [kinematics-ws] K clamp binds: eid1003  demanded 7231 clamped1001 demanded 30186  clamped 40964096

[kinematics-ws] K clamp binds: eid 1002 demanded 14777 clamped 4096
[kinematics-ws] K clamp binds: eid 1001 demanded 30141 clamped 4096
[kinematics-ws] K clamp binds: eid 1003 demanded 7259 clamped 4096
[kinematics-ws] K clamp binds: eid 1003 demanded 7250 clamped 4096
[kinematics-ws] K clamp binds: eid 1002 demanded 14777 clamped 4096
[kinematics-ws] K clamp binds: eid 1001 demanded 30125 clamped 4096
[kinematics-ws] K clamp binds: eid 1002 demanded 14786 clamped 4096
[kinematics-ws] K clamp binds: eid 1001 demanded 30177 clamped 4096
[kinematics-ws] K clamp binds: eid 1003 demanded 7227 clamped 4096
[kinematics-ws] K clamp binds: eid 1003 demanded 7249 clamped 4096
[kinematics-ws] K clamp binds: eid 1001 demanded 30178 clamped 4096
[kinematics-ws] K clamp binds: eid 1002 demanded 14797 clamped 4096
[kinematics-ws] K clamp binds: eid 1003 demanded 7259 clamped 4096
[kinematics-ws] K clamp binds: eid 1002 demanded 14799 clamped 4096
[kinematics-ws] K clamp binds: eid 1001 demanded 30130 clamped 4096
[kinematics-ws] K clamp binds: eid 1001 demanded 30132 clamped 4096
[kinematics-ws] K clamp binds: eid 1003 demanded 7230 clamped 4096
[kinematics-ws] K clamp binds: eid 1002 demanded 14788 clamped 4096
[kinematics-ws] K clamp binds: eid 1001 demanded 30179 clamped 4096
[kinematics-ws] K clamp binds: eid 1002 demanded 14777 clamped 4096
[kinematics-ws] K clamp binds: eid 1003 demanded 7239 clamped 4096
[kinematics-ws] K clamp binds: eid 1002 demanded 14777 clamped 4096
[kinematics-ws] K clamp binds: eid 1001 demanded 30187 clamped 4096
[kinematics-ws] K clamp binds: eid 1003 demanded 7262 clamped 4096
[kinematics-ws] K clamp binds: eid 1002 demanded 14790 clamped 4096
[kinematics-ws] K clamp binds: eid 1003 demanded 7237 clamped 4096
[kinematics-ws] K clamp binds: eid 1001 demanded 30148 clamped 4096
[kinematics-ws] K clamp binds: eid 1003 demanded 7231 clamped 4096
[kinematics-ws] K clamp binds: eid 1002 demanded 14799 clamped 4096
[kinematics-ws] K clamp binds: eid 1001 demanded 30125 clamped 4096
[kinematics-ws] K clamp binds: eid 1003 demanded 7260 clamped 4096
[kinematics-ws] K clamp binds: eid 1002 demanded 14791 clamped 4096
[kinematics-ws] K clamp binds: eid 1001 demanded 30147 clamped 4096
[kinematics-ws] K clamp binds: eid 1002 demanded 14777 clamped 4096
[kinematics-ws] K clamp binds: eid 1001 demanded 30184 clamped 4096
[kinematics-ws] K clamp binds: eid 1003 demanded 7244 clamped 4096
[kinematics-ws] K clamp binds: eid 1001 demanded 30193 clamped 4096
[kinematics-ws] K clamp binds: eid 1002 demanded 14777 clamped 4096
[kinematics-ws] K clamp binds: eid 1003 demanded 7228 clamped 4096
[kinematics-ws] K clamp binds: eid 1001 demanded 30169 clamped 4096
[kinematics-ws] K clamp binds: eid 1003 demanded 7257 clamped 4096
[kinematics-ws] K clamp binds: eid 1002 demanded 14791 clamped 4096
[kinematics-ws] K clamp binds: eid 1003 demanded 7249 clamped 4096
[kinematics-ws] K clamp binds: eid 1002 demanded 14798 clamped 4096
[kinematics-ws] K clamp binds: eid 1001 demanded 30140 clamped 4096
[kinematics-ws] K clamp binds: eid 1002 demanded 14786 clamped 4096
[kinematics-ws] K clamp binds: eid 1001 demanded 30128 clamped 4096
[kinematics-ws] K clamp binds: eid 1003 demanded 7226 clamped 4096
[kinematics-ws] K clamp binds: eid 1002 demanded 14774 clamped 4096
[kinematics-ws] K clamp binds: eid 1003 demanded 7254 clamped 4096
[kinematics-ws] K clamp binds: eid 1001 demanded 30141 clamped 4096
[kinematics-ws] K clamp binds: eid 1001 demanded 30165 clamped 4096
[kinematics-ws] K clamp binds: eid 1002 demanded 14784 clamped 4096
[kinematics-ws] K clamp binds: eid 1003 demanded 7252 clamped 4096
[kinematics-ws] K clamp binds: eid[kinematics-ws] K clamp binds: eid  1002 demanded 14797 clamped 4096
1003 demanded 7226 clamped 4096
[kinematics-ws] K clamp binds: eid 1001 demanded 30187 clamped 4096
[kinematics-ws] K clamp binds: eid 1003 demanded 7252 clamped 4096
[kinematics-ws] K clamp binds: eid 1002 demanded 14790 clamped 4096
[kinematics-ws] K clamp binds: eid 1001 demanded 30198 clamped 4096
[kinematics-ws] K clamp binds: eid 1002 demanded 14774 clamped 4096
[kinematics-ws] K clamp binds: eid 1001 demanded 30196 clamped 4096
[kinematics-ws] K clamp binds: eid 1003 demanded 7253 clamped 4096
[kinematics-ws] K clamp binds: eid 1002 demanded 14782 clamped 4096
[kinematics-ws] K clamp binds: eid 1001 demanded 30186 clamped 4096
[kinematics-ws] K clamp binds: eid 1003 demanded 7226 clamped 4096
[kinematics-ws] K clamp binds: eid 1002 demanded 14797 clamped 4096
[kinematics-ws] K clamp binds: eid 1003 demanded 7252 clamped 4096
[kinematics-ws] K clamp binds: eid 1001 demanded 30172 clamped 4096
[kinematics-ws] K clamp binds: eid 1003 demanded 7253 clamped 4096
[kinematics-ws] K clamp binds: eid 1002 demanded 14788 clamped 4096
[kinematics-ws] K clamp binds: eid 1001 demanded 30159 clamped 4096
[kinematics-ws] K clamp binds: eid 1003 demanded 7226 clamped 4096
[kinematics-ws] K clamp binds: eid 1002 demanded 14773 clamped 4096
[kinematics-ws] K clamp binds: eid 1001 demanded 30149 clamped 4096
[kinematics-ws] K clamp binds: eid 1001 demanded 30142 clamped 4096
[kinematics-ws] K clamp binds: eid 1002 demanded 14785 clamped 4096
[kinematics-ws] K clamp binds: eid 1003 demanded 7253 clamped 4096
[kinematics-ws] K clamp binds: eid 1001 demanded 30138 clamped 4096
[kinematics-ws] K clamp binds: eid 1002 demanded 14797 clamped 4096
[kinematics-ws] K clamp binds: eid 1003 demanded 7251 clamped 4096
[kinematics-ws] K clamp binds: eid 1001 demanded 30136 clamped 4096
[kinematics-ws] K clamp binds: eid 1002 demanded 14781 clamped 4096
[kinematics-ws] K clamp binds: eid 1003 demanded 7226 clamped 4096
[kinematics-ws] K clamp binds: eid 1001 demanded 30135 clamped 4096
[kinematics-ws] K clamp binds: eid 1003 demanded 7256 clamped 4096
[kinematics-ws] K clamp binds: eid 1002 demanded 14775 clamped 4096
[kinematics-ws] K clamp binds: eid 1002 demanded 14793 clamped 4096
[kinematics-ws] K clamp binds: eid 1001 demanded 30135 clamped 4096
[kinematics-ws] K clamp binds: eid 1003 demanded 7247 clamped 4096
[kinematics-ws] K clamp binds: eid 1001 demanded 30135 clamped 4096
[kinematics-ws] K clamp binds: eid 1003 demanded 7227 clamped 4096
[kinematics-ws] K clamp binds: eid 1002 demanded 14790 clamped 4096
[kinematics-ws] K clamp binds: eid 1003 demanded 7259 clamped 4096
[kinematics-ws] K clamp binds: eid 1001 demanded 30136 clamped 4096
[kinematics-ws] K clamp binds: eid 1002 demanded 14773 clamped 4096
[kinematics-ws] K clamp binds: eid 1003 demanded 7241 clamped 4096
[kinematics-ws] K clamp binds: eid 1002 demanded 14786 clamped 4096
[kinematics-ws] K clamp binds: eid 1001 demanded 30139 clamped 4096
[kinematics-ws] K clamp binds: eid 1003 demanded 7231 clamped 4096
[kinematics-ws] K clamp binds: eid 1001 demanded 30144 clamped 4096
[kinematics-ws] K clamp binds: eid 1002 demanded 14794 clamped 4096
[kinematics-ws] K clamp binds: eid 1001 demanded 30152 clamped 4096
[kinematics-ws] K clamp binds: eid 1003 demanded 7261 clamped 4096
[kinematics-ws] K clamp binds: eid 1002 demanded 14775 clamped 4096
[kinematics-ws] K clamp binds: eid 1003 demanded 7234 clamped 4096
[kinematics-ws] K clamp binds: eid 1002 demanded 14781 clamped 4096
[kinematics-ws] K clamp binds: eid 1001 demanded 30163 clamped 4096
[kinematics-ws] K clamp binds: eid 1001 demanded 30177 clamped 4096
[kinematics-ws] K clamp binds: eid 1002 demanded 14795 clamped 4096
[kinematics-ws] K clamp binds: eid 1003 demanded 7238 clamped 4096
[kinematics-ws] K clamp binds: eid 1002 demanded 14777 clamped 4096
[kinematics-ws] K clamp binds: eid 1001 demanded 30192 clamped 4096
[kinematics-ws] K clamp binds: eid 1003 demanded 7259 clamped 4096
[kinematics-ws] K clamp binds: eid 1001 demanded 30202 clamped 4096
[kinematics-ws] K clamp binds: eid 1002 demanded 14779 clamped 4096
[kinematics-ws] K clamp binds: eid 1003 demanded 7227 clamped 4096
[kinematics-ws] K clamp binds: eid 1001 demanded 30202 clamped 4096
[kinematics-ws] K clamp binds: eid 1003 demanded 7248 clamped 4096
[kinematics-ws] K clamp binds: eid 1002 demanded 14795 clamped 4096
[kinematics-ws] K clamp binds: eid 1003 demanded 7253 clamped 4096
[kinematics-ws] K clamp binds: eid 1002 demanded 14776 clamped 4096
[kinematics-ws] K clamp binds: eid 1001 demanded 30190 clamped 4096
[kinematics-ws] K clamp binds: eid 1003 demanded 7226 clamped 4096
[kinematics-ws] K clamp binds: eid 1001 demanded 30167 clamped 4096
[kinematics-ws] K clamp binds: eid 1002 demanded 14780 clamped 4096
[kinematics-ws] K clamp binds: eid 1001 demanded 30143 clamped 4096
[kinematics-ws] K clamp binds: eid 1002 demanded 14794 clamped 4096
[kinematics-ws] K clamp binds: eid 1003 demanded 7257 clamped 4096
[kinematics-ws] K clamp binds: eid 1001 demanded 30133 clamped 4096
[kinematics-ws] K clamp binds: eid 1002 demanded 14774 clamped 4096
[kinematics-ws] K clamp binds: eid 1003 demanded 7240 clamped 4096
[kinematics-ws] K clamp binds: eid 1001 demanded 30147 clamped 4096
[kinematics-ws] K clamp binds: eid 1002 demanded 14784 clamped 4096
[kinematics-ws] K clamp binds: eid 1003 demanded 7232 clamped 4096
[kinematics-ws] K clamp binds: eid 1001 demanded 30178 clamped 4096
[kinematics-ws] K clamp binds: eid 1002 demanded 14792 clamped 4096
[kinematics-ws] K clamp binds: eid 1003 demanded 7260 clamped 4096
[kinematics-ws] K clamp binds: eid 1001 demanded 30202 clamped 4096
[kinematics-ws] K clamp binds: eid 1003 demanded 7229 clamped 4096
[kinematics-ws] K clamp binds: eid 1002 demanded 14772 clamped 4096
[kinematics-ws] K clamp binds: eid 1002 demanded 14790 clamped 4096
[kinematics-ws] K clamp binds: eid 1001 demanded 30192 clamped 4096
[kinematics-ws] K clamp binds: eid 1003 demanded 7246 clamped 4096
[kinematics-ws] K clamp binds: eid 1002 demanded 14784 clamped 4096
[kinematics-ws] K clamp binds: eid 1003 demanded 7252 clamped 4096
[kinematics-ws] K clamp binds: eid 1001 demanded 30155 clamped 4096
[kinematics-ws] K clamp binds: eid 1003 demanded 7226 clamped 4096
[kinematics-ws] K clamp binds: eid 1002 demanded 14774 clamped 4096
[kinematics-ws] K clamp binds: eid 1001 demanded 30132 clamped 4096
[kinematics-ws] K clamp binds: eid 1003 demanded 7259 clamped 4096
[kinematics-ws] K clamp binds: eid 1002 demanded 14794 clamped 4096
[kinematics-ws] K clamp binds: eid 1001 demanded 30155 clamped 4096
[kinematics-ws] K clamp binds: eid 1003 demanded 7235 clamped 4096
[kinematics-ws] K clamp binds: eid 1001 demanded 30195 clamped 4096
[kinematics-ws] K clamp binds: eid 1002 demanded 14774 clamped 4096
[kinematics-ws] K clamp binds: eid 1003 demanded 7238 clamped 4096
[kinematics-ws] K clamp binds: eid 1002 demanded 14784 clamped 4096
[kinematics-ws] K clamp binds: eid 1001 demanded 30192 clamped 4096
[kinematics-ws] K clamp binds: eid 1002 demanded 14788 clamped 4096
[kinematics-ws] K clamp binds: eid 1003 demanded 7257 clamped 4096
[kinematics-ws] K clamp binds: eid 1001 demanded 30147 clamped 4096
[kinematics-ws] K clamp binds: eid 1003 demanded 7225 clamped 4096
[kinematics-ws] K clamp binds: eid 1002 demanded 14772 clamped 4096
[kinematics-ws] K clamp binds: eid 1001 demanded 30135 clamped 4096
[kinematics-ws] K clamp binds: eid 1001 demanded 30181 clamped 4096
[kinematics-ws] K clamp binds: eid 1002 demanded 14794 clamped 4096
[kinematics-ws] K clamp binds: eid 1003 demanded 7256 clamped 4096
[kinematics-ws] K clamp binds: eid 1003 demanded 7239 clamped 4096
[kinematics-ws] K clamp binds: eid 1002 demanded 14774 clamped 4096
[kinematics-ws] K clamp binds: eid 1001 demanded 30196 clamped 4096
[kinematics-ws] K clamp binds: eid 1001 demanded 30147 clamped 4096
[kinematics-ws] K clamp binds: eid 1002 demanded 14786 clamped 4096
[kinematics-ws] K clamp binds: eid 1003 demanded 7235 clamped 4096
[kinematics-ws] K clamp binds: eid 1003 demanded 7258 clamped 4096
[kinematics-ws] K clamp binds: eid 1001 demanded 30138 clamped 4096
[kinematics-ws] K clamp binds: eid 1002 demanded 14785 clamped 4096
[kinematics-ws] K clamp binds: eid 1003 demanded 7225 clamped 4096
[kinematics-ws] K clamp binds: eid 1002 demanded 14776 clamped 4096
[kinematics-ws] K clamp binds: eid 1001 demanded 30192 clamped 4096
[kinematics-ws] K clamp binds: eid 1002 demanded 14793 clamped 4096
[kinematics-ws] K clamp binds: eid 1003 demanded 7256 clamped 4096
[kinematics-ws] K clamp binds: eid 1001 demanded 30179 clamped 4096
[kinematics-ws] K clamp binds: eid 1001 demanded 30130 clamped 4096
[kinematics-ws] K clamp binds: eid 1003 demanded 7238 clamped 4096
[kinematics-ws] K clamp binds: eid 1002 demanded 14771 clamped 4096
[kinematics-ws] K clamp binds: eid 1001 demanded 30174 clamped 4096
[kinematics-ws] K clamp binds: eid 1003 demanded 7237 clamped 4096
[kinematics-ws] K clamp binds: eid 1002 demanded 14794 clamped 4096
[kinematics-ws] K clamp binds: eid 1002 demanded 14774 clamped 4096
[kinematics-ws] K clamp binds: eid 1003 demanded 7256 clamped 4096
[kinematics-ws] K clamp binds: eid 1001 demanded 30190 clamped 4096
[kinematics-ws] K clamp binds: eid 1001 demanded 30131 clamped 4096
[kinematics-ws] K clamp binds: eid 1002 demanded 14788 clamped 4096
[kinematics-ws] K clamp binds: eid 1003 demanded 7225 clamped 4096
[kinematics-ws] K clamp binds: eid 1003 demanded 7259 clamped 4096
[kinematics-ws] K clamp binds: eid 1001 demanded 30169 clamped 4096
[kinematics-ws] K clamp binds: eid 1002 demanded 14781 clamped 4096
[kinematics-ws] K clamp binds: eid 1003 demanded 7232 clamped 4096
[kinematics-ws] K clamp binds: eid 1002 demanded 14782 clamped 4096
[kinematics-ws] K clamp binds: eid 1001 demanded 30189 clamped 4096
[kinematics-ws] K clamp binds: eid 1002 demanded 14787 clamped 4096
[kinematics-ws] K clamp binds: eid 1001 demanded 30129 clamped 4096
[kinematics-ws] K clamp binds: eid 1003 demanded 7244 clamped 4096
[kinematics-ws] K clamp binds: eid 1002 demanded 14776 clamped 4096
[kinematics-ws] K clamp binds: eid 1003 demanded 7250 clamped 4096
[kinematics-ws] K clamp binds: eid 1001 demanded 30182 clamped 4096
[kinematics-ws] K clamp binds: eid 1002 demanded 14792 clamped 4096
[kinematics-ws] K clamp binds: eid 1003 demanded 7229 clamped 4096
[kinematics-ws] K clamp binds: eid 1001 demanded 30171 clamped 4096
[kinematics-ws] K clamp binds: eid 1001 demanded 30134 clamped 4096
[kinematics-ws] K clamp binds: eid 1002 demanded 14773 clamped 4096
[kinematics-ws] K clamp binds: eid 1003 demanded 7260 clamped 4096
[kinematics-ws] K clamp binds: eid 1003 demanded 7226 clamped 4096
[kinematics-ws] K clamp binds: eid 1001 demanded 30198 clamped 4096
[kinematics-ws] K clamp binds: eid 1002 demanded 14794 clamped 4096
[kinematics-ws] K clamp binds: eid 1002 demanded 14772 clamped 4096
[kinematics-ws] K clamp binds: eid 1003 demanded 7255 clamped 4096
[kinematics-ws] K clamp binds: eid 1001 demanded 30137 clamped 4096
[kinematics-ws] K clamp binds: eid 1003 demanded 7237 clamped 4096
[kinematics-ws] K clamp binds: eid 1001 demanded 30172 clamped 4096
[kinematics-ws] K clamp binds: eid 1002 demanded 14795 clamped 4096
[kinematics-ws] K clamp binds: eid 1001 demanded 30172 clamped 4096
[kinematics-ws] K clamp binds: eid 1003 demanded 7241 clamped 4096
[kinematics-ws] K clamp binds: eid 1002 demanded 14771 clamped 4096
[kinematics-ws] K clamp binds: eid 1001 demanded 30139 clamped 4096
[kinematics-ws] K clamp binds: eid 1003 demanded 7252 clamped 4096
[kinematics-ws] K clamp binds: eid 1002 demanded 14795 clamped 4096
[kinematics-ws] K clamp binds: eid 1001 demanded 30193 clamped 4096
[kinematics-ws] K clamp binds: eid 1002 demanded 14769 clamped 4096
[kinematics-ws] K clamp binds: eid 1003 demanded 7228 clamped 4096
[kinematics-ws] K clamp binds: eid[kinematics-ws] K clamp binds: eid  1002 1001 demanded demanded 14798 30128 clamped clamped 40964096

[kinematics-ws] K clamp binds: eid 1003 demanded 7261 clamped 4096
[kinematics-ws] K clamp binds: eid 1001 demanded 30198 clamped 4096
[kinematics-ws] K clamp binds: eid 1003 demanded 7224 clamped 4096
[kinematics-ws] K clamp binds: eid 1002 demanded 14769 clamped 4096
[kinematics-ws] K clamp binds: eid 1003 demanded 7259 clamped 4096
[kinematics-ws] K clamp binds: eid 1002 demanded 14798 clamped 4096
[kinematics-ws] K clamp binds: eid 1001 demanded 30130 clamped 4096
[kinematics-ws] K clamp binds: eid 1003 demanded 7231 clamped 4096
[kinematics-ws] K clamp binds: eid 1002 demanded 14770 clamped 4096
[kinematics-ws] K clamp binds: eid 1001 demanded 30194 clamped 4096
[kinematics-ws] K clamp binds: eid 1003 demanded 7249 clamped 4096
[kinematics-ws] K clamp binds: eid 1001 demanded 30135 clamped 4096
[kinematics-ws] K clamp binds: eid 1002 demanded 14796 clamped 4096
[kinematics-ws] K clamp binds: eid [kinematics-ws] K clamp binds: eid 1002 demanded 100314773  clamped demanded 7243 clamped 40964096

[kinematics-ws] K clamp binds: eid 1001 demanded 30190 clamped 4096
[kinematics-ws] K clamp binds: eid[kinematics-ws] K clamp binds: eid  [kinematics-ws] K clamp binds: eid 1002 1003 demanded 7236 clamped demanded 147931001  demandedclamped  409630137 4096clamped 
4096

[kinematics-ws] K clamp binds: eid 1002 demanded 14778 clamped 4096
[kinematics-ws] K clamp binds: eid 1001 demanded 30191 clamped 4096
[kinematics-ws] K clamp binds: eid 1003 demanded 7255 clamped 4096
[kinematics-ws] K clamp binds: eid 1003 demanded 7227 clamped 4096
[kinematics-ws] K clamp binds: eid 1002 demanded 14787 clamped 4096
[kinematics-ws] K clamp binds: eid 1001 demanded 30134 clamped 4096
[kinematics-ws] K clamp binds: eid 1002 demanded 14786 clamped 4096
[kinematics-ws] K clamp binds: eid 1003 demanded 7261 clamped 4096
[kinematics-ws] K clamp binds: eid 1001 demanded 30196 clamped 4096
[kinematics-ws] K clamp binds: eid 1002 demanded 14779 clamped 4096
[kinematics-ws] K clamp binds: eid 1001 demanded 30130 clamped 4096
[kinematics-ws] K clamp binds: eid 1003 demanded 7224 clamped 4096
[kinematics-ws] K clamp binds: eid 1001 demanded 30200 clamped 4096
[kinematics-ws] K clamp binds: eid 1003 demanded 7261 clamped 4096
[kinematics-ws] K clamp binds: eid 1002 demanded 14795 clamped 4096
[kinematics-ws] K clamp binds: eid 1001 demanded 30132 clamped 4096
[kinematics-ws] K clamp binds: eid 1002 demanded 14772 clamped 4096
[kinematics-ws] K clamp binds: eid 1003 demanded 7227 clamped 4096
[kinematics-ws] K clamp binds: eid 1001 demanded 30191 clamped 4096
[kinematics-ws] K clamp binds: eid 1002 demanded 14800 clamped 4096
[kinematics-ws] K clamp binds: eid 1003 demanded 7256 clamped 4096
[kinematics-ws] K clamp binds: eid 1002 demanded 14772 clamped 4096
[kinematics-ws] K clamp binds: eid 1003 demanded 7234 clamped 4096
[kinematics-ws] K clamp binds: eid 1001 demanded 30152 clamped 4096
[kinematics-ws] K clamp binds: eid 1001 demanded 30162 clamped 4096
[kinematics-ws] K clamp binds: eid 1003 demanded 7248 clamped 4096
[kinematics-ws] K clamp binds: eid 1002 demanded 14796 clamped 4096
[kinematics-ws] K clamp binds: eid 1001 demanded 30188 clamped 4096
[kinematics-ws] K clamp binds: eid 1002 demanded 14781 clamped 4096
[kinematics-ws] K clamp binds: eid 1003 demanded 7242 clamped 4096
[kinematics-ws] K clamp binds: eid 1001 demanded 30133 clamped 4096
[kinematics-ws] K clamp binds: eid 1003 demanded 7240 clamped 4096
[kinematics-ws] K clamp binds: eid 1002 demanded 14783 clamped 4096
[kinematics-ws] K clamp binds: eid 1001 demanded 30201 clamped 4096
[kinematics-ws] K clamp binds: eid 1002 demanded 14796 clamped 4096
[kinematics-ws] K clamp binds: eid 1003 demanded 7249 clamped 4096
[kinematics-ws] K clamp binds: eid 1002 demanded 14772 clamped 4096
[kinematics-ws] K clamp binds: eid 1001 demanded 30150 clamped 4096
[kinematics-ws] K clamp binds: eid 1003 demanded 7234 clamped 4096
[kinematics-ws] K clamp binds: eid 1001 demanded 30159 clamped 4096
[kinematics-ws] K clamp binds: eid 1003 demanded 7255 clamped 4096
[kinematics-ws] K clamp binds: eid 1002 demanded 14800 clamped 4096
[kinematics-ws] K clamp binds: eid 1002 demanded 14778 clamped 4096
[kinematics-ws] K clamp binds: eid 1001 demanded 30200 clamped 4096
[kinematics-ws] K clamp binds: eid 1003 demanded 7229 clamped 4096
[kinematics-ws] K clamp binds: eid 1001 demanded 30136 clamped 4096
[kinematics-ws] K clamp binds: eid 1002 demanded 14787 clamped 4096
[kinematics-ws] K clamp binds: eid 1003 demanded 7259 clamped 4096
[kinematics-ws] K clamp binds: eid 1001 demanded 30177 clamped 4096
[kinematics-ws] K clamp binds: eid 1003 demanded 7226 clamped 4096
[kinematics-ws] K clamp binds: eid 1002 demanded 14796 clamped 4096
[kinematics-ws] K clamp binds: eid 1003 demanded 7261 clamped 4096
[kinematics-ws] K clamp binds: eid 1002 demanded 14773 clamped 4096
[kinematics-ws] K clamp binds: eid 1001 demanded 30195 clamped 4096
[kinematics-ws] K clamp binds: eid 1002 demanded 14800 clamped 4096
[kinematics-ws] K clamp binds: eid 1003 demanded 7225 clamped 4096
[kinematics-ws] K clamp binds: eid 1001 demanded 30136 clamped 4096
[kinematics-ws] K clamp binds: eid 1002 demanded 14784 clamped 4096
[kinematics-ws] K clamp binds: eid 1001 demanded 30178 clamped 4096
[kinematics-ws] K clamp binds: eid 1003 demanded 7262 clamped 4096
[kinematics-ws] K clamp binds: eid 1003 demanded 7224 clamped 4096
[kinematics-ws] K clamp binds: eid 1001 demanded 30201 clamped 4096
[kinematics-ws] K clamp binds: eid 1002 demanded 14780 clamped 4096
[kinematics-ws] K clamp binds: eid 1001 demanded 30143 clamped 4096
[kinematics-ws] K clamp binds: eid 1003 demanded 7262 clamped 4096
[kinematics-ws] K clamp binds: eid 1002 demanded 14802 clamped 4096
[kinematics-ws] K clamp binds: eid 1001 demanded 30162 clamped 4096
[kinematics-ws] K clamp binds: eid 1003 demanded 7225 clamped 4096
[kinematics-ws] K clamp binds: eid 1002 demanded 14777 clamped 4096
[kinematics-ws] K clamp binds: eid[kinematics-ws] K clamp binds: eid  1002 1001demanded  14789 clamped demanded 30209 clamped 40964096

[kinematics-ws] K clamp binds: eid 1003 demanded 7262 clamped 4096
[kinematics-ws] K clamp binds: eid 1002 demanded 14800 clamped 4096
[kinematics-ws] K clamp binds: eid 1001 demanded 30170 clamped 4096
[kinematics-ws] K clamp binds: eid 1003 demanded 7225 clamped 4096
[kinematics-ws] K clamp binds: eid 1001 demanded 30140 clamped 4096
[kinematics-ws] K clamp binds: eid 1003 demanded 7262 clamped 4096
[kinematics-ws] K clamp binds: eid 1002 demanded 14776 clamped 4096
[kinematics-ws] K clamp binds: eid 1001 demanded 30186 clamped 4096
[kinematics-ws] K clamp binds: eid 1003 demanded 7225 clamped 4096
[kinematics-ws] K clamp binds: eid 1002 demanded 14794 clamped 4096
[kinematics-ws] K clamp binds: eid 1003 demanded 7262 clamped 4096
[kinematics-ws] K clamp binds: eid 1001 demanded 30209 clamped 4096
[kinematics-ws] K clamp binds: eid 1002 demanded 14798 clamped 4096
[kinematics-ws] K clamp binds: eid 1001 demanded 30165 clamped 4096
[kinematics-ws] K clamp binds: eid 1003 demanded 7225 clamped 4096
[kinematics-ws] K clamp binds: eid 1002 demanded 14776 clamped 4096
[kinematics-ws] K clamp binds: eid 1003 demanded 7262 clamped 4096
[kinematics-ws] K clamp binds: eid 1002 demanded 14796 clamped 4096
[kinematics-ws] K clamp binds: eid 1001 demanded 30142 clamped 4096
[kinematics-ws] K clamp binds: eid 1003 demanded 7225 clamped 4096
[kinematics-ws] K clamp binds: eid 1002 demanded 14799 clamped 4096
[kinematics-ws] K clamp binds: eid 1001 demanded 30179 clamped 4096
[kinematics-ws] K clamp binds: eid 1001 demanded 30213 clamped 4096
[kinematics-ws] K clamp binds: eid 1002 demanded 14777 clamped 4096
[kinematics-ws] K clamp binds: eid 1003 demanded 7262 clamped 4096
[kinematics-ws] K clamp binds: eid 1002 demanded 14794 clamped 4096
[kinematics-ws] K clamp binds: eid 1003 demanded 7225 clamped 4096
[kinematics-ws] K clamp binds: eid 1001 demanded 30192 clamped 4096
[kinematics-ws] K clamp binds: eid 1001 demanded 30151 clamped 4096
[kinematics-ws] K clamp binds: eid 1003 demanded 7262 clamped 4096
[kinematics-ws] K clamp binds: eid 1002 demanded 14803 clamped 4096
[kinematics-ws] K clamp binds: eid 1001 demanded 30148 clamped 4096
[kinematics-ws] K clamp binds: eid 1003 demanded 7226 clamped 4096
[kinematics-ws] K clamp binds: eid 1002 demanded 14780 clamped 4096
[kinematics-ws] K clamp binds: eid 1001 demanded 30183 clamped 4096
[kinematics-ws] K clamp binds: eid 1003 demanded 7261 clamped 4096
[kinematics-ws] K clamp binds: eid 1002 demanded 14789 clamped 4096
[kinematics-ws] K clamp binds: eid 1001 demanded 30214 clamped 4096
[kinematics-ws] K clamp binds: eid 1002 demanded 14806 clamped 4096
[kinematics-ws] K clamp binds: eid 1003 demanded 7228 clamped 4096
[kinematics-ws] K clamp binds: eid 1003 demanded 7258 clamped 4096
[kinematics-ws] K clamp binds: eid 1001 demanded 30208 clamped 4096
[kinematics-ws] K clamp binds: eid 1002 demanded 14787 clamped 4096
[kinematics-ws] K clamp binds: eid 1002 demanded 14782 clamped 4096
[kinematics-ws] K clamp binds: eid 1003 demanded 7232 clamped 4096
[kinematics-ws] K clamp binds: eid 1001 demanded 30177 clamped 4096
[kinematics-ws] K clamp binds: eid 1001 demanded 30151 clamped 4096
[kinematics-ws] K clamp binds: eid 1003 demanded 7253 clamped 4096
[kinematics-ws] K clamp binds: eid 1002 demanded 14804 clamped 4096
[kinematics-ws] K clamp binds: eid 1001 demanded 30149 clamped 4096
[kinematics-ws] K clamp binds: eid[kinematics-ws] K clamp binds: eid  1003 1002demanded  7238demanded  clamped 14800 clamped 4096
4096
[kinematics-ws] K clamp binds: eid 1003 demanded 7246 clamped 4096
[kinematics-ws] K clamp binds: eid 1001 demanded 30170 clamped 4096
[kinematics-ws] K clamp binds: eid 1002 demanded 14780 clamped 4096
[kinematics-ws] K clamp binds: eid 1001 demanded 30198 clamped 4096
[kinematics-ws] K clamp binds: eid 1003 demanded 7246 clamped 4096
[kinematics-ws] K clamp binds: eid 1002 demanded 14792 clamped 4096
[kinematics-ws] K clamp binds: eid 1003 demanded 7238 clamped 4096
[kinematics-ws] K clamp binds: eid 1001 demanded 30216 clamped 4096
[kinematics-ws] K clamp binds: eid 1002 demanded 14808 clamped 4096
[kinematics-ws] K clamp binds: eid 1001 demanded 30219 clamped 4096
[kinematics-ws] K clamp binds: eid 1002 demanded 14793 clamped 4096
[kinematics-ws] K clamp binds: eid 1003 demanded 7255 clamped 4096
[kinematics-ws] K clamp binds: eid 1001 demanded 30207 clamped 4096
[kinematics-ws] K clamp binds: eid 1003 demanded 7230 clamped 4096
[kinematics-ws] K clamp binds: eid 1002 demanded 14781 clamped 4096
[kinematics-ws] K clamp binds: eid 1002 demanded 14798 clamped 4096
[kinematics-ws] K clamp binds: eid 1001 demanded 30189 clamped 4096
[kinematics-ws] K clamp binds: eid 1003 demanded 7261 clamped 4096
[kinematics-ws] K clamp binds: eid 1003 demanded 7226 clamped 4096
[kinematics-ws] K clamp binds: eid 1002 demanded 14809 clamped 4096
[kinematics-ws] K clamp binds: eid 1001 demanded 30171 clamped 4096
[kinematics-ws] K clamp binds: eid 1003 demanded 7263 clamped 4096
[kinematics-ws] K clamp binds: eid 1002 demanded 14793 clamped 4096
[kinematics-ws] K clamp binds: eid 1001 demanded 30158 clamped 4096
[kinematics-ws] K clamp binds: eid 1001 demanded 30151 clamped 4096
[kinematics-ws] K clamp binds: eid 1003 demanded 7228 clamped 4096
[kinematics-ws] K clamp binds: eid 1002 demanded 14782 clamped 4096
[kinematics-ws] K clamp binds: eid 1001 demanded 30150 clamped 4096
[kinematics-ws] K clamp binds: eid 1003 demanded 7258 clamped 4096
[kinematics-ws] K clamp binds: eid 1002 demanded 14798 clamped 4096
[kinematics-ws] K clamp binds: eid 1002 demanded 14811 clamped 4096
[kinematics-ws] K clamp binds: eid 1001 demanded 30153 clamped 4096
[kinematics-ws] K clamp binds: eid 1003 demanded 7236 clamped 4096
[kinematics-ws] K clamp binds: eid 1002 demanded 14798 clamped 4096
[kinematics-ws] K clamp binds: eid 1003 demanded 7247 clamped 4096
[kinematics-ws] K clamp binds: eid 1001 demanded 30158 clamped 4096
[kinematics-ws] K clamp binds: eid 1002 demanded 14784 clamped 4096
[kinematics-ws] K clamp binds: eid 1003 demanded 7250 clamped 4096
[kinematics-ws] K clamp binds: eid 1001 demanded 30164 clamped 4096
[kinematics-ws] K clamp binds: eid 1003 demanded 7234 clamped 4096
[kinematics-ws] K clamp binds: eid 1002 demanded 14792 clamped 4096
[kinematics-ws] K clamp binds: eid 1001 demanded 30168 clamped 4096
[kinematics-ws] K clamp binds: eid 1002 demanded 14809 clamped 4096
[kinematics-ws] K clamp binds: eid 1003 demanded 7261 clamped 4096
[kinematics-ws] K clamp binds: eid 1001 demanded 30172 clamped 4096
[kinematics-ws] K clamp binds: eid 1001 demanded 30174 clamped 4096
[kinematics-ws] K clamp binds: eid 1002 demanded 14808 clamped 4096
[kinematics-ws] K clamp binds: eid 1003 demanded 7227 clamped 4096
[kinematics-ws] K clamp binds: eid 1003 demanded 7263 clamped 4096
[kinematics-ws] K clamp binds: eid 1002 demanded 14792 clamped 4096
[kinematics-ws] K clamp binds: eid 1001 demanded 30174 clamped 4096
[kinematics-ws] K clamp binds: eid 1001 demanded 30173 clamped 4096
[kinematics-ws] K clamp binds: eid 1003 demanded 7232 clamped 4096
[kinematics-ws] K clamp binds: eid 1002 demanded 14785 clamped 4096
[kinematics-ws] K clamp binds: eid 1001 demanded 30169 clamped 4096
[kinematics-ws] K clamp binds: eid 1002 demanded 14797 clamped 4096
[kinematics-ws] K clamp binds: eid 1003 demanded 7252 clamped 4096
[kinematics-ws] K clamp binds: eid 1003 demanded 7248 clamped 4096
[kinematics-ws] K clamp binds: eid 1001 demanded 30165 clamped 4096
[kinematics-ws] K clamp binds: eid 1002 demanded 14811 clamped 4096
[kinematics-ws] K clamp binds: eid 1001 demanded 30160 clamped 4096
[kinematics-ws] K clamp binds: eid 1002 demanded 14809 clamped 4096
[kinematics-ws] K clamp binds: eid 1003 demanded 7235 clamped 4096
[kinematics-ws] K clamp binds: eid 1002 demanded 14795 clamped 4096
[kinematics-ws] K clamp binds: eid 1003 demanded 7263 clamped 4096
[kinematics-ws] K clamp binds: eid 1001 demanded 30155 clamped 4096
[kinematics-ws] K clamp binds: eid 1001 demanded 30152 clamped 4096
[kinematics-ws] K clamp binds: eid 1002 demanded 14786 clamped 4096
[kinematics-ws] K clamp binds: eid 1003 demanded 7227 clamped 4096
[kinematics-ws] K clamp binds: eid 1002 demanded 14793 clamped 4096
[kinematics-ws] K clamp binds: eid 1001 demanded 30152 clamped 4096
[kinematics-ws] K clamp binds: eid 1003 demanded 7262 clamped 4096
[kinematics-ws] K clamp binds: eid 1001 demanded 30158 clamped 4096
[kinematics-ws] K clamp binds: eid 1002 demanded 14808 clamped 4096
[kinematics-ws] K clamp binds: eid 1003 demanded 7238 clamped 4096
[kinematics-ws] K clamp binds: eid 1003 demanded 7244 clamped 4096
[kinematics-ws] K clamp binds: eid 1002 demanded 14814 clamped 4096
[kinematics-ws] K clamp binds: eid 1001 demanded 30170 clamped 4096
[kinematics-ws] K clamp binds: eid 1003 demanded 7258 clamped 4096
[kinematics-ws] K clamp binds: eid 1001 demanded 30188 clamped 4096
[kinematics-ws] K clamp binds: eid 1002 demanded 14806 clamped 4096
[kinematics-ws] K clamp binds: eid 1001 demanded 30207 clamped 4096
[kinematics-ws] K clamp binds: eid 1002 demanded 14793 clamped 4096
[kinematics-ws] K clamp binds: eid 1003 demanded 7229 clamped 4096
[kinematics-ws] K clamp binds: eid 1001 demanded 30222 clamped 4096
[kinematics-ws] K clamp binds: eid 1003 demanded 7265 clamped 4096
[kinematics-ws] K clamp binds: eid 1002 demanded 14788 clamped 4096
[kinematics-ws] K clamp binds: eid 1002 demanded 14795 clamped 4096
[kinematics-ws] K clamp binds: eid 1001 demanded 30225 clamped 4096
[kinematics-ws] K clamp binds: eid 1003 demanded 7235 clamped 4096
[kinematics-ws] K clamp binds: eid 1002 demanded 14807 clamped 4096
[kinematics-ws] K clamp binds: eid 1001 demanded 30211 clamped 4096
[kinematics-ws] K clamp binds: eid 1003 demanded 7247 clamped 4096
[kinematics-ws] K clamp binds: eid 1001 demanded 30184 clamped 4096
[kinematics-ws] K clamp binds: eid 1002 demanded 14815 clamped 4096
[kinematics-ws] K clamp binds: eid 1003 demanded 7258 clamped 4096
[kinematics-ws] K clamp binds: eid 1001 demanded 30159 clamped 4096
[kinematics-ws] K clamp binds: eid 1002 demanded 14813 clamped 4096
[kinematics-ws] K clamp binds: eid 1003 demanded 7229 clamped 4096
[kinematics-ws] K clamp binds: eid 1001 demanded 30151 clamped 4096
[kinematics-ws] K clamp binds: eid 1002 demanded 14802 clamped 4096
[kinematics-ws] K clamp binds: eid 1003 demanded 7264 clamped 4096
[kinematics-ws] K clamp binds: eid 1003 demanded 7239 clamped 4096
[kinematics-ws] K clamp binds: eid 1002 demanded 14792 clamped 4096
[kinematics-ws] K clamp binds: eid 1001 demanded 30171 clamped 4096
[kinematics-ws] K clamp binds: eid 1001 demanded 30205 clamped 4096
[kinematics-ws] K clamp binds: eid 1002 demanded 14789 clamped 4096
[kinematics-ws] K clamp binds: eid 1003 demanded 7243 clamped 4096
[kinematics-ws] K clamp binds: eid 1001 demanded 30225 clamped 4096
[kinematics-ws] K clamp binds: eid 1002 demanded 14794 clamped 4096
[kinematics-ws] K clamp binds: eid 1003 demanded 7263 clamped 4096
[kinematics-ws] K clamp binds: eid 1003 demanded 7229 clamped 4096
[kinematics-ws] K clamp binds: eid 1002 demanded 14805 clamped 4096
[kinematics-ws] K clamp binds: eid 1001 demanded 30209 clamped 4096
[kinematics-ws] K clamp binds: eid 1002 demanded 14814 clamped 4096
[kinematics-ws] K clamp binds: eid 1001 demanded 30169 clamped 4096
[kinematics-ws] K clamp binds: eid 1003 demanded 7259 clamped 4096
[kinematics-ws] K clamp binds: eid 1002 demanded 14817 clamped 4096
[kinematics-ws] K clamp binds: eid 1001 demanded 30150 clamped 4096
[kinematics-ws] K clamp binds: eid 1003 demanded 7250 clamped 4096
[kinematics-ws] K clamp binds: eid 1001 demanded 30176 clamped 4096
[kinematics-ws] K clamp binds: eid 1003 demanded 7233 clamped 4096
[kinematics-ws] K clamp binds: eid 1002 demanded 14814 clamped 4096
[kinematics-ws] K clamp binds: eid 1001 demanded 30217 clamped 4096
[kinematics-ws] K clamp binds: eid 1003 demanded 7267 clamped 4096
[kinematics-ws] K clamp binds: eid 1002 demanded 14806 clamped 4096
[kinematics-ws] K clamp binds: eid 1002 demanded 14798 clamped 4096
[kinematics-ws] K clamp binds: eid 1003 demanded 7237 clamped 4096
[kinematics-ws] K clamp binds: eid 1001 demanded 30216 clamped 4096
[kinematics-ws] K clamp binds: eid 1001 demanded 30170 clamped 4096
[kinematics-ws] K clamp binds: eid 1002 demanded 14792 clamped 4096
[kinematics-ws] K clamp binds: eid 1003 demanded 7245 clamped 4096
[kinematics-ws] K clamp binds: eid 1001 demanded 30150 clamped 4096
[kinematics-ws] K clamp binds: eid 1003 demanded 7265 clamped 4096
[kinematics-ws] K clamp binds: eid 1002 demanded 14791 clamped 4096
[kinematics-ws] K clamp binds: eid 1001 demanded 30192 clamped 4096
[kinematics-ws] K clamp binds: eid 1003 demanded 7231 clamped 4096
[kinematics-ws] K clamp binds: eid 1002 demanded 14795 clamped 4096
[kinematics-ws] K clamp binds: eid 1001 demanded 30223 clamped 4096
[kinematics-ws] K clamp binds: eid 1003 demanded 7255 clamped 4096
[kinematics-ws] K clamp binds: eid 1002 demanded 14801 clamped 4096
[kinematics-ws] K clamp binds: eid 1002 demanded 14808 clamped 4096
[kinematics-ws] K clamp binds: eid 1003 demanded 7259 clamped 4096
[kinematics-ws] K clamp binds: eid 1001 demanded 30184 clamped 4096
[kinematics-ws] K clamp binds: eid 1001 demanded 30148 clamped 4096
[kinematics-ws] K clamp binds: eid 1003 demanded 7230 clamped 4096
[kinematics-ws] K clamp binds: eid 1002 demanded 14814 clamped 4096
[kinematics-ws] K clamp binds: eid[kinematics-ws] K clamp binds: eid  1001 1003 demanded demanded 30190 7262 clamped clamped 40964096

[kinematics-ws] K clamp binds: eid 1002 demanded 14818 clamped 4096
[kinematics-ws] K clamp binds: eid 1002 demanded 14819 clamped 4096
[kinematics-ws] K clamp binds: eid 1003 demanded 7253 clamped 4096
[kinematics-ws] K clamp binds: eid 1001 demanded 30222 clamped 4096
[kinematics-ws] K clamp binds: eid 1001 demanded 30170 clamped 4096
[kinematics-ws] K clamp binds: eid 1003 demanded 7232 clamped 4096
[kinematics-ws] K clamp binds: eid 1002 demanded 14817 clamped 4096
[kinematics-ws] K clamp binds: eid 1001 demanded 30154 clamped 4096
[kinematics-ws] K clamp binds: eid 1002 demanded 14814 clamped 4096
[kinematics-ws] K clamp binds: eid 1003 demanded 7266 clamped 4096
[kinematics-ws] K clamp binds: eid 1001 demanded 30214 clamped 4096
[kinematics-ws] K clamp binds: eid 1003 demanded 7249 clamped 4096
[kinematics-ws] K clamp binds: eid 1002 demanded 14809 clamped 4096
[kinematics-ws] K clamp binds: eid 1002 demanded 14805 clamped 4096
[kinematics-ws] K clamp binds: eid 1003 demanded 7234 clamped 4096
[kinematics-ws] K clamp binds: eid 1001 demanded 30198 clamped 4096
[kinematics-ws] K clamp binds: eid 1003 demanded 7267 clamped 4096
[kinematics-ws] K clamp binds: eid 1002 demanded 14800 clamped 4096
[kinematics-ws] K clamp binds: eid 1001 demanded 30147 clamped 4096
[kinematics-ws] K clamp binds: eid[kinematics-ws] K clamp binds: eid  1001 1002 demanded demanded 14797 30198 clamped clamped 40964096

[kinematics-ws] K clamp binds: eid 1003 demanded 7247 clamped 4096
[kinematics-ws] K clamp binds: eid[kinematics-ws] K clamp binds: eid  1003 1001 demanded 7235 demanded clamped 30210 clamped 40964096

[kinematics-ws] K clamp binds: eid 1002 demanded 14795 clamped 4096
[kinematics-ws] K clamp binds: eid 1002 demanded 14794 clamped 4096
[kinematics-ws] K clamp binds: eid 1003 demanded 7268 clamped 4096
[kinematics-ws] K clamp binds: eid 1001 demanded 30147 clamped 4096
[kinematics-ws] K clamp binds: eid 1001 demanded 30194 clamped 4096
[kinematics-ws] K clamp binds: eid 1002 demanded 14793 clamped 4096
[kinematics-ws] K clamp binds: eid 1003 demanded 7249 clamped 4096
[kinematics-ws] K clamp binds: eid 1003 demanded 7235 clamped 4096
[kinematics-ws] K clamp binds: eid 1001 demanded 30208 clamped 4096
[kinematics-ws] K clamp binds: eid 1002 demanded 14794 clamped 4096
[kinematics-ws] K clamp binds: eid 1002 demanded 14795 clamped 4096
[kinematics-ws] K clamp binds: eid 1001 demanded 30146 clamped 4096
[kinematics-ws] K clamp binds: eid 1003 demanded 7267 clamped 4096
[kinematics-ws] K clamp binds: eid 1003 demanded 7252 clamped 4096
[kinematics-ws] K clamp binds: eid 1001 demanded 30205 clamped 4096
[kinematics-ws] K clamp binds: eid 1002 demanded 14796 clamped 4096
[kinematics-ws] K clamp binds: eid 1001 demanded 30191 clamped 4096
[kinematics-ws] K clamp binds: eid 1003 demanded 7233 clamped 4096
[kinematics-ws] K clamp binds: eid 1002 demanded 14797 clamped 4096
[kinematics-ws] K clamp binds: eid 1001 demanded 30151 clamped 4096
[kinematics-ws] K clamp binds: eid 1002 demanded 14798 clamped 4096
[kinematics-ws] K clamp binds: eid 1003 demanded 7265 clamped 4096
[kinematics-ws] K clamp binds: eid 1001 demanded 30220 clamped 4096
[kinematics-ws] K clamp binds: eid 1003 demanded 7259 clamped 4096
[kinematics-ws] K clamp binds: eid 1002 demanded 14799 clamped 4096
[kinematics-ws] K clamp binds: eid[kinematics-ws] K clamp binds: eid  1003 1001 demanded 7233 demandedclamped  30159 clamped 4096
4096
[kinematics-ws] K clamp binds: eid 1002 demanded 14800 clamped 4096
[kinematics-ws] K clamp binds: eid 1001 demanded 30184 clamped 4096
[kinematics-ws] K clamp binds: eid 1002 demanded 14801 clamped 4096
[kinematics-ws] K clamp binds: eid 1003 demanded 7259 clamped 4096
[kinematics-ws] K clamp binds: eid 1001 demanded 30203 clamped 4096
[kinematics-ws] K clamp binds: eid 1003 demanded 7266 clamped 4096
[kinematics-ws] K clamp binds: eid 1002 demanded 14801 clamped 4096
[kinematics-ws] K clamp binds: eid 1003 demanded 7235 clamped 4096
[kinematics-ws] K clamp binds: eid 1002 demanded 14801 clamped 4096
[kinematics-ws] K clamp binds: eid 1001 demanded 30148 clamped 4096
[kinematics-ws] K clamp binds: eid 1001 demanded 30221 clamped 4096
[kinematics-ws] K clamp binds: eid 1002 demanded 14801 clamped 4096
[kinematics-ws] K clamp binds: eid 1003 demanded 7249 clamped 4096
[kinematics-ws] K clamp binds: eid 1002 demanded 14800 clamped 4096
[kinematics-ws] K clamp binds: eid 1003 demanded 7271 clamped 4096
[kinematics-ws] K clamp binds: eid 1001 demanded 30150 clamped 4096
[kinematics-ws] K clamp binds: eid 1002 demanded 14800 clamped 4096
[kinematics-ws] K clamp binds: eid 1003 demanded 7244 clamped 4096
[kinematics-ws] K clamp binds: eid 1001 demanded 30204 clamped 4096
[kinematics-ws] K clamp binds: eid 1001 demanded 30174 clamped 4096
[kinematics-ws] K clamp binds: eid 1002 demanded 14799 clamped 4096
[kinematics-ws] K clamp binds: eid 1003 demanded 7239 clamped 4096
[kinematics-ws] K clamp binds: eid 1002 demanded 14798 clamped 4096
[kinematics-ws] K clamp binds: eid 1003 demanded 7269 clamped 4096
[kinematics-ws] K clamp binds: eid 1001 demanded 30179 clamped 4096
[kinematics-ws] K clamp binds: eid 1002 demanded 14797 clamped 4096
[kinematics-ws] K clamp binds: eid 1001 demanded 30197 clamped 4096
[kinematics-ws] K clamp binds: eid 1003 demanded 7259 clamped 4096
[kinematics-ws] K clamp binds: eid 1001 demanded 30161 clamped 4096
[kinematics-ws] K clamp binds: eid 1002 demanded 14796 clamped 4096
[kinematics-ws] K clamp binds: eid 1003 demanded 7234 clamped 4096
[kinematics-ws] K clamp binds: eid 1003 demanded 7256 clamped 4096
[kinematics-ws] K clamp binds: eid 1002 demanded 14795 clamped 4096
[kinematics-ws] K clamp binds: eid 1001 demanded 30211 clamped 4096
[kinematics-ws] K clamp binds: eid 1001 demanded 30152 clamped 4096
[kinematics-ws] K clamp binds: eid 1002 demanded 14794 clamped 4096
[kinematics-ws] K clamp binds: eid 1003 demanded 7271 clamped 4096
[kinematics-ws] K clamp binds: eid 1001 demanded 30216 clamped 4096
[kinematics-ws] K clamp binds: eid 1002 demanded 14795 clamped 4096
[kinematics-ws] K clamp binds: eid 1003 demanded 7243 clamped 4096
[kinematics-ws] K clamp binds: eid 1003 demanded 7240 clamped 4096
[kinematics-ws] K clamp binds: eid 1002 demanded 14796 clamped 4096
[kinematics-ws] K clamp binds: eid 1001 demanded 30149 clamped 4096
[kinematics-ws] K clamp binds: eid 1001 demanded 30217 clamped 4096
[kinematics-ws] K clamp binds: eid 1003 demanded 7269 clamped 4096
[kinematics-ws] K clamp binds: eid 1002 demanded 14798 clamped 4096
[kinematics-ws] K clamp binds: eid 1002 demanded 14801 clamped 4096
[kinematics-ws] K clamp binds: eid 1003 demanded 7263 clamped 4096
[kinematics-ws] K clamp binds: eid 1001 demanded 30151 clamped 4096
[kinematics-ws] K clamp binds: eid 1002 demanded 14805 clamped 4096
[kinematics-ws] K clamp binds: eid 1003 demanded 7236 clamped 4096
[kinematics-ws] K clamp binds: eid 1001 demanded 30215 clamped 4096
[kinematics-ws] K clamp binds: eid 1002 demanded 14810 clamped 4096
[kinematics-ws] K clamp binds: eid 1001 demanded 30156 clamped 4096
[kinematics-ws] K clamp binds: eid 1003 demanded 7250 clamped 4096
[kinematics-ws] K clamp binds: eid 1003 demanded 7273 clamped 4096
[kinematics-ws] K clamp binds: eid 1002 demanded 14815 clamped 4096
[kinematics-ws] K clamp binds: eid 1001 demanded 30207 clamped 4096
[kinematics-ws] K clamp binds: eid 1001 demanded 30169 clamped 4096
[kinematics-ws] K clamp binds: eid 1003 demanded 7255 clamped 4096
[kinematics-ws] K clamp binds: eid 1002 demanded 14819 clamped 4096
[kinematics-ws] K clamp binds: eid 1003 demanded 7236 clamped 4096
[kinematics-ws] K clamp binds: eid 1001 demanded 30190 clamped 4096
[kinematics-ws] K clamp binds: eid 1002 demanded 14822 clamped 4096
[kinematics-ws] K clamp binds: eid 1001 demanded 30192 clamped 4096
[kinematics-ws] K clamp binds: eid 1003 demanded 7257 clamped 4096
[kinematics-ws] K clamp binds: eid 1002 demanded 14822 clamped 4096
[kinematics-ws] K clamp binds: eid 1002 demanded 14820 clamped 4096
[kinematics-ws] K clamp binds: eid 1001 demanded 30165 clamped 4096
[kinematics-ws] K clamp binds: eid 1003 demanded 7274 clamped 4096
[kinematics-ws] K clamp binds: eid 1002 demanded 14815 clamped 4096
[kinematics-ws] K clamp binds: eid 1003 demanded 7251 clamped 4096
[kinematics-ws] K clamp binds: eid 1001 demanded 30217 clamped 4096
[kinematics-ws] K clamp binds: eid 1001 demanded 30148 clamped 4096
[kinematics-ws] K clamp binds: eid 1002 demanded 14808 clamped 4096
[kinematics-ws] K clamp binds: eid 1003 demanded 7237 clamped 4096
[kinematics-ws] K clamp binds: eid 1001 demanded 30222 clamped 4096
[kinematics-ws] K clamp binds: eid 1002 demanded 14802 clamped 4096
[kinematics-ws] K clamp binds: eid 1003 demanded 7260 clamped 4096
[kinematics-ws] K clamp binds: eid 1002 demanded 14796 clamped 4096
[kinematics-ws] K clamp binds: eid 1001 demanded 30163 clamped 4096
[kinematics-ws] K clamp binds: eid 1003 demanded 7274 clamped 4096
[kinematics-ws] K clamp binds: eid 1001 demanded 30188 clamped 4096
[kinematics-ws] K clamp binds: eid 1003 demanded 7251 clamped 4096
[kinematics-ws] K clamp binds: eid 1002 demanded 14795 clamped 4096
[kinematics-ws] K clamp binds: eid 1001 demanded 30208 clamped 4096
[kinematics-ws] K clamp binds: eid 1003 demanded 7238 clamped 4096
[kinematics-ws] K clamp binds: eid 1002 demanded 14798 clamped 4096
[kinematics-ws] K clamp binds: eid 1001 demanded 30151 clamped 4096
[kinematics-ws] K clamp binds: eid 1002 demanded 14805 clamped 4096
[kinematics-ws] K clamp binds: eid 1003 demanded 7259 clamped 4096
[kinematics-ws] K clamp binds: eid 1001 demanded 30222 clamped 4096
[kinematics-ws] K clamp binds: eid 1003 demanded 7275 clamped 4096
[kinematics-ws] K clamp binds: eid 1002 demanded 14813 clamped 4096
[kinematics-ws] K clamp binds: eid 1001 demanded 30176 clamped 4096
[kinematics-ws] K clamp binds: eid 1003 demanded 7255 clamped 4096
[kinematics-ws] K clamp binds: eid 1002 demanded 14820 clamped 4096
[kinematics-ws] K clamp binds: eid 1001 demanded 30170 clamped 4096
[kinematics-ws] K clamp binds: eid 1003 demanded 7238 clamped 4096
[kinematics-ws] K clamp binds: eid 1002 demanded 14822 clamped 4096
[kinematics-ws] K clamp binds: eid 1003 demanded 7254 clamped 4096
[kinematics-ws] K clamp binds: eid 1001 demanded 30226 clamped 4096
[kinematics-ws] K clamp binds: eid 1002 demanded 14818 clamped 4096
[kinematics-ws] K clamp binds: eid 1001 demanded 30162 clamped 4096
[kinematics-ws] K clamp binds: eid 1003 demanded 7275 clamped 4096
[kinematics-ws] K clamp binds: eid 1002 demanded 14808 clamped 4096
[kinematics-ws] K clamp binds: eid 1002 demanded 14799 clamped 4096
[kinematics-ws] K clamp binds: eid 1003 demanded 7264 clamped 4096
[kinematics-ws] K clamp binds: eid 1001 demanded 30184 clamped 4096
[kinematics-ws] K clamp binds: eid 1002 demanded 14795 clamped 4096
[kinematics-ws] K clamp binds: eid 1003 demanded 7240 clamped 4096
[kinematics-ws] K clamp binds: eid 1001 demanded 30225 clamped 4096
[kinematics-ws] K clamp binds: eid 1003 demanded 7246 clamped 4096
[kinematics-ws] K clamp binds: eid 1002 demanded 14798 clamped 4096
[kinematics-ws] K clamp binds: eid 1001 demanded 30160 clamped 4096
[kinematics-ws] K clamp binds: eid 1001 demanded 30184 clamped 4096
[kinematics-ws] K clamp binds: eid 1002 demanded 14808 clamped 4096
[kinematics-ws] K clamp binds: eid 1003 demanded 7270 clamped 4096
[kinematics-ws] K clamp binds: eid 1002 demanded 14818 clamped 4096
[kinematics-ws] K clamp binds: eid 1001 demanded 30229 clamped 4096
[kinematics-ws] K clamp binds: eid 1003 demanded 7273 clamped 4096
[kinematics-ws] K clamp binds: eid 1001 demanded 30170 clamped 4096
[kinematics-ws] K clamp binds: eid 1002 demanded 14821 clamped 4096
[kinematics-ws] K clamp binds: eid 1003 demanded 7250 clamped 4096
[kinematics-ws] K clamp binds: eid 1002 demanded 14816 clamped 4096
[kinematics-ws] K clamp binds: eid 1001 demanded 30169 clamped 4096
[kinematics-ws] K clamp binds: eid 1003 demanded 7239 clamped 4096
[kinematics-ws] K clamp binds: eid 1001 demanded 30228 clamped 4096
[kinematics-ws] K clamp binds: eid 1002 demanded 14804 clamped 4096
[kinematics-ws] K clamp binds: eid 1003 demanded 7257 clamped 4096
[kinematics-ws] K clamp binds: eid 1002 demanded 14795 clamped 4096
[kinematics-ws] K clamp binds: eid 1003 demanded 7276 clamped 4096
[kinematics-ws] K clamp binds: eid 1001 demanded 30198 clamped 4096
[kinematics-ws] K clamp binds: eid 1001 demanded 30156 clamped 4096
[kinematics-ws] K clamp binds: eid 1003 demanded 7267 clamped 4096
[kinematics-ws] K clamp binds: eid 1002 demanded 14797 clamped 4096
[kinematics-ws] K clamp binds: eid 1002 demanded 14808 clamped 4096
[kinematics-ws] K clamp binds: eid 1001 demanded 30201 clamped 4096
[kinematics-ws] K clamp binds: eid 1003 demanded 7244 clamped 4096
[kinematics-ws] K clamp binds: eid 1003 demanded 7242 clamped 4096
[kinematics-ws] K clamp binds: eid 1002 demanded 14819 clamped 4096
[kinematics-ws] K clamp binds: eid 1001 demanded 30231 clamped 4096
[kinematics-ws] K clamp binds: eid 1001 demanded 30182 clamped 4096
[kinematics-ws] K clamp binds: eid 1003 demanded 7264 clamped 4096
[kinematics-ws] K clamp binds: eid 1002 demanded 14820 clamped 4096
[kinematics-ws] K clamp binds: eid 1002 demanded 14809 clamped 4096
[kinematics-ws] K clamp binds: eid 1001 demanded 30160 clamped 4096
[kinematics-ws] K clamp binds: eid 1003 demanded 7277 clamped 4096
[kinematics-ws] K clamp binds: eid 1001 demanded 30208 clamped 4096
[kinematics-ws] K clamp binds: eid 1002 demanded 14796 clamped 4096
[kinematics-ws] K clamp binds: eid 1003 demanded 7264 clamped 4096
[kinematics-ws] K clamp binds: eid 1002 demanded 14795 clamped 4096
[kinematics-ws] K clamp binds: eid 1001 demanded 30234 clamped 4096
[kinematics-ws] K clamp binds: eid 1003 demanded 7243 clamped 4096
[kinematics-ws] K clamp binds: eid 1001 demanded 30193 clamped 4096
[kinematics-ws] K clamp binds: eid 1003 demanded 7244 clamped 4096
[kinematics-ws] K clamp binds: eid 1002 demanded 14807 clamped 4096
[kinematics-ws] K clamp binds: eid 1003 demanded 7264 clamped 4096
[kinematics-ws] K clamp binds: eid 1002 demanded 14819 clamped 4096
[kinematics-ws] K clamp binds: eid 1001 demanded 30159 clamped 4096
[kinematics-ws] K clamp binds: eid 1001 demanded 30188 clamped 4096
[kinematics-ws] K clamp binds: eid 1003 demanded 7278 clamped 4096
[kinematics-ws] K clamp binds: eid 1002 demanded 14818 clamped 4096
[kinematics-ws] K clamp binds: eid 1003 demanded 7267 clamped 4096
[kinematics-ws] K clamp binds: eid 1002 demanded 14804 clamped 4096
[kinematics-ws] K clamp binds: eid 1001 demanded 30231 clamped 4096
[kinematics-ws] K clamp binds: eid[kinematics-ws] K clamp binds: eid  10011002  demanded demanded 30227 14794 clampedclamped  40964096

[kinematics-ws] K clamp binds: eid 1003 demanded 7246 clamped 4096
[kinematics-ws] K clamp binds: eid 1002 demanded 14800 clamped 4096
[kinematics-ws] K clamp binds: eid 1001 demanded 30184 clamped 4096
[kinematics-ws] K clamp binds: eid 1003 demanded 7242 clamped 4096
[kinematics-ws] K clamp binds: eid 1001 demanded 30161 clamped 4096
[kinematics-ws] K clamp binds: eid 1003 demanded 7259 clamped 4096
[kinematics-ws] K clamp binds: eid 1002 demanded 14815 clamped 4096
[kinematics-ws] K clamp binds: eid 1001 demanded 30184 clamped 4096
[kinematics-ws] K clamp binds: eid 1002 demanded 14820 clamped 4096
[kinematics-ws] K clamp binds: eid 1003 demanded 7277 clamped 4096
[kinematics-ws] K clamp binds: eid 1001 demanded 30224 clamped 4096
[kinematics-ws] K clamp binds: eid 1002 demanded 14807 clamped 4096
[kinematics-ws] K clamp binds: eid 1003 demanded 7274 clamped 4096
[kinematics-ws] K clamp binds: eid[kinematics-ws] K clamp binds: eid  1001 demanded 1003 30239 clamped demanded 7255 clamped 40964096

[kinematics-ws] K clamp binds: eid 1002 demanded 14794 clamped 4096
[kinematics-ws] K clamp binds: eid 1001 demanded 30217 clamped 4096
[kinematics-ws] K clamp binds: eid 1002 demanded 14800 clamped 4096
[kinematics-ws] K clamp binds: eid 1003 demanded 7241 clamped 4096
[kinematics-ws] K clamp binds: eid 1002 demanded 14816 clamped 4096
[kinematics-ws] K clamp binds: eid 1003 demanded 7249 clamped 4096
[kinematics-ws] K clamp binds: eid 1001 demanded 30182 clamped 4096
[kinematics-ws] K clamp binds: eid 1002 demanded 14818 clamped 4096
[kinematics-ws] K clamp binds: eid 1001 demanded 30164 clamped 4096
[kinematics-ws] K clamp binds: eid 1003 demanded 7269 clamped 4096
[kinematics-ws] K clamp binds: eid 1001 demanded 30174 clamped 4096
[kinematics-ws] K clamp binds: eid 1003 demanded 7279 clamped 4096
[kinematics-ws] K clamp binds: eid 1002 demanded 14802 clamped 4096
[kinematics-ws] K clamp binds: eid 1001 demanded 30203 clamped 4096
[kinematics-ws] K clamp binds: eid 1002 demanded 14793 clamped 4096
[kinematics-ws] K clamp binds: eid 1003 demanded 7270 clamped 4096
[kinematics-ws] K clamp binds: eid 1002 demanded 14806 clamped 4096
[kinematics-ws] K clamp binds: eid 1003 demanded 7251 clamped 4096
[kinematics-ws] K clamp binds: eid 1001 demanded 30231 clamped 4096
[kinematics-ws] K clamp binds: eid 1001 demanded 30242 clamped 4096
[kinematics-ws] K clamp binds: eid 1002 demanded 14820 clamped 4096
[kinematics-ws] K clamp binds: eid 1003 demanded 7242 clamped 4096
[kinematics-ws] K clamp binds: eid 1001 demanded 30233 clamped 4096
[kinematics-ws] K clamp binds: eid 1003 demanded 7252 clamped 4096
[kinematics-ws] K clamp binds: eid 1002 demanded 14810 clamped 4096
[kinematics-ws] K clamp binds: eid[kinematics-ws] K clamp binds: eid  10021001 demanded  14794 demanded clamped30212  clamped 40964096

[kinematics-ws] K clamp binds: eid 1003 demanded 7270 clamped 4096
[kinematics-ws] K clamp binds: eid 1001 demanded 30189 clamped 4096
[kinematics-ws] K clamp binds: eid 1002 demanded 14800 clamped 4096
[kinematics-ws] K clamp binds: eid 1003 demanded 7280 clamped 4096
[kinematics-ws] K clamp binds: eid 1001 demanded 30173 clamped 4096
[kinematics-ws] K clamp binds: eid 1003 demanded 7272 clamped 4096
[kinematics-ws] K clamp binds: eid 1002 demanded 14817 clamped 4096
[kinematics-ws] K clamp binds: eid[kinematics-ws] K clamp binds: eid  1003 1001demanded 7254 clamped  4096demanded 30167 clamped
 4096
[kinematics-ws] K clamp binds: eid 1002 demanded 14813 clamped 4096
[kinematics-ws] K clamp binds: eid 1001 demanded 30170 clamped 4096
[kinematics-ws] K clamp binds: eid 1003 demanded 7243 clamped 4096
[kinematics-ws] K clamp binds: eid 1002 demanded 14795 clamped 4096
[kinematics-ws] K clamp binds: eid 1003 demanded 7248 clamped 4096
[kinematics-ws] K clamp binds: eid 1001 demanded 30181 clamped 4096
[kinematics-ws] K clamp binds: eid 1002 demanded 14797 clamped 4096
[kinematics-ws] K clamp binds: eid 1001 demanded 30195 clamped 4096
[kinematics-ws] K clamp binds: eid 1003 demanded 7265 clamped 4096
[kinematics-ws] K clamp binds: eid 1002 demanded 14816 clamped 4096
[kinematics-ws] K clamp binds: eid 1001 demanded 30209 clamped 4096
[kinematics-ws] K clamp binds: eid 1003 demanded 7279 clamped 4096
[kinematics-ws] K clamp binds: eid 1002 demanded 14813 clamped 4096
[kinematics-ws] K clamp binds: eid 1003 demanded 7279 clamped 4096
[kinematics-ws] K clamp binds: eid 1001 demanded 30221 clamped 4096
[kinematics-ws] K clamp binds: eid 1002 demanded 14794 clamped 4096
[kinematics-ws] K clamp binds: eid 1002 demanded 14799 clamped 4096
[kinematics-ws] K clamp binds: eid 1001 demanded 30231 clamped 4096
[kinematics-ws] K clamp binds: eid 1003 demanded 7265 clamped 4096
[kinematics-ws] K clamp binds: eid 1002 demanded 14818 clamped 4096
[kinematics-ws] K clamp binds: eid 1001 demanded 30237 clamped 4096
[kinematics-ws] K clamp binds: eid 1003 demanded 7249 clamped 4096
[kinematics-ws] K clamp binds: eid 1002 demanded 14809 clamped 4096
[kinematics-ws] K clamp binds: eid 1001 demanded 30242 clamped 4096
[kinematics-ws] K clamp binds: eid 1003 demanded 7243 clamped 4096
[kinematics-ws] K clamp binds: eid 1001 demanded 30244 clamped 4096
[kinematics-ws] K clamp binds: eid 1003 demanded 7252 clamped 4096
[kinematics-ws] K clamp binds: eid 1002 demanded 14792 clamped 4096
[kinematics-ws] K clamp binds: eid 1001 demanded 30245 clamped 4096
[kinematics-ws] K clamp binds: eid 1002 demanded 14805 clamped 4096
[kinematics-ws] K clamp binds: eid 1003 demanded 7268 clamped 4096
[kinematics-ws] K clamp binds: eid 1001 demanded 30246 clamped 4096
[kinematics-ws] K clamp binds: eid 1002 demanded 14818 clamped 4096
[kinematics-ws] K clamp binds: eid 1003 demanded 7280 clamped 4096
[kinematics-ws] K clamp binds: eid 1001 demanded 30246 clamped 4096
[kinematics-ws] K clamp binds: eid 1002 demanded 14801 clamped 4096
[kinematics-ws] K clamp binds: eid 1003 demanded 7279 clamped 4096
[kinematics-ws] K clamp binds: eid 1002 demanded 14793 clamped [kinematics-ws] K clamp binds: eid 4096
[kinematics-ws] K clamp binds: eid 1003 demanded 7267 clamped 4096
1001 demanded 30246 clamped 4096
[kinematics-ws] K clamp binds: eid 1001 demanded 30246 clamped 4096
[kinematics-ws] K clamp binds: eid 1002 demanded 14814 clamped 4096
[kinematics-ws] K clamp binds: eid 1003 demanded 7252 clamped 4096
[kinematics-ws] K clamp binds: eid 1002 demanded 14812 clamped 4096
[kinematics-ws] K clamp binds: eid 1003 demanded 7244 clamped 4096
[kinematics-ws] K clamp binds: eid 1001 demanded 30245 clamped 4096
[kinematics-ws] K clamp binds: eid[kinematics-ws] K clamp binds: eid  1001 demanded 302431003  demanded clamped 7248 clamped 40964096

[kinematics-ws] K clamp binds: eid 1002 demanded 14792 clamped 4096
[kinematics-ws] K clamp binds: eid 1001 demanded 30240 clamped 4096
[kinematics-ws] K clamp binds: eid 1003 demanded 7261 clamped 4096
[kinematics-ws] K clamp binds: eid 1002 demanded 14804 clamped 4096
[kinematics-ws] K clamp binds: eid 1001 demanded 30234 clamped 4096
[kinematics-ws] K clamp binds: eid 1003 demanded 7275 clamped 4096
[kinematics-ws] K clamp binds: eid 1002 demanded 14817 clamped 4096
[kinematics-ws] K clamp binds: eid 1002 demanded 14797 clamped 4096
[kinematics-ws] K clamp binds: eid 1001 demanded 30226 clamped 4096
[kinematics-ws] K clamp binds: eid 1003 demanded 7282 clamped 4096
[kinematics-ws] K clamp binds: eid 1001 demanded 30215 clamped 4096
[kinematics-ws] K clamp binds: eid 1002 demanded 14796 clamped 4096
[kinematics-ws] K clamp binds: eid 1003 demanded 7278 clamped 4096
[kinematics-ws] K clamp binds: eid 1003 demanded 7265 clamped 4096
[kinematics-ws] K clamp binds: eid 1001 demanded 30202 clamped 4096
[kinematics-ws] K clamp binds: eid 1002 demanded 14817 clamped 4096
[kinematics-ws] K clamp binds: eid 1001 demanded 30188 clamped 4096
[kinematics-ws] K clamp binds: eid 1002 demanded 14804 clamped 4096
[kinematics-ws] K clamp binds: eid 1003 demanded 7252 clamped 4096
[kinematics-ws] K clamp binds: eid 1001 demanded 30177 clamped 4096
[kinematics-ws] K clamp binds: eid 1003 demanded 7245 clamped 4096
[kinematics-ws] K clamp binds: eid 1002 demanded 14792 clamped 4096
[kinematics-ws] K clamp binds: eid 1001 demanded 30171 clamped 4096
[kinematics-ws] K clamp binds: eid 1003 demanded 7247 clamped 4096
[kinematics-ws] K clamp binds: eid 1002 demanded 14814 clamped 4096
[kinematics-ws] K clamp binds: eid 1001 demanded 30173 clamped 4096
[kinematics-ws] K clamp binds: eid 1003 demanded 7258 clamped 4096
[kinematics-ws] K clamp binds: eid 1002 demanded 14808 clamped 4096
[kinematics-ws] K clamp binds: eid 1002 demanded 14791 clamped 4096
[kinematics-ws] K clamp binds: eid 1001 demanded 30186 clamped 4096
[kinematics-ws] K clamp binds: eid 1003 demanded 7272 clamped 4096
[kinematics-ws] K clamp binds: eid 1001 demanded 30207 clamped 4096
[kinematics-ws] K clamp binds: eid 1002 demanded 14811 clamped 4096
[kinematics-ws] K clamp binds: eid 1003 demanded 7281 clamped 4096
[kinematics-ws] K clamp binds: eid 1001 demanded 30229 clamped 4096
[kinematics-ws] K clamp binds: eid 1003 demanded 7282 clamped 4096
[kinematics-ws] K clamp binds: eid 1002 demanded 14810 clamped 4096
[kinematics-ws] K clamp binds: eid 1003 demanded 7275 clamped 4096
[kinematics-ws] K clamp binds: eid 1001 demanded 30245 clamped 4096
[kinematics-ws] K clamp binds: eid 1002 demanded 14790 clamped 4096
[kinematics-ws] K clamp binds: eid 1003 demanded 7263 clamped 4096
[kinematics-ws] K clamp binds: eid 1001 demanded 30244 clamped 4096
[kinematics-ws] K clamp binds: eid 1002 demanded 14810 clamped 4096
[kinematics-ws] K clamp binds: eid 1003 demanded 7252 clamped 4096
[kinematics-ws] K clamp binds: eid 1001 demanded 30224 clamped 4096
[kinematics-ws] K clamp binds: eid 1002 demanded 14810 clamped 4096
[kinematics-ws] K clamp binds: eid 1002 demanded 14790 clamped 4096
[kinematics-ws] K clamp binds: eid 1001 demanded 30195 clamped 4096
[kinematics-ws] K clamp binds: eid 1003 demanded 7246 clamped 4096
[kinematics-ws] K clamp binds: eid 1002 demanded 14811 clamped 4096
[kinematics-ws] K clamp binds: eid 1003 demanded 7247 clamped 4096
[kinematics-ws] K clamp binds: eid 1001 demanded 30172 clamped 4096
[kinematics-ws] K clamp binds: eid 1001 demanded 30174 clamped 4096
[kinematics-ws] K clamp binds: eid 1002 demanded 14808 clamped 4096
[kinematics-ws] K clamp binds: eid 1003 demanded 7255 clamped 4096
[kinematics-ws] K clamp binds: eid 1001 demanded 30201 clamped 4096
[kinematics-ws] K clamp binds: eid 1002 demanded 14790 clamped 4096
[kinematics-ws] K clamp binds: eid 1003 demanded 7267 clamped 4096
[kinematics-ws] K clamp binds: eid 1001 demanded 30235 clamped 4096
[kinematics-ws] K clamp binds: eid 1003 demanded 7277 clamped 4096
[kinematics-ws] K clamp binds: eid 1002 demanded 14813 clamped 4096
[kinematics-ws] K clamp binds: eid 1001 demanded 30245 clamped 4096
[kinematics-ws] K clamp binds: eid 1003 demanded 7283 clamped 4096
[kinematics-ws] K clamp binds: eid 1002 demanded 14804 clamped 4096
[kinematics-ws] K clamp binds: eid 1001 demanded 30220 clamped 4096
[kinematics-ws] K clamp binds: eid 1002 demanded 14792 clamped 4096
[kinematics-ws] K clamp binds: eid 1003 demanded 7282 clamped 4096
[kinematics-ws] K clamp binds: eid 1001 demanded 30182 clamped 4096
[kinematics-ws] K clamp binds: eid 1002 demanded 14816 clamped 4096
[kinematics-ws] K clamp binds: eid 1003 demanded 7276 clamped 4096
[kinematics-ws] K clamp binds: eid 1003 demanded 7266 clamped 4096
[kinematics-ws] K clamp binds: eid 1001 demanded 30170 clamped 4096
[kinematics-ws] K clamp binds: eid 1002 demanded 14798 clamped 4096
[kinematics-ws] K clamp binds: eid 1001 demanded 30201 clamped 4096
[kinematics-ws] K clamp binds: eid 1003 demanded 7256 clamped 4096
[kinematics-ws] K clamp binds: eid 1002 demanded 14797 clamped 4096
[kinematics-ws] K clamp binds: eid 1001 demanded 30240 clamped 4096
[kinematics-ws] K clamp binds: eid 1002 demanded 14816 clamped 4096
[kinematics-ws] K clamp binds: eid 1003 demanded 7248 clamped 4096
[kinematics-ws] K clamp binds: eid 1002 demanded 14792 clamped 4096
[kinematics-ws] K clamp binds: eid 1003 demanded 7246 clamped 4096
[kinematics-ws] K clamp binds: eid 1001 demanded 30237 clamped 4096
[kinematics-ws] K clamp binds: eid 1002 demanded 14806 clamped 4096
[kinematics-ws] K clamp binds: eid 1001 demanded 30193 clamped 4096
[kinematics-ws] K clamp binds: eid 1003 demanded 7249 clamped 4096
[kinematics-ws] K clamp binds: eid [kinematics-ws] K clamp binds: eid 1002 demanded 14810 clamped 1001 demanded 30168 clamped 40964096

[kinematics-ws] K clamp binds: eid 1003 demanded 7256 clamped 4096
[kinematics-ws] K clamp binds: eid 1001 demanded 30202 clamped 4096
[kinematics-ws] K clamp binds: eid 1002 demanded 14790 clamped 4096
[kinematics-ws] K clamp binds: eid 1003 demanded 7266 clamped 4096
[kinematics-ws] K clamp binds: eid 1001 demanded 30243 clamped 4096
[kinematics-ws] K clamp binds: eid 1002 demanded 14814 clamped 4096
[kinematics-ws] K clamp binds: eid 1003 demanded 7275 clamped 4096
[kinematics-ws] K clamp binds: eid 1003 demanded 7282 clamped 4096
[kinematics-ws] K clamp binds: eid 1002 demanded 14798 clamped 4096
[kinematics-ws] K clamp binds: eid 1001 demanded 30223 clamped 4096
[kinematics-ws] K clamp binds: eid 1001 demanded 30174 clamped 4096
[kinematics-ws] K clamp binds: eid 1002 demanded 14798 clamped 4096
[kinematics-ws] K clamp binds: eid 1003 demanded 7284 clamped 4096
[kinematics-ws] K clamp binds: eid 1003 demanded 7283 clamped 4096
[kinematics-ws] K clamp binds: eid 1002 demanded 14814 clamped 4096
[kinematics-ws] K clamp binds: eid 1001 demanded 30183 clamped 4096
[kinematics-ws] K clamp binds: eid 1003 demanded 7277 clamped 4096
[kinematics-ws] K clamp binds: eid 1001 demanded 30236 clamped 4096
[kinematics-ws] K clamp binds: eid 1002 demanded 14790 clamped 4096
[kinematics-ws] K clamp binds: eid 1001 demanded 30229 clamped 4096
[kinematics-ws] K clamp binds: eid 1002 demanded 14812 clamped 4096
[kinematics-ws] K clamp binds: eid 1003 demanded 7270 clamped 4096
[kinematics-ws] K clamp binds: eid 1001 demanded 30174 clamped 4096
[kinematics-ws] K clamp binds: eid 1003 demanded 7261 clamped 4096
[kinematics-ws] K clamp binds: eid 1002 demanded 14801 clamped 4096
[kinematics-ws] K clamp binds: eid 1003 demanded 7254 clamped 4096
[kinematics-ws] K clamp binds: eid 1002 demanded 14796 clamped 4096
[kinematics-ws] K clamp binds: eid 1001 demanded 30185 clamped 4096
[kinematics-ws] K clamp binds: eid 1002 demanded 14814 clamped 4096
[kinematics-ws] K clamp binds: eid 1003 demanded 7249 clamped 4096
[kinematics-ws] K clamp binds: eid 1001 demanded 30240 clamped 4096
[kinematics-ws] K clamp binds: eid 1002 demanded 14790 clamped 4096
[kinematics-ws] K clamp binds: eid 1001 demanded 30215 clamped 4096
[kinematics-ws] K clamp binds: eid 1003 demanded 7247 clamped 4096
[kinematics-ws] K clamp binds: eid [kinematics-ws] K clamp binds: eid 10011002  demanded demanded 3016714813  clampedclamped  40964096

[kinematics-ws] K clamp binds: eid 1003 demanded 7248 clamped 4096
[kinematics-ws] K clamp binds: eid [kinematics-ws] K clamp binds: eid[kinematics-ws] K clamp binds: eid1002  demanded 14798  clamped 1003 1001demanded4096 7252 clamped 
4096 demanded 30210 clamped 4096

[kinematics-ws] K clamp binds: eid 1001 demanded 30240 clamped 4096
[kinematics-ws] K clamp binds: eid 1003 demanded 7258 clamped 4096
[kinematics-ws] K clamp binds: eid 1002 demanded 14800 clamped 4096
[kinematics-ws] K clamp binds: eid 1001 demanded 30179 clamped 4096
[kinematics-ws] K clamp binds: eid 1003 demanded 7265 clamped 4096
[kinematics-ws] K clamp binds: eid 1002 demanded 14811 clamped 4096
[kinematics-ws] K clamp binds: eid 1001 demanded 30185 clamped 4096
[kinematics-ws] K clamp binds: eid 1003 demanded 7272 clamped 4096
[kinematics-ws] K clamp binds: eid 1002 demanded 14791 clamped 4096
[kinematics-ws] K clamp binds: eid 1002 demanded 14815 clamped 4096
[kinematics-ws] K clamp binds: eid 1001 demanded 30242 clamped 4096
[kinematics-ws] K clamp binds: eid 1003 demanded 7278 clamped 4096
[kinematics-ws] K clamp binds: eid 1001 demanded 30193 clamped 4096
[kinematics-ws] K clamp binds: eid 1003 demanded 7282 clamped 4096
[kinematics-ws] K clamp binds: eid 1002 demanded 14792 clamped 4096
[kinematics-ws] K clamp binds: eid 1003 demanded 7285 clamped 4096
[kinematics-ws] K clamp binds: eid 1002 demanded 14809 clamped 4096
[kinematics-ws] K clamp binds: eid 1001 demanded 30176 clamped 4096
[kinematics-ws] K clamp binds: eid 1002 demanded 14801 clamped 4096
[kinematics-ws] K clamp binds: eid 1001 demanded 30240 clamped 4096
[kinematics-ws] K clamp binds: eid 1003 demanded 7285 clamped 4096
[kinematics-ws] K clamp binds: eid 1001 demanded 30196 clamped 4096
[kinematics-ws] K clamp binds: eid 1003 demanded 7283 clamped 4096
[kinematics-ws] K clamp binds: eid 1002 demanded 14799 clamped 4096
[kinematics-ws] K clamp binds: eid 1001 demanded 30176 clamped 4096
[kinematics-ws] K clamp binds: eid 1003 demanded 7280 clamped 4096
[kinematics-ws] K clamp binds: eid 1002 demanded 14811 clamped 4096
[kinematics-ws] K clamp binds: eid 1001 demanded 30241 clamped 4096
[kinematics-ws] K clamp binds: eid 1003 demanded 7275 clamped 4096
[kinematics-ws] K clamp binds: eid 1002 demanded 14791 clamped 4096
[kinematics-ws] K clamp binds: eid 1001 demanded 30187 clamped 4096
[kinematics-ws] K clamp binds: eid 1003 demanded 7270 clamped 4096
[kinematics-ws] K clamp binds: eid 1002 demanded 14816 clamped 4096
[kinematics-ws] K clamp binds: eid 1001 demanded 30186 clamped 4096
[kinematics-ws] K clamp binds: eid 1002 demanded 14790 clamped 4096
[kinematics-ws] K clamp binds: eid 1003 demanded 7265 clamped 4096
[kinematics-ws] K clamp binds: eid 1001 demanded 30240 clamped 4096
[kinematics-ws] K clamp binds: eid 1002 demanded 14814 clamped 4096
[kinematics-ws] K clamp binds: eid 1003 demanded 7260 clamped 4096
[kinematics-ws] K clamp binds: eid 1002 demanded 14794 clamped 4096
[kinematics-ws] K clamp binds: eid 1003 demanded 7255 clamped 4096
[kinematics-ws] K clamp binds: eid 1001 demanded 30171 clamped 4096
[kinematics-ws] K clamp binds: eid 1002 demanded 14809 clamped 4096
[kinematics-ws] K clamp binds: eid 1001 demanded 30212 clamped 4096
[kinematics-ws] K clamp binds: eid 1003 demanded 7252 clamped 4096
[kinematics-ws] K clamp binds: eid 1002 demanded 14800 clamped 4096
[kinematics-ws] K clamp binds: eid 1001 demanded 30222 clamped 4096
[kinematics-ws] K clamp binds: eid 1003 demanded 7249 clamped 4096
[kinematics-ws] K clamp binds: eid 1001 demanded 30167 clamped 4096
[kinematics-ws] K clamp binds: eid 1003 demanded 7248 clamped 4096
[kinematics-ws] K clamp binds: eid 1002 demanded 14802 clamped 4096
[kinematics-ws] K clamp binds: eid 1001 demanded 30239 clamped 4096
[kinematics-ws] K clamp binds: eid 1003 demanded 7248 clamped 4096
[kinematics-ws] K clamp binds: eid 1002 demanded 14806 clamped 4096
[kinematics-ws] K clamp binds: eid[kinematics-ws] K clamp binds: eid  10011002 demanded  30181 demandedclamped  14797 clamped 40964096

[kinematics-ws] K clamp binds: eid 1003 demanded 7249 clamped 4096
[kinematics-ws] K clamp binds: eid 1002 demanded 14811 clamped 4096
[kinematics-ws] K clamp binds: eid 1003 demanded 7250 clamped 4096
[kinematics-ws] K clamp binds: eid 1001 demanded 30203 clamped 4096
[kinematics-ws] K clamp binds: eid 1001 demanded 30223 clamped 4096
[kinematics-ws] K clamp binds: eid 1002 demanded 14793 clamped 4096
[kinematics-ws] K clamp binds: eid 1003 demanded 7252 clamped 4096
[kinematics-ws] K clamp binds: eid 1001 demanded 30169 clamped 4096
[kinematics-ws] K clamp binds: eid 1002 demanded 14814 clamped 4096
[kinematics-ws] K clamp binds: eid 1003 demanded 7255 clamped 4096
[kinematics-ws] K clamp binds: eid 1003 demanded 7258 clamped 4096
[kinematics-ws] K clamp binds: eid 1002 demanded 14791 clamped 4096
[kinematics-ws] K clamp binds: eid 1001 demanded 30241 clamped 4096
[kinematics-ws] K clamp binds: eid 1001 demanded 30168 clamped 4096
[kinematics-ws] K clamp binds: eid 1002 demanded 14816 clamped 4096
[kinematics-ws] K clamp binds: eid 1003 demanded 7261 clamped 4096
[kinematics-ws] K clamp binds: eid 1001 demanded 30227 clamped 4096
[kinematics-ws] K clamp binds: eid 1002 demanded 14790 clamped 4096
[kinematics-ws] K clamp binds: eid 1003 demanded 7264 clamped 4096
[kinematics-ws] K clamp binds: eid 1001 demanded 30191 clamped 4096
[kinematics-ws] K clamp binds: eid 1003 demanded 7267 clamped 4096
[kinematics-ws] K clamp binds: eid 1002 demanded 14816 clamped 4096
[kinematics-ws] K clamp binds: eid 1003 demanded 7270 clamped 4096
[kinematics-ws] K clamp binds: eid 1002 demanded 14790 clamped 4096
[kinematics-ws] K clamp binds: eid 1001 demanded 30201 clamped 4096
[kinematics-ws] K clamp binds: eid 1002 demanded 14816 clamped 4096
[kinematics-ws] K clamp binds: eid 1003 demanded 7273 clamped 4096
[kinematics-ws] K clamp binds: eid 1001 demanded 30216 clamped 4096
[kinematics-ws] K clamp binds: eid 1001 demanded 30180 clamped 4096
[kinematics-ws] K clamp binds: eid 1002 demanded 14790 clamped 4096
[kinematics-ws] K clamp binds: eid 1003 demanded 7275 clamped 4096
[kinematics-ws] K clamp binds: eid 1001 demanded 30232 clamped 4096
[kinematics-ws] K clamp binds: eid 1003 demanded 7277 clamped 4096
[kinematics-ws] K clamp binds: eid 1002 demanded 14817 clamped 4096
[kinematics-ws] K clamp binds: eid 1003 demanded 7279 clamped 4096
[kinematics-ws] K clamp binds: eid 1001 demanded 30169 clamped 4096
[kinematics-ws] K clamp binds: eid 1002 demanded 14790 clamped 4096
[kinematics-ws] K clamp binds: eid 1002 demanded 14817 clamped 4096
[kinematics-ws] K clamp binds: eid 1003 demanded 7281 clamped 4096
[kinematics-ws] K clamp binds: eid 1001 demanded 30239 clamped 4096
[kinematics-ws] K clamp binds: eid 1002 demanded 14790 clamped 4096
[kinematics-ws] K clamp binds: eid 1003 demanded 7282 clamped 4096
[kinematics-ws] K clamp binds: eid 1001 demanded 30165 clamped 4096
[kinematics-ws] K clamp binds: eid 1001 demanded 30242 clamped 4096
[kinematics-ws] K clamp binds: eid 1002 demanded 14817 clamped 4096
[kinematics-ws] K clamp binds: eid 1003 demanded 7283 clamped 4096
[kinematics-ws] K clamp binds: eid 1001 demanded 30165 clamped 4096
[kinematics-ws] K clamp binds: eid 1003 demanded 7284 clamped 4096
[kinematics-ws] K clamp binds: eid 1002 demanded 14791 clamped 4096
[kinematics-ws] K clamp binds: eid 1001 demanded 30242 clamped 4096
[kinematics-ws] K clamp binds: eid 1003 demanded 7285 clamped 4096
[kinematics-ws] K clamp binds: eid 1002 demanded 14816 clamped 4096
[kinematics-ws] K clamp binds: eid [kinematics-ws] K clamp binds: eid 1002 1001 demanded 14792 clamped demanded 30165 clamped 40964096

[kinematics-ws] K clamp binds: eid 1003 demanded 7285 clamped 4096
[kinematics-ws] K clamp binds: eid 1002 demanded 14815 clamped 4096
[kinematics-ws] K clamp binds: eid 1001 demanded 30242 clamped 4096
[kinematics-ws] K clamp binds: eid 1003 demanded 7285 clamped 4096
[kinematics-ws] K clamp binds: eid 1001 demanded 30166 clamped 4096
[kinematics-ws] K clamp binds: eid 1002 demanded 14793 clamped 4096
[kinematics-ws] K clamp binds: eid 1003 demanded 7286 clamped 4096
[kinematics-ws] K clamp binds: eid 1003 demanded 7286 clamped 4096
[kinematics-ws] K clamp binds: eid 1002 demanded 14813 clamped 4096
[kinematics-ws] K clamp binds: eid 1001 demanded 30240 clamped 4096
[kinematics-ws] K clamp binds: eid 1002 demanded 14797 clamped 4096
[kinematics-ws] K clamp binds: eid 1001 demanded 30170 clamped 4096
[kinematics-ws] K clamp binds: eid 1003 demanded 7286 clamped 4096
[kinematics-ws] K clamp binds: eid 1002 demanded 14809 clamped 4096
[kinematics-ws] K clamp binds: eid 1003 demanded 7286 clamped 4096
[kinematics-ws] K clamp binds: eid 1001 demanded 30234 clamped 4096
[kinematics-ws] K clamp binds: eid 1002 demanded 14802 clamped 4096
[kinematics-ws] K clamp binds: eid 1001 demanded 30182 clamped 4096
[kinematics-ws] K clamp binds: eid 1003 demanded 7286 clamped 4096
[kinematics-ws] K clamp binds: eid 1003 demanded 7286 clamped 4096
[kinematics-ws] K clamp binds: eid 1002 demanded 14803 clamped 4096
[kinematics-ws] K clamp binds: eid 1001 demanded 30218 clamped 4096
[kinematics-ws] K clamp binds: eid 1002 demanded 14809 clamped 4096
[kinematics-ws] K clamp binds: eid 1003 demanded 7286 clamped 4096
[kinematics-ws] K clamp binds: eid 1001 demanded 30203 clamped 4096
[kinematics-ws] K clamp binds: eid 1001 demanded 30193 clamped 4096
[kinematics-ws] K clamp binds: eid 1003 demanded 7286 clamped 4096
[kinematics-ws] K clamp binds: eid 1002 demanded 14797 clamped 4096
[kinematics-ws] K clamp binds: eid 1001 demanded 30230 clamped 4096
[kinematics-ws] K clamp binds: eid 1002 demanded 14815 clamped 4096
[kinematics-ws] K clamp binds: eid 1003 demanded 7286 clamped 4096
[kinematics-ws] K clamp binds: eid 1003 demanded 7286 clamped 4096
[kinematics-ws] K clamp binds: eid 1002 demanded 14792 clamped 4096
[kinematics-ws] K clamp binds: eid 1001 demanded 30171 clamped 4096
[kinematics-ws] K clamp binds: eid 1003 demanded 7286 clamped 4096
[kinematics-ws] K clamp binds: eid 1001 demanded 30245 clamped 4096
[kinematics-ws] K clamp binds: eid 1002 demanded 14818 clamped 4096
[kinematics-ws] K clamp binds: eid 1002 demanded 14793 clamped 4096
[kinematics-ws] K clamp binds: eid 1003 demanded 7285 clamped 4096
[kinematics-ws] K clamp binds: eid 1001 demanded 30171 clamped 4096
[kinematics-ws] K clamp binds: eid 1001 demanded 30227 clamped 4096
[kinematics-ws] K clamp binds: eid 1002 demanded 14815 clamped 4096
[kinematics-ws] K clamp binds: eid 1003 demanded 7285 clamped 4096
[kinematics-ws] K clamp binds: eid 1001 demanded 30206 clamped 4096
[kinematics-ws] K clamp binds: eid 1002 demanded 14799 clamped 4096
[kinematics-ws] K clamp binds: eid 1003 demanded 7284 clamped 4096
[kinematics-ws] K clamp binds: eid 1001 demanded 30185 clamped 4096
[kinematics-ws] K clamp binds: eid 1003 demanded 7283 clamped 4096
[kinematics-ws] K clamp binds: eid 1002 demanded 14806 clamped 4096
[kinematics-ws] K clamp binds: eid 1001 demanded 30244 clamped 4096
[kinematics-ws] K clamp binds: eid 1003 demanded 7282 clamped 4096
[kinematics-ws] K clamp binds: eid 1002 demanded 14810 clamped 4096
[kinematics-ws] K clamp binds: eid 1003 demanded 7281 clamped 4096
[kinematics-ws] K clamp binds: eid 1002 demanded 14796 clamped 4096
[kinematics-ws] K clamp binds: eid 1001 demanded 30170 clamped 4096
[kinematics-ws] K clamp binds: eid 1003 demanded 7280 clamped 4096
[kinematics-ws] K clamp binds: eid 1001 demanded 30227 clamped 4096
[kinematics-ws] K clamp binds: eid 1002 demanded 14818 clamped 4096
[kinematics-ws] K clamp binds: eid 1001 demanded 30216 clamped 4096
[kinematics-ws] K clamp binds: eid 1002 demanded 14793 clamped 4096
[kinematics-ws] K clamp binds: eid 1003 demanded 7278 clamped 4096
[kinematics-ws] K clamp binds: eid 1001 demanded 30175 clamped 4096
[kinematics-ws] K clamp binds: eid 1002 demanded 14816 clamped 4096
[kinematics-ws] K clamp binds: eid 1003 demanded 7276 clamped 4096
[kinematics-ws] K clamp binds: eid 1001 demanded 30246 clamped 4096
[kinematics-ws] K clamp binds: eid 1003 demanded 7274 clamped 4096
[kinematics-ws] K clamp binds: eid 1002 demanded 14802 clamped 4096
[kinematics-ws] K clamp binds: eid 1002 demanded 14804 clamped 4096
[kinematics-ws] K clamp binds: eid 1001 demanded 30191 clamped 4096
[kinematics-ws] K clamp binds: eid 1003 demanded 7271 clamped 4096
[kinematics-ws] K clamp binds: eid 1001 demanded 30193 clamped 4096
[kinematics-ws] K clamp binds: eid 1003 demanded 7268 clamped 4096
[kinematics-ws] K clamp binds: eid 1002 demanded 14815 clamped 4096
[kinematics-ws] K clamp binds: eid 1001 demanded 30247 clamped 4096
[kinematics-ws] K clamp binds: eid 1002 demanded 14794 clamped 4096
[kinematics-ws] K clamp binds: eid 1003 demanded 7266 clamped 4096
[kinematics-ws] K clamp binds: eid 1003 demanded 7263 clamped 4096
[kinematics-ws] K clamp binds: eid 1002 demanded 14819 clamped 4096
[kinematics-ws] K clamp binds: eid 1001 demanded 30180 clamped 4096
[kinematics-ws] K clamp binds: eid 1001 demanded 30204 clamped 4096
[kinematics-ws] K clamp binds: eid 1002 demanded 14799 clamped 4096
[kinematics-ws] K clamp binds: eid 1003 demanded 7260 clamped 4096
[kinematics-ws] K clamp binds: eid 1001 demanded 30246 clamped 4096
[kinematics-ws] K clamp binds: eid 1002 demanded 14806 clamped 4096
[kinematics-ws] K clamp binds: eid 1003 demanded 7257 clamped 4096
[kinematics-ws] K clamp binds: eid 1003 demanded 7254 clamped 4096
[kinematics-ws] K clamp binds: eid 1002 demanded 14815 clamped 4096
[kinematics-ws] K clamp binds: eid 1001 demanded 30180 clamped 4096
[kinematics-ws] K clamp binds: eid 1001 demanded 30203 clamped 4096
[kinematics-ws] K clamp binds: eid 1003 demanded 7252 clamped 4096
[kinematics-ws] K clamp binds: eid 1002 demanded 14794 clamped 4096
[kinematics-ws] K clamp binds: eid 1001 demanded 30249 clamped 4096
[kinematics-ws] K clamp binds: eid 1003 demanded 7250 clamped 4096
[kinematics-ws] K clamp binds: eid 1002 demanded 14819 clamped 4096
[kinematics-ws] K clamp binds: eid 1001 demanded 30189 clamped 4096
[kinematics-ws] K clamp binds: eid 1002 demanded 14802 clamped 4096
[kinematics-ws] K clamp binds: eid 1003 demanded 7250 clamped 4096
[kinematics-ws] K clamp binds: eid 1001 demanded 30190 clamped 4096
[kinematics-ws] K clamp binds: eid 1002 demanded 14803 clamped 4096
[kinematics-ws] K clamp binds: eid 1003 demanded 7249 clamped 4096
[kinematics-ws] K clamp binds: eid 1003 demanded 7250 clamped 4096
[kinematics-ws] K clamp binds: eid 1002 demanded 14819 clamped 4096
[kinematics-ws] K clamp binds: eid 1001 demanded 30250 clamped 4096
[kinematics-ws] K clamp binds: eid 1002 demanded 14795 clamped 4096
[kinematics-ws] K clamp binds: eid 1001 demanded 30212 clamped 4096
[kinematics-ws] K clamp binds: eid 1003 demanded 7252 clamped 4096
[kinematics-ws] K clamp binds: eid 1001 demanded 30175 clamped 4096
[kinematics-ws] K clamp binds: eid 1002 demanded 14814 clamped 4096
[kinematics-ws] K clamp binds: eid 1003 demanded 7255 clamped 4096
[kinematics-ws] K clamp binds: eid 1001 demanded 30232 clamped 4096
[kinematics-ws] K clamp binds: eid 1002 demanded 14812 clamped 4096
[kinematics-ws] K clamp binds: eid 1003 demanded 7259 clamped 4096
[kinematics-ws] K clamp binds: eid 1002 demanded 14797 clamped 4096
[kinematics-ws] K clamp binds: eid 1001 demanded 30245 clamped 4096
[kinematics-ws] K clamp binds: eid 1003 demanded 7264 clamped 4096
[kinematics-ws] K clamp binds: eid 1003 demanded 7269 clamped 4096
[kinematics-ws] K clamp binds: eid 1001 demanded 30186 clamped 4096
[kinematics-ws] K clamp binds: eid 1002 demanded 14821 clamped 4096
[kinematics-ws] K clamp binds: eid 1003 demanded 7274 clamped 4096
[kinematics-ws] K clamp binds: eid 1002 demanded 14804 clamped 4096
[kinematics-ws] K clamp binds: eid 1001 demanded 30191 clamped 4096
[kinematics-ws] K clamp binds: eid 1002 demanded 14802 clamped 4096
[kinematics-ws] K clamp binds: eid 1003 demanded 7279 clamped 4096
[kinematics-ws] K clamp binds: eid 1001 demanded 30248 clamped 4096
[kinematics-ws] K clamp binds: eid 1001 demanded 30235 clamped 4096
[kinematics-ws] K clamp binds: eid 1002 demanded 14822 clamped 4096
[kinematics-ws] K clamp binds: eid 1003 demanded 7283 clamped 4096
[kinematics-ws] K clamp binds: eid 1003 demanded 7286 clamped 4096
[kinematics-ws] K clamp binds: eid 1002 demanded 14800 clamped 4096
[kinematics-ws] K clamp binds: eid 1001 demanded 30181 clamped 4096
[kinematics-ws] K clamp binds: eid 1003 demanded 7287 clamped 4096
[kinematics-ws] K clamp binds: eid 1002 demanded 14808 clamped 4096
[kinematics-ws] K clamp binds: eid 1001 demanded 30196 clamped 4096
[kinematics-ws] K clamp binds: eid 1001 demanded 30249 clamped 4096
[kinematics-ws] K clamp binds: eid 1003 demanded 7287 clamped 4096
[kinematics-ws] K clamp binds: eid 1002 demanded 14821 clamped 4096
[kinematics-ws] K clamp binds: eid 1002 demanded 14798 clamped 4096
[kinematics-ws] K clamp binds: eid 1001 demanded 30242 clamped 4096
[kinematics-ws] K clamp binds: eid 1003 demanded 7284 clamped 4096
[kinematics-ws] K clamp binds: eid 1001 demanded 30190 clamped 4096
[kinematics-ws] K clamp binds: eid 1003 demanded 7280 clamped 4096
[kinematics-ws] K clamp binds: eid 1002 demanded 14811 clamped 4096
[kinematics-ws] K clamp binds: eid 1002 demanded 14820 clamped 4096
[kinematics-ws] K clamp binds: eid 1003 demanded 7274 clamped 4096
[kinematics-ws] K clamp binds: eid 1001 demanded 30184 clamped 4096
[kinematics-ws] K clamp binds: eid 1002 demanded 14798 clamped 4096
[kinematics-ws] K clamp binds: eid 1001 demanded 30232 clamped 4096
[kinematics-ws] K clamp binds: eid 1003 demanded 7267 clamped 4096
[kinematics-ws] K clamp binds: eid 1003 demanded 7261 clamped 4096
[kinematics-ws] K clamp binds: eid 1001 demanded 30257 clamped 4096
[kinematics-ws] K clamp binds: eid 1002 demanded 14813 clamped 4096
[kinematics-ws] K clamp binds: eid 1003 demanded 7255 clamped 4096
[kinematics-ws] K clamp binds: eid 1002 demanded 14820 clamped 4096
[kinematics-ws] K clamp binds: eid 1001 demanded 30223 clamped 4096
[kinematics-ws] K clamp binds: eid 1001 demanded 30183 clamped 4096
[kinematics-ws] K clamp binds: eid 1003 demanded 7251 clamped 4096
[kinematics-ws] K clamp binds: eid 1002 demanded 14798 clamped 4096
[kinematics-ws] K clamp binds: eid 1003 demanded 7249 clamped 4096
[kinematics-ws] K clamp binds: eid 1001 demanded 30192 clamped 4096
[kinematics-ws] K clamp binds: eid 1002 demanded 14812 clamped 4096
[kinematics-ws] K clamp binds: eid 1001 demanded 30236 clamped 4096
[kinematics-ws] K clamp binds: eid 1003 demanded 7251 clamped 4096
[kinematics-ws] K clamp binds: eid 1002 demanded 14822 clamped 4096
[kinematics-ws] K clamp binds: eid 1001 demanded 30259 clamped 4096
[kinematics-ws] K clamp binds: eid 1003 demanded 7255 clamped 4096
[kinematics-ws] K clamp binds: eid 1002 demanded 14800 clamped 4096
[kinematics-ws] K clamp binds: eid 1001 demanded 30235 clamped 4096
[kinematics-ws] K clamp binds: eid 1003 demanded 7261 clamped 4096
[kinematics-ws] K clamp binds: eid 1002 demanded 14809 clamped 4096
[kinematics-ws] K clamp binds: eid 1002 demanded 14824 clamped 4096
[kinematics-ws] K clamp binds: eid [kinematics-ws] K clamp binds: eid 10011003 demanded  30195demanded  7269 clamped clamped 40964096

[kinematics-ws] K clamp binds: eid 1001 demanded 30182 clamped 4096
[kinematics-ws] K clamp binds: eid 1002 demanded 14804 clamped 4096
[kinematics-ws] K clamp binds: eid 1003 demanded 7277 clamped 4096
[kinematics-ws] K clamp binds: eid 1002 demanded 14805 clamped 4096[kinematics-ws] K clamp binds: eid 
1001 demanded 30208 clamped 4096
[kinematics-ws] K clamp binds: eid 1003 demanded 7283 clamped 4096
[kinematics-ws] K clamp binds: eid 1002 demanded 14825 clamped 4096
[kinematics-ws] K clamp binds: eid 1003 demanded 7287 clamped 4096
[kinematics-ws] K clamp binds: eid 1001 demanded 30246 clamped 4096
[kinematics-ws] K clamp binds: eid[kinematics-ws] K clamp binds: eid  10031001  demanded 7287 demanded clamped 30261 clamped 40964096

[kinematics-ws] K clamp binds: eid 1002 demanded 14811 clamped 4096
[kinematics-ws] K clamp binds: eid 1002 demanded 14801 clamped 4096
[kinematics-ws] K clamp binds: eid 1003 demanded 7283 clamped 4096
[kinematics-ws] K clamp binds: eid 1001 demanded 30243 clamped 4096
[kinematics-ws] K clamp binds: eid 1002 demanded 14821 clamped 4096
[kinematics-ws] K clamp binds: eid 1001 demanded 30210 clamped 4096
[kinematics-ws] K clamp binds: eid 1003 demanded 7276 clamped 4096
[kinematics-ws] K clamp binds: eid 1001 demanded 30186 clamped 4096
[kinematics-ws] K clamp binds: eid 1003 demanded 7267 clamped 4096
[kinematics-ws] K clamp binds: eid 1002 demanded 14820 clamped 4096
[kinematics-ws] K clamp binds: eid 1001 demanded 30187 clamped 4096
[kinematics-ws] K clamp binds: eid 1002 demanded 14801 clamped 4096
[kinematics-ws] K clamp binds: eid 1003 demanded 7259 clamped 4096
[kinematics-ws] K clamp binds: eid 1001 demanded 30210 clamped 4096
[kinematics-ws] K clamp binds: eid 1003 demanded 7252 clamped 4096
[kinematics-ws] K clamp binds: eid 1002 demanded 14812 clamped 4096
[kinematics-ws] K clamp binds: eid 1001 demanded 30240 clamped 4096
[kinematics-ws] K clamp binds: eid 1003 demanded 7250 clamped 4096
[kinematics-ws] K clamp binds: eid 1002 demanded 14826 clamped 4096
[kinematics-ws] K clamp binds: eid 1001 demanded 30260 clamped 4096
[kinematics-ws] K clamp binds: eid 1002 demanded 14809 clamped 4096
[kinematics-ws] K clamp binds: eid 1003 demanded 7251 clamped 4096
[kinematics-ws] K clamp binds: eid 1003 demanded 7258 clamped 4096
[kinematics-ws] K clamp binds: eid 1001 demanded 30261 clamped 4096
[kinematics-ws] K clamp binds: eid 1002 demanded 14803 clamped 4096
[kinematics-ws] K clamp binds: eid 1002 demanded 14822 clamped 4096
[kinematics-ws] K clamp binds: eid 1003 demanded 7267 clamped 4096
[kinematics-ws] K clamp binds: eid 1001 demanded 30246 clamped 4096
[kinematics-ws] K clamp binds: eid 1003 demanded 7276 clamped 4096
[kinematics-ws] K clamp binds: eid 1001 demanded 30223 clamped 4096
[kinematics-ws] K clamp binds: eid 1002 demanded 14823 clamped 4096
[kinematics-ws] K clamp binds: eid 1003 demanded 7284 clamped 4096
[kinematics-ws] K clamp binds: eid 1001 demanded 30201 clamped 4096
[kinematics-ws] K clamp binds: eid 1002 demanded 14804 clamped 4096
[kinematics-ws] K clamp binds: eid 1002 demanded 14808 clamped 4096
[kinematics-ws] K clamp binds: eid 1001 demanded 30188 clamped 4096
[kinematics-ws] K clamp binds: eid 1003 demanded 7287 clamped 4096
[kinematics-ws] K clamp binds: eid 1003 demanded 7285 clamped 4096
[kinematics-ws] K clamp binds: eid 1001 demanded 30186 clamped 4096
[kinematics-ws] K clamp binds: eid 1002 demanded 14826 clamped 4096
[kinematics-ws] K clamp binds: eid 1003 demanded 7278 clamped 4096
[kinematics-ws] K clamp binds: eid 1002 demanded 14819 clamped 4096
[kinematics-ws] K clamp binds: eid 1001 demanded 30195 clamped 4096
[kinematics-ws] K clamp binds: eid 1003 demanded 7267 clamped 4096
[kinematics-ws] K clamp binds: eid 1001 demanded 30210 clamped 4096
[kinematics-ws] K clamp binds: eid 1002 demanded 14803 clamped 4096
[kinematics-ws] K clamp binds: eid 1001 demanded 30227 clamped 4096
[kinematics-ws] K clamp binds: eid 1003 demanded 7257 clamped 4096
[kinematics-ws] K clamp binds: eid 1002 demanded 14812 clamped 4096
[kinematics-ws] K clamp binds: eid 1002 demanded 14828 clamped 4096
[kinematics-ws] K clamp binds: eid 1001 demanded 30243 clamped 4096
[kinematics-ws] K clamp binds: eid 1003 demanded 7251 clamped 4096
[kinematics-ws] K clamp binds: eid 1001 demanded 30255 clamped 4096
[kinematics-ws] K clamp binds: eid 1003 demanded 7250 clamped 4096
[kinematics-ws] K clamp binds: eid 1002 demanded 14818 clamped 4096
[kinematics-ws] K clamp binds: eid 1001 demanded 30262 clamped 4096
[kinematics-ws] K clamp binds: eid 1002 demanded 14803 clamped 4096
[kinematics-ws] K clamp binds: eid 1003 demanded 7256 clamped 4096
[kinematics-ws] K clamp binds: eid 1001 demanded 30265 clamped 4096
[kinematics-ws] K clamp binds: eid 1002 demanded 14813 clamped 4096
[kinematics-ws] K clamp binds: eid 1003 demanded 7266 clamped 4096
[kinematics-ws] K clamp binds: eid 1001 demanded 30265 clamped 4096
[kinematics-ws] K clamp binds: eid 1002 demanded 14828 clamped 4096
[kinematics-ws] K clamp binds: eid 1003 demanded 7277 clamped 4096
[kinematics-ws] K clamp binds: eid 1002 demanded 14820 clamped 4096
[kinematics-ws] K clamp binds: eid 1003 demanded 7285 clamped 4096
[kinematics-ws] K clamp binds: eid 1001 demanded 30262 clamped 4096
[kinematics-ws] K clamp binds: eid 1002 demanded 14804 clamped 4096
[kinematics-ws] K clamp binds: eid 1001 demanded 30258 clamped 4096
[kinematics-ws] K clamp binds: eid 1003 demanded 7287 clamped 4096
[kinematics-ws] K clamp binds: eid 1001 demanded 30253 clamped 4096
[kinematics-ws] K clamp binds: eid 1003 demanded 7282 clamped 4096
[kinematics-ws] K clamp binds: eid 1002 demanded 14811 clamped 4096
[kinematics-ws] K clamp binds: eid 1002 demanded 14827 clamped 4096
[kinematics-ws] K clamp binds: eid 1003 demanded 7271 clamped 4096
[kinematics-ws] K clamp binds: eid 1001 demanded 30248 clamped 4096
[kinematics-ws] K clamp binds: eid 1002 demanded 14825 clamped 4096
[kinematics-ws] K clamp binds: eid 1001 demanded 30244 clamped 4096
[kinematics-ws] K clamp binds: eid 1003 demanded 7259 clamped 4096
[kinematics-ws] K clamp binds: eid 1002 demanded 14809 clamped 4096
[kinematics-ws] K clamp binds: eid 1003 demanded 7251 clamped 4096
[kinematics-ws] K clamp binds: eid 1001 demanded 30241 clamped 4096
[kinematics-ws] K clamp binds: eid 1002 demanded 14806 clamped 4096
[kinematics-ws] K clamp binds: eid 1001 demanded 30239 clamped 4096
[kinematics-ws] K clamp binds: eid 1003 demanded 7250 clamped 4096
[kinematics-ws] K clamp binds: eid 1001 demanded 30238 clamped 4096
[kinematics-ws] K clamp binds: eid 1003 demanded 7257 clamped 4096
[kinematics-ws] K clamp binds: eid 1002 demanded 14822 clamped 4096
[kinematics-ws] K clamp binds: eid 1001 demanded 30238 clamped 4096
[kinematics-ws] K clamp binds: eid 1003 demanded 7269 clamped 4096
[kinematics-ws] K clamp binds: eid 1002 demanded 14830 clamped 4096
[kinematics-ws] K clamp binds: eid 1001 demanded 30239 clamped 4096
[kinematics-ws] K clamp binds: eid 1003 demanded 7281 clamped 4096
[kinematics-ws] K clamp binds: eid 1002 demanded 14818 clamped 4096
[kinematics-ws] K clamp binds: eid 1001 demanded 30242 clamped 4096
[kinematics-ws] K clamp binds: eid 1003 demanded 7287 clamped 4096
[kinematics-ws] K clamp binds: eid 1002 demanded 14805 clamped 4096
[kinematics-ws] K clamp binds: eid 1003 demanded 7285 clamped 4096
[kinematics-ws] K clamp binds: eid 1002 demanded 14812 clamped 4096
[kinematics-ws] K clamp binds: eid 1001 demanded 30246 clamped 4096
[kinematics-ws] K clamp binds: eid 1001 demanded 30250 clamped 4096
[kinematics-ws] K clamp binds: eid 1003 demanded 7274 clamped 4096
[kinematics-ws] K clamp binds: eid 1002 demanded 14828 clamped 4096
[kinematics-ws] K clamp binds: eid 1003 demanded 7261 clamped 4096
[kinematics-ws] K clamp binds: eid 1002 demanded 14829 clamped 4096
[kinematics-ws] K clamp binds: eid 1001 demanded 30255 clamped 4096
[kinematics-ws] K clamp binds: eid 1002 demanded 14815 clamped 4096
[kinematics-ws] K clamp binds: eid 1003 demanded 7251 clamped 4096
[kinematics-ws] K clamp binds: eid 1001 demanded 30260 clamped 4096
[kinematics-ws] K clamp binds: eid 1002 demanded 14806 clamped 4096
[kinematics-ws] K clamp binds: eid 1003 demanded 7250 clamped 4096
[kinematics-ws] K clamp binds: eid 1001 demanded 30264 clamped 4096
[kinematics-ws] K clamp binds: eid 1001 demanded 30267 clamped 4096
[kinematics-ws] K clamp binds: eid 1002 demanded 14814 clamped 4096
[kinematics-ws] K clamp binds: eid 1003 demanded 7258 clamped 4096
[kinematics-ws] K clamp binds: eid 1001 demanded 30267 clamped 4096
[kinematics-ws] K clamp binds: eid 1002 demanded 14829 clamped 4096
[kinematics-ws] K clamp binds: eid 1003 demanded 7271 clamped 4096
[kinematics-ws] K clamp binds: eid 1001 demanded 30263 clamped 4096
[kinematics-ws] K clamp binds: eid 1003 demanded 7283 clamped 4096
[kinematics-ws] K clamp binds: eid 1002 demanded 14831 clamped 4096
[kinematics-ws] K clamp binds: eid 1001 demanded 30254 clamped 4096
[kinematics-ws] K clamp binds: eid 1002 demanded 14818 clamped 4096
[kinematics-ws] K clamp binds: eid 1003 demanded 7287 clamped 4096
[kinematics-ws] K clamp binds: eid 1002 demanded 14807 clamped 4096
[kinematics-ws] K clamp binds: eid 1001 demanded 30242 clamped 4096
[kinematics-ws] K clamp binds: eid 1003 demanded 7280 clamped 4096
[kinematics-ws] K clamp binds: eid 1001 demanded 30226 clamped 4096
[kinematics-ws] K clamp binds: eid 1003 demanded 7267 clamped 4096
[kinematics-ws] K clamp binds: eid 1002 demanded 14811 clamped 4096
[kinematics-ws] K clamp binds: eid 1002 demanded 14826 clamped 4096
[kinematics-ws] K clamp binds: eid 1003 demanded 7254 clamped 4096
[kinematics-ws] K clamp binds: eid 1001 demanded 30209 clamped 4096
[kinematics-ws] K clamp binds: eid 1001 demanded 30196 clamped 4096
[kinematics-ws] K clamp binds: eid 1003 demanded 7249 clamped 4096
[kinematics-ws] K clamp binds: eid 1002 demanded 14833 clamped 4096
[kinematics-ws] K clamp binds: eid 1002 demanded 14825 clamped 4096
[kinematics-ws] K clamp binds: eid 1001 demanded 30190 clamped 4096
[kinematics-ws] K clamp binds: eid 1003 demanded 7255 clamped 4096
[kinematics-ws] K clamp binds: eid 1003 demanded 7269 clamped 4096
[kinematics-ws] K clamp binds: eid 1001 demanded 30194 clamped 4096
[kinematics-ws] K clamp binds: eid 1002 demanded 14812 clamped 4096
[kinematics-ws] K clamp binds: eid 1001 demanded 30208 clamped 4096
[kinematics-ws] K clamp binds: eid 1003 demanded 7283 clamped 4096
[kinematics-ws] K clamp binds: eid 1002 demanded 14808 clamped 4096
[kinematics-ws] K clamp binds: eid 1001 demanded 30230 clamped 4096
[kinematics-ws] K clamp binds: eid 1002 demanded 14817 clamped 4096
[kinematics-ws] K clamp binds: eid 1003 demanded 7287 clamped 4096
[kinematics-ws] K clamp binds: eid 1001 demanded 30252 clamped 4096
[kinematics-ws] K clamp binds: eid 1002 demanded 14830 clamped 4096
[kinematics-ws] K clamp binds: eid 1003 demanded 7279 clamped 4096
[kinematics-ws] K clamp binds: eid 1001 demanded 30266 clamped 4096
[kinematics-ws] K clamp binds: eid 1002 demanded 14834 clamped 4096
[kinematics-ws] K clamp binds: eid 1003 demanded 7264 clamped 4096
[kinematics-ws] K clamp binds: eid 1001 demanded 30264 clamped 4096
[kinematics-ws] K clamp binds: eid 1002 demanded 14825 clamped 4096
[kinematics-ws] K clamp binds: eid 1003 demanded 7252 clamped 4096
[kinematics-ws] K clamp binds: eid 1002 demanded 14813 clamped 4096
[kinematics-ws] K clamp binds: eid 1003 demanded 7250 clamped 4096
[kinematics-ws] K clamp binds: eid 1001 demanded 30244 clamped 4096
[kinematics-ws] K clamp binds: eid 1002 demanded 14808 clamped 4096
[kinematics-ws] K clamp binds: eid 1003 demanded 7260 clamped 4096
[kinematics-ws] K clamp binds: eid 1001 demanded 30215 clamped 4096
[kinematics-ws] K clamp binds: eid 1002 demanded 14815 clamped 4096
[kinematics-ws] K clamp binds: eid 1001 demanded 30193 clamped 4096
[kinematics-ws] K clamp binds: eid 1003 demanded 7276 clamped 4096
[kinematics-ws] K clamp binds: eid 1001 demanded 30192 clamped 4096
[kinematics-ws] K clamp binds: eid 1003 demanded 7286 clamped 4096
[kinematics-ws] K clamp binds: eid 1002 demanded 14827 clamped 4096
[kinematics-ws] K clamp binds: eid 1002 demanded 14835 clamped 4096
[kinematics-ws] K clamp binds: eid 1001 demanded 30214 clamped 4096
[kinematics-ws] K clamp binds: eid 1003 demanded 7284 clamped 4096
[kinematics-ws] K clamp binds: eid 1002 demanded 14831 clamped 4096
[kinematics-ws] K clamp binds: eid 1003 demanded 7270 clamped 4096
[kinematics-ws] K clamp binds: eid 1001 demanded 30246 clamped 4096
[kinematics-ws] K clamp binds: eid 1003 demanded 7255 clamped 4096
[kinematics-ws] K clamp binds: eid 1002 demanded 14821 clamped 4096
[kinematics-ws] K clamp binds: eid 1001 demanded 30266 clamped 4096
[kinematics-ws] K clamp binds: eid 1002 demanded 14811 clamped 4096
[kinematics-ws] K clamp binds: eid 1001 demanded 30257 clamped 4096
[kinematics-ws] K clamp binds: eid 1003 demanded 7249 clamped 4096
[kinematics-ws] K clamp binds: eid 1002 demanded 14810 clamped 4096
[kinematics-ws] K clamp binds: eid 1003 demanded 7257 clamped 4096
[kinematics-ws] K clamp binds: eid 1001 demanded 30223 clamped 4096
[kinematics-ws] K clamp binds: eid 1003 demanded 7273 clamped 4096
[kinematics-ws] K clamp binds: eid 1002 demanded 14818 clamped 4096
[kinematics-ws] K clamp binds: eid 1001 demanded 30193 clamped 4096
[kinematics-ws] K clamp binds: eid 1001 demanded 30194 clamped 4096
[kinematics-ws] K clamp binds: eid 1002 demanded 14828 clamped 4096
[kinematics-ws] K clamp binds: eid 1003 demanded 7286 clamped 4096
[kinematics-ws] K clamp binds: eid[kinematics-ws] K clamp binds: eid  1001 1002 demandeddemanded  1483530228  clamped clamped 40964096

[kinematics-ws] K clamp binds: eid 1003 demanded 7284 clamped 4096
[kinematics-ws] K clamp binds: eid 1002 demanded 14834 clamped 4096
[kinematics-ws] K clamp binds: eid 1001 demanded 30262 clamped 4096
[kinematics-ws] K clamp binds: eid 1003 demanded 7270 clamped 4096
[kinematics-ws] K clamp binds: eid 1002 demanded 14826 clamped 4096
[kinematics-ws] K clamp binds: eid 1001 demanded 30259 clamped 4096
[kinematics-ws] K clamp binds: eid 1003 demanded 7254 clamped 4096
[kinematics-ws] K clamp binds: eid 1001 demanded 30220 clamped 4096
[kinematics-ws] K clamp binds: eid 1003 demanded 7249 clamped 4096
[kinematics-ws] K clamp binds: eid 1002 demanded 14816 clamped 4096
[kinematics-ws] K clamp binds: eid 1001 demanded 30189 clamped 4096
[kinematics-ws] K clamp binds: eid 1003 demanded 7259 clamped 4096
[kinematics-ws] K clamp binds: eid 1002 demanded 14810 clamped 4096
[kinematics-ws] K clamp binds: eid 1002 demanded 14812 clamped 4096
[kinematics-ws] K clamp binds: eid 1003 demanded 7276 clamped 4096
[kinematics-ws] K clamp binds: eid 1001 demanded 30205 clamped 4096
[kinematics-ws] K clamp binds: eid 1001 demanded 30250 clamped 4096
[kinematics-ws] K clamp binds: eid 1003 demanded 7287 clamped 4096
[kinematics-ws] K clamp binds: eid 1002 demanded 14820 clamped 4096
[kinematics-ws] K clamp binds: eid 1002 demanded 14829 clamped 4096
[kinematics-ws] K clamp binds: eid 1001 demanded 30264 clamped 4096
[kinematics-ws] K clamp binds: eid 1003 demanded 7281 clamped 4096
[kinematics-ws] K clamp binds: eid 1002 demanded 14836 clamped 4096
[kinematics-ws] K clamp binds: eid 1001 demanded 30227 clamped 4096
[kinematics-ws] K clamp binds: eid 1003 demanded 7264 clamped 4096
[kinematics-ws] K clamp binds: eid 1001 demanded 30189 clamped 4096
[kinematics-ws] K clamp binds: eid 1003 demanded 7250 clamped 4096
[kinematics-ws] K clamp binds: eid 1002 demanded 14836 clamped 4096
[kinematics-ws] K clamp binds: eid 1001 demanded 30208 clamped 4096
[kinematics-ws] K clamp binds: eid 1002 demanded 14831 clamped 4096
[kinematics-ws] K clamp binds: eid 1003 demanded 7251 clamped 4096
[kinematics-ws] K clamp binds: eid 1002 demanded 14823 clamped 4096
[kinematics-ws] K clamp binds: eid 1001 demanded 30256 clamped 4096
[kinematics-ws] K clamp binds: eid 1003 demanded 7267 clamped 4096
[kinematics-ws] K clamp binds: eid 1002 demanded 14815 clamped 4096
[kinematics-ws] K clamp binds: eid 1001 demanded 30256 clamped 4096
[kinematics-ws] K clamp binds: eid 1003 demanded 7283 clamped 4096
[kinematics-ws] K clamp binds: eid 1003 demanded 7285 clamped 4096
[kinematics-ws] K clamp binds: eid 1002 demanded 14811 clamped 4096
[kinematics-ws] K clamp binds: eid 1001 demanded 30206 clamped 4096
[kinematics-ws] K clamp binds: eid 1002 demanded 14813 clamped 4096
[kinematics-ws] K clamp binds: eid 1003 demanded 7271 clamped 4096
[kinematics-ws] K clamp binds: eid 1001 demanded 30190 clamped 4096
[kinematics-ws] K clamp binds: eid 1003 demanded 7254 clamped 4096
[kinematics-ws] K clamp binds: eid 1001 demanded 30238 clamped 4096
[kinematics-ws] K clamp binds: eid 1002 demanded 14818 clamped 4096
[kinematics-ws] K clamp binds: eid 1003 demanded 7249 clamped 4096
[kinematics-ws] K clamp binds: eid 1002 demanded 14826 clamped 4096
[kinematics-ws] K clamp binds: eid 1001 demanded 30264 clamped 4096
[kinematics-ws] K clamp binds: eid 1003 demanded 7262 clamped 4096
[kinematics-ws] K clamp binds: eid 1001 demanded 30217 clamped 4096
[kinematics-ws] K clamp binds: eid 1002 demanded 14833 clamped 4096
[kinematics-ws] K clamp binds: eid 1001 demanded 30187 clamped 4096
[kinematics-ws] K clamp binds: eid 1002 demanded 14837 clamped 4096
[kinematics-ws] K clamp binds: eid 1003 demanded 7280 clamped 4096
[kinematics-ws] K clamp binds: eid 1001 demanded 30234 clamped 4096
[kinematics-ws] K clamp binds: eid 1003 demanded 7286 clamped 4096
[kinematics-ws] K clamp binds: eid 1002 demanded 14837 clamped 4096
[kinematics-ws] K clamp binds: eid 1001 demanded 30263 clamped 4096
[kinematics-ws] K clamp binds: eid 1003 demanded 7274 clamped 4096
[kinematics-ws] K clamp binds: eid 1002 demanded 14834 clamped 4096
[kinematics-ws] K clamp binds: eid 1002 demanded 14828 clamped 4096
[kinematics-ws] K clamp binds: eid 1003 demanded 7255 clamped 4096
[kinematics-ws] K clamp binds: eid 1001 demanded 30212 clamped 4096
[kinematics-ws] K clamp binds: eid 1003 demanded 7249 clamped 4096
[kinematics-ws] K clamp binds: eid 1002 demanded 14822 clamped 4096
[kinematics-ws] K clamp binds: eid 1001 demanded 30190 clamped 4096
[kinematics-ws] K clamp binds: eid 1003 demanded 7261 clamped 4096
[kinematics-ws] K clamp binds: eid 1002 demanded 14816 clamped 4096
[kinematics-ws] K clamp binds: eid 1001 demanded 30247 clamped 4096
[kinematics-ws] K clamp binds: eid 1002 demanded 14813 clamped 4096
[kinematics-ws] K clamp binds: eid 1001 demanded 30254 clamped 4096
[kinematics-ws] K clamp binds: eid 1003 demanded 7280 clamped 4096
[kinematics-ws] K clamp binds: eid 1003 demanded 7286 clamped 4096
[kinematics-ws] K clamp binds: eid 1001 demanded 30193 clamped 4096
[kinematics-ws] K clamp binds: eid 1002 demanded 14813 clamped 4096
[kinematics-ws] K clamp binds: eid 1001 demanded 30209 clamped 4096
[kinematics-ws] K clamp binds: eid 1002 demanded 14815 clamped 4096
[kinematics-ws] K clamp binds: eid 1003 demanded 7273 clamped 4096
[kinematics-ws] K clamp binds: eid 1002 demanded 14819 clamped 4096
[kinematics-ws] K clamp binds: eid 1001 demanded 30263 clamped 4096
[kinematics-ws] K clamp binds: eid 1003 demanded 7254 clamped 4096
[kinematics-ws] K clamp binds: eid 1003 demanded 7249 clamped 4096
[kinematics-ws] K clamp binds: eid 1002 demanded 14824 clamped 4096
[kinematics-ws] K clamp binds: eid 1001 demanded 30221 clamped 4096
[kinematics-ws] K clamp binds: eid 1002 demanded 14830 clamped 4096
[kinematics-ws] K clamp binds: eid 1001 demanded 30188 clamped 4096
[kinematics-ws] K clamp binds: eid 1003 demanded 7263 clamped 4096
[kinematics-ws] K clamp binds: eid 1001 demanded 30250 clamped 4096
[kinematics-ws] K clamp binds: eid 1003 demanded 7282 clamped 4096
[kinematics-ws] K clamp binds: eid 1002 demanded 14834 clamped 4096
[kinematics-ws] K clamp binds: eid 1003 demanded 7285 clamped 4096
[kinematics-ws] K clamp binds: eid 1002 demanded 14838 clamped 4096
[kinematics-ws] K clamp binds: eid 1001 demanded 30243 clamped 4096
[kinematics-ws] K clamp binds: eid 1003 demanded 7268 clamped 4096
[kinematics-ws] K clamp binds: eid 1002 demanded 14839 clamped 4096
[kinematics-ws] K clamp binds: eid 1001 demanded 30185 clamped 4096
[kinematics-ws] K clamp binds: eid 1001 demanded 30235 clamped 4096
[kinematics-ws] K clamp binds: eid 1003 demanded 7251 clamped 4096
[kinematics-ws] K clamp binds: eid 1002 demanded 14839 clamped 4096
[kinematics-ws] K clamp binds: eid 1002 demanded 14837 clamped 4096
[kinematics-ws] K clamp binds: eid 1003 demanded 7251 clamped 4096
[kinematics-ws] K clamp binds: eid 1001 demanded 30254 clamped 4096
[kinematics-ws] K clamp binds: eid 1001 demanded 30188 clamped 4096
[kinematics-ws] K clamp binds: eid 1002 demanded 14834 clamped 4096
[kinematics-ws] K clamp binds: eid 1003 demanded 7270 clamped 4096
[kinematics-ws] K clamp binds: eid 1003 demanded 7286 clamped 4096
[kinematics-ws] K clamp binds: eid 1002 demanded 14830 clamped 4096
[kinematics-ws] K clamp binds: eid 1001 demanded 30227 clamped 4096
[kinematics-ws] K clamp binds: eid 1001 demanded 30256 clamped 4096
[kinematics-ws] K clamp binds: eid 1003 demanded 7280 clamped 4096
[kinematics-ws] K clamp binds: eid 1002 demanded 14826 clamped 4096
[kinematics-ws] K clamp binds: eid 1001 demanded 30188 clamped 4096
[kinematics-ws] K clamp binds: eid 1002 demanded 14823 clamped 4096
[kinematics-ws] K clamp binds: eid 1003 demanded 7260 clamped 4096
[kinematics-ws] K clamp binds: eid 1002 demanded 14820 clamped 4096
[kinematics-ws] K clamp binds: eid 1003 demanded 7248 clamped 4096
[kinematics-ws] K clamp binds: eid 1001 demanded 30229 clamped 4096
[kinematics-ws] K clamp binds: eid 1003 demanded 7259 clamped 4096
[kinematics-ws] K clamp binds: eid 1001 demanded 30253 clamped 4096
[kinematics-ws] K clamp binds: eid 1002 demanded 14817 clamped 4096
[kinematics-ws] K clamp binds: eid 1002 demanded 14815 clamped 4096
[kinematics-ws] K clamp binds: eid 1003 demanded 7280 clamped 4096
[kinematics-ws] K clamp binds: eid 1001 demanded 30185 clamped 4096
[kinematics-ws] K clamp binds: eid 1001 demanded 30240 clamped 4096
[kinematics-ws] K clamp binds: eid 1002 demanded 14814 clamped 4096
[kinematics-ws] K clamp binds: eid 1003 demanded 7286 clamped 4096
[kinematics-ws] K clamp binds: eid 1002 demanded 14814 clamped 4096
[kinematics-ws] K clamp binds: eid 1003 demanded 7269 clamped 4096
[kinematics-ws] K clamp binds: eid 1001 demanded 30241 clamped 4096
[kinematics-ws] K clamp binds: eid 1002 demanded 14814 clamped 4096
[kinematics-ws] K clamp binds: eid 1003 demanded 7250 clamped 4096
[kinematics-ws] K clamp binds: eid 1001 demanded 30185 clamped 4096
[kinematics-ws] K clamp binds: eid 1002 demanded 14815 clamped 4096
[kinematics-ws] K clamp binds: eid 1001 demanded 30256 clamped 4096
[kinematics-ws] K clamp binds: eid 1003 demanded 7252 clamped 4096
[kinematics-ws] K clamp binds: eid 1002 demanded 14816 clamped 4096
[kinematics-ws] K clamp binds: eid 1003 demanded 7272 clamped 4096
[kinematics-ws] K clamp binds: eid 1001 demanded 30217 clamped 4096
[kinematics-ws] K clamp binds: eid 1003 demanded 7286 clamped 4096
[kinematics-ws] K clamp binds: eid 1001 demanded 30199 clamped 4096
[kinematics-ws] K clamp binds: eid 1002 demanded 14817 clamped 4096
[kinematics-ws] K clamp binds: eid 1001 demanded 30262 clamped 4096
[kinematics-ws] K clamp binds: eid 1002 demanded 14818 clamped 4096
[kinematics-ws] K clamp binds: eid 1003 demanded 7276 clamped 4096
[kinematics-ws] K clamp binds: eid 1002 demanded 14820 clamped 4096
[kinematics-ws] K clamp binds: eid 1003 demanded 7255 clamped 4096
[kinematics-ws] K clamp binds: eid 1001 demanded 30190 clamped 4096
[kinematics-ws] K clamp binds: eid 1001 demanded 30234 clamped 4096
[kinematics-ws] K clamp binds: eid 1003 demanded 7249 clamped 4096
[kinematics-ws] K clamp binds: eid 1002 demanded 14821 clamped 4096
[kinematics-ws] K clamp binds: eid 1001 demanded 30238 clamped 4096
[kinematics-ws] K clamp binds: eid 1003 demanded 7266 clamped 4096
[kinematics-ws] K clamp binds: eid 1002 demanded 14822 clamped 4096
[kinematics-ws] K clamp binds: eid 1001 demanded 30189 clamped 4096
[kinematics-ws] K clamp binds: eid 1002 demanded 14824 clamped 4096
[kinematics-ws] K clamp binds: eid 1003 demanded 7285 clamped 4096
[kinematics-ws] K clamp binds: eid 1002 demanded 14825 clamped 4096
[kinematics-ws] K clamp binds: eid 1001 demanded 30262 clamped 4096
[kinematics-ws] K clamp binds: eid 1003 demanded 7280 clamped 4096
[kinematics-ws] K clamp binds: eid 1001 demanded 30193 clamped 4096
[kinematics-ws] K clamp binds: eid 1002 demanded 14826 clamped 4096
[kinematics-ws] K clamp binds: eid 1003 demanded 7259 clamped 4096
[kinematics-ws] K clamp binds: eid 1002 demanded 14826 clamped 4096
[kinematics-ws] K clamp binds: eid 1003 demanded 7248 clamped 4096
[kinematics-ws] K clamp binds: eid 1001 demanded 30234 clamped 4096
[kinematics-ws] K clamp binds: eid 1003 demanded 7262 clamped 4096
[kinematics-ws] K clamp binds: eid 1002 demanded 14827 clamped 4096
[kinematics-ws] K clamp binds: eid 1001 demanded 30233 clamped 4096
[kinematics-ws] K clamp binds: eid 1002 demanded 14827 clamped 4096
[kinematics-ws] K clamp binds: eid 1003 demanded 7283 clamped 4096
[kinematics-ws] K clamp binds: eid 1001 demanded 30195 clamped 4096
[kinematics-ws] K clamp binds: eid 1002 demanded 14827 clamped 4096
[kinematics-ws] K clamp binds: eid 1001 demanded 30260 clamped 4096
[kinematics-ws] K clamp binds: eid 1003 demanded 7282 clamped 4096
[kinematics-ws] K clamp binds: eid 1001 demanded 30184 clamped 4096
[kinematics-ws] K clamp binds: eid 1003 demanded 7260 clamped 4096
[kinematics-ws] K clamp binds: eid 1002 demanded 14827 clamped 4096
[kinematics-ws] K clamp binds: eid 1001 demanded 30255 clamped 4096
[kinematics-ws] K clamp binds: eid 1002 demanded 14827 clamped 4096
[kinematics-ws] K clamp binds: eid 1003 demanded 7248 clamped 4096
[kinematics-ws] K clamp binds: eid 1003 demanded 7261 clamped 4096
[kinematics-ws] K clamp binds: eid 1002 demanded 14827 clamped 4096
[kinematics-ws] K clamp binds: eid 1001 demanded 30203 clamped 4096
[kinematics-ws] K clamp binds: eid[kinematics-ws] K clamp binds: eid  1003 demanded 7283 clamped 1002 demanded [kinematics-ws] K clamp binds: eid 14826 clamped 409640961001 

demanded 30228 clamped 4096
[kinematics-ws] K clamp binds: eid 1001 demanded 30232 clamped 4096
[kinematics-ws] K clamp binds: eid 1003 demanded 7282 clamped 4096
[kinematics-ws] K clamp binds: eid 1002 demanded 14826 clamped 4096
[kinematics-ws] K clamp binds: eid 1002 demanded 14825 clamped 4096
[kinematics-ws] K clamp binds: eid 1003 demanded 7260 clamped 4096
[kinematics-ws] K clamp binds: eid 1001 demanded 30201 clamped 4096
[kinematics-ws] K clamp binds: eid 1002 demanded 14824 clamped 4096
[kinematics-ws] K clamp binds: eid 1001 demanded 30253 clamped 4096
[kinematics-ws] K clamp binds: eid 1003 demanded 7248 clamped 4096
[kinematics-ws] K clamp binds: eid 1003 demanded 7262 clamped 4096
[kinematics-ws] K clamp binds: eid 1001 demanded 30187 clamped 4096
[kinematics-ws] K clamp binds: eid 1002 demanded 14823 clamped 4096
[kinematics-ws] K clamp binds: eid 1001 demanded 30262 clamped 4096
[kinematics-ws] K clamp binds: eid 1002 demanded 14821 clamped 4096
[kinematics-ws] K clamp binds: eid 1003 demanded 7283 clamped 4096
[kinematics-ws] K clamp binds: eid 1001 demanded 30184 clamped 4096
[kinematics-ws] K clamp binds: eid 1002 demanded 14820 clamped 4096
[kinematics-ws] K clamp binds: eid 1003 demanded 7281 clamped 4096
[kinematics-ws] K clamp binds: eid 1001 demanded 30260 clamped 4096
[kinematics-ws] K clamp binds: eid 1002 demanded 14819 clamped 4096
[kinematics-ws] K clamp binds: eid 1003 demanded 7258 clamped 4096
[kinematics-ws] K clamp binds: eid 1002 demanded 14817 clamped 4096
[kinematics-ws] K clamp binds: eid 1003 demanded 7248 clamped 4096
[kinematics-ws] K clamp binds: eid 1001 demanded 30188 clamped 4096
[kinematics-ws] K clamp binds: eid 1001 demanded 30254 clamped 4096
[kinematics-ws] K clamp binds: eid 1002 demanded 14816 clamped 4096
[kinematics-ws] K clamp binds: eid 1003 demanded 7265 clamped 4096
[kinematics-ws] K clamp binds: eid 1002 demanded 14815 clamped 4096
[kinematics-ws] K clamp binds: eid 1003 demanded 7285 clamped 4096
[kinematics-ws] K clamp binds: eid 1001 demanded 30195 clamped 4096
[kinematics-ws] K clamp binds: eid 1001 demanded 30248 clamped 4096
[kinematics-ws] K clamp binds: eid 1003 demanded 7277 clamped 4096
[kinematics-ws] K clamp binds: eid 1002 demanded 14815 clamped 4096
[kinematics-ws] K clamp binds: eid 1001 demanded 30200 clamped 4096
[kinematics-ws] K clamp binds: eid 1003 demanded 7254 clamped 4096
[kinematics-ws] K clamp binds: eid 1002 demanded 14815 clamped 4096
[kinematics-ws] K clamp binds: eid 1001 demanded 30244 clamped 4096
[kinematics-ws] K clamp binds: eid 1003 demanded 7249 clamped 4096
[kinematics-ws] K clamp binds: eid 1002 demanded 14815 clamped 4096
[kinematics-ws] K clamp binds: eid 1001 demanded 30203 clamped 4096
[kinematics-ws] K clamp binds: eid 1002 demanded 14816 clamped 4096
[kinematics-ws] K clamp binds: eid 1003 demanded 7271 clamped 4096
[kinematics-ws] K clamp binds: eid 1001 demanded 30244 clamped 4096
[kinematics-ws] K clamp binds: eid 1002 demanded 14818 clamped 4096
[kinematics-ws] K clamp binds: eid 1003 demanded 7286 clamped 4096
[kinematics-ws] K clamp binds: eid 1001 demanded 30202 clamped 4096
[kinematics-ws] K clamp binds: eid 1003 demanded 7271 clamped 4096
[kinematics-ws] K clamp binds: eid 1002 demanded 14821 clamped 4096
[kinematics-ws] K clamp binds: eid 1002 demanded 14824 clamped 4096
[kinematics-ws] K clamp binds: eid 1001 demanded 30247 clamped 4096
[kinematics-ws] K clamp binds: eid 1003 demanded 7249 clamped 4096
[kinematics-ws] K clamp binds: eid 1003 demanded 7254 clamped 4096
[kinematics-ws] K clamp binds: eid 1002 demanded 14828 clamped 4096
[kinematics-ws] K clamp binds: eid 1001 demanded 30198 clamped 4096
[kinematics-ws] K clamp binds: eid 1002 demanded 14832 clamped 4096
[kinematics-ws] K clamp binds: eid 1001 demanded 30252 clamped 4096
[kinematics-ws] K clamp binds: eid 1003 demanded 7278 clamped 4096
[kinematics-ws] K clamp binds: eid 1002 demanded 14835 clamped 4096
[kinematics-ws] K clamp binds: eid 1003 demanded 7284 clamped 4096
[kinematics-ws] K clamp binds: eid 1001 demanded 30192 clamped 4096
[kinematics-ws] K clamp binds: eid 1003 demanded 7262 clamped 4096
[kinematics-ws] K clamp binds: eid 1001 demanded 30259 clamped 4096
[kinematics-ws] K clamp binds: eid 1002 demanded 14839 clamped 4096
[kinematics-ws] K clamp binds: eid 1001 demanded 30186 clamped 4096
[kinematics-ws] K clamp binds: eid 1002 demanded 14841 clamped 4096
[kinematics-ws] K clamp binds: eid 1003 demanded 7247 clamped 4096
[kinematics-ws] K clamp binds: eid 1002 demanded 14842 clamped 4096
[kinematics-ws] K clamp binds: eid 1001 demanded 30263 clamped 4096
[kinematics-ws] K clamp binds: eid 1003 demanded 7262 clamped 4096
[kinematics-ws] K clamp binds: eid 1003 demanded 7284 clamped 4096
[kinematics-ws] K clamp binds: eid 1001 demanded 30186 clamped 4096
[kinematics-ws] K clamp binds: eid 1002 demanded 14841 clamped 4096
[kinematics-ws] K clamp binds: eid 1001 demanded 30260 clamped 4096
[kinematics-ws] K clamp binds: eid 1003 demanded 7277 clamped 4096
[kinematics-ws] K clamp binds: eid 1002 demanded 14839 clamped 4096
[kinematics-ws] K clamp binds: eid [kinematics-ws] K clamp binds: eid 1001 1002 demanded demanded 14835 30195 clamped clamped 4096
4096
[kinematics-ws] K clamp binds: eid 1003 demanded 7253 clamped 4096
[kinematics-ws] K clamp binds: eid 1002 demanded 14830 clamped 4096
[kinematics-ws] K clamp binds: eid 1001 demanded 30244 clamped 4096
[kinematics-ws] K clamp binds: eid 1003 demanded 7250 clamped 4096
[kinematics-ws] K clamp binds: eid 1002 demanded 14825 clamped 4096
[kinematics-ws] K clamp binds: eid 1001 demanded 30218 clamped 4096
[kinematics-ws] K clamp binds: eid 1003 demanded 7273 clamped 4096
[kinematics-ws] K clamp binds: eid 1003 demanded 7285 clamped 4096
[kinematics-ws] K clamp binds: eid 1002 demanded 14820 clamped 4096
[kinematics-ws] K clamp binds: eid 1001 demanded 30217 clamped 4096
[kinematics-ws] K clamp binds: eid 1003 demanded 7266 clamped 4096
[kinematics-ws] K clamp binds: eid 1002 demanded 14816 clamped 4096
[kinematics-ws] K clamp binds: eid 1001 demanded 30247 clamped 4096
[kinematics-ws] K clamp binds: eid 1001 demanded 30192 clamped 4096
[kinematics-ws] K clamp binds: eid 1003 demanded 7247 clamped 4096
[kinematics-ws] K clamp binds: eid 1002 demanded 14815 clamped 4096
[kinematics-ws] K clamp binds: eid 1001 demanded 30265 clamped 4096
[kinematics-ws] K clamp binds: eid 1002 demanded 14816 clamped 4096
[kinematics-ws] K clamp binds: eid 1003 demanded 7260 clamped 4096
[kinematics-ws] K clamp binds: eid 1003 demanded 7283 clamped 4096
[kinematics-ws] K clamp binds: eid 1002 demanded 14820 clamped 4096
[kinematics-ws] K clamp binds: eid 1001 demanded 30189 clamped 4096
[kinematics-ws] K clamp binds: eid 1001 demanded 30252 clamped 4096
[kinematics-ws] K clamp binds: eid 1003 demanded 7278 clamped 4096
[kinematics-ws] K clamp binds: eid 1002 demanded 14826 clamped 4096
[kinematics-ws] K clamp binds: eid 1003 demanded 7253 clamped 4096
[kinematics-ws] K clamp binds: eid 1002 demanded 14833 clamped 4096
[kinematics-ws] K clamp binds: eid 1001 demanded 30219 clamped 4096
[kinematics-ws] K clamp binds: eid 1003 demanded 7250 clamped 4096
[kinematics-ws] K clamp binds: eid 1002 demanded 14839 clamped 4096
[kinematics-ws] K clamp binds: eid 1001 demanded 30212 clamped 4096
[kinematics-ws] K clamp binds: eid 1001 demanded 30259 clamped 4096
[kinematics-ws] K clamp binds: eid 1002 demanded 14842 clamped 4096
[kinematics-ws] K clamp binds: eid 1003 demanded 7275 clamped 4096
[kinematics-ws] K clamp binds: eid 1001 demanded 30187 clamped 4096
[kinematics-ws] K clamp binds: eid 1003 demanded 7285 clamped 4096
[kinematics-ws] K clamp binds: eid 1002 demanded 14842 clamped 4096
[kinematics-ws] K clamp binds: eid 1003 demanded 7263 clamped 4096
[kinematics-ws] K clamp binds: eid 1001 demanded 30259 clamped 4096
[kinematics-ws] K clamp binds: eid 1002 demanded 14838 clamped 4096
[kinematics-ws] K clamp binds: eid 1001 demanded 30215 clamped 4096
[kinematics-ws] K clamp binds: eid 1002 demanded 14831 clamped 4096
[kinematics-ws] K clamp binds: eid 1003 demanded 7247 clamped 4096
[kinematics-ws] K clamp binds: eid 1001 demanded 30212 clamped 4096
[kinematics-ws] K clamp binds: eid 1003 demanded 7264 clamped 4096
[kinematics-ws] K clamp binds: eid 1002 demanded 14823 clamped 4096
[kinematics-ws] K clamp binds: eid 1003 demanded 7285 clamped 4096
[kinematics-ws] K clamp binds: eid 1002 demanded 14817 clamped 4096
[kinematics-ws] K clamp binds: eid 1001 demanded 30263 clamped 4096
[kinematics-ws] K clamp binds: eid 1003 demanded 7273 clamped 4096
[kinematics-ws] K clamp binds: eid 1002 demanded 14815 clamped 4096
[kinematics-ws] K clamp binds: eid 1001 demanded 30189 clamped 4096
[kinematics-ws] K clamp binds: eid 1001 demanded 30249 clamped 4096
[kinematics-ws] K clamp binds: eid 1003 demanded 7249 clamped 4096
[kinematics-ws] K clamp binds: eid 1002 demanded 14817 clamped 4096
[kinematics-ws] K clamp binds: eid 1001 demanded 30237 clamped 4096
[kinematics-ws] K clamp binds: eid 1002 demanded 14824 clamped 4096
[kinematics-ws] K clamp binds: eid 1003 demanded 7255 clamped 4096
[kinematics-ws] K clamp binds: eid 1003 demanded 7281 clamped 4096
[kinematics-ws] K clamp binds: eid 1002 demanded 14832 clamped 4096
[kinematics-ws] K clamp binds: eid 1001 demanded 30194 clamped 4096
[kinematics-ws] K clamp binds: eid 1002 demanded 14839 clamped 4096
[kinematics-ws] K clamp binds: eid 1003 demanded 7280 clamped 4096
[kinematics-ws] K clamp binds: eid 1001 demanded 30267 clamped 4096
[kinematics-ws] K clamp binds: eid 1002 demanded 14842 clamped 4096
[kinematics-ws] K clamp binds: eid 1001 demanded 30213 clamped 4096
[kinematics-ws] K clamp binds: eid 1003 demanded 7254 clamped 4096
[kinematics-ws] K clamp binds: eid 1001 demanded 30210 clamped 4096
[kinematics-ws] K clamp binds: eid 1002 demanded 14839 clamped 4096
[kinematics-ws] K clamp binds: eid 1003 demanded 7249 clamped 4096
[kinematics-ws] K clamp binds: eid 1002 demanded 14831 clamped 4096
[kinematics-ws] K clamp binds: eid 1003 demanded 7274 clamped 4096
[kinematics-ws] K clamp binds: eid 1001 demanded 30269 clamped 4096
[kinematics-ws] K clamp binds: eid 1003 demanded 7284 clamped 4096
[kinematics-ws] K clamp binds: eid 1002 demanded 14822 clamped 4096
[kinematics-ws] K clamp binds: eid 1001 demanded 30201 clamped 4096
[kinematics-ws] K clamp binds: eid 1001 demanded 30222 clamped 4096
[kinematics-ws] K clamp binds: eid 1003 demanded 7261 clamped 4096
[kinematics-ws] K clamp binds: eid 1002 demanded 14816 clamped 4096
[kinematics-ws] K clamp binds: eid 1001 demanded 30267 clamped 4096
[kinematics-ws] K clamp binds: eid 1003 demanded 7247 clamped 4096
[kinematics-ws] K clamp binds: eid 1002 demanded 14815 clamped 4096
[kinematics-ws] K clamp binds: eid 1003 demanded 7267 clamped 4096
[kinematics-ws] K clamp binds: eid 1001 demanded 30198 clamped 4096
[kinematics-ws] K clamp binds: eid 1002 demanded 14821 clamped 4096
[kinematics-ws] K clamp binds: eid 1001 demanded 30226 clamped 4096
[kinematics-ws] K clamp binds: eid 1002 demanded 14831 clamped 4096
[kinematics-ws] K clamp binds: eid 1003 demanded 7285 clamped 4096
[kinematics-ws] K clamp binds: eid 1003 demanded 7268 clamped 4096
[kinematics-ws] K clamp binds: eid 1001 demanded 30267 clamped 4096
[kinematics-ws] K clamp binds: eid 1002 demanded 14839 clamped 4096
[kinematics-ws] K clamp binds: eid 1001 demanded 30200 clamped 4096
[kinematics-ws] K clamp binds: eid 1003 demanded 7247 clamped 4096
[kinematics-ws] K clamp binds: eid 1002 demanded 14842 clamped 4096
[kinematics-ws] K clamp binds: eid [kinematics-ws] K clamp binds: eid 1003 demanded 7261 clamped 4096
1001 demanded 30221 clamped 4096
[kinematics-ws] K clamp binds: eid 1002 demanded 14836 clamped 4096
[kinematics-ws] K clamp binds: eid 1001 demanded 30271 clamped 4096
[kinematics-ws] K clamp binds: eid 1003 demanded 7284 clamped 4096
[kinematics-ws] K clamp binds: eid 1002 demanded 14826 clamped 4096
[kinematics-ws] K clamp binds: eid 1003 demanded 7273 clamped 4096
[kinematics-ws] K clamp binds: eid 1002 demanded 14817 clamped 4096
[kinematics-ws] K clamp binds: eid 1001 demanded 30210 clamped 4096
[kinematics-ws] K clamp binds: eid 1001 demanded 30208 clamped 4096
[kinematics-ws] K clamp binds: eid 1003 demanded 7248 clamped 4096
[kinematics-ws] K clamp binds: eid 1002 demanded 14815 clamped 4096
[kinematics-ws] K clamp binds: eid 1001 demanded 30270 clamped 4096
[kinematics-ws] K clamp binds: eid 1002 demanded 14821 clamped 4096
[kinematics-ws] K clamp binds: eid 1003 demanded 7256 clamped 4096
[kinematics-ws] K clamp binds: eid 1003 demanded 7282 clamped 4096
[kinematics-ws] K clamp binds: eid 1001 demanded 30231 clamped 4096
[kinematics-ws] K clamp binds: eid 1002 demanded 14832 clamped 4096
[kinematics-ws] K clamp binds: eid 1003 demanded 7277 clamped 4096
[kinematics-ws] K clamp binds: eid 1001 demanded 30195 clamped 4096
[kinematics-ws] K clamp binds: eid 1002 demanded 14840 clamped 4096
[kinematics-ws] K clamp binds: eid 1001 demanded 30255 clamped 4096
[kinematics-ws] K clamp binds: eid 1003 demanded 7250 clamped 4096
[kinematics-ws] K clamp binds: eid 1002 demanded 14840 clamped 4096
[kinematics-ws] K clamp binds: eid 1001 demanded 30260 clamped 4096
[kinematics-ws] K clamp binds: eid 1003 demanded 7253 clamped 4096
[kinematics-ws] K clamp binds: eid 1002 demanded 14832 clamped 4096
[kinematics-ws] K clamp binds: eid 1003 demanded 7280 clamped 4096
[kinematics-ws] K clamp binds: eid 1002 demanded 14820 clamped 4096
[kinematics-ws] K clamp binds: eid 1001 demanded 30198 clamped 4096
[kinematics-ws] K clamp binds: eid 1002 demanded 14814 clamped 4096
[kinematics-ws] K clamp binds: eid 1003 demanded 7279 clamped 4096
[kinematics-ws] K clamp binds: eid 1001 demanded 30221 clamped 4096
[kinematics-ws] K clamp binds: eid[kinematics-ws] K clamp binds: eid[kinematics-ws] K clamp binds: eid   10011003 1002  demandeddemandeddemanded  302737252 clamped  clamped  14819 clamped40964096

 4096
[kinematics-ws] K clamp binds: eid 1003 demanded 7251 clamped 4096
[kinematics-ws] K clamp binds: eid 1001 demanded 30234 clamped 4096
[kinematics-ws] K clamp binds: eid 1002 demanded 14830 clamped 4096
[kinematics-ws] K clamp binds: eid 1002 demanded 14840 clamped 4096
[kinematics-ws] K clamp binds: eid 1001 demanded 30195 clamped 4096
[kinematics-ws] K clamp binds: eid 1003 demanded 7278 clamped 4096
[kinematics-ws] K clamp binds: eid 1002 demanded 14840 clamped 4096
[kinematics-ws] K clamp binds: eid 1003 demanded 7281 clamped 4096
[kinematics-ws] K clamp binds: eid 1001 demanded 30243 clamped 4096
[kinematics-ws] K clamp binds: eid 1002 demanded 14830 clamped 4096
[kinematics-ws] K clamp binds: eid 1001 demanded 30273 clamped 4096
[kinematics-ws] K clamp binds: eid 1003 demanded 7254 clamped 4096
[kinematics-ws] K clamp binds: eid 1001 demanded 30222 clamped 4096
[kinematics-ws] K clamp binds: eid 1002 demanded 14818 clamped 4096
[kinematics-ws] K clamp binds: eid 1003 demanded 7250 clamped 4096
[kinematics-ws] K clamp binds: eid 1002 demanded 14814 clamped 4096
[kinematics-ws] K clamp binds: eid 1003 demanded 7277 clamped 4096
[kinematics-ws] K clamp binds: eid 1001 demanded 30198 clamped 4096
[kinematics-ws] K clamp binds: eid 1001 demanded 30249 clamped 4096
[kinematics-ws] K clamp binds: eid [kinematics-ws] K clamp binds: eid 10021003  demanded demanded7282  clamped14823 clamped  40964096

[kinematics-ws] K clamp binds: eid 1003 demanded 7255 clamped 4096
[kinematics-ws] K clamp binds: eid 1001 demanded 30274 clamped 4096
[kinematics-ws] K clamp binds: eid 1002 demanded 14836 clamped 4096
[kinematics-ws] K clamp binds: eid 1001 demanded 30226 clamped 4096
[kinematics-ws] K clamp binds: eid 1002 demanded 14841 clamped 4096
[kinematics-ws] K clamp binds: eid 1003 demanded 7249 clamped 4096
[kinematics-ws] K clamp binds: eid 1001 demanded 30197 clamped 4096
[kinematics-ws] K clamp binds: eid 1002 demanded 14834 clamped 4096
[kinematics-ws] K clamp binds: eid 1003 demanded 7276 clamped 4096
[kinematics-ws] K clamp binds: eid 1003 demanded 7282 clamped 4096
[kinematics-ws] K clamp binds: eid 1002 demanded 14820 clamped 4096
[kinematics-ws] K clamp binds: eid 1001 demanded 30239 clamped 4096
[kinematics-ws] K clamp binds: eid 1003 demanded 7255 clamped 4096
[kinematics-ws] K clamp binds: eid 1001 demanded 30277 clamped 4096
[kinematics-ws] K clamp binds: eid 1002 demanded 14814 clamped 4096
[kinematics-ws] K clamp binds: eid 1002 demanded 14821 clamped 4096
[kinematics-ws] K clamp binds: eid 1003 demanded 7249 clamped 4096
[kinematics-ws] K clamp binds: eid 1001 demanded 30245 clamped 4096
[kinematics-ws] K clamp binds: eid 1003 demanded 7277 clamped 4096
[kinematics-ws] K clamp binds: eid 1001 demanded 30200 clamped 4096
[kinematics-ws] K clamp binds: eid 1002 demanded 14835 clamped 4096
[kinematics-ws] K clamp binds: eid 1002 demanded 14841 clamped 4096
[kinematics-ws] K clamp binds: eid 1001 demanded 30215 clamped 4096
[kinematics-ws] K clamp binds: eid 1003 demanded 7281 clamped 4096
[kinematics-ws] K clamp binds: eid 1001 demanded 30266 clamped 4096
[kinematics-ws] K clamp binds: eid 1002 demanded 14833 clamped 4096
[kinematics-ws] K clamp binds: eid 1003 demanded 7254 clamped 4096
[kinematics-ws] K clamp binds: eid 1001 demanded 30273 clamped 4096
[kinematics-ws] K clamp binds: eid 1003 demanded 7250 clamped 4096
[kinematics-ws] K clamp binds: eid 1002 demanded 14819 clamped 4096
[kinematics-ws] K clamp binds: eid 1002 demanded 14814 clamped 4096
[kinematics-ws] K clamp binds: eid 1003 demanded 7278 clamped 4096
[kinematics-ws] K clamp binds: eid 1001 demanded 30229 clamped 4096
[kinematics-ws] K clamp binds: eid 1003 demanded 7280 clamped 4096
[kinematics-ws] K clamp binds: eid 1001 demanded 30199 clamped 4096
[kinematics-ws] K clamp binds: eid 1002 demanded 14824 clamped 4096
[kinematics-ws] K clamp binds: eid 1003 demanded 7252 clamped 4096
[kinematics-ws] K clamp binds: eid 1001 demanded 30224 clamped 4096
[kinematics-ws] K clamp binds: eid 1002 demanded 14838 clamped 4096
[kinematics-ws] K clamp binds: eid 1002 demanded 14839 clamped 4096
[kinematics-ws] K clamp binds: eid 1001 demanded 30269 clamped 4096
[kinematics-ws] K clamp binds: eid 1003 demanded 7251 clamped 4096
[kinematics-ws] K clamp binds: eid 1001 demanded 30275 clamped 4096
[kinematics-ws] K clamp binds: eid 1003 demanded 7279 clamped 4096
[kinematics-ws] K clamp binds: eid 1002 demanded 14826 clamped 4096
[kinematics-ws] K clamp binds: eid 1001 demanded 30236 clamped 4096
[kinematics-ws] K clamp binds: eid 1002 demanded 14814 clamped 4096
[kinematics-ws] K clamp binds: eid 1003 demanded 7279 clamped 4096
[kinematics-ws] K clamp binds: eid 1001 demanded 30202 clamped 4096
[kinematics-ws] K clamp binds: eid 1003 demanded 7250 clamped 4096
[kinematics-ws] K clamp binds: eid 1002 demanded 14818 clamped 4096
[kinematics-ws] K clamp binds: eid 1001 demanded 30212 clamped 4096
[kinematics-ws] K clamp binds: eid 1003 demanded 7253 clamped 4096
[kinematics-ws] K clamp binds: eid 1002 demanded 14833 clamped 4096
[kinematics-ws] K clamp binds: eid 1001 demanded 30253 clamped 4096
[kinematics-ws] K clamp binds: eid 1003 demanded 7281 clamped 4096
[kinematics-ws] K clamp binds: eid 1002 demanded 14841 clamped 4096
[kinematics-ws] K clamp binds: eid 1003 demanded 7276 clamped 4096
[kinematics-ws] K clamp binds: eid 1002 demanded 14831 clamped 4096
[kinematics-ws] K clamp binds: eid 1001 demanded 30280 clamped 4096
[kinematics-ws] K clamp binds: eid 1003 demanded 7248 clamped 4096
[kinematics-ws] K clamp binds: eid 1001 demanded 30265 clamped 4096
[kinematics-ws] K clamp binds: eid 1002 demanded 14816 clamped 4096
[kinematics-ws] K clamp binds: eid 1002 demanded 14815 clamped 4096
[kinematics-ws] K clamp binds: eid 1003 demanded 7257 clamped 4096
[kinematics-ws] K clamp binds: eid 1001 demanded 30226 clamped 4096
[kinematics-ws] K clamp binds: eid 1003 demanded 7283 clamped 4096
[kinematics-ws] K clamp binds: eid 1002 demanded 14830 clamped 4096
[kinematics-ws] K clamp binds: eid 1001 demanded 30201 clamped 4096
[kinematics-ws] K clamp binds: eid 1003 demanded 7272 clamped 4096
[kinematics-ws] K clamp binds: eid 1001 demanded 30214 clamped 4096
[kinematics-ws] K clamp binds: eid 1002 demanded 14840 clamped 4096
[kinematics-ws] K clamp binds: eid 1001 demanded 30250 clamped 4096
[kinematics-ws] K clamp binds: eid 1002 demanded 14832 clamped 4096
[kinematics-ws] K clamp binds: eid 1003 demanded 7246 clamped 4096
[kinematics-ws] K clamp binds: eid 1002 demanded 14816 clamped 4096
[kinematics-ws] K clamp binds: eid 1001 demanded 30279 clamped 4096
[kinematics-ws] K clamp binds: eid 1003 demanded 7261 clamped 4096
[kinematics-ws] K clamp binds: eid 1001 demanded 30277 clamped 4096
[kinematics-ws] K clamp binds: eid 1002 demanded 14815 clamped 4096
[kinematics-ws] K clamp binds: eid 1003 demanded 7285 clamped 4096
[kinematics-ws] K clamp binds: eid 1001 demanded 30249 clamped 4096
[kinematics-ws] K clamp binds: eid 1003 demanded 7267 clamped 4096
[kinematics-ws] K clamp binds: eid 1002 demanded 14831 clamped 4096
[kinematics-ws] K clamp binds: eid 1003 demanded 7246 clamped 4096
[kinematics-ws] K clamp binds: eid 1002 demanded 14840 clamped 4096
[kinematics-ws] K clamp binds: eid 1001 demanded 30216 clamped 4096
[kinematics-ws] K clamp binds: eid 1001 demanded 30202 clamped 4096
[kinematics-ws] K clamp binds: eid 1003 demanded 7267 clamped 4096
[kinematics-ws] K clamp binds: eid 1002 demanded 14830 clamped 4096
[kinematics-ws] K clamp binds: eid 1002 demanded 14814 clamped 4096
[kinematics-ws] K clamp binds: eid 1003 demanded 7285 clamped 4096
[kinematics-ws] K clamp binds: eid 1001 demanded 30215 clamped 4096
[kinematics-ws] K clamp binds: eid 1002 demanded 14817 clamped 4096
[kinematics-ws] K clamp binds: eid 1001 demanded 30245 clamped 4096
[kinematics-ws] K clamp binds: eid 1003 demanded 7261 clamped 4096
[kinematics-ws] K clamp binds: eid 1001 demanded 30273 clamped 4096
[kinematics-ws] K clamp binds: eid 1002 demanded 14834 clamped 4096
[kinematics-ws] K clamp binds: eid 1003 demanded 7247 clamped 4096
[kinematics-ws] K clamp binds: eid 1003 demanded 7273 clamped 4096
[kinematics-ws] K clamp binds: eid 1001 demanded 30284 clamped 4096
[kinematics-ws] K clamp binds: eid 1002 demanded 14839 clamped 4096
[kinematics-ws] K clamp binds: eid 1003 demanded 7283 clamped 4096
[kinematics-ws] K clamp binds: eid 1002 demanded 14824 clamped 4096
[kinematics-ws] K clamp binds: eid 1001 demanded 30273 clamped 4096
[kinematics-ws] K clamp binds: eid 1001 demanded 30247 clamped 4096
[kinematics-ws] K clamp binds: eid 1002 demanded 14813 clamped 4096
[kinematics-ws] K clamp binds: eid 1003 demanded 7254 clamped 4096
[kinematics-ws] K clamp binds: eid 1003 demanded 7250 clamped 4096
[kinematics-ws] K clamp binds: eid 1002 demanded 14824 clamped 4096
[kinematics-ws] K clamp binds: eid 1001 demanded 30221 clamped 4096
[kinematics-ws] K clamp binds: eid 1001 demanded 30206 clamped 4096
[kinematics-ws] K clamp binds: eid 1003 demanded 7279 clamped 4096
[kinematics-ws] K clamp binds: eid 1002 demanded 14839 clamped 4096
[kinematics-ws] K clamp binds: eid 1002 demanded 14833 clamped 4096
[kinematics-ws] K clamp binds: eid 1001 demanded 30206 clamped 4096
[kinematics-ws] K clamp binds: eid 1003 demanded 7278 clamped 4096
[kinematics-ws] K clamp binds: eid 1003 demanded 7249 clamped 4096
[kinematics-ws] K clamp binds: eid 1002 demanded 14816 clamped 4096
[kinematics-ws] K clamp binds: eid 1001 demanded 30222 clamped 4096
[kinematics-ws] K clamp binds: eid 1002 demanded 14816 clamped 4096
[kinematics-ws] K clamp binds: eid 1001 demanded 30245 clamped 4096
[kinematics-ws] K clamp binds: eid 1003 demanded 7256 clamped 4096
[kinematics-ws] K clamp binds: eid 1001 demanded 30267 clamped 4096
[kinematics-ws] K clamp binds: eid 1002 demanded 14834 clamped 4096
[kinematics-ws] K clamp binds: eid 1003 demanded 7283 clamped 4096
[kinematics-ws] K clamp binds: eid 1001 demanded 30282 clamped 4096
[kinematics-ws] K clamp binds: eid 1002 demanded 14838 clamped 4096
[kinematics-ws] K clamp binds: eid 1003 demanded 7270 clamped 4096
[kinematics-ws] K clamp binds: eid 1001 demanded 30285 clamped 4096
[kinematics-ws] K clamp binds: eid 1002 demanded 14821 clamped 4096
[kinematics-ws] K clamp binds: eid 1003 demanded 7246 clamped 4096
[kinematics-ws] K clamp binds: eid 1001 demanded 30278 clamped 4096
[kinematics-ws] K clamp binds: eid 1002 demanded 14813 clamped 4096
[kinematics-ws] K clamp binds: eid 1003 demanded 7264 clamped 4096
[kinematics-ws] K clamp binds: eid 1001 demanded 30263 clamped 4096
[kinematics-ws] K clamp binds: eid 1003[kinematics-ws] K clamp binds: eid  demanded 1002 demanded 14828 clamped 4096
7285 clamped 4096
[kinematics-ws] K clamp binds: eid 1002 demanded 14840 clamped 4096
[kinematics-ws] K clamp binds: eid 1001 demanded 30245 clamped 4096
[kinematics-ws] K clamp binds: eid 1003 demanded 7261 clamped 4096
[kinematics-ws] K clamp binds: eid 1001 demanded 30228 clamped 4096
[kinematics-ws] K clamp binds: eid 1002 demanded 14826 clamped 4096
[kinematics-ws] K clamp binds: eid 1003 demanded 7246 clamped 4096
[kinematics-ws] K clamp binds: eid 1001 demanded 30215 clamped 4096
[kinematics-ws] K clamp binds: eid 1002 demanded 14812 clamped 4096
[kinematics-ws] K clamp binds: eid 1003 demanded 7273 clamped 4096
[kinematics-ws] K clamp binds: eid 1003 demanded 7282 clamped 4096
[kinematics-ws] K clamp binds: eid 1002 demanded 14824 clamped 4096
[kinematics-ws] K clamp binds: eid 1001 demanded 30207 clamped 4096
[kinematics-ws] K clamp binds: eid 1001 demanded 30206 clamped 4096
[kinematics-ws] K clamp binds: eid 1003 demanded 7253 clamped 4096
[kinematics-ws] K clamp binds: eid 1002 demanded 14839 clamped 4096
[kinematics-ws] K clamp binds: eid 1003 demanded 7252 clamped 4096
[kinematics-ws] K clamp binds: eid 1001 demanded 30210 clamped 4096
[kinematics-ws] K clamp binds: eid 1002 demanded 14829 clamped 4096
[kinematics-ws] K clamp binds: eid 1001 demanded 30218 clamped 4096
[kinematics-ws] K clamp binds: eid 1003 demanded 7281 clamped 4096
[kinematics-ws] K clamp binds: eid 1002 demanded 14812 clamped 4096
[kinematics-ws] K clamp binds: eid 1003 demanded 7274 clamped 4096
[kinematics-ws] K clamp binds: eid 1002 demanded 14822 clamped 4096
[kinematics-ws] K clamp binds: eid 1001 demanded 30228 clamped 4096
[kinematics-ws] K clamp binds: eid 1001 demanded 30239 clamped 4096
[kinematics-ws] K clamp binds: eid 1002 demanded 14839 clamped 4096
[kinematics-ws] K clamp binds: eid 1003 demanded 7247 clamped 4096
[kinematics-ws] K clamp binds: eid 1001 demanded 30250 clamped 4096
[kinematics-ws] K clamp binds: eid 1003 demanded 7261 clamped 4096
[kinematics-ws] K clamp binds: eid 1002 demanded 14830 clamped 4096
[kinematics-ws] K clamp binds: eid 1001 demanded 30260 clamped 4096
[kinematics-ws] K clamp binds: eid 1002 demanded 14812 clamped 4096
[kinematics-ws] K clamp binds: eid 1003 demanded 7285 clamped 4096
[kinematics-ws] K clamp binds: eid 1001 demanded 30269 clamped 4096
[kinematics-ws] K clamp binds: eid 1002 demanded 14822 clamped 4096
[kinematics-ws] K clamp binds: eid 1003 demanded 7263 clamped 4096
[kinematics-ws] K clamp binds: eid 1003 demanded 7246 clamped 4096
[kinematics-ws] K clamp binds: eid 1002 demanded 14839 clamped 4096
[kinematics-ws] K clamp binds: eid 1001 demanded 30275 clamped 4096
[kinematics-ws] K clamp binds: eid 1001 demanded 30280 clamped 4096
[kinematics-ws] K clamp binds: eid 1003 demanded 7272 clamped 4096
[kinematics-ws] K clamp binds: eid 1002 demanded 14828 clamped 4096
[kinematics-ws] K clamp binds: eid 1001 demanded 30283 clamped 4096
[kinematics-ws] K clamp binds: eid 1003 demanded 7282 clamped 4096
[kinematics-ws] K clamp binds: eid 1002 demanded 14812 clamped 4096
[kinematics-ws] K clamp binds: eid 1001 demanded 30286 clamped 4096
[kinematics-ws] K clamp binds: eid 1002 demanded 14824 clamped 4096
[kinematics-ws] K clamp binds: eid 1003 demanded 7252 clamped 4096
[kinematics-ws] K clamp binds: eid 1003 demanded 7252 clamped 4096
[kinematics-ws] K clamp binds: eid 1001 demanded 30287 clamped 4096
[kinematics-ws] K clamp binds: eid 1002 demanded 14839 clamped 4096
[kinematics-ws] K clamp binds: eid 1003 demanded 7281 clamped 4096
[kinematics-ws] K clamp binds: eid 1002 demanded 14825 clamped 4096
[kinematics-ws] K clamp binds: eid 1001 demanded 30287 clamped 4096
[kinematics-ws] K clamp binds: eid 1001 demanded 30288 clamped 4096
[kinematics-ws] K clamp binds: eid 1003 demanded 7273 clamped 4096
[kinematics-ws] K clamp binds: eid 1002 demanded 14811 clamped 4096
[kinematics-ws] K clamp binds: eid 1002 demanded 14828 clamped 4096
[kinematics-ws] K clamp binds: eid 1003 demanded 7246 clamped 4096
[kinematics-ws] K clamp binds: eid 1001 demanded 30288 clamped 4096
[kinematics-ws] K clamp binds: eid 1002 demanded 14838 clamped 4096
[kinematics-ws] K clamp binds: eid 1001 demanded 30288 clamped 4096
[kinematics-ws] K clamp binds: eid 1003 demanded 7263 clamped 4096
[kinematics-ws] K clamp binds: eid 1001 demanded 30288 clamped 4096
[kinematics-ws] K clamp binds: eid 1002 demanded 14820 clamped 4096
[kinematics-ws] K clamp binds: eid 1003 demanded 7284 clamped 4096
[kinematics-ws] K clamp binds: eid [kinematics-ws] K clamp binds: eid 1003 1001 demanded demanded 7260 30288clamped  clamped 40964096

[kinematics-ws] K clamp binds: eid 1002 demanded 14813 clamped 4096
[kinematics-ws] K clamp binds: eid 1003 demanded 7247 clamped 4096
[kinematics-ws] K clamp binds: eid 1002 demanded 14833 clamped 4096
[kinematics-ws] K clamp binds: eid 1001 demanded 30288 clamped 4096
[kinematics-ws] K clamp binds: eid 1002 demanded 14835 clamped 4096
[kinematics-ws] K clamp binds: eid 1001 demanded 30288 clamped 4096
[kinematics-ws] K clamp binds: eid 1003 demanded 7276 clamped 4096
[kinematics-ws] K clamp binds: eid 1003 demanded 7279 clamped 4096
[kinematics-ws] K clamp binds: eid 1001 demanded 30288 clamped 4096
[kinematics-ws] K clamp binds: eid 1002 demanded 14814 clamped 4096
[kinematics-ws] K clamp binds: eid 1003 demanded 7249 clamped 4096
[kinematics-ws] K clamp binds: eid 1001 demanded 30287 clamped 4096
[kinematics-ws] K clamp binds: eid 1002 demanded 14818 clamped 4096
[kinematics-ws] K clamp binds: eid 1003 demanded 7256 clamped 4096
[kinematics-ws] K clamp binds: eid 1002 demanded 14838 clamped 4096
[kinematics-ws] K clamp binds: eid 1001 demanded 30286 clamped 4096
[kinematics-ws] K clamp binds: eid 1001 demanded 30284 clamped 4096
[kinematics-ws] K clamp binds: eid 1002 demanded 14827 clamped 4096
[kinematics-ws] K clamp binds: eid 1003 demanded 7284 clamped 4096
[kinematics-ws] K clamp binds: eid[kinematics-ws] K clamp binds: eid  10021001  demanded demanded 30280 clamped 14811 clamped 40964096

[kinematics-ws] K clamp binds: eid 1003 demanded 7266 clamped 4096
[kinematics-ws] K clamp binds: eid 1002 demanded 14828 clamped 4096
[kinematics-ws] K clamp binds: eid 1001 demanded 30276 clamped 4096
[kinematics-ws] K clamp binds: eid 1003 demanded 7245 clamped 4096
[kinematics-ws] K clamp binds: eid 1001 demanded 30269 clamped 4096
[kinematics-ws] K clamp binds: eid 1002 demanded 14838 clamped 4096
[kinematics-ws] K clamp binds: eid 1003 demanded 7271 clamped 4096
[kinematics-ws] K clamp binds: eid 1003 demanded 7282 clamped 4096
[kinematics-ws] K clamp binds: eid 1002 demanded 14817 clamped 4096
[kinematics-ws] K clamp binds: eid 1001 demanded 30261 clamped 4096
[kinematics-ws] K clamp binds: eid 1003 demanded 7252 clamped 4096
[kinematics-ws] K clamp binds: eid 1002 demanded 14815 clamped 4096
[kinematics-ws] K clamp binds: eid 1001 demanded 30251 clamped 4096
[kinematics-ws] K clamp binds: eid 1001 demanded 30241 clamped 4096
[kinematics-ws] K clamp binds: eid 1002 demanded 14837 clamped 4096
[kinematics-ws] K clamp binds: eid 1003 demanded 7252 clamped 4096
[kinematics-ws] K clamp binds: eid 1001 demanded 30230 clamped 4096
[kinematics-ws] K clamp binds: eid 1003 demanded 7282 clamped 4096
[kinematics-ws] K clamp binds: eid 1002 demanded 14829 clamped 4096
[kinematics-ws] K clamp binds: eid[kinematics-ws] K clamp binds: eid  1002 1003demanded  demanded 727114810  clampedclamped  40964096

[kinematics-ws] K clamp binds: eid 1001 demanded 30220 clamped 4096
[kinematics-ws] K clamp binds: eid 1002 demanded 14827 clamped 4096
[kinematics-ws] K clamp binds: eid 1001 demanded 30212 clamped 4096
[kinematics-ws] K clamp binds: eid 1003 demanded 7245 clamped 4096
[kinematics-ws] K clamp binds: eid 1001 demanded 30208 clamped 4096
[kinematics-ws] K clamp binds: eid 1003 demanded 7267 clamped 4096
[kinematics-ws] K clamp binds: eid 1002 demanded 14837 clamped 4096
[kinematics-ws] K clamp binds: eid 1001 demanded 30210 clamped 4096
[kinematics-ws] K clamp binds: eid 1002 demanded 14815 clamped 4096
[kinematics-ws] K clamp binds: eid 1003 demanded 7284 clamped 4096
[kinematics-ws] K clamp binds: eid 1001 demanded 30217 clamped 4096
[kinematics-ws] K clamp binds: eid 1003 demanded 7255 clamped 4096
[kinematics-ws] K clamp binds: eid 1002 demanded 14817 clamped 4096
[kinematics-ws] K clamp binds: eid 1001 demanded 30230 clamped 4096
[kinematics-ws] K clamp binds: eid 1002 demanded 14838 clamped 4096
[kinematics-ws] K clamp binds: eid 1003 demanded 7250 clamped 4096
[kinematics-ws] K clamp binds: eid 1002 demanded 14824 clamped 4096
[kinematics-ws] K clamp binds: eid 1001 demanded 30247 clamped 4096
[kinematics-ws] K clamp binds: eid 1003 demanded 7281 clamped 4096
[kinematics-ws] K clamp binds: eid 1002 demanded 14811 clamped 4096
[kinematics-ws] K clamp binds: eid 1003 demanded 7273 clamped 4096
[kinematics-ws] K clamp binds: eid 1001 demanded 30264 clamped 4096
[kinematics-ws] K clamp binds: eid 1001 demanded 30280 clamped 4096
[kinematics-ws] K clamp binds: eid 1002 demanded 14833 clamped 4096
[kinematics-ws] K clamp binds: eid 1003 demanded 7245 clamped 4096
[kinematics-ws] K clamp binds: eid 1002 demanded 14832 clamped 4096
[kinematics-ws] K clamp binds: eid 1001 demanded 30288 clamped 4096
[kinematics-ws] K clamp binds: eid 1003 demanded 7264 clamped 4096
[kinematics-ws] K clamp binds: eid 1001 demanded 30287 clamped 4096
[kinematics-ws] K clamp binds: eid 1002 demanded 14811 clamped 4096
[kinematics-ws] K clamp binds: eid 1003 demanded 7284 clamped 4096
[kinematics-ws] K clamp binds: eid 1001 demanded 30275 clamped 4096
[kinematics-ws] K clamp binds: eid 1003 demanded 7256 clamped 4096
[kinematics-ws] K clamp binds: eid 1002 demanded 14825 clamped 4096
[kinematics-ws] K clamp binds: eid 1002 demanded 14837 clamped 4096
[kinematics-ws] K clamp binds: eid 1003 demanded 7249 clamped 4096
[kinematics-ws] K clamp binds: eid 1001 demanded 30255 clamped 4096
[kinematics-ws] K clamp binds: eid 1001 demanded 30232 clamped 4096
[kinematics-ws] K clamp binds: eid 1002 demanded 14815 clamped 4096
[kinematics-ws] K clamp binds: eid 1003 demanded 7280 clamped 4096
[kinematics-ws] K clamp binds: eid 1002 demanded 14818 clamped 4096
[kinematics-ws] K clamp binds: eid 1003 demanded 7274 clamped 4096
[kinematics-ws] K clamp binds: eid 1001 demanded 30214 clamped 4096
[kinematics-ws] K clamp binds: eid 1002 demanded 14838 clamped 4096
[kinematics-ws] K clamp binds: eid 1003 demanded 7245 clamped 4096
[kinematics-ws] K clamp binds: eid 1001 demanded 30208 clamped 4096
[kinematics-ws] K clamp binds: eid 1002 demanded 14820 clamped 4096
[kinematics-ws] K clamp binds: eid 1003 demanded 7264 clamped 4096
[kinematics-ws] K clamp binds: eid 1001 demanded 30217 clamped 4096
[kinematics-ws] K clamp binds: eid 1003 demanded 7284 clamped 4096
[kinematics-ws] K clamp binds: eid 1002 demanded 14813 clamped 4096
[kinematics-ws] K clamp binds: eid 1001 demanded 30240 clamped 4096
[kinematics-ws] K clamp binds: eid 1001 demanded 30267 clamped 4096
[kinematics-ws] K clamp binds: eid 1002 demanded 14836 clamped 4096
[kinematics-ws] K clamp binds: eid 1003 demanded 7256 clamped 4096
[kinematics-ws] K clamp binds: eid 1001 demanded 30286 clamped 4096
[kinematics-ws] K clamp binds: eid 1003 demanded 7249 clamped 4096
[kinematics-ws] K clamp binds: eid 1002 demanded 14825 clamped 4096
[kinematics-ws] K clamp binds: eid 1001 demanded 30287 clamped 4096
[kinematics-ws] K clamp binds: eid 1002 demanded 14811 clamped 4096
[kinematics-ws] K clamp binds: eid 1003 demanded 7280 clamped 4096
[kinematics-ws] K clamp binds: eid 1001 demanded 30268 clamped 4096
[kinematics-ws] K clamp binds: eid 1002 demanded 14834 clamped 4096
[kinematics-ws] K clamp binds: eid 1003 demanded 7273 clamped 4096
[kinematics-ws] K clamp binds: eid 1002 demanded 14829 clamped 4096
[kinematics-ws] K clamp binds: eid 1003 demanded 7245 clamped 4096
[kinematics-ws] K clamp binds: eid 1001 demanded 30238 clamped 4096
[kinematics-ws] K clamp binds: eid 1002 demanded 14810 clamped 4096
[kinematics-ws] K clamp binds: eid 1003 demanded 7265 clamped 4096
[kinematics-ws] K clamp binds: eid 1001 demanded 30214 clamped 4096
[kinematics-ws] K clamp binds: eid 1002 demanded 14831 clamped 4096
[kinematics-ws] K clamp binds: eid 1003 demanded 7284 clamped 4096
[kinematics-ws] K clamp binds: eid 1001 demanded 30209 clamped 4096
[kinematics-ws] K clamp binds: eid 1002 demanded 14832 clamped 4096
[kinematics-ws] K clamp binds: eid 1001 demanded 30229 clamped 4096
[kinematics-ws] K clamp binds: eid 1003 demanded 7255 clamped 4096
[kinematics-ws] K clamp binds: eid 1002 demanded 14810 clamped 4096
[kinematics-ws] K clamp binds: eid 1003 demanded 7250 clamped 4096
[kinematics-ws] K clamp binds: eid 1001 demanded 30261 clamped 4096
[kinematics-ws] K clamp binds: eid 1003 demanded 7281 clamped 4096
[kinematics-ws] K clamp binds: eid 1002 demanded 14828 clamped 4096
[kinematics-ws] K clamp binds: eid 1001 demanded 30286 clamped 4096
[kinematics-ws] K clamp binds: eid 1002 demanded 14833 clamped 4096
[kinematics-ws] K clamp binds: eid 1001 demanded 30283 clamped 4096
[kinematics-ws] K clamp binds: eid 1003 demanded 7271 clamped 4096
[kinematics-ws] K clamp binds: eid 1001 demanded 30255 clamped 4096
[kinematics-ws] K clamp binds: eid 1003 demanded 7245 clamped 4096
[kinematics-ws] K clamp binds: eid 1002 demanded 14810 clamped 4096
[kinematics-ws] K clamp binds: eid 1002 demanded 14827 clamped 4096
[kinematics-ws] K clamp binds: eid 1003 demanded 7268 clamped 4096
[kinematics-ws] K clamp binds: eid 1001 demanded 30220 clamped 4096
[kinematics-ws] K clamp binds: eid 1002 demanded 14834 clamped 4096
[kinematics-ws] K clamp binds: eid 1003 demanded 7283 clamped 4096
[kinematics-ws] K clamp binds: eid 1001 demanded 30208 clamped 4096
[kinematics-ws] K clamp binds: eid 1001 demanded 30228 clamped 4096
[kinematics-ws] K clamp binds: eid 1003 demanded 7252 clamped 4096
[kinematics-ws] K clamp binds: eid 1002 demanded 14811 clamped 4096
[kinematics-ws] K clamp binds: eid 1001 demanded 30266 clamped 4096
[kinematics-ws] K clamp binds: eid 1002 demanded 14826 clamped [kinematics-ws] K clamp binds: eid4096 
1003 demanded 7253 clamped 4096
[kinematics-ws] K clamp binds: eid 1001 demanded 30288 clamped 4096
[kinematics-ws] K clamp binds: eid 1003 demanded 7283 clamped 4096
[kinematics-ws] K clamp binds: eid 1002 demanded 14834 clamped 4096
[kinematics-ws] K clamp binds: eid 1001 demanded 30272 clamped 4096
[kinematics-ws] K clamp binds: eid 1002 demanded 14810 clamped 4096
[kinematics-ws] K clamp binds: eid 1003 demanded 7266 clamped 4096
[kinematics-ws] K clamp binds: eid 1003 demanded 7245 clamped 4096
[kinematics-ws] K clamp binds: eid 1001 demanded 30232 clamped 4096
[kinematics-ws] K clamp binds: eid 1002 demanded 14827 clamped 4096
[kinematics-ws] K clamp binds: eid 1001 demanded 30207 clamped 4096
[kinematics-ws] K clamp binds: eid 1003 demanded 7273 clamped 4096
[kinematics-ws] K clamp binds: eid 1002 demanded 14834 clamped 4096
[kinematics-ws] K clamp binds: eid 1001 demanded 30224 clamped 4096
[kinematics-ws] K clamp binds: eid 1003 demanded 7280 clamped 4096
[kinematics-ws] K clamp binds: eid 1002 demanded 14810 clamped 4096
[kinematics-ws] K clamp binds: eid 1002 demanded 14828 clamped 4096
[kinematics-ws] K clamp binds: eid 1001 demanded 30265 clamped 4096
[kinematics-ws] K clamp binds: eid 1003 demanded 7248 clamped 4096
[kinematics-ws] K clamp binds: eid 1001 demanded 30288 clamped 4096
[kinematics-ws] K clamp binds: eid 1003 demanded 7258 clamped 4096
[kinematics-ws] K clamp binds: eid 1002 demanded 14832 clamped 4096
[kinematics-ws] K clamp binds: eid [kinematics-ws] K clamp binds: eid 1001 demanded 30264 clamped 1003 demanded 40967284 clamped 
[kinematics-ws] K clamp binds: eid 1002 demanded 14809 clamped 4096
4096
[kinematics-ws] K clamp binds: eid 1003 demanded 7261 clamped 4096
[kinematics-ws] K clamp binds: eid 1002 demanded 14830 clamped 4096
[kinematics-ws] K clamp binds: eid 1001 demanded 30221 clamped 4096
[kinematics-ws] K clamp binds: eid 1003 demanded 7247 clamped 4096
[kinematics-ws] K clamp binds: eid 1002 demanded 14829 clamped 4096
[kinematics-ws] K clamp binds: eid 1001 demanded 30209 clamped 4096
[kinematics-ws] K clamp binds: eid 1001 demanded 30244 clamped 4096
[kinematics-ws] K clamp binds: eid 1003 demanded 7278 clamped 4096
[kinematics-ws] K clamp binds: eid 1002 demanded 14810 clamped 4096
[kinematics-ws] K clamp binds: eid 1001 demanded 30283 clamped 4096
[kinematics-ws] K clamp binds: eid 1003 demanded 7275 clamped 4096
[kinematics-ws] K clamp binds: eid 1002 demanded 14833 clamped 4096
[kinematics-ws] K clamp binds: eid 1002 demanded 14826 clamped 4096
[kinematics-ws] K clamp binds: eid 1001 demanded 30275 clamped 4096
[kinematics-ws] K clamp binds: eid 1003 demanded 7245 clamped 4096
[kinematics-ws] K clamp binds: eid 1001 demanded 30229 clamped 4096
[kinematics-ws] K clamp binds: eid 1003 demanded 7264 clamped 4096
[kinematics-ws] K clamp binds: eid 1002 demanded 14811 clamped 4096
[kinematics-ws] K clamp binds: eid 1003 demanded 7284 clamped 4096
[kinematics-ws] K clamp binds: eid 1001 demanded 30207 clamped 4096
[kinematics-ws] K clamp binds: eid 1002 demanded 14836 clamped 4096
[kinematics-ws] K clamp binds: eid 1003 demanded 7254 clamped 4096
[kinematics-ws] K clamp binds: eid 1001 demanded 30241 clamped 4096
[kinematics-ws] K clamp binds: eid 1002 demanded 14821 clamped 4096
[kinematics-ws] K clamp binds: eid 1001 demanded 30284 clamped 4096
[kinematics-ws] K clamp binds: eid 1002 demanded 14814 clamped 4096
[kinematics-ws] K clamp binds: eid 1003 demanded 7251 clamped 4096
[kinematics-ws] K clamp binds: eid 1001 demanded 30271 clamped 4096
[kinematics-ws] K clamp binds: eid 1003 demanded 7282 clamped 4096
[kinematics-ws] K clamp binds: eid 1002 demanded 14837 clamped 4096
[kinematics-ws] K clamp binds: eid 1001 demanded 30221 clamped 4096
[kinematics-ws] K clamp binds: eid 1002 demanded 14815 clamped 4096
[kinematics-ws] K clamp binds: eid 1003 demanded 7268 clamped 4096
[kinematics-ws] K clamp binds: eid 1001 demanded 30210 clamped 4096
[kinematics-ws] K clamp binds: eid 1002 demanded 14819 clamped 4096
[kinematics-ws] K clamp binds: eid 1003 demanded 7245 clamped 4096
[kinematics-ws] K clamp binds: eid 1002 demanded 14836 clamped 4096
[kinematics-ws] K clamp binds: eid 1003 demanded 7272 clamped 4096
[kinematics-ws] K clamp binds: eid 1001 demanded 30257 clamped 4096
[kinematics-ws] K clamp binds: eid 1002 demanded 14811 clamped 4096
[kinematics-ws] K clamp binds: eid 1003 demanded 7280 clamped 4096
[kinematics-ws] K clamp binds: eid 1001 demanded 30286 clamped 4096
[kinematics-ws] K clamp binds: eid 1001 demanded 30248 clamped 4096
[kinematics-ws] K clamp binds: eid 1003 demanded 7248 clamped 4096
[kinematics-ws] K clamp binds: eid 1002 demanded 14826 clamped 4096
[kinematics-ws] K clamp binds: eid 1001 demanded 30206 clamped 4096
[kinematics-ws] K clamp binds: eid 1003 demanded 7258 clamped 4096
[kinematics-ws] K clamp binds: eid 1002 demanded 14832 clamped 4096
[kinematics-ws] K clamp binds: eid 1001 demanded 30233 clamped 4096
[kinematics-ws] K clamp binds: eid 1002 demanded 14809 clamped 4096
[kinematics-ws] K clamp binds: eid 1003 demanded 7284 clamped 4096
[kinematics-ws] K clamp binds: eid 1003 demanded 7259 clamped 4096
[kinematics-ws] K clamp binds: eid 1001 demanded 30283 clamped 4096
[kinematics-ws] K clamp binds: eid 1002 demanded 14833 clamped 4096
[kinematics-ws] K clamp binds: eid 1002 demanded 14824 clamped 4096
[kinematics-ws] K clamp binds: eid 1001 demanded 30265 clamped 4096
[kinematics-ws] K clamp binds: eid 1003 demanded 7248 clamped 4096
[kinematics-ws] K clamp binds: eid 1001 demanded 30212 clamped 4096
[kinematics-ws] K clamp binds: eid 1003 demanded 7280 clamped 4096
[kinematics-ws] K clamp binds: eid 1002 demanded 14812 clamped 4096
[kinematics-ws] K clamp binds: eid 1002 demanded 14837 clamped 4096
[kinematics-ws] K clamp binds: eid 1001 demanded 30222 clamped 4096
[kinematics-ws] K clamp binds: eid 1003 demanded 7272 clamped 4096
[kinematics-ws] K clamp binds: eid 1002 demanded 14815 clamped 4096
[kinematics-ws] K clamp binds: eid 1001 demanded 30278 clamped 4096
[kinematics-ws] K clamp binds: eid 1003 demanded 7245 clamped 4096
[kinematics-ws] K clamp binds: eid 1001 demanded 30271 clamped 4096
[kinematics-ws] K clamp binds: eid 1003 demanded 7268 clamped 4096
[kinematics-ws] K clamp binds: eid 1002 demanded 14821 clamped 4096
[kinematics-ws] K clamp binds: eid 1003 demanded 7282 clamped 4096
[kinematics-ws] K clamp binds: eid 1002 demanded 14835 clamped 4096
[kinematics-ws] K clamp binds: eid 1001 demanded 30213 clamped 4096
[kinematics-ws] K clamp binds: eid 1001 demanded 30221 clamped 4096
[kinematics-ws] K clamp binds: eid 1003 demanded 7250 clamped 4096
[kinematics-ws] K clamp binds: eid 1002 demanded 14809 clamped 4096
[kinematics-ws] K clamp binds: eid 1001 demanded 30279 clamped 4096
[kinematics-ws] K clamp binds: eid 1002 demanded 14831 clamped 4096
[kinematics-ws] K clamp binds: eid 1003 demanded 7255 clamped 4096
[kinematics-ws] K clamp binds: eid 1002 demanded 14825 clamped 4096
[kinematics-ws] K clamp binds: eid 1003 demanded 7284 clamped 4096
[kinematics-ws] K clamp binds: eid 1001 demanded 30266 clamped 4096
[kinematics-ws] K clamp binds: eid 1002 demanded 14811 clamped 4096
[kinematics-ws] K clamp binds: eid 1001 demanded 30209 clamped 4096
[kinematics-ws] K clamp binds: eid 1003 demanded 7261 clamped 4096
[kinematics-ws] K clamp binds: eid 1001 demanded 30231 clamped 4096
[kinematics-ws] K clamp binds: eid 1003 demanded 7246 clamped 4096
[kinematics-ws] K clamp binds: eid 1002 demanded 14837 clamped 4096
[kinematics-ws] K clamp binds: eid 1002 demanded 14814 clamped 4096
[kinematics-ws] K clamp binds: eid 1003 demanded 7278 clamped 4096
[kinematics-ws] K clamp binds: eid 1001 demanded 30285 clamped 4096
[kinematics-ws] K clamp binds: eid 1001 demanded 30250 clamped 4096
[kinematics-ws] K clamp binds: eid 1003 demanded 7274 clamped 4096
[kinematics-ws] K clamp binds: eid 1002 demanded 14822 clamped 4096
[kinematics-ws] K clamp binds: eid 1003 demanded 7245 clamped 4096
[kinematics-ws] K clamp binds: eid 1002 demanded 14833 clamped 4096
[kinematics-ws] K clamp binds: eid 1001 demanded 30204 clamped 4096
[kinematics-ws] K clamp binds: eid 1001 demanded 30253 clamped 4096
[kinematics-ws] K clamp binds: eid 1002 demanded 14809 clamped 4096
[kinematics-ws] K clamp binds: eid 1003 demanded 7267 clamped 4096
[kinematics-ws] K clamp binds: eid 1001 demanded 30283 clamped 4096
[kinematics-ws] K clamp binds: eid 1003 demanded 7282 clamped 4096
[kinematics-ws] K clamp binds: eid 1002 demanded 14834 clamped 4096
[kinematics-ws] K clamp binds: eid 1001 demanded 30222 clamped 4096
[kinematics-ws] K clamp binds: eid 1003 demanded 7250 clamped 4096
[kinematics-ws] K clamp binds: eid 1002 demanded 14820 clamped 4096
[kinematics-ws] K clamp binds: eid 1001 demanded 30216 clamped 4096
[kinematics-ws] K clamp binds: eid 1002 demanded 14816 clamped 4096
[kinematics-ws] K clamp binds: eid 1003 demanded 7255 clamped 4096
[kinematics-ws] K clamp binds: eid 1001 demanded 30280 clamped 4096
[kinematics-ws] K clamp binds: eid 1002 demanded 14836 clamped 4096
[kinematics-ws] K clamp binds: eid 1003 demanded 7284 clamped 4096
[kinematics-ws] K clamp binds: eid 1001 demanded 30256 clamped 4096
[kinematics-ws] K clamp binds: eid 1002 demanded 14810 clamped 4096
[kinematics-ws] K clamp binds: eid 1003 demanded 7261 clamped 4096
[kinematics-ws] K clamp binds: eid 1001 demanded 30204 clamped 4096
[kinematics-ws] K clamp binds: eid 1003 demanded 7246 clamped 4096
[kinematics-ws] K clamp binds: eid 1002 demanded 14830 clamped 4096
[kinematics-ws] K clamp binds: eid 1003 demanded 7278 clamped 4096
[kinematics-ws] K clamp binds: eid 1001 demanded 30255 clamped 4096
[kinematics-ws] K clamp binds: eid 1002 demanded 14825 clamped 4096
[kinematics-ws] K clamp binds: eid 1001 demanded 30278 clamped 4096
[kinematics-ws] K clamp binds: eid 1003 demanded 7273 clamped 4096
[kinematics-ws] K clamp binds: eid 1002 demanded 14813 clamped 4096
[kinematics-ws] K clamp binds: eid 1001 demanded 30212 clamped 4096
[kinematics-ws] K clamp binds: eid [kinematics-ws] K clamp binds: eid 1003 demanded 7244 clamped 4096
1002 demanded 14837 clamped 4096
[kinematics-ws] K clamp binds: eid 1003 demanded 7268 clamped 4096
[kinematics-ws] K clamp binds: eid 1002 demanded 14811 clamped 4096
[kinematics-ws] K clamp binds: eid 1001 demanded 30231 clamped 4096
[kinematics-ws] K clamp binds: eid 1002 demanded 14828 clamped 4096
[kinematics-ws] K clamp binds: eid 1003 demanded 7282 clamped 4096
[kinematics-ws] K clamp binds: eid 1001 demanded 30285 clamped 4096
[kinematics-ws] K clamp binds: eid 1001 demanded 30228 clamped 4096
[kinematics-ws] K clamp binds: eid 1003 demanded 7249 clamped 4096
[kinematics-ws] K clamp binds: eid 1002 demanded 14827 clamped 4096
[kinematics-ws] K clamp binds: eid 1001 demanded 30216 clamped 4096
[kinematics-ws] K clamp binds: eid 1003 demanded 7256 clamped 4096
[kinematics-ws] K clamp binds: eid 1002 demanded 14812 clamped 4096
[kinematics-ws] K clamp binds: eid 1001 demanded 30282 clamped 4096
[kinematics-ws] K clamp binds: eid 1002 demanded 14837 clamped 4096
[kinematics-ws] K clamp binds: eid 1003 demanded 7284 clamped 4096
[kinematics-ws] K clamp binds: eid[kinematics-ws] K clamp binds: eid  1002 demanded 1001 14811 clampeddemanded  30241 clamped 40964096

[kinematics-ws] K clamp binds: eid 1003 demanded 7259 clamped 4096
[kinematics-ws] K clamp binds: eid 1001 demanded 30208 clamped 4096
[kinematics-ws] K clamp binds: eid 1003 demanded 7248 clamped 4096
[kinematics-ws] K clamp binds: eid 1002 demanded 14828 clamped 4096
[kinematics-ws] K clamp binds: eid 1002 demanded 14826 clamped 4096
[kinematics-ws] K clamp binds: eid 1003 demanded 7280 clamped 4096
[kinematics-ws] K clamp binds: eid 1001 demanded 30277 clamped 4096
[kinematics-ws] K clamp binds: eid 1001 demanded 30249 clamped 4096
[kinematics-ws] K clamp binds: eid 1003 demanded 7271 clamped 4096
[kinematics-ws] K clamp binds: eid 1002 demanded 14813 clamped 4096
[kinematics-ws] K clamp binds: eid 1002 demanded 14837 clamped 4096
[kinematics-ws] K clamp binds: eid 1001 demanded 30206 clamped 4096
[kinematics-ws] K clamp binds: eid 1003 demanded 7244 clamped 4096
[kinematics-ws] K clamp binds: eid 1001 demanded 30275 clamped 4096
[kinematics-ws] K clamp binds: eid 1002 demanded 14810 clamped 4096
[kinematics-ws] K clamp binds: eid 1003 demanded 7271 clamped 4096
[kinematics-ws] K clamp binds: eid 1001 demanded 30250 clamped 4096
[kinematics-ws] K clamp binds: eid 1003 demanded 7280 clamped 4096
[kinematics-ws] K clamp binds: eid 1002 demanded 14831 clamped 4096
[kinematics-ws] K clamp binds: eid 1001 demanded 30206 clamped 4096
[kinematics-ws] K clamp binds: eid 1003 demanded 7247 clamped 4096
[kinematics-ws] K clamp binds: eid 1002 demanded 14822 clamped 4096
[kinematics-ws] K clamp binds: eid 1002 demanded 14816 clamped 4096
[kinematics-ws] K clamp binds: eid 1003 demanded 7260 clamped 4096
[kinematics-ws] K clamp binds: eid 1001 demanded 30276 clamped 4096
[kinematics-ws] K clamp binds: eid 1001 demanded 30245 clamped 4096
[kinematics-ws] K clamp binds: eid 1003 demanded 7284 clamped 4096
[kinematics-ws] K clamp binds: eid 1002 demanded 14835 clamped 4096
[kinematics-ws] K clamp binds: eid 1003 demanded 7255 clamped 4096
[kinematics-ws] K clamp binds: eid 1001 demanded 30209 clamped 4096
[kinematics-ws] K clamp binds: eid 1002 demanded 14809 clamped 4096
[kinematics-ws] K clamp binds: eid 1003 demanded 7250 clamped 4096
[kinematics-ws] K clamp binds: eid 1002 demanded 14835 clamped 4096
[kinematics-ws] K clamp binds: eid 1001 demanded 30281 clamped 4096
[kinematics-ws] K clamp binds: eid 1002 demanded 14816 clamped 4096
[kinematics-ws] K clamp binds: eid 1001 demanded 30235 clamped 4096
[kinematics-ws] K clamp binds: eid 1003 demanded 7282 clamped 4096
[kinematics-ws] K clamp binds: eid 1003 demanded 7266 clamped 4096
[kinematics-ws] K clamp binds: eid 1001 demanded 30217 clamped 4096
[kinematics-ws] K clamp binds: eid 1002 demanded 14822 clamped 4096
[kinematics-ws] K clamp binds: eid 1001 demanded 30284 clamped 4096
[kinematics-ws] K clamp binds: eid 1003 demanded 7245 clamped 4096
[kinematics-ws] K clamp binds: eid 1002 demanded 14830 clamped 4096
[kinematics-ws] K clamp binds: eid 1001 demanded 30219 clamped 4096
[kinematics-ws] K clamp binds: eid 1002 demanded 14810 clamped 4096
[kinematics-ws] K clamp binds: eid 1003 demanded 7276 clamped 4096
[kinematics-ws] K clamp binds: eid 1001 demanded 30233 clamped 4096
[kinematics-ws] K clamp binds: eid 1003 demanded 7276 clamped 4096
[kinematics-ws] K clamp binds: eid 1002 demanded 14837 clamped 4096
[kinematics-ws] K clamp binds: eid 1001 demanded 30279 clamped 4096
[kinematics-ws] K clamp binds: eid 1002 demanded 14810 clamped 4096
[kinematics-ws] K clamp binds: eid 1003 demanded 7245 clamped 4096
[kinematics-ws] K clamp binds: eid 1001 demanded 30205 clamped 4096
[kinematics-ws] K clamp binds: eid 1003 demanded 7266 clamped 4096
[kinematics-ws] K clamp binds: eid 1002 demanded 14831 clamped 4096
[kinematics-ws] K clamp binds: eid 1001 demanded 30258 clamped 4096
[kinematics-ws] K clamp binds: eid 1003 demanded 7282 clamped 4096
[kinematics-ws] K clamp binds: eid 1002 demanded 14820 clamped 4096
[kinematics-ws] K clamp binds: eid 1001 demanded 30260 clamped 4096
[kinematics-ws] K clamp binds: eid 1003 demanded 7250 clamped 4096
[kinematics-ws] K clamp binds: eid 1002 demanded 14818 clamped 4096
[kinematics-ws] K clamp binds: eid 1003 demanded 7256 clamped 4096
[kinematics-ws] K clamp binds: eid 1002 demanded 14832 clamped 4096
[kinematics-ws] K clamp binds: eid 1001 demanded 30205 clamped 4096
[kinematics-ws] K clamp binds: eid 1001 demanded 30280 clamped 4096
[kinematics-ws] K clamp binds: eid 1002 demanded 14809 clamped 4096
[kinematics-ws] K clamp binds: eid 1003 demanded 7284 clamped 4096
[kinematics-ws] K clamp binds: eid 1002 demanded 14837 clamped 4096
[kinematics-ws] K clamp binds: eid 1003 demanded 7259 clamped 4096
[kinematics-ws] K clamp binds: eid 1001 demanded 30228 clamped 4096
[kinematics-ws] K clamp binds: eid 1002 demanded 14810 clamped 4096
[kinematics-ws] K clamp binds: eid 1001 demanded 30228 clamped 4096
[kinematics-ws] K clamp binds: eid 1003 demanded 7248 clamped 4096
[kinematics-ws] K clamp binds: eid 1001 demanded 30279 clamped 4096
[kinematics-ws] K clamp binds: eid 1002 demanded 14831 clamped 4096
[kinematics-ws] K clamp binds: eid 1003 demanded 7281 clamped 4096
[kinematics-ws] K clamp binds: eid 1001 demanded 30203 clamped 4096
[kinematics-ws] K clamp binds: eid 1003 demanded 7269 clamped 4096
[kinematics-ws] K clamp binds: eid 1002 demanded 14820 clamped 4096
[kinematics-ws] K clamp binds: eid 1003 demanded 7244 clamped 4096
[kinematics-ws] K clamp binds: eid 1002 demanded 14820 clamped 4096
[kinematics-ws] K clamp binds: eid 1001 demanded 30267 clamped 4096
[kinematics-ws] K clamp binds: eid[kinematics-ws] K clamp binds: eid  1003 1001demanded  7273demanded  clamped 30244 clamped 40964096

[kinematics-ws] K clamp binds: eid 1002 demanded 14831 clamped 4096
[kinematics-ws] K clamp binds: eid 1003 demanded 7278 clamped 4096
[kinematics-ws] K clamp binds: eid 1002 demanded 14811 clamped 4096
[kinematics-ws] K clamp binds: eid 1001 demanded 30217 clamped 4096
[kinematics-ws] K clamp binds: eid 1001 demanded 30282 clamped 4096
[kinematics-ws] K clamp binds: eid 1003 demanded 7246 clamped 4096
[kinematics-ws] K clamp binds: eid 1002 demanded 14837 clamped 4096
[kinematics-ws] K clamp binds: eid 1001 demanded 30205 clamped 4096
[kinematics-ws] K clamp binds: eid 1003 demanded 7263 clamped 4096
[kinematics-ws] K clamp binds: eid 1002 demanded 14809 clamped 4096
[kinematics-ws] K clamp binds: eid 1001 demanded 30265 clamped 4096
[kinematics-ws] K clamp binds: eid 1003 demanded 7283 clamped 4096
[kinematics-ws] K clamp binds: eid 1002 demanded 14835 clamped 4096
[kinematics-ws] K clamp binds: eid 1001 demanded 30244 clamped 4096
[kinematics-ws] K clamp binds: eid 1003 demanded 7251 clamped 4096
[kinematics-ws] K clamp binds: eid 1002 demanded 14814 clamped 4096
[kinematics-ws] K clamp binds: eid 1002 demanded 14826 clamped 4096
[kinematics-ws] K clamp binds: eid 1001 demanded 30219 clamped 4096
[kinematics-ws] K clamp binds: eid 1003 demanded 7254 clamped 4096
[kinematics-ws] K clamp binds: eid 1002 demanded 14824 clamped 4096
[kinematics-ws] K clamp binds: eid 1003 demanded 7284 clamped 4096
[kinematics-ws] K clamp binds: eid 1001 demanded 30280 clamped 4096
[kinematics-ws] K clamp binds: eid 1003 demanded 7260 clamped 4096
[kinematics-ws] K clamp binds: eid 1002 demanded 14817 clamped 4096
[kinematics-ws] K clamp binds: eid 1001 demanded 30202 clamped 4096
[kinematics-ws] K clamp binds: eid 1002 demanded 14833 clamped 4096
[kinematics-ws] K clamp binds: eid 1003 demanded 7247 clamped 4096
[kinematics-ws] K clamp binds: eid 1001 demanded 30275 clamped 4096
[kinematics-ws] K clamp binds: eid 1001 demanded 30228 clamped 4096
[kinematics-ws] K clamp binds: eid 1002 demanded 14810 clamped 4096
[kinematics-ws] K clamp binds: eid 1003 demanded 7280 clamped 4096
[kinematics-ws] K clamp binds: eid 1001 demanded 30238 clamped 4096
[kinematics-ws] K clamp binds: eid 1003 demanded 7270 clamped 4096
[kinematics-ws] K clamp binds: eid 1002 demanded 14837 clamped 4096
[kinematics-ws] K clamp binds: eid 1003 demanded 7244 clamped 4096
[kinematics-ws] K clamp binds: eid 1002 demanded 14809 clamped 4096
[kinematics-ws] K clamp binds: eid 1001 demanded 30266 clamped 4096
[kinematics-ws] K clamp binds: eid 1001 demanded 30207 clamped 4096
[kinematics-ws] K clamp binds: eid 1003 demanded 7273 clamped 4096
[kinematics-ws] K clamp binds: eid 1002 demanded 14836 clamped 4096
[kinematics-ws] K clamp binds: eid 1003 demanded 7278 clamped 4096
[kinematics-ws] K clamp binds: eid 1002 demanded 14812 clamped 4096
[kinematics-ws] K clamp binds: eid 1001 demanded 30284 clamped 4096
[kinematics-ws] K clamp binds: eid 1002 demanded 14830 clamped 4096
[kinematics-ws] K clamp binds: eid 1003 demanded 7245 clamped 4096
[kinematics-ws] K clamp binds: eid 1001 demanded 30205 clamped 4096
[kinematics-ws] K clamp binds: eid 1003 demanded 7264 clamped 4096
[kinematics-ws] K clamp binds: eid 1002 demanded 14820 clamped 4096
[kinematics-ws] K clamp binds: eid 1001 demanded 30271 clamped 4096
[kinematics-ws] K clamp binds: eid 1003 demanded 7283 clamped 4096
[kinematics-ws] K clamp binds: eid 1001 demanded 30228 clamped 4096
[kinematics-ws] K clamp binds: eid 1002 demanded 14822 clamped 4096
[kinematics-ws] K clamp binds: eid 1002 demanded 14827 clamped 4096
[kinematics-ws] K clamp binds: eid 1001 demanded 30242 clamped 4096
[kinematics-ws] K clamp binds: eid 1003 demanded 7251 clamped 4096
[kinematics-ws] K clamp binds: eid 1001 demanded 30258 clamped 4096
[kinematics-ws] K clamp binds: eid 1002 demanded 14815 clamped 4096
[kinematics-ws] K clamp binds: eid 1003 demanded 7255 clamped 4096
[kinematics-ws] K clamp binds: eid 1002 demanded 14834 clamped 4096
[kinematics-ws] K clamp binds: eid 1001 demanded 30215 clamped 4096
[kinematics-ws] K clamp binds: eid 1003 demanded 7284 clamped 4096
[kinematics-ws] K clamp binds: eid 1002 demanded 14810 clamped 4096
[kinematics-ws] K clamp binds: eid 1001 demanded 30279 clamped 4096
[kinematics-ws] K clamp binds: eid 1003 demanded 7259 clamped 4096
[kinematics-ws] K clamp binds: eid 1001 demanded 30202 clamped 4096
[kinematics-ws] K clamp binds: eid 1003 demanded 7248 clamped 4096
[kinematics-ws] K clamp binds: eid 1002 demanded 14837 clamped 4096
[kinematics-ws] K clamp binds: eid 1001 demanded 30284 clamped 4096
[kinematics-ws] K clamp binds: eid 1002 demanded 14808 clamped 4096
[kinematics-ws] K clamp binds: eid 1003 demanded 7281 clamped 4096
[kinematics-ws] K clamp binds: eid 1001 demanded 30205 clamped 4096
[kinematics-ws] K clamp binds: eid [kinematics-ws] K clamp binds: eid 10031002  demandeddemanded  7268 14837 clamped clamped 40964096

[kinematics-ws] K clamp binds: eid 1003 demanded 7244 clamped 4096
[kinematics-ws] K clamp binds: eid 1002 demanded 14810 clamped 4096
[kinematics-ws] K clamp binds: eid 1001 demanded 30275 clamped 4096
[kinematics-ws] K clamp binds: eid 1002 demanded 14835 clamped 4096
[kinematics-ws] K clamp binds: eid 1003 demanded 7275 clamped 4096
[kinematics-ws] K clamp binds: eid 1001 demanded 30218 clamped 4096
[kinematics-ws] K clamp binds: eid 1003 demanded 7276 clamped 4096
[kinematics-ws] K clamp binds: eid 1002 demanded 14813 clamped 4096
[kinematics-ws] K clamp binds: eid 1001 demanded 30259 clamped 4096
[kinematics-ws] K clamp binds: eid 1003 demanded 7244 clamped 4096
[kinematics-ws] K clamp binds: eid 1002 demanded 14830 clamped 4096
[kinematics-ws] K clamp binds: eid 1001 demanded 30236 clamped 4096
[kinematics-ws] K clamp binds: eid 1002 demanded 14818 clamped 4096
[kinematics-ws] K clamp binds: eid 1003 demanded 7267 clamped 4096
[kinematics-ws] K clamp binds: eid 1001 demanded 30241 clamped 4096
[kinematics-ws] K clamp binds: eid 1001 demanded 30252 clamped 4096
[kinematics-ws] K clamp binds: eid 1002 demanded 14826 clamped 4096
[kinematics-ws] K clamp binds: eid 1003 demanded 7282 clamped 4096
[kinematics-ws] K clamp binds: eid 1002 demanded 14823 clamped 4096
[kinematics-ws] K clamp binds: eid 1003 demanded 7248 clamped 4096
[kinematics-ws] K clamp binds: eid 1001 demanded 30227 clamped 4096
[kinematics-ws] K clamp binds: eid 1001 demanded 30265 clamped 4096
[kinematics-ws] K clamp binds: eid 1002 demanded 14821 clamped 4096
[kinematics-ws] K clamp binds: eid 1003 demanded 7258 clamped 4096
[kinematics-ws] K clamp binds: eid 1001 demanded 30216 clamped 4096
[kinematics-ws] K clamp binds: eid 1002 demanded 14827 clamped 4096
[kinematics-ws] K clamp binds: eid 1003 demanded 7284 clamped 4096
[kinematics-ws] K clamp binds: eid 1001 demanded 30274 clamped 4096
[kinematics-ws] K clamp binds: eid 1003 demanded 7255 clamped 4096[kinematics-ws] K clamp binds: eid
 1002 demanded 14817 clamped 4096
[kinematics-ws] K clamp binds: eid 1002 demanded 14831 clamped 4096
[kinematics-ws] K clamp binds: eid 1003 demanded 7250 clamped 4096
[kinematics-ws] K clamp binds: eid 1001 demanded 30210 clamped 4096
[kinematics-ws] K clamp binds: eid 1002 demanded 14814 clamped 4096
[kinematics-ws] K clamp binds: eid 1001 demanded 30279 clamped 4096
[kinematics-ws] K clamp binds: eid 1003 demanded 7283 clamped 4096
[kinematics-ws] K clamp binds: eid 1001 demanded 30206 clamped 4096
[kinematics-ws] K clamp binds: eid 1002 demanded 14834 clamped 4096
[kinematics-ws] K clamp binds: eid 1003 demanded 7264 clamped 4096
[kinematics-ws] K clamp binds: eid 1003 demanded 7245 clamped 4096
[kinematics-ws] K clamp binds: eid 1002 demanded 14811 clamped 4096
[kinematics-ws] K clamp binds: eid 1001 demanded 30282 clamped 4096
[kinematics-ws] K clamp binds: eid 1001 demanded 30204 clamped 4096
[kinematics-ws] K clamp binds: eid 1003 demanded 7279 clamped 4096
[kinematics-ws] K clamp binds: eid 1002 demanded 14836 clamped 4096
[kinematics-ws] K clamp binds: eid 1001 demanded 30283 clamped 4096
[kinematics-ws] K clamp binds: eid 1002 demanded 14810 clamped 4096
[kinematics-ws] K clamp binds: eid 1003 demanded 7272 clamped 4096
[kinematics-ws] K clamp binds: eid 1002 demanded 14837 clamped 4096
[kinematics-ws] K clamp binds: eid 1001 demanded 30204 clamped 4096
[kinematics-ws] K clamp binds: eid 1003 demanded 7244 clamped 4096
[kinematics-ws] K clamp binds: eid 1001 demanded 30283 clamped 4096
[kinematics-ws] K clamp binds: eid 1003 demanded 7271 clamped 4096
[kinematics-ws] K clamp binds: eid 1002 demanded 14809 clamped 4096
[kinematics-ws] K clamp binds: eid 1002 demanded 14837 clamped 4096
[kinematics-ws] K clamp binds: eid 1001 demanded 30204 clamped 4096
[kinematics-ws] K clamp binds: eid 1003 demanded 7279 clamped 4096
[kinematics-ws] K clamp binds: eid[kinematics-ws] K clamp binds: eid  1003 1002 demanded demanded 7246 14809 clamped clamped 40964096

[kinematics-ws] K clamp binds: eid 1001 demanded 30282 clamped 4096
[kinematics-ws] K clamp binds: eid 1003 demanded 7263 clamped 4096
[kinematics-ws] K clamp binds: eid 1002 demanded 14838 clamped 4096
[kinematics-ws] K clamp binds: eid 1001 demanded 30206 clamped 4096
[kinematics-ws] K clamp binds: eid 1001 demanded 30280 clamped 4096
[kinematics-ws] K clamp binds: eid 1003 demanded 7283 clamped 4096
[kinematics-ws] K clamp binds: eid 1002 demanded 14809 clamped 4096
[kinematics-ws] K clamp binds: eid 1002 demanded 14838 clamped 4096
[kinematics-ws] K clamp binds: eid 1001 demanded 30209 clamped 4096
[kinematics-ws] K clamp binds: eid 1003 demanded 7250 clamped 4096
[kinematics-ws] K clamp binds: eid 1001 demanded 30276 clamped 4096
[kinematics-ws] K clamp binds: eid 1002 demanded 14809 clamped 4096
[kinematics-ws] K clamp binds: eid 1003 demanded 7255 clamped 4096
[kinematics-ws] K clamp binds: eid 1003 demanded 7284 clamped 4096
[kinematics-ws] K clamp binds: eid 1002 demanded 14837 clamped 4096
[kinematics-ws] K clamp binds: eid 1001 demanded 30215 clamped 4096
[kinematics-ws] K clamp binds: eid 1003 demanded 7258 clamped 4096
[kinematics-ws] K clamp binds: eid 1001 demanded 30269 clamped 4096
[kinematics-ws] K clamp binds: eid 1002 demanded 14809 clamped 4096
[kinematics-ws] K clamp binds: eid 1001 demanded 30224 clamped 4096
[kinematics-ws] K clamp binds: eid 1003 demanded 7249 clamped 4096
[kinematics-ws] K clamp binds: eid 1002 demanded 14837 clamped 4096
[kinematics-ws] K clamp binds: eid 1002 demanded 14809 clamped 4096
[kinematics-ws] K clamp binds: eid 1003 demanded 7282 clamped 4096
[kinematics-ws] K clamp binds: eid 1001 demanded 30257 clamped 4096
[kinematics-ws] K clamp binds: eid 1001 demanded 30238 clamped 4096
[kinematics-ws] K clamp binds: eid 1002 demanded 14838 clamped 4096
[kinematics-ws] K clamp binds: eid 1003 demanded 7266 clamped 4096
[kinematics-ws] K clamp binds: eid 1002 demanded 14809 clamped 4096
[kinematics-ws] K clamp binds: eid 1003 demanded 7245 clamped 4096
[kinematics-ws] K clamp binds: eid 1001 demanded 30242 clamped 4096
[kinematics-ws] K clamp binds: eid 1001 demanded 30255 clamped 4096
[kinematics-ws] K clamp binds: eid 1003 demanded 7277 clamped 4096
[kinematics-ws] K clamp binds: eid 1002 demanded 14838 clamped 4096
[kinematics-ws] K clamp binds: eid 1002 demanded 14809 clamped 4096
[kinematics-ws] K clamp binds: eid 1003 demanded 7273 clamped 4096
[kinematics-ws] K clamp binds: eid 1001 demanded 30224 clamped 4096
[kinematics-ws] K clamp binds: eid 1001 demanded 30273 clamped 4096
[kinematics-ws] K clamp binds: eid 1002 demanded 14838 clamped 4096
[kinematics-ws] K clamp binds: eid 1003 demanded 7244 clamped 4096
[kinematics-ws] K clamp binds: eid 1001 demanded 30209 clamped 4096
[kinematics-ws] K clamp binds: eid 1002 demanded 14809 clamped 4096
[kinematics-ws] K clamp binds: eid 1003 demanded 7270 clamped 4096
[kinematics-ws] K clamp binds: eid 1001 demanded 30284 clamped 4096
[kinematics-ws] K clamp binds: eid 1002 demanded 14838 clamped 4096
[kinematics-ws] K clamp binds: eid 1003 demanded 7279 clamped 4096
[kinematics-ws] K clamp binds: eid 1001 demanded 30203 clamped 4096
[kinematics-ws] K clamp binds: eid 1002 demanded 14809 clamped 4096
[kinematics-ws] K clamp binds: eid 1003 demanded 7246 clamped 4096
[kinematics-ws] K clamp binds: eid 1002 demanded 14838 clamped 4096
[kinematics-ws] K clamp binds: eid 1003 demanded 7262 clamped 4096
[kinematics-ws] K clamp binds: eid 1001 demanded 30284 clamped 4096
[kinematics-ws] K clamp binds: eid 1001 demanded 30212 clamped 4096
[kinematics-ws] K clamp binds: eid 1002 demanded 14810 clamped 4096
[kinematics-ws] K clamp binds: eid 1003 demanded 7283 clamped 4096
[kinematics-ws] K clamp binds: eid 1003 demanded 7251 clamped 4096
[kinematics-ws] K clamp binds: eid 1001 demanded 30267 clamped 4096
[kinematics-ws] K clamp binds: eid 1002 demanded 14837 clamped 4096
[kinematics-ws] K clamp binds: eid 1001 demanded 30236 clamped 4096
[kinematics-ws] K clamp binds: eid 1003 demanded 7255 clamped 4096
[kinematics-ws] K clamp binds: eid 1002 demanded 14811 clamped 4096
[kinematics-ws] K clamp binds: eid 1001 demanded 30238 clamped 4096
[kinematics-ws] K clamp binds: eid 1002 demanded 14836 clamped 4096
[kinematics-ws] K clamp binds: eid 1003 demanded 7284 clamped 4096
[kinematics-ws] K clamp binds: eid 1001 demanded 30267 clamped 4096
[kinematics-ws] K clamp binds: eid 1002 demanded 14812 clamped 4096
[kinematics-ws] K clamp binds: eid 1003 demanded 7257 clamped 4096
[kinematics-ws] K clamp binds: eid 1002 demanded 14834 clamped 4096
[kinematics-ws] K clamp binds: eid 1001 demanded 30211 clamped 4096
[kinematics-ws] K clamp binds: eid 1003 demanded 7249 clamped 4096
[kinematics-ws] K clamp binds: eid 1002 demanded 14815 clamped 4096
[kinematics-ws] K clamp binds: eid 1003 demanded 7282 clamped 4096
[kinematics-ws] K clamp binds: eid 1001 demanded 30286 clamped 4096
[kinematics-ws] K clamp binds: eid 1002 demanded 14831 clamped 4096
[kinematics-ws] K clamp binds: eid 1001 demanded 30205 clamped 4096
[kinematics-ws] K clamp binds: eid 1003 demanded 7265 clamped 4096
[kinematics-ws] K clamp binds: eid 1001 demanded 30277 clamped 4096
[kinematics-ws] K clamp binds: eid 1002 demanded 14818 clamped 4096
[kinematics-ws] K clamp binds: eid 1003 demanded 7245 clamped 4096
[kinematics-ws] K clamp binds: eid 1002 demanded 14828 clamped 4096
[kinematics-ws] K clamp binds: eid 1003 demanded 7278 clamped 4096
[kinematics-ws] K clamp binds: eid 1001 demanded 30230 clamped 4096
[kinematics-ws] K clamp binds: eid 1003 demanded 7272 clamped 4096
[kinematics-ws] K clamp binds: eid 1002 demanded 14822 clamped 4096
[kinematics-ws] K clamp binds: eid 1001 demanded 30241 clamped 4096
[kinematics-ws] K clamp binds: eid 1001 demanded 30270 clamped 4096
[kinematics-ws] K clamp binds: eid 1002 demanded 14823 clamped 4096
[kinematics-ws] K clamp binds: eid 1003 demanded 7244 clamped 4096
[kinematics-ws] K clamp binds: eid [kinematics-ws] K clamp binds: eid 10031001 demanded  30208 demandedclamped  7271 clamped 40964096

[kinematics-ws] K clamp binds: eid 1002 demanded 14827 clamped 4096
[kinematics-ws] K clamp binds: eid 1002 demanded 14818 clamped 4096
[kinematics-ws] K clamp binds: eid 1003 demanded 7279 clamped 4096
[kinematics-ws] K clamp binds: eid 1001 demanded 30287 clamped 4096
[kinematics-ws] K clamp binds: eid 1001 demanded 30213 clamped 4096
[kinematics-ws] K clamp binds: eid 1002 demanded 14832 clamped 4096
[kinematics-ws] K clamp binds: eid 1003 demanded 7245 clamped 4096
[kinematics-ws] K clamp binds: eid 1001 demanded 30260 clamped 4096
[kinematics-ws] K clamp binds: eid 1003 demanded 7264 clamped 4096
[kinematics-ws] K clamp binds: eid 1002 demanded 14814 clamped 4096
[kinematics-ws] K clamp binds: eid 1002 demanded 14836 clamped 4096
[kinematics-ws] K clamp binds: eid 1001 demanded 30256 clamped 4096
[kinematics-ws] K clamp binds: eid 1003 demanded 7283 clamped 4096
[kinematics-ws] K clamp binds: eid 1003 demanded 7249 clamped 4096
[kinematics-ws] K clamp binds: eid 1001 demanded 30216 clamped 4096
[kinematics-ws] K clamp binds: eid 1002 demanded 14811 clamped 4096
[kinematics-ws] K clamp binds: eid 1001 demanded 30288 clamped 4096
[kinematics-ws] K clamp binds: eid[kinematics-ws] K clamp binds: eid  1002 1003demanded  14838 demanded 7257clamped  clamped 40964096

[kinematics-ws] K clamp binds: eid 1001 demanded 30211 clamped 4096
[kinematics-ws] K clamp binds: eid 1002 demanded 14810 clamped 4096
[kinematics-ws] K clamp binds: eid 1003 demanded 7284 clamped 4096
[kinematics-ws] K clamp binds: eid 1003 demanded 7256 clamped 4096
[kinematics-ws] K clamp binds: eid 1002 demanded 14838 clamped 4096
[kinematics-ws] K clamp binds: eid 1001 demanded 30263 clamped 4096
[kinematics-ws] K clamp binds: eid 1003 demanded 7250 clamped 4096
[kinematics-ws] K clamp binds: eid 1002 demanded 14812 clamped 4096
[kinematics-ws] K clamp binds: eid 1001 demanded 30258 clamped 4096
[kinematics-ws] K clamp binds: eid 1001 demanded 30214 clamped 4096
[kinematics-ws] K clamp binds: eid 1003 demanded 7283 clamped 4096
[kinematics-ws] K clamp binds: eid 1002 demanded 14834 clamped 4096
[kinematics-ws] K clamp binds: eid 1001 demanded 30289 clamped 4096
[kinematics-ws] K clamp binds: eid 1002 demanded 14817 clamped 4096
[kinematics-ws] K clamp binds: eid 1003 demanded 7263 clamped 4096
[kinematics-ws] K clamp binds: eid 1003 demanded 7246 clamped 4096
[kinematics-ws] K clamp binds: eid 1001 demanded 30218 clamped 4096
[kinematics-ws] K clamp binds: eid 1002 demanded 14828 clamped 4096
[kinematics-ws] K clamp binds: eid 1002 demanded 14825 clamped 4096
[kinematics-ws] K clamp binds: eid 1003 demanded 7279 clamped 4096
[kinematics-ws] K clamp binds: eid 1001 demanded 30250 clamped 4096
[kinematics-ws] K clamp binds: eid 1002 demanded 14820 clamped 4096
[kinematics-ws] K clamp binds: eid 1001 demanded 30274 clamped 4096
[kinematics-ws] K clamp binds: eid 1003 demanded 7270 clamped 4096
[kinematics-ws] K clamp binds: eid 1001 demanded 30206 clamped 4096
[kinematics-ws] K clamp binds: eid 1003 demanded 7244 clamped 4096
[kinematics-ws] K clamp binds: eid 1002 demanded 14833 clamped 4096
[kinematics-ws] K clamp binds: eid 1002 demanded 14813 clamped 4096
[kinematics-ws] K clamp binds: eid 1003 demanded 7274 clamped 4096
[kinematics-ws] K clamp binds: eid 1001 demanded 30281 clamped 4096
[kinematics-ws] K clamp binds: eid 1001 demanded 30243 clamped 4096
[kinematics-ws] K clamp binds: eid 1002 demanded 14838 clamped 4096
[kinematics-ws] K clamp binds: eid 1003 demanded 7277 clamped 4096
[kinematics-ws] K clamp binds: eid 1002 demanded 14810 clamped 4096
[kinematics-ws] K clamp binds: eid 1003 demanded 7244 clamped 4096
[kinematics-ws] K clamp binds: eid 1001 demanded 30221 clamped 4096
[kinematics-ws] K clamp binds: eid 1001 demanded 30290 clamped 4096
[kinematics-ws] K clamp binds: eid 1002 demanded 14839 clamped 4096
[kinematics-ws] K clamp binds: eid 1003 demanded 7267 clamped 4096
[kinematics-ws] K clamp binds: eid 1001 demanded 30219 clamped 4096
[kinematics-ws] K clamp binds: eid 1002 demanded 14813 clamped 4096
[kinematics-ws] K clamp binds: eid 1003 demanded 7281 clamped 4096
[kinematics-ws] K clamp binds: eid 1003 demanded 7247 clamped 4096
[kinematics-ws] K clamp binds: eid 1001 demanded 30245 clamped 4096
[kinematics-ws] K clamp binds: eid 1002 demanded 14833 clamped 4096
[kinematics-ws] K clamp binds: eid 1003 demanded 7260 clamped 4096
[kinematics-ws] K clamp binds: eid 1001 demanded 30283 clamped 4096
[kinematics-ws] K clamp binds: eid 1002 demanded 14822 clamped 4096
[kinematics-ws] K clamp binds: eid 1003 demanded 7284 clamped 4096
[kinematics-ws] K clamp binds: eid 1002 demanded 14823 clamped 4096
[kinematics-ws] K clamp binds: eid 1001 demanded 30209 clamped 4096
[kinematics-ws] K clamp binds: eid 1003 demanded 7253 clamped 4096
[kinematics-ws] K clamp binds: eid 1002 demanded 14832 clamped 4096
[kinematics-ws] K clamp binds: eid 1001 demanded 30265 clamped 4096
[kinematics-ws] K clamp binds: eid 1001 demanded 30270 clamped 4096
[kinematics-ws] K clamp binds: eid 1002 demanded 14814 clamped 4096
[kinematics-ws] K clamp binds: eid 1003 demanded 7253 clamped 4096
[kinematics-ws] K clamp binds: eid 1001 demanded 30208 clamped 4096
[kinematics-ws] K clamp binds: eid 1002 demanded 14839 clamped 4096
[kinematics-ws] K clamp binds: eid 1003 demanded 7284 clamped 4096
[kinematics-ws] K clamp binds: eid 1002 demanded 14811 clamped 4096
[kinematics-ws] K clamp binds: eid 1001 demanded 30277 clamped 4096
[kinematics-ws] K clamp binds: eid 1003 demanded 7259 clamped 4096
[kinematics-ws] K clamp binds: eid 1003 demanded 7248 clamped 4096
[kinematics-ws] K clamp binds: eid 1002 demanded 14838 clamped 4096
[kinematics-ws] K clamp binds: eid 1001 demanded 30259 clamped 4096
[kinematics-ws] K clamp binds: eid 1001 demanded 30211 clamped 4096
[kinematics-ws] K clamp binds: eid 1003 demanded 7282 clamped 4096
[kinematics-ws] K clamp binds: eid 1002 demanded 14816 clamped 4096
[kinematics-ws] K clamp binds: eid 1003 demanded 7266 clamped 4096
[kinematics-ws] K clamp binds: eid 1002 demanded 14829 clamped 4096
[kinematics-ws] K clamp binds: eid 1001 demanded 30283 clamped 4096
[kinematics-ws] K clamp binds: eid 1002 demanded 14828 clamped 4096
[kinematics-ws] K clamp binds: eid 1003 demanded 7244 clamped 4096
[kinematics-ws] K clamp binds: eid 1001 demanded 30254 clamped 4096
[kinematics-ws] K clamp binds: eid 1002 demanded 14817 clamped 4096
[kinematics-ws] K clamp binds: eid 1001 demanded 30213 clamped 4096
[kinematics-ws] K clamp binds: eid 1003 demanded 7277 clamped 4096
[kinematics-ws] K clamp binds: eid 1002 demanded 14838 clamped 4096
[kinematics-ws] K clamp binds: eid 1001 demanded 30285 clamped 4096
[kinematics-ws] K clamp binds: eid 1003 demanded 7273 clamped 4096
[kinematics-ws] K clamp binds: eid 1001 demanded 30254 clamped 4096
[kinematics-ws] K clamp binds: eid 1003 demanded 7244 clamped 4096
[kinematics-ws] K clamp binds: eid 1002 demanded 14811 clamped 4096
[kinematics-ws] K clamp binds: eid 1003 demanded 7271 clamped 4096
[kinematics-ws] K clamp binds: eid 1002 demanded 14839 clamped 4096
[kinematics-ws] K clamp binds: eid 1001 demanded 30212 clamped 4096
[kinematics-ws] K clamp binds: eid 1001 demanded 30283 clamped 4096
[kinematics-ws] K clamp binds: eid 1002 demanded 14816 clamped 4096
[kinematics-ws] K clamp binds: eid 1003 demanded 7279 clamped 4096
[kinematics-ws] K clamp binds: eid 1002 demanded 14829 clamped 4096
[kinematics-ws] K clamp binds: eid 1001 demanded 30260 clamped 4096
[kinematics-ws] K clamp binds: eid 1003 demanded 7245 clamped 4096
[kinematics-ws] K clamp binds: eid[kinematics-ws] K clamp binds: eid  1002 1003demanded 14829  clamped demanded 7264 clamped 40964096
[kinematics-ws] K clamp binds: eid 1001 demanded 30210 clamped 4096

[kinematics-ws] K clamp binds: eid 1001 demanded 30276 clamped 4096
[kinematics-ws] K clamp binds: eid 1003 demanded 7283 clamped 4096
[kinematics-ws] K clamp binds: eid 1002 demanded 14816 clamped 4096
[kinematics-ws] K clamp binds: eid 1002 demanded 14840 clamped 4096
[kinematics-ws] K clamp binds: eid 1003 demanded 7249 clamped 4096
[kinematics-ws] K clamp binds: eid 1001 demanded 30272 clamped 4096
[kinematics-ws] K clamp binds: eid 1001 demanded 30210 clamped 4096
[kinematics-ws] K clamp binds: eid 1002 demanded 14812 clamped 4096
[kinematics-ws] K clamp binds: eid 1003 demanded 7257 clamped 4096
[kinematics-ws] K clamp binds: eid 1002 demanded 14837 clamped 4096
[kinematics-ws] K clamp binds: eid 1003 demanded 7284 clamped 4096
[kinematics-ws] K clamp binds: eid 1001 demanded 30263 clamped 4096
[kinematics-ws] K clamp binds: eid 1003 demanded 7255 clamped 4096
[kinematics-ws] K clamp binds: eid 1001 demanded 30285 clamped 4096
[kinematics-ws] K clamp binds: eid 1002 demanded 14821 clamped 4096
[kinematics-ws] K clamp binds: eid 1002 demanded 14823 clamped 4096
[kinematics-ws] K clamp binds: eid 1001 demanded 30217 clamped 4096
[kinematics-ws] K clamp binds: eid 1003 demanded 7251 clamped 4096
[kinematics-ws] K clamp binds: eid[kinematics-ws] K clamp binds: eid  10011002  demanded 14836 clamped demanded 30243 clamped 40964096

[kinematics-ws] K clamp binds: eid 1003 demanded 7284 clamped 4096
[kinematics-ws] K clamp binds: eid 1001 demanded 30294 clamped 4096
[kinematics-ws] K clamp binds: eid 1002 demanded 14812 clamped 4096
[kinematics-ws] K clamp binds: eid 1003 demanded 7262 clamped 4096
[kinematics-ws] K clamp binds: eid 1001 demanded 30236 clamped 4096
[kinematics-ws] K clamp binds: eid 1002 demanded 14840 clamped 4096
[kinematics-ws] K clamp binds: eid 1003 demanded 7246 clamped 4096
[kinematics-ws] K clamp binds: eid 1002 demanded 14817 clamped 4096
[kinematics-ws] K clamp binds: eid 1001 demanded 30220 clamped 4096
[kinematics-ws] K clamp binds: eid 1003 demanded 7280 clamped 4096
[kinematics-ws] K clamp binds: eid 1002 demanded 14829 clamped 4096
[kinematics-ws] K clamp binds: eid 1003 demanded 7269 clamped 4096
[kinematics-ws] K clamp binds: eid 1001 demanded 30287 clamped 4096
[kinematics-ws] K clamp binds: eid 1003 demanded 7244 clamped 4096
[kinematics-ws] K clamp binds: eid 1001 demanded 30267 clamped 4096
[kinematics-ws] K clamp binds: eid 1002 demanded 14833 clamped 4096
[kinematics-ws] K clamp binds: eid 1002 demanded 14814 clamped 4096
[kinematics-ws] K clamp binds: eid 1003 demanded 7275 clamped 4096
[kinematics-ws] K clamp binds: eid 1001 demanded 30211 clamped 4096
[kinematics-ws] K clamp binds: eid 1002 demanded 14841 clamped 4096
[kinematics-ws] K clamp binds: eid 1003 demanded 7275 clamped 4096
[kinematics-ws] K clamp binds: eid 1001 demanded 30259 clamped 4096
[kinematics-ws] K clamp binds: eid 1002 demanded 14815 clamped 4096
[kinematics-ws] K clamp binds: eid 1003 demanded 7244 clamped 4096
[kinematics-ws] K clamp binds: eid 1001 demanded 30293 clamped 4096
[kinematics-ws] K clamp binds: eid[kinematics-ws] K clamp binds: eid  10021003  demandeddemanded  14831 7269clamped  clamped 40964096

[kinematics-ws] K clamp binds: eid 1001 demanded 30231 clamped 4096
[kinematics-ws] K clamp binds: eid 1001 demanded 30223 clamped 4096
[kinematics-ws] K clamp binds: eid 1002 demanded 14832 clamped 4096
[kinematics-ws] K clamp binds: eid 1003 demanded 7280 clamped 4096
[kinematics-ws] K clamp binds: eid 1003 demanded 7246 clamped 4096
[kinematics-ws] K clamp binds: eid 1002 demanded 14814 clamped 4096
[kinematics-ws] K clamp binds: eid 1001 demanded 30287 clamped 4096
[kinematics-ws] K clamp binds: eid 1003 demanded 7262 clamped 4096
[kinematics-ws] K clamp binds: eid 1001 demanded 30274 clamped 4096
[kinematics-ws] K clamp binds: eid 1002 demanded 14842 clamped 4096
[kinematics-ws] K clamp binds: eid 1002 demanded 14816 clamped 4096
[kinematics-ws] K clamp binds: eid 1003 demanded 7284 clamped 4096
[kinematics-ws] K clamp binds: eid 1001 demanded 30215 clamped 4096
[kinematics-ws] K clamp binds: eid 1002 demanded 14830 clamped 4096
[kinematics-ws] K clamp binds: eid 1003 demanded 7251 clamped 4096
[kinematics-ws] K clamp binds: eid 1001 demanded 30245 clamped 4096
[kinematics-ws] K clamp binds: eid 1003 demanded 7255 clamped 4096
[kinematics-ws] K clamp binds: eid 1001 demanded 30296 clamped 4096
[kinematics-ws] K clamp binds: eid 1002 demanded 14834 clamped 4096
[kinematics-ws] K clamp binds: eid 1002 demanded 14814 clamped 4096
[kinematics-ws] K clamp binds: eid 1001 demanded 30255 clamped 4096
[kinematics-ws] K clamp binds: eid 1003 demanded 7284 clamped 4096
[kinematics-ws] K clamp binds: eid 1002 demanded 14841 clamped 4096
[kinematics-ws] K clamp binds: eid 1003 demanded 7257 clamped 4096
[kinematics-ws] K clamp binds: eid 1001 demanded 30213 clamped 4096
[kinematics-ws] K clamp binds: eid 1001 demanded 30261 clamped 4096
[kinematics-ws] K clamp binds: eid 1002 demanded 14819 clamped 4096
[kinematics-ws] K clamp binds: eid 1003 demanded 7249 clamped 4096
[kinematics-ws] K clamp binds: eid 1002 demanded 14826 clamped 4096
[kinematics-ws] K clamp binds: eid 1001 demanded 30296 clamped 4096
[kinematics-ws] K clamp binds: eid 1003 demanded 7283 clamped 4096
[kinematics-ws] K clamp binds: eid 1001 demanded 30246 clamped 4096
[kinematics-ws] K clamp binds: eid 1003 demanded 7264 clamped 4096
[kinematics-ws] K clamp binds: eid 1002 demanded 14838 clamped 4096
[kinematics-ws] K clamp binds: eid 1002 demanded 14813 clamped 4096
[kinematics-ws] K clamp binds: eid 1003 demanded 7245 clamped 4096
[kinematics-ws] K clamp binds: eid 1001 demanded 30215 clamped 4096
[kinematics-ws] K clamp binds: eid 1001 demanded 30266 clamped 4096
[kinematics-ws] K clamp binds: eid 1003 demanded 7279 clamped 4096
[kinematics-ws] K clamp binds: eid 1002 demanded 14839 clamped 4096
[kinematics-ws] K clamp binds: eid 1003 demanded 7271 clamped 4096
[kinematics-ws] K clamp binds: eid 1001 demanded 30296 clamped 4096
[kinematics-ws] K clamp binds: eid 1002 demanded 14825 clamped 4096
[kinematics-ws] K clamp binds: eid 1003 demanded 7243 clamped 4096
[kinematics-ws] K clamp binds: eid 1001 demanded 30246 clamped 4096
[kinematics-ws] K clamp binds: eid 1002 demanded 14819 clamped 4096
[kinematics-ws] K clamp binds: eid 1001 demanded 30215 clamped 4096
[kinematics-ws] K clamp binds: eid 1003 demanded 7273 clamped 4096
[kinematics-ws] K clamp binds: eid 1002 demanded 14842 clamped 4096
[kinematics-ws] K clamp binds: eid 1003 demanded 7277 clamped 4096
[kinematics-ws] K clamp binds: eid 1001 demanded 30262 clamped 4096
[kinematics-ws] K clamp binds: eid 1002 demanded 14815 clamped 4096
[kinematics-ws] K clamp binds: eid 1003 demanded 7244 clamped 4096
[kinematics-ws] K clamp binds: eid 1002 demanded 14831 clamped 4096
[kinematics-ws] K clamp binds: eid 1001 demanded 30298 clamped 4096
[kinematics-ws] K clamp binds: eid 1003 demanded 7266 clamped 4096
[kinematics-ws] K clamp binds: eid 1001 demanded 30256 clamped 4096
[kinematics-ws] K clamp binds: eid 1002 demanded 14835 clamped 4096
[kinematics-ws] K clamp binds: eid 1001 demanded 30215 clamped 4096
[kinematics-ws] K clamp binds: eid 1002 demanded 14814 clamped 4096
[kinematics-ws] K clamp binds: eid 1003 demanded 7282 clamped 4096
[kinematics-ws] K clamp binds: eid 1002 demanded 14841 clamped 4096
[kinematics-ws] K clamp binds: eid 1001 demanded 30249 clamped 4096
[kinematics-ws] K clamp binds: eid 1003 demanded 7247 clamped 4096
[kinematics-ws] K clamp binds: eid 1003 demanded 7259 clamped 4096
[kinematics-ws] K clamp binds: eid 1001 demanded 30297 clamped 4096
[kinematics-ws] K clamp binds: eid 1002 demanded 14825 clamped 4096
[kinematics-ws] K clamp binds: eid 1002 demanded 14820 clamped 4096
[kinematics-ws] K clamp binds: eid 1001 demanded 30275 clamped 4096
[kinematics-ws] K clamp binds: eid 1003 demanded 7284 clamped 4096
[kinematics-ws] K clamp binds: eid 1001 demanded 30222 clamped 4096
[kinematics-ws] K clamp binds: eid 1002 demanded 14843 clamped 4096
[kinematics-ws] K clamp binds: eid 1003 demanded 7253 clamped 4096
[kinematics-ws] K clamp binds: eid 1001 demanded 30228 clamped 4096
[kinematics-ws] K clamp binds: eid 1002 demanded 14817 clamped 4096
[kinematics-ws] K clamp binds: eid 1003 demanded 7252 clamped 4096
[kinematics-ws] K clamp binds: eid 1002 demanded 14829 clamped 4096
[kinematics-ws] K clamp binds: eid 1001 demanded 30282 clamped 4096
[kinematics-ws] K clamp binds: eid 1003 demanded 7284 clamped 4096
[kinematics-ws] K clamp binds: eid 1001 demanded 30296 clamped 4096
[kinematics-ws] K clamp binds: eid 1003 demanded 7259 clamped 4096
[kinematics-ws] K clamp binds: eid 1002 demanded 14839 clamped 4096
Dev window stopped.
