Dev window thread started on gates-of-truth-dev-window — sim thread on gates-of-truth-sim
Truth demo ready: nREPL 127.0.0.1:7897
Compiling body shaders...
Compiling particle shaders...
Compiling sprite shaders...
Compiling line shaders...
Compiling hud shaders...
Compiling volume shaders...
Camera reset
UI cursor : locked
[kinematics-ws] K clamp binds: eid 1003 demanded 6657 clamped 4096
[kinematics-ws] K clamp binds: eid 1001 demanded 27703 clamped 4096
[kinematics-ws] K clamp binds: eid 1002 demanded 13580 clamped 4096
[kinematics-ws] K clamp binds: eid 1001 demanded 27708 clamped 4096
[kinematics-ws] K clamp binds: eid 1003 demanded 6660 clamped 4096
[kinematics-ws] K clamp binds: eid 1002 demanded 13587 clamped 4096
[kinematics-ws] K clamp binds: eid 1001 demanded 27707 clamped 4096
[kinematics-ws] K clamp binds: eid 1002 demanded 13587 clamped 4096
[kinematics-ws] K clamp binds: eid 1003 demanded 6661 clamped 4096
[kinematics-ws] K clamp binds: eid 1001 demanded 27708 clamped 4096
[kinematics-ws] K clamp binds: eid 1003 demanded 6661 clamped 4096
[kinematics-ws] K clamp binds: eid 1002 demanded 13587 clamped 4096
[kinematics-ws] K clamp binds: eid [kinematics-ws] K clamp binds: eid 1001 demanded 27708 clamped 4096
1003 demanded 6661 clamped 4096
[kinematics-ws] K clamp binds: eid 1002 demanded 13587 clamped 4096
[kinematics-ws] K clamp binds: eid 1003 demanded 6661 clamped 4096
[kinematics-ws] K clamp binds: eid 1001 demanded 27707 clamped 4096
[kinematics-ws] K clamp binds: eid 1002 demanded 13587 clamped 4096
[kinematics-ws] K clamp binds: eid 1003 demanded 6661 clamped[kinematics-ws] K clamp binds: eid 1002 demanded 13587 clamped 4096
[kinematics-ws] K clamp binds: eid 1001 demanded 27706 clamped 4096
 4096
[kinematics-ws] K clamp binds: eid 1002 demanded 13587 clamped 4096
[kinematics-ws] K clamp binds: eid 1003 demanded 6661 clamped 4096
[kinematics-ws] K clamp binds: eid 1001 demanded 27707 clamped 4096
[kinematics-ws] K clamp binds: eid 1002 demanded 13587 clamped 4096
[kinematics-ws] K clamp binds: eid 1001 demanded 27707 clamped 4096
[kinematics-ws] K clamp binds: eid 1003 demanded 6662 clamped 4096
[kinematics-ws] K clamp binds: eid 1003 demanded 6662 clamped 4096
[kinematics-ws] K clamp binds: eid 1001 demanded 27705 clamped 4096
[kinematics-ws] K clamp binds: eid 1002 demanded 13588 clamped 4096
[kinematics-ws] K clamp binds: eid 1001 demanded 27704 clamped 4096
[kinematics-ws] K clamp binds: eid 1002 demanded 13588 clamped 4096
[kinematics-ws] K clamp binds: eid 1003 demanded 6663 clamped 4096
[kinematics-ws] K clamp binds: eid 1003 demanded 6663 clamped 4096
[kinematics-ws] K clamp binds: eid 1002 demanded 13588 clamped 4096
[kinematics-ws] K clamp binds: eid 1001 demanded 27706 clamped 4096
[kinematics-ws] K clamp binds: eid 1002 demanded 13588 clamped 4096
[kinematics-ws] K clamp binds: eid 1003 demanded 6663 clamped 4096
[kinematics-ws] K clamp binds: eid 1001 demanded 27705 clamped 4096
[kinematics-ws] K clamp binds: eid 1002 demanded 13588 clamped 4096
[kinematics-ws] K clamp binds: eid 1001 demanded 27704 clamped 4096
[kinematics-ws] K clamp binds: eid 1003 demanded 6663 clamped 4096
[kinematics-ws] K clamp binds: eid 1002 demanded 13589 clamped 4096
[kinematics-ws] K clamp binds: eid 1003 demanded 6663 clamped 4096
[kinematics-ws] K clamp binds: eid 1001 demanded 27704 clamped 4096
[kinematics-ws] K clamp binds: eid 1001 demanded 27704 clamped 4096
[kinematics-ws] K clamp binds: eid 1003 demanded 6663 clamped 4096
[kinematics-ws] K clamp binds: eid 1002 demanded 13589 clamped 4096
[kinematics-ws] K clamp binds: eid 1001 demanded 27703 clamped 4096
[kinematics-ws] K clamp binds: eid 1003 demanded 6663 clamped 4096
[kinematics-ws] K clamp binds: eid 1002 demanded 13590 clamped 4096
[kinematics-ws] K clamp binds: eid[kinematics-ws] K clamp binds: eid  10011003 demanded 6663 clamped 4096 demanded 27703 clamped 4096

[kinematics-ws] K clamp binds: eid 1002 demanded 13590 clamped 4096
[kinematics-ws] K clamp binds: eid 1002 demanded 13589 clamped 4096
[kinematics-ws] K clamp binds: eid 1001 demanded 27702 clamped 4096
[kinematics-ws] K clamp binds: eid 1003 demanded 6664 clamped 4096
[kinematics-ws] K clamp binds: eid 1001 demanded 27703 clamped 4096
[kinematics-ws] K clamp binds: eid 1002 demanded 13589 clamped 4096
[kinematics-ws] K clamp binds: eid 1003 demanded 6664 clamped 4096
[kinematics-ws] K clamp binds: eid 1001 demanded 27703 clamped 4096
[kinematics-ws] K clamp binds: eid 1003 demanded 6664 clamped 4096
[kinematics-ws] K clamp binds: eid 1002 demanded 13588 clamped 4096
[kinematics-ws] K clamp binds: eid 1001 demanded 27703 clamped 4096
[kinematics-ws] K clamp binds: eid 1002 demanded 13588 clamped 4096
[kinematics-ws] K clamp binds: eid 1003 demanded 6664 clamped 4096
[kinematics-ws] K clamp binds: eid 1001 demanded 27703 clamped 4096
[kinematics-ws] K clamp binds: eid 1002 demanded 13587 clamped 4096
[kinematics-ws] K clamp binds: eid 1003 demanded 6664 clamped 4096
[kinematics-ws] K clamp binds: eid 1003 demanded 6664 clamped 4096
[kinematics-ws] K clamp binds: eid 1002 demanded 13588 clamped 4096
[kinematics-ws] K clamp binds: eid 1001 demanded 27702 clamped 4096
[kinematics-ws] K clamp binds: eid 1002 demanded 13588 clamped 4096
[kinematics-ws] K clamp binds: eid 1001 demanded 27703 clamped 4096
[kinematics-ws] K clamp binds: eid 1003 demanded 6664 clamped 4096
[kinematics-ws] K clamp binds: eid 1002 demanded 13589 clamped 4096
[kinematics-ws] K clamp binds: eid 1003 demanded 6664 clamped 4096
[kinematics-ws] K clamp binds: eid 1001 demanded 27702 clamped 4096
[kinematics-ws] K clamp binds: eid 1001 demanded 27704 clamped 4096
[kinematics-ws] K clamp binds: eid 1002 demanded 13589 clamped 4096
[kinematics-ws] K clamp binds: eid 1003 demanded 6664 clamped 4096
[kinematics-ws] K clamp binds: eid 1001 demanded 27703 clamped 4096
[kinematics-ws] K clamp binds: eid[kinematics-ws] K clamp binds: eid  1003 demanded 6665 clamped 4096
1002 demanded 13588 clamped 4096
[kinematics-ws] K clamp binds: eid 1002 demanded 13587 clamped 4096
[kinematics-ws] K clamp binds: eid 1003 demanded 6665 clamped 4096
[kinematics-ws] K clamp binds: eid 1001 demanded 27705 clamped 4096
[kinematics-ws] K clamp binds: eid 1003 demanded 6665 clamped 4096
[kinematics-ws] K clamp binds: eid 1002 demanded 13587 clamped 4096
[kinematics-ws] K clamp binds: eid 1001 demanded 27703 clamped 4096
[kinematics-ws] K clamp binds: eid 1002 demanded 13587 clamped 4096
[kinematics-ws] K clamp binds: eid 1001 demanded 27705 clamped 4096
[kinematics-ws] K clamp binds: eid 1003 demanded 6666 clamped 4096
[kinematics-ws] K clamp binds: eid 1001 demanded 27704 clamped 4096
[kinematics-ws] K clamp binds: eid 1003 demanded 6666 clamped 4096
[kinematics-ws] K clamp binds: eid 1002 demanded 13587 clamped 4096
[kinematics-ws] K clamp binds: eid 1001 demanded 27705 clamped 4096
[kinematics-ws] K clamp binds: eid 1003 demanded 6666 clamped 4096
[kinematics-ws] K clamp binds: eid 1002 demanded 13588 clamped 4096
[kinematics-ws] K clamp binds: eid 1003 [kinematics-ws] K clamp binds: eiddemanded 6667 clamped 4096
[kinematics-ws] K clamp binds: eid 1002 demanded 13588 clamped 4096
 1001 demanded 27707 clamped 4096
[kinematics-ws] K clamp binds: eid 1002 demanded 13586 clamped 4096
[kinematics-ws] K clamp binds: eid 1001 demanded 27705 clamped 4096
[kinematics-ws] K clamp binds: eid 1003 demanded 6666 clamped 4096
[kinematics-ws] K clamp binds: eid 1002 demanded 13586 clamped 4096
[kinematics-ws] K clamp binds: eid 1003 demanded 6666 clamped 4096
[kinematics-ws] K clamp binds: eid 1001 demanded 27708 clamped 4096
[kinematics-ws] K clamp binds: eid 1001 demanded 27707 clamped 4096
[kinematics-ws] K clamp binds: eid 1002 demanded 13587 clamped 4096
[kinematics-ws] K clamp binds: eid 1003 demanded 6666 clamped 4096
[kinematics-ws] K clamp binds: eid 1001 demanded 27708 clamped 4096[kinematics-ws] K clamp binds: eid 1003 demanded 6666 clamped 4096

[kinematics-ws] K clamp binds: eid 1002 demanded 13587 clamped 4096
[kinematics-ws] K clamp binds: eid 1002 demanded 13587 clamped 4096
[kinematics-ws] K clamp binds: eid 1001 demanded 27710 clamped 4096
[kinematics-ws] K clamp binds: eid 1003 demanded 6666 clamped 4096
[kinematics-ws] K clamp binds: eid 1003 demanded 6666 clamped 4096
[kinematics-ws] K clamp binds: eid 1001 demanded 27709 clamped 4096
[kinematics-ws] K clamp binds: eid 1002 demanded 13585 clamped 4096
[kinematics-ws] K clamp binds: eid 1002 demanded 13585 clamped 4096
[kinematics-ws] K clamp binds: eid 1003 demanded 6666 clamped [kinematics-ws] K clamp binds: eid4096
 1001 demanded 27710 clamped 4096
[kinematics-ws] K clamp binds: eid 1003 demanded 6666 clamped 4096
[kinematics-ws] K clamp binds: eid 1002 demanded 13587 clamped 4096
[kinematics-ws] K clamp binds: eid 1001 demanded 27713 clamped 4096
[kinematics-ws] K clamp binds: eid 1001 demanded 27711 clamped 4096
[kinematics-ws] K clamp binds: eid 1003 demanded 6666 clamped 4096
[kinematics-ws] K clamp binds: eid 1002 demanded 13586 clamped 4096
[kinematics-ws] K clamp binds: eid 1001 demanded 27712 clamped 4096
[kinematics-ws] K clamp binds: eid 1002 demanded 13585 clamped 4096
[kinematics-ws] K clamp binds: eid 1003 demanded 6666 clamped 4096
[kinematics-ws] K clamp binds: eid 1001 demanded 27715 clamped 4096
[kinematics-ws] K clamp binds: eid 1002 demanded 13585 clamped 4096
[kinematics-ws] K clamp binds: eid 1003 demanded 6666 clamped 4096
[kinematics-ws] K clamp binds: eid 1002 demanded 13586 clamped 4096
[kinematics-ws] K clamp binds: eid 1003 demanded 6666 clamped 4096
[kinematics-ws] K clamp binds: eid 1001 demanded 27715 clamped 4096
[kinematics-ws] K clamp binds: eid 1003 demanded 6666 clamped 4096
[kinematics-ws] K clamp binds: eid 1002 demanded 13586 clamped 4096
[kinematics-ws] K clamp binds: eid 1001 demanded 27714 clamped 4096
[kinematics-ws] K clamp binds: eid 1003 demanded 6667 clamped 4096
[kinematics-ws] K clamp binds: eid 1001 demanded 27716 clamped 4096
[kinematics-ws] K clamp binds: eid 1002 demanded 13584 clamped 4096
[kinematics-ws] K clamp binds: eid 1001 demanded 27719 clamped 4096
[kinematics-ws] K clamp binds: eid 1002 demanded 13585 clamped 4096
[kinematics-ws] K clamp binds: eid 1003 demanded 6667 clamped 4096
[kinematics-ws] K clamp binds: eid 1001 demanded 27719 clamped 4096
[kinematics-ws] K clamp binds: eid 1002 demanded 13586 clamped 4096
[kinematics-ws] K clamp binds: eid 1003 demanded 6667 clamped 4096
[kinematics-ws] K clamp binds: eid 1001 demanded 27718 clamped 4096
[kinematics-ws] K clamp binds: eid 1002 demanded 13584 clamped 4096
[kinematics-ws] K clamp binds: eid 1003 demanded 6667 clamped 4096
[kinematics-ws] K clamp binds: eid 1003 demanded 6667 clamped 4096
[kinematics-ws] K clamp binds: eid 1001 demanded 27718 clamped 4096
[kinematics-ws] K clamp binds: eid 1002 demanded 13584 clamped 4096
[kinematics-ws] K clamp binds: eid 1001 demanded 27720 clamped 4096
[kinematics-ws] K clamp binds: eid 1002 demanded 13585 clamped 4096
[kinematics-ws] K clamp binds: eid 1003 demanded 6667 clamped 4096
[kinematics-ws] K clamp binds: eid 1003 demanded 6667 clamped 4096
[kinematics-ws] K clamp binds: eid 1002 demanded 13584 clamped 4096
[kinematics-ws] K clamp binds: eid 1001 demanded 27722 clamped 4096
[kinematics-ws] K clamp binds: eid 1001 demanded 27723 clamped 4096
[kinematics-ws] K clamp binds: eid 1002 demanded 13583 clamped 4096
[kinematics-ws] K clamp binds: eid 1003 demanded 6667 clamped 4096
[kinematics-ws] K clamp binds: eid 1001 demanded 27724 clamped 4096
[kinematics-ws] K clamp binds: eid 1002 demanded 13585 clamped 4096
[kinematics-ws] K clamp binds: eid 1003 demanded 6667 clamped 4096
[kinematics-ws] K clamp binds: eid 1001 demanded 27724 clamped 4096
[kinematics-ws] K clamp binds: eid 1002 demanded 13584 clamped 4096
[kinematics-ws] K clamp binds: eid 1003 demanded 6667 clamped 4096
[kinematics-ws] K clamp binds: eid 1002 demanded 13583 clamped 4096
[kinematics-ws] K clamp binds: eid 1001 demanded 27723 clamped 4096
[kinematics-ws] K clamp binds: eid 1003 demanded 6667 clamped 4096
[kinematics-ws] K clamp binds: eid 1001 demanded 27723 clamped 4096
[kinematics-ws] K clamp binds: eid 1002 demanded 13584 clamped 4096
[kinematics-ws] K clamp binds: eid 1003 demanded 6667 clamped 4096
[kinematics-ws] K clamp binds: eid 1002 demanded 13583 clamped 4096
[kinematics-ws] K clamp binds: eid 1001 demanded 27724 clamped 4096
[kinematics-ws] K clamp binds: eid 1003 demanded 6667 clamped 4096
[kinematics-ws] K clamp binds: eid 1001 demanded 27725 clamped 4096
[kinematics-ws] K clamp binds: eid 1003 demanded 6667 clamped 4096
[kinematics-ws] K clamp binds: eid 1002 demanded 13583 clamped 4096
[kinematics-ws] K clamp binds: eid 1002 demanded 13584 clamped 4096
[kinematics-ws] K clamp binds: eid 1001 demanded 27725 clamped 4096
[kinematics-ws] K clamp binds: eid 1003 demanded 6667 clamped 4096
[kinematics-ws] K clamp binds: eid 1002 demanded 13583 clamped 4096
[kinematics-ws] K clamp binds: eid 1003 demanded 6667 clamped 4096
[kinematics-ws] K clamp binds: eid 1001 demanded 27726 clamped 4096
[kinematics-ws] K clamp binds: eid 1001 demanded 27726 clamped 4096
[kinematics-ws] K clamp binds: eid 1002 demanded 13583 clamped 4096
[kinematics-ws] K clamp binds: eid 1003 demanded 6667 clamped 4096
[kinematics-ws] K clamp binds: eid 1002 demanded 13584 clamped 4096
[kinematics-ws] K clamp binds: eid 1001 demanded 27727 clamped 4096
[kinematics-ws] K clamp binds: eid 1003 demanded 6667 clamped 4096
[kinematics-ws] K clamp binds: eid 1003 demanded 6667 clamped 4096
[kinematics-ws] K clamp binds: eid 1002 demanded 13582 clamped 4096
[kinematics-ws] K clamp binds: eid 1001 demanded 27727 clamped 4096
[kinematics-ws] K clamp binds: eid 1003 demanded 6667 clamped 4096
[kinematics-ws] K clamp binds: eid 1002 demanded 13584 clamped 4096
[kinematics-ws] K clamp binds: eid 1001 demanded 27727 clamped 4096
[kinematics-ws] K clamp binds: eid 1002 demanded 13583 clamped 4096
[kinematics-ws] K clamp binds: eid [kinematics-ws] K clamp binds: eid1003  demanded 1001 6667 demandedclamped 27726 clamped 4096
 4096
[kinematics-ws] K clamp binds: eid 1001 demanded 27726 clamped 4096
[kinematics-ws] K clamp binds: eid 1002 demanded 13582 clamped 4096
[kinematics-ws] K clamp binds: eid 1003 demanded 6667 clamped 4096
[kinematics-ws] K clamp binds: eid 1002 demanded 13584 clamped 4096
[kinematics-ws] K clamp binds: eid 1001 demanded 27725 clamped 4096
[kinematics-ws] K clamp binds: eid 1003 demanded 6668 clamped 4096
[kinematics-ws] K clamp binds: eid 1002 demanded 13582 clamped 4096
[kinematics-ws] K clamp binds: eid 1001 demanded 27725 clamped 4096
[kinematics-ws] K clamp binds: eid 1003 demanded 6668 clamped 4096
[kinematics-ws] K clamp binds: eid 1002 demanded 13584 clamped 4096
[kinematics-ws] K clamp binds: eid 1001 demanded 27726 clamped 4096
[kinematics-ws] K clamp binds: eid 1003 demanded 6669 clamped 4096
[kinematics-ws] K clamp binds: eid 1001 demanded 27727 clamped 4096
[kinematics-ws] K clamp binds: eid 1002 demanded 13582 clamped 4096
[kinematics-ws] K clamp binds: eid 1003 demanded 6669 clamped 4096
[kinematics-ws] K clamp binds: eid 1002 demanded 13583 clamped 4096
[kinematics-ws] K clamp binds: eid 1001 demanded 27729 clamped 4096
[kinematics-ws] K clamp binds: eid 1003 demanded 6670 clamped 4096
[kinematics-ws] K clamp binds: eid 1003 demanded 6670 clamped 4096
[kinematics-ws] K clamp binds: eid 1002 demanded 13583 clamped 4096
[kinematics-ws] K clamp binds: eid 1001 demanded 27731 clamped 4096
[kinematics-ws] K clamp binds: eid 1003 demanded 6670 clamped 4096
[kinematics-ws] K clamp binds: eid 1002 demanded 13582 clamped 4096
[kinematics-ws] K clamp binds: eid 1001 demanded 27731 clamped 4096
[kinematics-ws] K clamp binds: eid 1001 demanded 27729 clamped 4096
[kinematics-ws] K clamp binds: eid 1003 demanded 6670 clamped 4096
[kinematics-ws] K clamp binds: eid 1002 demanded 13583 clamped 4096
[kinematics-ws] K clamp binds: eid 1002 demanded 13582 clamped 4096
[kinematics-ws] K clamp binds: eid 1001 demanded 27726 clamped 4096
[kinematics-ws] K clamp binds: eid 1003 demanded 6669 clamped 4096
[kinematics-ws] K clamp binds: eid 1003 demanded 6668 clamped 4096
[kinematics-ws] K clamp binds: eid 1002 demanded 13584 clamped 4096
[kinematics-ws] K clamp binds: eid 1001 demanded 27724 clamped 4096
[kinematics-ws] K clamp binds: eid 1002 demanded 13582 clamped 4096
[kinematics-ws] K clamp binds: eid 1001 demanded 27726 clamped 4096
[kinematics-ws] K clamp binds: eid 1003 demanded 6668 clamped 4096
[kinematics-ws] K clamp binds: eid 1003 demanded 6667 clamped 4096
[kinematics-ws] K clamp binds: eid 1002 demanded 13584 clamped 4096
[kinematics-ws] K clamp binds: eid 1001 demanded 27729 clamped 4096
[kinematics-ws] K clamp binds: eid 1002 demanded 13582 clamped 4096
[kinematics-ws] K clamp binds: eid 1001 demanded 27729 clamped 4096
[kinematics-ws] K clamp binds: eid 1003 demanded 6667 clamped 4096
[kinematics-ws] K clamp binds: eid 1001 demanded 27725 clamped 4096
[kinematics-ws] K clamp binds: eid 1003 [kinematics-ws] K clamp binds: eid demanded 6667 clamped 10024096
 demanded 13584 clamped 4096
[kinematics-ws] K clamp binds: eid 1001 demanded 27723 clamped 4096
[kinematics-ws] K clamp binds: eid 1003 demanded 6668 clamped 4096
[kinematics-ws] K clamp binds: eid 1002 demanded 13583 clamped 4096
[kinematics-ws] K clamp binds: eid 1001 demanded 27726 clamped 4096
[kinematics-ws] K clamp binds: eid 1003 demanded 6669 clamped 4096
[kinematics-ws] K clamp binds: eid 1002 demanded 13584 clamped 4096
[kinematics-ws] K clamp binds: eid 1001 demanded 27728 clamped 4096
[kinematics-ws] K clamp binds: eid 1003 demanded 6669 clamped 4096
[kinematics-ws] K clamp binds: eid 1002 demanded 13583 clamped 4096
[kinematics-ws] K clamp binds: eid 1001 demanded 27724 clamped 4096
[kinematics-ws] K clamp binds: eid [kinematics-ws] K clamp binds: eid 1002 demanded 1003 13585demanded 6670 clamped  clamped 40964096

[kinematics-ws] K clamp binds: eid 1002 demanded 13583 clamped 4096
[kinematics-ws] K clamp binds: eid 1003 demanded 6670 clamped 4096
[kinematics-ws] K clamp binds: eid 1001 demanded 27722 clamped 4096
[kinematics-ws] K clamp binds: eid 1001 demanded 27727 clamped 4096
[kinematics-ws] K clamp binds: eid 1003 demanded 6669 clamped 4096
[kinematics-ws] K clamp binds: eid 1002 demanded 13585 clamped 4096
[kinematics-ws] K clamp binds: eid 1001 demanded 27725 clamped 4096
[kinematics-ws] K clamp binds: eid 1003 demanded 6668 clamped 4096
[kinematics-ws] K clamp binds: eid 1002 demanded 13584 clamped 4096
[kinematics-ws] K clamp binds: eid 1002 demanded 13585 clamped 4096
[kinematics-ws] K clamp binds: eid 1001 demanded 27721 clamped 4096
[kinematics-ws] K clamp binds: eid 1003 demanded 6667 clamped 4096
[kinematics-ws] K clamp binds: eid 1001 demanded 27726 clamped 4096
[kinematics-ws] K clamp binds: eid 1003 demanded 6667 clamped 4096
[kinematics-ws] K clamp binds: eid 1002 demanded 13585 clamped 4096
[kinematics-ws] K clamp binds: eid [kinematics-ws] K clamp binds: eid 10011003  demandeddemanded  27724 6667clamped clamped 4096
 4096[kinematics-ws] K clamp binds: eid 
1002 demanded 13585 clamped 4096
[kinematics-ws] K clamp binds: eid 1003 demanded 6668 clamped 4096
[kinematics-ws] K clamp binds: eid 1002 demanded 13586 clamped 4096
[kinematics-ws] K clamp binds: eid 1001 demanded 27721 clamped 4096
[kinematics-ws] K clamp binds: eid[kinematics-ws] K clamp binds: eid 1001 demanded 27726 clamped 4096
[kinematics-ws] K clamp binds: eid 1002 demanded 13585 clamped 4096
 1003 demanded 6669 clamped 4096
[kinematics-ws] K clamp binds: eid 1003 demanded 6670 clamped 4096
[kinematics-ws] K clamp binds: eid 1001 demanded 27721 clamped 4096
[kinematics-ws] K clamp binds: eid 1002 demanded 13587 clamped 4096
[kinematics-ws] K clamp binds: eid 1003 demanded 6669 clamped 4096
[kinematics-ws] K clamp binds: eid 1002 demanded 13585 clamped 4096
[kinematics-ws] K clamp binds: eid 1001 demanded 27723 clamped 4096
[kinematics-ws] K clamp binds: eid 1003 demanded 6668 clamped 4096
[kinematics-ws] K clamp binds: eid 1001 demanded 27724 clamped 4096
[kinematics-ws] K clamp binds: eid 1002 demanded 13587 clamped 4096
[kinematics-ws] K clamp binds: eid 1001 demanded 27720 clamped 4096
[kinematics-ws] K clamp binds: eid 1002 demanded 13587 clamped 4096
[kinematics-ws] K clamp binds: eid 1003 demanded 6667 clamped 4096
[kinematics-ws] K clamp binds: eid 1003 demanded 6666 clamped 4096
[kinematics-ws] K clamp binds: eid 1001 demanded 27726 clamped 4096
[kinematics-ws] K clamp binds: eid 1002 demanded 13586 clamped 4096
[kinematics-ws] K clamp binds: eid 1002 demanded 13588 clamped 4096
[kinematics-ws] K clamp binds: eid 1001 demanded 27720 clamped 4096
[kinematics-ws] K clamp binds: eid 1003 demanded 6667 clamped 4096
[kinematics-ws] K clamp binds: eid 1001 demanded 27726 clamped 4096
[kinematics-ws] K clamp binds: eid 1003 demanded 6669 clamped 4096
[kinematics-ws] K clamp binds: eid 1002 demanded 13587 clamped 4096
[kinematics-ws] K clamp binds: eid 1001 demanded 27720 clamped 4096
[kinematics-ws] K clamp binds: eid 1002 demanded 13588 clamped 4096
[kinematics-ws] K clamp binds: eid 1003 demanded 6669 clamped 4096
[kinematics-ws] K clamp binds: eid 1001 demanded 27726 clamped 4096
[kinematics-ws] K clamp binds: eid 1002 demanded 13589 clamped 4096
[kinematics-ws] K clamp binds: eid 1003 demanded 6669 clamped 4096
[kinematics-ws] K clamp binds: eid 1001 demanded 27721 clamped 4096
[kinematics-ws] K clamp binds: eid 1002 demanded 13588 clamped 4096
[kinematics-ws] K clamp binds: eid 1003 demanded 6667 clamped 4096
[kinematics-ws] K clamp binds: eid 1002 demanded 13590 clamped 4096
[kinematics-ws] K clamp binds: eid 1003 demanded 6666 clamped 4096
[kinematics-ws] K clamp binds: eid 1001 demanded 27727 clamped 4096
[kinematics-ws] K clamp binds: eid 1002 demanded 13590 clamped 4096
[kinematics-ws] K clamp binds: eid 1001 demanded 27721 clamped 4096
[kinematics-ws] K clamp binds: eid 1003 demanded 6666 clamped 4096
[kinematics-ws] K clamp binds: eid 1001 demanded 27728 clamped 4096
[kinematics-ws] K clamp binds: eid 1003 demanded 6668 clamped 4096
[kinematics-ws] K clamp binds: eid 1002 demanded 13589 clamped 4096
[kinematics-ws] K clamp binds: eid 1001 demanded 27722 clamped 4096
[kinematics-ws] K clamp binds: eid 1002 demanded 13591 clamped 4096
[kinematics-ws] K clamp binds: eid 1003 demanded 6669 clamped 4096
[kinematics-ws] K clamp binds: eid 1001 demanded 27727 clamped 4096
[kinematics-ws] K clamp binds: eid 1003 demanded 6669 clamped 4096
[kinematics-ws] K clamp binds: eid 1002 demanded 13591 clamped 4096
[kinematics-ws] K clamp binds: eid 1003 demanded 6667 clamped 4096
[kinematics-ws] K clamp binds: eid 1002 demanded 13590 clamped 4096
[kinematics-ws] K clamp binds: eid 1001 demanded 27726 clamped 4096
[kinematics-ws] K clamp binds: eid 1002 demanded 13592 clamped 4096
[kinematics-ws] K clamp binds: eid 1003 demanded 6666 clamped 4096
[kinematics-ws] K clamp binds: eid 1001 demanded 27725 clamped 4096
[kinematics-ws] K clamp binds: eid 1003 demanded 6666 clamped 4096
[kinematics-ws] K clamp binds: eid 1002 demanded 13593 clamped 4096
[kinematics-ws] K clamp binds: eid 1001 demanded 27731 clamped 4096
[kinematics-ws] K clamp binds: eid 1001 demanded 27725 clamped 4096
[kinematics-ws] K clamp binds: eid 1003 demanded 6668 clamped 4096
[kinematics-ws] K clamp binds: eid 1002 demanded 13591 clamped 4096
[kinematics-ws] K clamp binds: eid 1003 demanded 6669 clamped 4096
[kinematics-ws] K clamp binds: eid 1002 demanded 13593 clamped 4096
[kinematics-ws] K clamp binds: eid 1001 demanded 27729 clamped 4096
[kinematics-ws] K clamp binds: eid 1003 demanded 6668 clamped 4096
[kinematics-ws] K clamp binds: eid 1002 demanded 13594 clamped 4096
[kinematics-ws] K clamp binds: eid 1001 demanded 27732 clamped 4096
[kinematics-ws] K clamp binds: eid 1003 demanded 6666 clamped 4096
[kinematics-ws] K clamp binds: eid 1001 demanded 27727 clamped 4096
[kinematics-ws] K clamp binds: eid 1002 demanded 13593 clamped 4096
[kinematics-ws] K clamp binds: eid 1003 demanded 6665 clamped 4096
[kinematics-ws] K clamp binds: eid 1001 demanded 27732 clamped 4096
[kinematics-ws] K clamp binds: eid 1002 demanded 13593 clamped 4096
[kinematics-ws] K clamp binds: eid 1001 demanded 27734 clamped 4096
[kinematics-ws] K clamp binds: eid 1003 demanded 6667 clamped 4096
[kinematics-ws] K clamp binds: eid 1002 demanded 13595 clamped 4096
[kinematics-ws] K clamp binds: eid 1001 demanded 27730 clamped 4096
[kinematics-ws] K clamp binds: eid 1002 demanded 13596 clamped 4096
[kinematics-ws] K clamp binds: eid 1003 demanded 6668 clamped 4096
[kinematics-ws] K clamp binds: eid 1002 demanded 13595 clamped 4096
[kinematics-ws] K clamp binds: eid 1003 demanded 6668 clamped 4096
[kinematics-ws] K clamp binds: eid 1001 demanded 27732 clamped 4096
[kinematics-ws] K clamp binds: eid 1003 demanded 6666 clamped 4096
[kinematics-ws] K clamp binds: eid 1001 demanded 27737 clamped 4096
[kinematics-ws] K clamp binds: eid 1002 demanded 13595 clamped 4096
[kinematics-ws] K clamp binds: eid 1002 demanded 13597 clamped 4096
[kinematics-ws] K clamp binds: eid 1003 demanded 6665 clamped 4096
[kinematics-ws] K clamp binds: eid 1001 demanded 27736 clamped 4096
[kinematics-ws] K clamp binds: eid 1001 demanded 27733 clamped 4096
[kinematics-ws] K clamp binds: eid 1002 demanded 13597 clamped 4096
[kinematics-ws] K clamp binds: eid 1003 demanded 6667 clamped 4096
[kinematics-ws] K clamp binds: eid 1002 demanded 13597 clamped 4096
[kinematics-ws] K clamp binds: eid 1001 demanded 27736 clamped 4096
[kinematics-ws] K clamp binds: eid 1003 demanded 6668 clamped 4096
[kinematics-ws] K clamp binds: eid 1002 demanded 13597 clamped 4096
[kinematics-ws] K clamp binds: eid 1003 demanded 6667 clamped 4096
[kinematics-ws] K clamp binds: eid 1001 demanded 27740 clamped 4096
[kinematics-ws] K clamp binds: eid 1002 demanded 13598 clamped 4096
[kinematics-ws] K clamp binds: eid 1003 demanded 6665 clamped 4096
[kinematics-ws] K clamp binds: eid 1001 demanded 27741 clamped 4096
[kinematics-ws] K clamp binds: eid 1002 demanded 13599 clamped 4096
[kinematics-ws] K clamp binds: eid 1003 demanded 6665 clamped 4096
[kinematics-ws] K clamp binds: eid 1001 demanded 27739 clamped 4096
[kinematics-ws] K clamp binds: eid 1002 demanded 13599 clamped 4096
[kinematics-ws] K clamp binds: eid 1001 demanded 27737 clamped 4096
[kinematics-ws] K clamp binds: eid 1003 demanded 6667 clamped 4096
[kinematics-ws] K clamp binds: eid 1003 demanded 6667 clamped 4096
[kinematics-ws] K clamp binds: eid 1001 demanded 27739 clamped 4096
[kinematics-ws] K clamp binds: eid 1002 demanded 13599 clamped 4096
[kinematics-ws] K clamp binds: eid 1001 demanded 27742 clamped 4096
[kinematics-ws] K clamp binds: eid 1002 demanded 13599 clamped 4096
[kinematics-ws] K clamp binds: eid 1003 demanded 6665 clamped 4096
[kinematics-ws] K clamp binds: eid 1002 demanded 13600 clamped 4096
[kinematics-ws] K clamp binds: eid 1001 demanded 27745 clamped 4096
[kinematics-ws] K clamp binds: eid 1003 demanded 6665 clamped 4096
[kinematics-ws] K clamp binds: eid 1001 demanded 27746 clamped 4096
[kinematics-ws] K clamp binds: eid 1002 demanded 13601 clamped 4096
[kinematics-ws] K clamp binds: eid 1003 demanded 6666 clamped 4096
[kinematics-ws] K clamp binds: eid 1001 demanded 27745 clamped 4096
[kinematics-ws] K clamp binds: eid 1002 demanded 13602 clamped 4096
[kinematics-ws] K clamp binds: eid 1003 demanded 6667 clamped 4096
[kinematics-ws] K clamp binds: eid 1001 demanded 27744 clamped 4096
[kinematics-ws] K clamp binds: eid 1002 demanded 13601 clamped 4096
[kinematics-ws] K clamp binds: eid 1003 demanded 6665 clamped 4096
[kinematics-ws] K clamp binds: eid 1001 demanded 27743 clamped [kinematics-ws] K clamp binds: eid4096 
1002 demanded 13601 clamped 4096
[kinematics-ws] K clamp binds: eid 1003 demanded 6664 clamped 4096
[kinematics-ws] K clamp binds: eid 1001 demanded 27743 clamped 4096
[kinematics-ws] K clamp binds: eid 1002 demanded 13601 clamped 4096
[kinematics-ws] K clamp binds: eid 1003 demanded 6666 clamped 4096
[kinematics-ws] K clamp binds: eid 1001 demanded 27743 clamped 4096
[kinematics-ws] K clamp binds: eid 1002 demanded 13602 clamped 4096
[kinematics-ws] K clamp binds: eid 1003 demanded 6667 clamped 4096
[kinematics-ws] K clamp binds: eid 1001 demanded 27743 clamped 4096
[kinematics-ws] K clamp binds: eid 1003 demanded 6665 clamped 4096
[kinematics-ws] K clamp binds: eid 1002 demanded 13603 clamped 4096
[kinematics-ws] K clamp binds: eid 1003 demanded 6664 clamped 4096
[kinematics-ws] K clamp binds: eid 1001 demanded 27744 clamped 4096
[kinematics-ws] K clamp binds: eid 1002 demanded 13604 clamped 4096
[kinematics-ws] K clamp binds: eid 1002 demanded 13604 clamped 4096
[kinematics-ws] K clamp binds: eid 1003 demanded 6666 clamped 4096
[kinematics-ws] K clamp binds: eid 1001 demanded 27744 clamped 4096
[kinematics-ws] K clamp binds: eid 1001 demanded 27744 clamped 4096
[kinematics-ws] K clamp binds: eid 1002 demanded 13604 clamped 4096
[kinematics-ws] K clamp binds: eid 1003 demanded 6667 clamped 4096
[kinematics-ws] K clamp binds: eid 1003 demanded 6665 clamped [kinematics-ws] K clamp binds: eid 1002 demanded 13604 clamped 4096
4096
[kinematics-ws] K clamp binds: eid 1001 demanded 27744 clamped 4096
[kinematics-ws] K clamp binds: eid 1002 demanded 13603 clamped 4096
[kinematics-ws] K clamp binds: eid 1003 demanded 6664 clamped 4096
[kinematics-ws] K clamp binds: eid 1001 demanded 27744 clamped 4096
[kinematics-ws] K clamp binds: eid 1001 demanded 27744 clamped 4096
[kinematics-ws] K clamp binds: eid 1003 demanded 6666 clamped 4096
[kinematics-ws] K clamp binds: eid 1002 demanded 13603 clamped 4096
[kinematics-ws] K clamp binds: eid 1003 demanded 6666 clamped 4096
[kinematics-ws] K clamp binds: eid 1002 demanded 13604 clamped 4096
[kinematics-ws] K clamp binds: eid 1001 demanded 27744 clamped 4096
[kinematics-ws] K clamp binds: eid 1001 demanded 27744 clamped 4096
[kinematics-ws] K clamp binds: eid 1002 demanded 13604 clamped 4096
[kinematics-ws] K clamp binds: eid 1003 demanded 6664 clamped 4096
[kinematics-ws] K clamp binds: eid 1002 demanded 13605 clamped 4096
[kinematics-ws] K clamp binds: eid 1003 demanded 6664 clamped 4096
[kinematics-ws] K clamp binds: eid 1001 demanded 27745 clamped 4096
[kinematics-ws] K clamp binds: eid 1002 demanded 13606 clamped 4096
[kinematics-ws] K clamp binds: eid 1001 demanded 27747 clamped 4096
[kinematics-ws] K clamp binds: eid 1003 demanded 6666 clamped 4096
[kinematics-ws] K clamp binds: eid 1002 demanded 13607 clamped 4096
[kinematics-ws] K clamp binds: eid 1003 demanded 6665 clamped 4096
[kinematics-ws] K clamp binds: eid 1001 demanded 27750 clamped 4096
[kinematics-ws] K clamp binds: eid 1001 demanded 27753 clamped 4096
[kinematics-ws] K clamp binds: eid 1002 demanded 13607 clamped 4096
[kinematics-ws] K clamp binds: eid 1003 demanded 6663 clamped 4096
[kinematics-ws] K clamp binds: eid 1002 demanded 13607 clamped 4096
[kinematics-ws] K clamp binds: eid 1003 demanded 6665 clamped 4096
[kinematics-ws] K clamp binds: eid 1001 demanded 27753 clamped 4096
[kinematics-ws] K clamp binds: eid 1001 demanded 27750 clamped 4096
[kinematics-ws] K clamp binds: eid 1002 demanded 13607 clamped 4096
[kinematics-ws] K clamp binds: eid 1003 demanded 6666 clamped 4096
[kinematics-ws] K clamp binds: eid 1003 demanded 6663 clamped 4096
[kinematics-ws] K clamp binds: eid 1001 demanded 27746 clamped 4096
[kinematics-ws] K clamp binds: eid 1002 demanded 13608 clamped 4096
[kinematics-ws] K clamp binds: eid[kinematics-ws] K clamp binds: eid  1003 1002 demandeddemanded  6664 13608 clampedclamped  40964096

[kinematics-ws] K clamp binds: eid 1001 demanded 27743 clamped 4096
[kinematics-ws] K clamp binds: eid 1001 demanded 27745 clamped 4096
[kinematics-ws] K clamp binds: eid 1002 demanded 13608 clamped 4096
[kinematics-ws] K clamp binds: eid 1003 demanded 6666 clamped 4096
[kinematics-ws] K clamp binds: eid 1001 demanded 27750 clamped 4096
[kinematics-ws] K clamp binds: eid 1002 demanded 13608 clamped 4096
[kinematics-ws] K clamp binds: eid 1003 demanded 6664 clamped 4096
[kinematics-ws] K clamp binds: eid 1003 demanded 6663 clamped 4096
[kinematics-ws] K clamp binds: eid 1002 demanded 13608 clamped 4096
[kinematics-ws] K clamp binds: eid 1001 demanded 27752 clamped 4096
[kinematics-ws] K clamp binds: eid 1002 demanded 13608 clamped 4096
[kinematics-ws] K clamp binds: eid 1003 demanded 6665 clamped 4096
[kinematics-ws] K clamp binds: eid 1001 demanded 27746 clamped 4096
[kinematics-ws] K clamp binds: eid 1003 demanded 6665 clamped 4096
[kinematics-ws] K clamp binds: eid 1001 demanded 27741 clamped 4096
[kinematics-ws] K clamp binds: eid 1002 demanded 13608 clamped 4096
[kinematics-ws] K clamp binds: eid 1003 demanded 6663 clamped 4096
[kinematics-ws] K clamp binds: eid 1002 demanded 13608 clamped 4096
[kinematics-ws] K clamp binds: eid 1001 demanded 27745 clamped 4096
[kinematics-ws] K clamp binds: eid 1001 demanded 27750 clamped 4096
[kinematics-ws] K clamp binds: eid 1002 demanded 13608 clamped 4096
[kinematics-ws] K clamp binds: eid 1003 demanded 6664 clamped 4096
[kinematics-ws] K clamp binds: eid 1003 demanded 6665 clamped 4096
[kinematics-ws] K clamp binds: eid 1001 demanded 27746 clamped 4096
[kinematics-ws] K clamp binds: eid 1002 demanded 13608 clamped 4096
[kinematics-ws] K clamp binds: eid 1001 demanded 27740 clamped 4096
[kinematics-ws] K clamp binds: eid 1003 demanded 6663 clamped 4096
[kinematics-ws] K clamp binds: eid 1002 demanded 13608 clamped 4096
[kinematics-ws] K clamp binds: eid 1001 demanded 27746 clamped 4096
[kinematics-ws] K clamp binds: eid 1003 demanded 6664 clamped 4096
[kinematics-ws] K clamp binds: eid 1002 demanded 13608 clamped 4096
[kinematics-ws] K clamp binds: eid 1002 demanded 13608 clamped 4096
[kinematics-ws] K clamp binds: eid 1003 demanded 6665 clamped 4096
[kinematics-ws] K clamp binds: eid 1001 demanded 27748 clamped 4096
[kinematics-ws] K clamp binds: eid 1003 demanded 6663 clamped 4096
[kinematics-ws] K clamp binds: eid 1001 demanded 27740 clamped 4096
[kinematics-ws] K clamp binds: eid 1002 demanded 13608 clamped 4096
[kinematics-ws] K clamp binds: eid 1001 demanded 27744 clamped 4096
[kinematics-ws] K clamp binds: eid 1003 demanded 6663 clamped 4096
[kinematics-ws] K clamp binds: eid 1002 demanded 13608 clamped 4096
[kinematics-ws] K clamp binds: eid 1001 demanded 27748 clamped 4096
[kinematics-ws] K clamp binds: eid 1003 demanded 6665 clamped 4096
[kinematics-ws] K clamp binds: eid 1002 demanded 13608 clamped 4096
[kinematics-ws] K clamp binds: eid 1003 demanded 6663 clamped 4096
[kinematics-ws] K clamp binds: eid 1001 demanded 27739 clamped 4096
[kinematics-ws] K clamp binds: eid 1002 demanded 13609 clamped 4096
[kinematics-ws] K clamp binds: eid 1002 demanded 13609 clamped 4096
[kinematics-ws] K clamp binds: eid 1003 demanded 6663 clamped 4096
[kinematics-ws] K clamp binds: eid 1001 demanded 27745 clamped 4096
[kinematics-ws] K clamp binds: eid 1002 demanded 13609 clamped 4096
[kinematics-ws] K clamp binds: eid 1003 demanded 6665 clamped 4096
[kinematics-ws] K clamp binds: eid 1001 demanded 27745 clamped 4096
[kinematics-ws] K clamp binds: eid 1001 demanded 27739 clamped 4096
[kinematics-ws] K clamp binds: eid 1002 demanded 13609 clamped 4096
[kinematics-ws] K clamp binds: eid 1003 demanded 6663 clamped 4096
[kinematics-ws] K clamp binds: eid 1001 demanded 27748 clamped 4096
[kinematics-ws] K clamp binds: eid 1002 demanded 13609 clamped 4096
[kinematics-ws] K clamp binds: eid 1003 demanded 6663 clamped 4096
[kinematics-ws] K clamp binds: eid 1003 demanded 6665 clamped 4096
[kinematics-ws] K clamp binds: eid 1001 demanded 27739 clamped 4096
[kinematics-ws] K clamp binds: eid 1002 demanded 13609 clamped 4096
[kinematics-ws] K clamp binds: eid 1002 demanded 13608 clamped 4096
[kinematics-ws] K clamp binds: eid 1001 demanded 27745 clamped 4096
[kinematics-ws] K clamp binds: eid 1003 demanded 6662 clamped 4096
[kinematics-ws] K clamp binds: eid 1001 demanded 27742 clamped 4096
[kinematics-ws] K clamp binds: eid 1003 demanded 6663 clamped 4096
[kinematics-ws] K clamp binds: eid 1002 demanded 13608 clamped 4096
[kinematics-ws] K clamp binds: eid 1001 [kinematics-ws] K clamp binds: eid 1003 demanded 6665 clamped 4096
[kinematics-ws] K clamp binds: eid 1002 demanded 13608 clamped 4096
demanded 27743 clamped 4096
[kinematics-ws] K clamp binds: eid 1001 demanded 27744 clamped 4096
[kinematics-ws] K clamp binds: eid 1003 demanded 6662 clamped 4096
[kinematics-ws] K clamp binds: eid 1002 demanded 13608 clamped 4096
[kinematics-ws] K clamp binds: eid [kinematics-ws] K clamp binds: eid 1002 demanded 100313608 clamped 4096
 demanded 6664 clamped 4096
[kinematics-ws] K clamp binds: eid 1001 demanded 27742 clamped 4096
[kinematics-ws] K clamp binds: eid[kinematics-ws] K clamp binds: eid  10021003  demandeddemanded  6664 13608 clampedclamped  40964096

[kinematics-ws] K clamp binds: eid 1001 demanded 27745 clamped 4096
[kinematics-ws] K clamp binds: eid 1001 demanded 27743 clamped 4096
[kinematics-ws] K clamp binds: eid 1003 demanded 6662 clamped 4096
[kinematics-ws] K clamp binds: eid 1002 demanded 13608 clamped 4096
[kinematics-ws] K clamp binds: eid 1002 demanded 13608 clamped 4096
[kinematics-ws] K clamp binds: eid 1003 demanded 6664 clamped 4096
[kinematics-ws] K clamp binds: eid 1001 demanded 27744 clamped 4096
[kinematics-ws] K clamp binds: eid 1002 demanded 13608 clamped 4096
[kinematics-ws] K clamp binds: eid 1001 demanded 27745 clamped 4096
[kinematics-ws] K clamp binds: eid 1003 demanded 6663 clamped 4096
[kinematics-ws] K clamp binds: eid 1001 demanded 27743 clamped 4096
[kinematics-ws] K clamp binds: eid 1003 demanded 6662 clamped 4096
[kinematics-ws] K clamp binds: eid 1002 demanded 13607 clamped 4096
[kinematics-ws] K clamp binds: eid 1003 demanded 6665 clamped 4096
[kinematics-ws] K clamp binds: eid 1002 demanded 13607 clamped 4096
[kinematics-ws] K clamp binds: eid 1001 demanded 27749 clamped 4096
[kinematics-ws] K clamp binds: eid 1003 demanded 6662 clamped 4096
[kinematics-ws] K clamp binds: eid 1002 demanded 13608 clamped 4096
[kinematics-ws] K clamp binds: eid 1001 demanded 27741 clamped 4096
[kinematics-ws] K clamp binds: eid 1003 demanded 6663 clamped 4096
[kinematics-ws] K clamp binds: eid 1002 demanded 13608 clamped 4096
[kinematics-ws] K clamp binds: eid 1001 demanded 27751 clamped 4096
[kinematics-ws] K clamp binds: eid 1001 demanded 27744 clamped 4096
[kinematics-ws] K clamp binds: eid 1003 demanded 6664 clamped 4096
[kinematics-ws] K clamp binds: eid 1002 demanded 13607 clamped 4096
[kinematics-ws] K clamp binds: eid 1002 demanded 13607 clamped 4096
[kinematics-ws] K clamp binds: eid 1003 demanded 6661 clamped 4096
[kinematics-ws] K clamp binds: eid 1001 demanded 27747 clamped 4096
[kinematics-ws] K clamp binds: eid 1001 demanded 27752 clamped 4096
[kinematics-ws] K clamp binds: eid 1002 demanded 13607 clamped 4096
[kinematics-ws] K clamp binds: eid 1003 demanded 6664 clamped 4096
[kinematics-ws] K clamp binds: eid 1001 demanded 27744 clamped 4096
[kinematics-ws] K clamp binds: eid 1002 demanded 13607 clamped 4096
[kinematics-ws] K clamp binds: eid 1003 demanded 6663 clamped 4096
[kinematics-ws] K clamp binds: eid 1003 demanded 6662 clamped 4096
[kinematics-ws] K clamp binds: eid 1002 demanded 13607 clamped 4096
[kinematics-ws] K clamp binds: eid 1001 demanded 27751 clamped 4096
[kinematics-ws] K clamp binds: eid 1002 demanded 13607 clamped 4096
[kinematics-ws] K clamp binds: eid 1001 demanded 27753 clamped 4096
[kinematics-ws] K clamp binds: eid 1003 demanded 6664 clamped 4096
[kinematics-ws] K clamp binds: eid 1003 demanded 6661 clamped 4096
[kinematics-ws] K clamp binds: eid 1002 demanded 13606 clamped 4096
[kinematics-ws] K clamp binds: eid 1001 demanded 27747 clamped 4096
[kinematics-ws] K clamp binds: eid 1001 demanded 27753 clamped 4096
[kinematics-ws] K clamp binds: eid 1003 demanded 6664 clamped 4096
[kinematics-ws] K clamp binds: eid 1002 demanded 13606 clamped 4096
[kinematics-ws] K clamp binds: eid 1001 demanded 27757 clamped 4096
[kinematics-ws] K clamp binds: eid 1002 demanded 13606 clamped 4096
[kinematics-ws] K clamp binds: eid 1003 demanded 6663 clamped 4096
[kinematics-ws] K clamp binds: eid[kinematics-ws] K clamp binds: eid  10031001  demandeddemanded  277516662 clamped  clamped 40964096

[kinematics-ws] K clamp binds: eid 1002 demanded 13606 clamped 4096
[kinematics-ws] K clamp binds: eid 1002 demanded 13605 clamped 4096
[kinematics-ws] K clamp binds: eid 1001 demanded 27751 clamped 4096
[kinematics-ws] K clamp binds: eid 1003 demanded 6664 clamped 4096
[kinematics-ws] K clamp binds: eid 1002 demanded 13605 clamped 4096
[kinematics-ws] K clamp binds: eid 1003 demanded 6661 clamped 4096
[kinematics-ws] K clamp binds: eid 1001 demanded 27759 clamped 4096
[kinematics-ws] K clamp binds: eid 1001 demanded 27760 clamped 4096
[kinematics-ws] K clamp binds: eid 1003 demanded 6664 clamped 4096
[kinematics-ws] K clamp binds: eid 1002 demanded 13606 clamped 4096
[kinematics-ws] K clamp binds: eid 1003 demanded 6662 clamped 4096
[kinematics-ws] K clamp binds: eid 1001 demanded 27754 clamped 4096
[kinematics-ws] K clamp binds: eid 1002 demanded 13605 clamped 4096
[kinematics-ws] K clamp binds: eid 1002 demanded 13605 clamped 4096
[kinematics-ws] K clamp binds: eid 1001 demanded 27753 clamped 4096
[kinematics-ws] K clamp binds: eid 1003 demanded 6662 clamped 4096
[kinematics-ws] K clamp binds: eid 1001 demanded 27759 clamped 4096
[kinematics-ws] K clamp binds: eid 1003 demanded 6664 clamped 4096
[kinematics-ws] K clamp binds: eid 1002 demanded 13605 clamped 4096
[kinematics-ws] K clamp binds: eid 1001 demanded 27764 clamped 4096
[kinematics-ws] K clamp binds: eid 1003 demanded 6661 clamped 4096
[kinematics-ws] K clamp binds: eid 1002 demanded 13605 clamped 4096
[kinematics-ws] K clamp binds: eid 1003 demanded 6664 clamped 4096
[kinematics-ws] K clamp binds: eid 1002 demanded 13605 clamped 4096
[kinematics-ws] K clamp binds: eid 1001 demanded 27764 clamped 4096
[kinematics-ws] K clamp binds: eid 1002 demanded 13604 clamped 4096
[kinematics-ws] K clamp binds: eid 1001 demanded 27760 clamped 4096
[kinematics-ws] K clamp binds: eid 1003 demanded 6661 clamped 4096
[kinematics-ws] K clamp binds: eid 1003 demanded 6663 clamped 4096
[kinematics-ws] K clamp binds: eid 1001 demanded 27757 clamped 4096
[kinematics-ws] K clamp binds: eid 1002 demanded 13605 clamped 4096
[kinematics-ws] K clamp binds: eid 1001 demanded 27758 clamped 4096
[kinematics-ws] K clamp binds: eid 1003 demanded 6663 clamped 4096
[kinematics-ws] K clamp binds: eid 1002 demanded 13604 clamped 4096
[kinematics-ws] K clamp binds: eid 1001 demanded 27762 clamped 4096
[kinematics-ws] K clamp binds: eid 1003 demanded 6662 clamped 4096
[kinematics-ws] K clamp binds: eid 1002 demanded 13603 clamped 4096
[kinematics-ws] K clamp binds: eid 1003 demanded 6664 clamped 4096
[kinematics-ws] K clamp binds: eid 1001 demanded 27766 clamped 4096
[kinematics-ws] K clamp binds: eid 1002 demanded 13604 clamped 4096
[kinematics-ws] K clamp binds: eid 1001 demanded 27769 clamped 4096
[kinematics-ws] K clamp binds: eid 1003 demanded 6661 clamped 4096
[kinematics-ws] K clamp binds: eid 1002 demanded 13604 clamped 4096
[kinematics-ws] K clamp binds: eid 1001 demanded 27770 clamped 4096
[kinematics-ws] K clamp binds: eid 1002 demanded 13603 clamped 4096
[kinematics-ws] K clamp binds: eid 1003 demanded 6664 clamped 4096
[kinematics-ws] K clamp binds: eid 1001 demanded 27770 clamped 4096
[kinematics-ws] K clamp binds: eid 1003 demanded 6661 clamped 4096
[kinematics-ws] K clamp binds: eid 1002 demanded 13604 clamped 4096
[kinematics-ws] K clamp binds: eid 1001 demanded 27769 clamped 4096
[kinematics-ws] K clamp binds: eid 1002 demanded 13604 clamped 4096
[kinematics-ws] K clamp binds: eid 1003 demanded 6664 clamped 4096
[kinematics-ws] K clamp binds: eid 1001 demanded 27769 clamped 4096
[kinematics-ws] K clamp binds: eid 1002 demanded 13603 clamped 4096
[kinematics-ws] K clamp binds: eid 1003 demanded 6662 clamped 4096
[kinematics-ws] K clamp binds: eid 1002 demanded 13604 clamped 4096
[kinematics-ws] K clamp binds: eid 1001 demanded 27768 clamped 4096
[kinematics-ws] K clamp binds: eid 1003 demanded 6663 clamped 4096
[kinematics-ws] K clamp binds: eid 1001 demanded 27768 clamped 4096
[kinematics-ws] K clamp binds: eid 1003 demanded 6663 clamped 4096
[kinematics-ws] K clamp binds: eid 1002 demanded 13603 clamped 4096
[kinematics-ws] K clamp binds: eid 1001 demanded 27768 clamped 4096
[kinematics-ws] K clamp binds: eid 1002 demanded 13602 clamped 4096
[kinematics-ws] K clamp binds: eid 1003 demanded 6663 clamped 4096
[kinematics-ws] K clamp binds: eid 1001 demanded 27768 clamped 4096
[kinematics-ws] K clamp binds: eid 1002 demanded 13604 clamped 4096
[kinematics-ws] K clamp binds: eid 1003 demanded 6663 clamped 4096
[kinematics-ws] K clamp binds: eid 1002 demanded 13603 clamped 4096
[kinematics-ws] K clamp binds: eid 1001 demanded 27768 clamped 4096
[kinematics-ws] K clamp binds: eid 1003 demanded 6662 clamped 4096
[kinematics-ws] K clamp binds: eid 1001 demanded 27769 clamped 4096
[kinematics-ws] K clamp binds: eid 1002 demanded 13603 clamped 4096
[kinematics-ws] K clamp binds: eid 1003 demanded 6664 clamped 4096
[kinematics-ws] K clamp binds: eid 1001 demanded 27770 clamped 4096
[kinematics-ws] K clamp binds: eid 1003 demanded 6662 clamped 4096
[kinematics-ws] K clamp binds: eid 1002 demanded 13603 clamped 4096
[kinematics-ws] K clamp binds: eid 1002 demanded 13602 clamped 4096
[kinematics-ws] K clamp binds: eid 1003 demanded 6664 clamped 4096
[kinematics-ws] K clamp binds: eid 1001 demanded 27771 clamped 4096
[kinematics-ws] K clamp binds: eid 1002 demanded 13603 clamped 4096
[kinematics-ws] K clamp binds: eid 1003 demanded 6662 clamped 4096
[kinematics-ws] K clamp binds: eid 1001 demanded 27772 clamped 4096
[kinematics-ws] K clamp binds: eid 1002 demanded 13603 clamped 4096
[kinematics-ws] K clamp binds: eid 1001 demanded 27772 clamped 4096
[kinematics-ws] K clamp binds: eid 1003 demanded 6665 clamped 4096
[kinematics-ws] K clamp binds: eid 1002 demanded 13602 clamped 4096
[kinematics-ws] K clamp binds: eid 1001 demanded 27771 clamped 4096
[kinematics-ws] K clamp binds: eid 1003 demanded 6662 clamped 4096
[kinematics-ws] K clamp binds: eid 1001 demanded 27769 clamped 4096
[kinematics-ws] K clamp binds: eid 1002 demanded 13603 clamped 4096
[kinematics-ws] K clamp binds: eid 1003 demanded 6665 clamped 4096
[kinematics-ws] K clamp binds: eid 1002 demanded 13602 clamped 4096
[kinematics-ws] K clamp binds: eid 1001 demanded 27766 clamped 4096
[kinematics-ws] K clamp binds: eid 1003 demanded 6662 clamped 4096
[kinematics-ws] K clamp binds: eid 1001 demanded 27765 clamped 4096
[kinematics-ws] K clamp binds: eid 1003 [kinematics-ws] K clamp binds: eiddemanded 6665 clamped  4096
1002 demanded 13603 clamped 4096
[kinematics-ws] K clamp binds: eid 1003 demanded 6662 clamped 4096
[kinematics-ws] K clamp binds: eid 1001 demanded 27766 clamped 4096
[kinematics-ws] K clamp binds: eid 1002 demanded 13602 clamped 4096
[kinematics-ws] K clamp binds: eid 1002 demanded 13603 clamped 4096
[kinematics-ws] K clamp binds: eid 1001 demanded 27769 clamped 4096
[kinematics-ws] K clamp binds: eid 1003 demanded 6665 clamped 4096
[kinematics-ws] K clamp binds: eid[kinematics-ws] K clamp binds: eid  10031002 demanded  13603 demanded clamped 6662 clamped 40964096

[kinematics-ws] K clamp binds: eid 1001 demanded 27771 clamped 4096
[kinematics-ws] K clamp binds: eid 1001 demanded 27769 clamped 4096
[kinematics-ws] K clamp binds: eid 1002 demanded 13603 clamped 4096
[kinematics-ws] K clamp binds: eid 1003 demanded 6665 clamped 4096
[kinematics-ws] K clamp binds: eid 1002 demanded 13603 clamped 4096
[kinematics-ws] K clamp binds: eid 1001 demanded 27765 clamped 4096
[kinematics-ws] K clamp binds: eid 1003 demanded 6662 clamped 4096
[kinematics-ws] K clamp binds: eid 1001 demanded 27764 clamped 4096
[kinematics-ws] K clamp binds: eid 1002 demanded 13603 clamped 4096
[kinematics-ws] K clamp binds: eid 1003 demanded 6665 clamped 4096
[kinematics-ws] K clamp binds: eid 1001 demanded 27767 clamped 4096
[kinematics-ws] K clamp binds: eid 1002 demanded 13603 clamped 4096
[kinematics-ws] K clamp binds: eid 1003 demanded 6662 clamped 4096
[kinematics-ws] K clamp binds: eid 1001 demanded 27769 clamped 4096
[kinematics-ws] K clamp binds: eid 1002 demanded 13603 clamped 4096
[kinematics-ws] K clamp binds: eid 1003 demanded 6665 clamped 4096
[kinematics-ws] K clamp binds: eid 1002 demanded 13604 clamped 4096
[kinematics-ws] K clamp binds: eid 1001 demanded 27765 clamped 4096
[kinematics-ws] K clamp binds: eid 1003 demanded 6663 clamped 4096
[kinematics-ws] K clamp binds: eid 1003 demanded 6665 clamped 4096
[kinematics-ws] K clamp binds: eid 1001 demanded 27762 clamped 4096
[kinematics-ws] K clamp binds: eid 1002 demanded 13603 clamped 4096
[kinematics-ws] K clamp binds: eid 1001 demanded 27767 clamped 4096
[kinematics-ws] K clamp binds: eid 1002 demanded 13604 clamped 4096
[kinematics-ws] K clamp binds: eid 1003 demanded 6663 clamped 4096
[kinematics-ws] K clamp binds: eid 1001 demanded 27767 clamped 4096
[kinematics-ws] K clamp binds: eid 1003 demanded 6665 clamped 4096
[kinematics-ws] K clamp binds: eid 1002 demanded 13603 clamped 4096
[kinematics-ws] K clamp binds: eid 1002 demanded 13604 clamped 4096
[kinematics-ws] K clamp binds: eid 1003 demanded 6664 clamped 4096
[kinematics-ws] K clamp binds: eid 1001 demanded 27761 clamped 4096
[kinematics-ws] K clamp binds: eid 1001 demanded 27764 clamped 4096
[kinematics-ws] K clamp binds: eid 1002 demanded 13604 clamped 4096
[kinematics-ws] K clamp binds: eid 1003 demanded 6665 clamped 4096
[kinematics-ws] K clamp binds: eid 1003 demanded 6665 clamped 4096
[kinematics-ws] K clamp binds: eid 1001 demanded 27767 clamped 4096
[kinematics-ws] K clamp binds: eid 1002 demanded 13604 clamped 4096
[kinematics-ws] K clamp binds: eid 1001 demanded 27761 clamped 4096
[kinematics-ws] K clamp binds: eid 1002 demanded 13604 clamped 4096
[kinematics-ws] K clamp binds: eid 1003 demanded 6664 clamped 4096
[kinematics-ws] K clamp binds: eid 1002 demanded 13604 clamped 4096
[kinematics-ws] K clamp binds: eid 1001 demanded 27764 clamped 4096
[kinematics-ws] K clamp binds: eid 1003 demanded 6666 clamped 4096
[kinematics-ws] K clamp binds: eid 1001 demanded 27765 clamped 4096
[kinematics-ws] K clamp binds: eid 1003 demanded 6663 clamped 4096
[kinematics-ws] K clamp binds: eid 1002 demanded 13605 clamped 4096
[kinematics-ws] K clamp binds: eid 1002 demanded 13605 clamped 4096
[kinematics-ws] K clamp binds: eid 1001 demanded 27760 clamped 4096
[kinematics-ws] K clamp binds: eid 1003 demanded 6666 clamped 4096
[kinematics-ws] K clamp binds: eid 1002 demanded 13605 clamped 4096
[kinematics-ws] K clamp binds: eid 1001 demanded 27766 clamped 4096
[kinematics-ws] K clamp binds: eid 1003 demanded 6663 clamped 4096
[kinematics-ws] K clamp binds: eid 1003 demanded 6666 clamped 4096
[kinematics-ws] K clamp binds: eid 1002 demanded 13605 clamped 4096
[kinematics-ws] K clamp binds: eid 1001 demanded 27761 clamped 4096
[kinematics-ws] K clamp binds: eid 1003 demanded 6664 clamped 4096
[kinematics-ws] K clamp binds: eid 1002 demanded 13606 clamped 4096
[kinematics-ws] K clamp binds: eid 1001 demanded 27763 clamped 4096
[kinematics-ws] K clamp binds: eid 1003 demanded 6666 clamped 4096
[kinematics-ws] K clamp binds: eid 1002 demanded 13606 clamped 4096
[kinematics-ws] K clamp binds: eid 1001 demanded 27764 clamped 4096
[kinematics-ws] K clamp binds: eid 1002 demanded 13606 clamped 4096
[kinematics-ws] K clamp binds: eid 1003 demanded 6666 clamped 4096
[kinematics-ws] K clamp binds: eid 1001 demanded 27760 clamped 4096
[kinematics-ws] K clamp binds: eid 1001 demanded 27766 clamped 4096
[kinematics-ws] K clamp binds: eid 1002 demanded 13607 clamped 4096
[kinematics-ws] K clamp binds: eid 1003 demanded 6665 clamped 4096
[kinematics-ws] K clamp binds: eid 1001 demanded 27760 clamped 4096
[kinematics-ws] K clamp binds: eid 1002 demanded 13606 clamped 4096
[kinematics-ws] K clamp binds: eid 1003 demanded 6667 clamped 4096
[kinematics-ws] K clamp binds: eid 1001 demanded 27767 clamped 4096
[kinematics-ws] K clamp binds: eid 1002 demanded 13607 clamped 4096
[kinematics-ws] K clamp binds: eid 1003 demanded 6664 clamped 4096
[kinematics-ws] K clamp binds: eid 1003 demanded 6667 clamped 4096
[kinematics-ws] K clamp binds: eid 1001 demanded 27760 clamped 4096
[kinematics-ws] K clamp binds: eid 1002 demanded 13607 clamped 4096
[kinematics-ws] K clamp binds: eid 1003 demanded 6666 clamped 4096
[kinematics-ws] K clamp binds: eid 1001 demanded 27767 clamped 4096
[kinematics-ws] K clamp binds: eid 1002 demanded 13607 clamped 4096
[kinematics-ws] K clamp binds: eid 1002 demanded 13609 clamped 4096
[kinematics-ws] K clamp binds: eid 1003 demanded 6666 clamped 4096
[kinematics-ws] K clamp binds: eid 1001 demanded 27760 clamped 4096
[kinematics-ws] K clamp binds: eid [kinematics-ws] K clamp binds: eid 1003 demanded 6668 clamped 4096
1001 demanded 27768 clamped 4096
[kinematics-ws] K clamp binds: eid 1002 demanded 13608 clamped 4096
[kinematics-ws] K clamp binds: eid[kinematics-ws] K clamp binds: eid  10021001  demanded demanded 27762 13609clamped  clamped 40964096

[kinematics-ws] K clamp binds: eid 1003 demanded 6665 clamped 4096
[kinematics-ws] K clamp binds: eid 1001 demanded 27766 clamped 4096
[kinematics-ws] K clamp binds: eid 1003 demanded 6668 clamped 4096
[kinematics-ws] K clamp binds: eid 1002 demanded 13609 clamped 4096
[kinematics-ws] K clamp binds: eid 1001 demanded 27766 clamped 4096
[kinematics-ws] K clamp binds: eid 1003 demanded 6667 clamped 4096
[kinematics-ws] K clamp binds: eid 1002 demanded 13609 clamped 4096
[kinematics-ws] K clamp binds: eid 1003 demanded 6667 clamped 4096
[kinematics-ws] K clamp binds: eid 1002 demanded 13610 clamped 4096
[kinematics-ws] K clamp binds: eid 1001 demanded 27764 clamped 4096
[kinematics-ws] K clamp binds: eid 1001 demanded 27770 clamped 4096
[kinematics-ws] K clamp binds: eid 1003 demanded 6669 clamped 4096
[kinematics-ws] K clamp binds: eid 1002 demanded 13611 clamped 4096
[kinematics-ws] K clamp binds: eid [kinematics-ws] K clamp binds: eid 10011003 demanded  27764 demanded clamped 6666 clamped 40964096

[kinematics-ws] K clamp binds: eid 1002 demanded 13610 clamped 4096
[kinematics-ws] K clamp binds: eid 1001 demanded 27770 clamped 4096
[kinematics-ws] K clamp binds: eid 1002 demanded 13611 clamped 4096
[kinematics-ws] K clamp binds: eid 1003 demanded 6669 clamped 4096
[kinematics-ws] K clamp binds: eid 1002 demanded 13612 clamped 4096
[kinematics-ws] K clamp binds: eid 1003 demanded 6668 clamped 4096
[kinematics-ws] K clamp binds: eid 1001 demanded 27770 clamped 4096
[kinematics-ws] K clamp binds: eid 1001 demanded 27766 clamped 4096
[kinematics-ws] K clamp binds: eid 1002 demanded 13611 clamped 4096
[kinematics-ws] K clamp binds: eid 1003 demanded 6667 clamped 4096
[kinematics-ws] K clamp binds: eid 1002 demanded 13612 clamped 4096
[kinematics-ws] K clamp binds: eid[kinematics-ws] K clamp binds: eid  10011003  demanded demanded 27773 6670 clamped clamped 40964096

[kinematics-ws] K clamp binds: eid 1002 demanded 13613 clamped 4096
[kinematics-ws] K clamp binds: eid 1003 demanded 6668 clamped 4096
[kinematics-ws] K clamp binds: eid 1001 demanded 27773 clamped 4096
[kinematics-ws] K clamp binds: eid 1002 demanded 13613 clamped 4096
[kinematics-ws] K clamp binds: eid 1003 demanded 6668 clamped 4096
[kinematics-ws] K clamp binds: eid 1001 demanded 27768 clamped 4096
[kinematics-ws] K clamp binds: eid 1001 demanded 27774 clamped 4096
[kinematics-ws] K clamp binds: eid 1002 demanded 13613 clamped 4096
[kinematics-ws] K clamp binds: eid 1003 demanded 6671 clamped 4096
[kinematics-ws] K clamp binds: eid 1001 demanded 27777 [kinematics-ws] K clamp binds: eidclamped  40961002 demanded 
13614 clamped 4096
[kinematics-ws] K clamp binds: eid 1003 demanded 6668 clamped 4096
[kinematics-ws] K clamp binds: eid 1002 demanded 13615 clamped 4096
[kinematics-ws] K clamp binds: eid 1001 demanded 27772 clamped 4096
[kinematics-ws] K clamp binds: eid 1003 demanded 6669 clamped 4096
[kinematics-ws] K clamp binds: eid 1002 demanded 13614 clamped 4096
[kinematics-ws] K clamp binds: eid 1003 demanded 6671 clamped 4096
[kinematics-ws] K clamp binds: eid 1001 demanded 27772 clamped 4096
[kinematics-ws] K clamp binds: eid 1002 demanded 13615 clamped 4096
[kinematics-ws] K clamp binds: eid 1003 demanded 6668 clamped 4096
[kinematics-ws] K clamp binds: eid 1001 demanded 27778 clamped 4096
[kinematics-ws] K clamp binds: eid 1002 demanded 13616 clamped 4096
[kinematics-ws] K clamp binds: eid 1001 demanded 27780 clamped 4096
[kinematics-ws] K clamp binds: eid 1003 demanded 6670 clamped 4096
[kinematics-ws] K clamp binds: eid 1003 demanded 6672 clamped 4096
[kinematics-ws] K clamp binds: eid 1001 demanded 27776 clamped 4096
[kinematics-ws] K clamp binds: eid 1002 demanded 13616 clamped 4096
[kinematics-ws] K clamp binds: eid 1002 demanded 13616 clamped 4096
[kinematics-ws] K clamp binds: eid 1003 [kinematics-ws] K clamp binds: eid demanded 6669 1001clamped  demanded 409627775 
clamped 4096
[kinematics-ws] K clamp binds: eid 1001 demanded 27778 clamped 4096
[kinematics-ws] K clamp binds: eid 1002 demanded 13617 clamped 4096
[kinematics-ws] K clamp binds: eid 1003 demanded 6671 clamped 4096
[kinematics-ws] K clamp binds: eid 1001 demanded 27783 clamped 4096
[kinematics-ws] K clamp binds: eid 1003 demanded 6672 clamped 4096
[kinematics-ws] K clamp binds: eid 1002 demanded 13618 clamped 4096
[kinematics-ws] K clamp binds: eid 1003 demanded 6670 clamped 4096
[kinematics-ws] K clamp binds: eid 1002 demanded 13618 clamped 4096
[kinematics-ws] K clamp binds: eid 1001 demanded 27784 clamped 4096
[kinematics-ws] K clamp binds: eid 1003 demanded 6671 clamped 4096
[kinematics-ws] K clamp binds: eid 1002 demanded 13618 clamped 4096
[kinematics-ws] K clamp binds: eid 1001 demanded 27783 clamped 4096
[kinematics-ws] K clamp binds: eid 1002 demanded 13618 clamped 4096
[kinematics-ws] K clamp binds: eid 1001 demanded 27780 clamped 4096
[kinematics-ws] K clamp binds: eid 1003 demanded 6673 clamped 4096
[kinematics-ws] K clamp binds: eid 1001 demanded 27780 clamped 4096
[kinematics-ws] K clamp binds: eid 1002 demanded [kinematics-ws] K clamp binds: eid13619 clamped 4096 
1003 demanded 6671 clamped 4096
[kinematics-ws] K clamp binds: eid 1001 demanded 27781 clamped 4096
[kinematics-ws] K clamp binds: eid 1002 demanded 13620 clamped 4096
[kinematics-ws] K clamp binds: eid 1003 demanded 6671 clamped 4096
[kinematics-ws] K clamp binds: eid 1002 demanded 13620 clamped 4096
[kinematics-ws] K clamp binds: eid 1003 demanded 6674 clamped 4096
[kinematics-ws] K clamp binds: eid 1001 demanded 27783 clamped 4096
[kinematics-ws] K clamp binds: eid 1001 demanded 27786 clamped 4096
[kinematics-ws] K clamp binds: eid 1002 demanded 13620 clamped 4096
[kinematics-ws] K clamp binds: eid 1003 demanded 6672 clamped 4096
[kinematics-ws] K clamp binds: eid 1002 demanded 13620 clamped 4096
[kinematics-ws] K clamp binds: eid 1001 demanded 27788 clamped 4096
[kinematics-ws] K clamp binds: eid 1003 demanded 6671 clamped 4096
[kinematics-ws] K clamp binds: eid 1002 demanded 13621 clamped 4096
[kinematics-ws] K clamp binds: eid 1003 demanded 6674 clamped 4096
[kinematics-ws] K clamp binds: eid 1001 demanded 27789 clamped 4096
[kinematics-ws] K clamp binds: eid 1001 demanded 27790 clamped 4096
[kinematics-ws] K clamp binds: eid 1003 demanded 6674 clamped 4096
[kinematics-ws] K clamp binds: eid 1002 demanded 13622 clamped 4096
[kinematics-ws] K clamp binds: eid[kinematics-ws] K clamp binds: eid  10031001 demanded  6672demanded  clamped 27790 clamped 40964096

[kinematics-ws] K clamp binds: eid 1002 demanded 13622 clamped 4096
[kinematics-ws] K clamp binds: eid 1003 demanded 6673 clamped 4096
[kinematics-ws] K clamp binds: eid 1001 demanded 27790 clamped 4096
[kinematics-ws] K clamp binds: eid 1002 demanded 13622 clamped 4096
[kinematics-ws] K clamp binds: eid[kinematics-ws] K clamp binds: eid  1001 1002 demanded demanded27790  13622clamped  clamped 40964096

[kinematics-ws] K clamp binds: eid 1003 demanded 6675 clamped 4096
[kinematics-ws] K clamp binds: eid 1001 demanded 27790 clamped 4096
[kinematics-ws] K clamp binds: eid 1003 demanded 6674 clamped 4096
[kinematics-ws] K clamp binds: eid 1002 demanded 13622 clamped 4096
[kinematics-ws] K clamp binds: eid 1001 demanded 27790 clamped 4096
[kinematics-ws] K clamp binds: eid 1002 demanded 13623 clamped 4096
[kinematics-ws] K clamp binds: eid 1003 demanded 6673 clamped 4096
[kinematics-ws] K clamp binds: eid 1003 demanded 6675 clamped 4096
[kinematics-ws] K clamp binds: eid 1002 demanded 13623 clamped 4096
[kinematics-ws] K clamp binds: eid 1001 demanded 27790 clamped 4096
[kinematics-ws] K clamp binds: eid 1001 demanded 27790 clamped 4096
[kinematics-ws] K clamp binds: eid 1003 demanded 6676 clamped 4096
[kinematics-ws] K clamp binds: eid 1002 demanded 13624 clamped 4096
[kinematics-ws] K clamp binds: eid 1001 demanded 27790 clamped 4096
[kinematics-ws] K clamp binds: eid 1002 demanded 13624 clamped 4096
[kinematics-ws] K clamp binds: eid 1003 demanded 6675 clamped 4096
[kinematics-ws] K clamp binds: eid 1003 demanded 6674 clamped 4096
[kinematics-ws] K clamp binds: eid 1001 demanded 27789 clamped 4096
[kinematics-ws] K clamp binds: eid 1002 demanded 13625 clamped 4096
[kinematics-ws] K clamp binds: eid 1003 demanded 6676 clamped 4096
[kinematics-ws] K clamp binds: eid 1001 demanded 27788 clamped 4096
[kinematics-ws] K clamp binds: eid 1002 demanded 13625 clamped 4096
[kinematics-ws] K clamp binds: eid 1003 demanded 6677 clamped 4096
[kinematics-ws] K clamp binds: eid 1001 demanded 27787 clamped 4096
[kinematics-ws] K clamp binds: eid 1002 demanded 13625 clamped 4096
[kinematics-ws] K clamp binds: eid 1001 demanded 27786 clamped 4096
[kinematics-ws] K clamp binds: eid 1002 demanded 13625 clamped 4096
[kinematics-ws] K clamp binds: eid 1003 demanded 6676 clamped 4096
[kinematics-ws] K clamp binds: eid 1001 demanded 27787 clamped 4096
[kinematics-ws] K clamp binds: eid 1002 demanded 13625 clamped 4096
[kinematics-ws] K clamp binds: eid 1003 demanded 6675 clamped 4096
[kinematics-ws] K clamp binds: eid 1002 demanded 13625 clamped 4096
[kinematics-ws] K clamp binds: eid 1003 demanded 6676 clamped 4096
[kinematics-ws] K clamp binds: eid 1001 demanded 27788 clamped 4096
[kinematics-ws] K clamp binds: eid 1001 demanded 27790 clamped 4096
[kinematics-ws] K clamp binds: eid 1002 demanded 13626 clamped 4096
[kinematics-ws] K clamp binds: eid 1003 demanded 6678 clamped 4096
[kinematics-ws] K clamp binds: eid 1001 demanded 27790 clamped 4096
[kinematics-ws] K clamp binds: eid 1002 demanded 13626 clamped 4096
[kinematics-ws] K clamp binds: eid 1003 demanded 6677 clamped 4096
[kinematics-ws] K clamp binds: eid 1002 demanded 13626 clamped 4096
[kinematics-ws] K clamp binds: eid 1003 demanded 6676 clamped 4096
[kinematics-ws] K clamp binds: eid 1001 demanded 27788 clamped 4096
[kinematics-ws] K clamp binds: eid 1001 demanded 27785 clamped 4096
[kinematics-ws] K clamp binds: eid 1002 demanded 13626 clamped 4096
[kinematics-ws] K clamp binds: eid 1003 demanded 6676 clamped 4096
[kinematics-ws] K clamp binds: eid 1002 demanded 13626 clamped 4096
[kinematics-ws] K clamp binds: eid 1001 demanded 27785 clamped 4096
[kinematics-ws] K clamp binds: eid 1003 demanded 6679 clamped 4096
[kinematics-ws] K clamp binds: eid 1002 demanded 13627 clamped 4096
[kinematics-ws] K clamp binds: eid 1001 demanded 27788 clamped 4096
[kinematics-ws] K clamp binds: eid 1003 demanded 6679 clamped 4096
[kinematics-ws] K clamp binds: eid 1003 demanded 6678 clamped 4096
[kinematics-ws] K clamp binds: eid 1002 demanded 13627 clamped 4096
[kinematics-ws] K clamp binds: eid 1001 demanded 27789 clamped 4096
[kinematics-ws] K clamp binds: eid 1003 demanded 6677 clamped 4096
[kinematics-ws] K clamp binds: eid 1002 demanded 13627 clamped 4096
[kinematics-ws] K clamp binds: eid 1001 demanded 27786 clamped 4096
[kinematics-ws] K clamp binds: eid 1001 demanded 27783 clamped 4096
[kinematics-ws] K clamp binds: eid 1003 demanded 6678 clamped 4096
[kinematics-ws] K clamp binds: eid 1002 demanded 13627 clamped 4096
[kinematics-ws] K clamp binds: eid 1002 demanded 13627 clamped 4096
[kinematics-ws] K clamp binds: eid 1003 demanded 6680 clamped 4096
[kinematics-ws] K clamp binds: eid 1001 demanded 27786 clamped 4096
[kinematics-ws] K clamp binds: eid 1001 demanded 27787 clamped 4096
[kinematics-ws] K clamp binds: eid 1002 demanded 13627 clamped 4096
[kinematics-ws] K clamp binds: eid 1003 demanded 6680 clamped 4096
[kinematics-ws] K clamp binds: eid 1003 demanded 6679 clamped 4096
[kinematics-ws] K clamp binds: eid 1001 demanded 27783 clamped 4096
[kinematics-ws] K clamp binds: eid 1002 demanded 13627 clamped 4096
[kinematics-ws] K clamp binds: eid 1001 demanded 27783 clamped 4096
[kinematics-ws] K clamp binds: eid 1002 demanded 13627 clamped 4096
[kinematics-ws] K clamp binds: eid 1003 demanded 6678 clamped 4096
[kinematics-ws] K clamp binds: eid 1001 demanded 27787 clamped 4096
[kinematics-ws] K clamp binds: eid 1002 demanded 13627 clamped 4096
[kinematics-ws] K clamp binds: eid 1003 demanded 6679 clamped 4096
[kinematics-ws] K clamp binds: eid 1001 demanded 27784 clamped 4096
[kinematics-ws] K clamp binds: eid 1002 demanded 13627 clamped 4096
[kinematics-ws] K clamp binds: eid 1003 demanded 6681 clamped 4096
[kinematics-ws] K clamp binds: eid 1003 demanded 6682 clamped 4096
[kinematics-ws] K clamp binds: eid 1001 demanded 27782 clamped 4096
[kinematics-ws] K clamp binds: eid 1002 demanded 13627 clamped 4096
[kinematics-ws] K clamp binds: eid 1001 demanded 27786 clamped 4096
[kinematics-ws] K clamp binds: eid 1002 demanded 13627 clamped 4096
[kinematics-ws] K clamp binds: eid 1003 demanded 6681 clamped 4096
[kinematics-ws] K clamp binds: eid 1003 demanded 6679 clamped 4096
[kinematics-ws] K clamp binds: eid 1001 demanded 27782 clamped 4096
[kinematics-ws] K clamp binds: eid 1002 demanded 13627 clamped 4096
[kinematics-ws] K clamp binds: eid 1001 demanded 27782 clamped 4096
[kinematics-ws] K clamp binds: eid 1002 demanded 13627 clamped 4096
[kinematics-ws] K clamp binds: eid 1003 demanded 6679 clamped 4096
[kinematics-ws] K clamp binds: eid 1003 demanded 6680 clamped 4096
[kinematics-ws] K clamp binds: eid 1001 demanded 27785 clamped 4096
[kinematics-ws] K clamp binds: eid 1002 demanded 13628 clamped 4096
[kinematics-ws] K clamp binds: eid 1002 demanded 13628 clamped 4096
[kinematics-ws] K clamp binds: eid 1003 demanded 6682 clamped 4096
[kinematics-ws] K clamp binds: eid 1001 demanded 27780 clamped 4096
[kinematics-ws] K clamp binds: eid 1003 demanded 6683 clamped 4096
[kinematics-ws] K clamp binds: eid 1002 demanded 13629 clamped 4096
[kinematics-ws] K clamp binds: eid 1001 demanded 27785 clamped 4096
[kinematics-ws] K clamp binds: eid 1001 demanded 27782 clamped 4096
[kinematics-ws] K clamp binds: eid 1003 demanded 6682 clamped 4096
[kinematics-ws] K clamp binds: eid 1002 demanded 13630 clamped 4096
[kinematics-ws] K clamp binds: eid 1001 demanded 27783 clamped [kinematics-ws] K clamp binds: eid4096 1002 
demanded 13630 clamped 4096
[kinematics-ws] K clamp binds: eid 1003 demanded 6680 clamped 4096
[kinematics-ws] K clamp binds: eid 1001 demanded 27784 clamped 4096
[kinematics-ws] K clamp binds: eid 1002 demanded 13630 clamped 4096
[kinematics-ws] K clamp binds: eid 1003 demanded 6680 clamped 4096
[kinematics-ws] K clamp binds: eid 1001 demanded 27781 clamped 4096
[kinematics-ws] K clamp binds: eid 1002 demanded 13630 clamped 4096
[kinematics-ws] K clamp binds: eid 1003 demanded 6681 clamped 4096
[kinematics-ws] K clamp binds: eid 1003 demanded 6683 clamped 4096
[kinematics-ws] K clamp binds: eid 1002 demanded 13628 clamped 4096
[kinematics-ws] K clamp binds: eid 1001 demanded 27785 clamped 4096
[kinematics-ws] K clamp binds: eid 1002 demanded 13627 clamped 4096
[kinematics-ws] K clamp binds: eid 1003 demanded 6684 clamped 4096
[kinematics-ws] K clamp binds: eid 1001 demanded 27781 clamped 4096
[kinematics-ws] K clamp binds: eid 1003 demanded 6684 clamped 4096
[kinematics-ws] K clamp binds: eid 1002 demanded 13627 clamped 4096
[kinematics-ws] K clamp binds: eid 1001 demanded 27785 clamped 4096
[kinematics-ws] K clamp binds: eid 1002 demanded 13627 clamped 4096
[kinematics-ws] K clamp binds: eid 1003 demanded 6683 clamped 4096
[kinematics-ws] K clamp binds: eid 1001 demanded 27782 clamped 4096
[kinematics-ws] K clamp binds: eid 1001 demanded 27786 clamped 4096
[kinematics-ws] K clamp binds: eid 1002 demanded 13628 clamped 4096
[kinematics-ws] K clamp binds: eid 1003 demanded 6682 clamped 4096
[kinematics-ws] K clamp binds: eid 1001 demanded 27783 clamped 4096
[kinematics-ws] K clamp binds: eid 1003 demanded 6681 clamped 4096
[kinematics-ws] K clamp binds: eid 1002 demanded 13629 clamped 4096
[kinematics-ws] K clamp binds: eid 1002 demanded 13630 clamped 4096
[kinematics-ws] K clamp binds: eid 1001 demanded 27785 clamped 4096
[kinematics-ws] K clamp binds: eid 1003 demanded 6682 clamped 4096
[kinematics-ws] K clamp binds: eid 1002 demanded 13629 clamped 4096
[kinematics-ws] K clamp binds: eid 1001 demanded 27786 clamped 4096
[kinematics-ws] K clamp binds: eid 1003 demanded 6683 clamped 4096
[kinematics-ws] K clamp binds: eid 1001 demanded 27784 clamped 4096
[kinematics-ws] K clamp binds: eid 1003 demanded 6685 clamped 4096
[kinematics-ws] K clamp binds: eid 1002 demanded 13628 clamped 4096
[kinematics-ws] K clamp binds: eid 1002 demanded 13626 clamped 4096
[kinematics-ws] K clamp binds: eid 1003 demanded 6685 clamped 4096
[kinematics-ws] K clamp binds: eid 1001 demanded 27789 clamped 4096
[kinematics-ws] K clamp binds: eid 1001 demanded 27785 clamped 4096
[kinematics-ws] K clamp binds: eid 1002 demanded 13626 clamped 4096
[kinematics-ws] K clamp binds: eid 1003 demanded 6685 clamped 4096
[kinematics-ws] K clamp binds: eid 1003 demanded 6684 clamped 4096
[kinematics-ws] K clamp binds: eid 1002 demanded 13627 clamped 4096
[kinematics-ws] K clamp binds: eid 1001 demanded 27789 clamped 4096
[kinematics-ws] K clamp binds: eid 1002 demanded 13629 clamped 4096
[kinematics-ws] K clamp binds: eid 1001 demanded 27789 clamped 4096
[kinematics-ws] K clamp binds: eid 1003 demanded 6683 clamped 4096
[kinematics-ws] K clamp binds: eid[kinematics-ws] K clamp binds: eid  [kinematics-ws] K clamp binds: eid 100110021003   demanded demanded 277876683  clamped clamped 40964096

demanded 13629 clamped 4096
[kinematics-ws] K clamp binds: eid 1002 demanded 13627 clamped 4096
[kinematics-ws] K clamp binds: eid 1001 demanded 27792 clamped 4096
[kinematics-ws] K clamp binds: eid 1003 demanded 6683 clamped 4096
[kinematics-ws] K clamp binds: eid 1002 demanded 13625 clamped 4096
[kinematics-ws] K clamp binds: eid 1001 demanded 27791 clamped 4096
[kinematics-ws] K clamp binds: eid 1003 demanded 6683 clamped 4096
[kinematics-ws] K clamp binds: eid 1002 demanded 13626 clamped 4096
[kinematics-ws] K clamp binds: eid 1001 demanded 27789 clamped 4096
[kinematics-ws] K clamp binds: eid 1003 demanded 6684 clamped 4096
[kinematics-ws] K clamp binds: eid 1001 demanded 27794 clamped 4096
[kinematics-ws] K clamp binds: eid 1002 demanded 13628 clamped 4096
[kinematics-ws] K clamp binds: eid 1003 demanded 6685 clamped 4096
[kinematics-ws] K clamp binds: eid 1001 demanded 27794 clamped 4096
[kinematics-ws] K clamp binds: eid 1003 demanded 6686 clamped 4096
[kinematics-ws] K clamp binds: eid 1002 demanded 13628 clamped 4096
[kinematics-ws] K clamp binds: eid 1003 demanded 6687 clamped 4096
[kinematics-ws] K clamp binds: eid 1002 demanded 13626 clamped 4096
[kinematics-ws] K clamp binds: eid 1001 demanded 27792 clamped 4096
[kinematics-ws] K clamp binds: eid 1002 demanded 13624 clamped 4096
[kinematics-ws] K clamp binds: eid 1003 demanded 6687 clamped 4096
[kinematics-ws] K clamp binds: eid 1001 demanded 27794 clamped 4096
[kinematics-ws] K clamp binds: eid 1001 demanded 27798 clamped 4096
[kinematics-ws] K clamp binds: eid 1002 demanded 13626 clamped 4096
[kinematics-ws] K clamp binds: eid 1003 demanded 6686 clamped 4096
[kinematics-ws] K clamp binds: eid 1002 demanded 13628 clamped 4096
[kinematics-ws] K clamp binds: eid 1003 demanded 6686 clamped 4096
[kinematics-ws] K clamp binds: eid 1001 demanded 27797 clamped 4096
[kinematics-ws] K clamp binds: eid 1002 demanded 13626 clamped 4096
[kinematics-ws] K clamp binds: eid 1003 demanded 6685 clamped 4096
[kinematics-ws] K clamp binds: eid 1001 demanded 27795 clamped 4096
[kinematics-ws] K clamp binds: eid 1002 demanded 13624 clamped 4096
[kinematics-ws] K clamp binds: eid 1001 demanded 27796 clamped 4096
[kinematics-ws] K clamp binds: eid 1003 demanded 6685 clamped 4096
[kinematics-ws] K clamp binds: eid 1001 demanded 27800 clamped 4096
[kinematics-ws] K clamp binds: eid 1003 demanded 6684 clamped 4096
[kinematics-ws] K clamp binds: eid 1002 demanded 13626 clamped 4096
[kinematics-ws] K clamp binds: eid 1002 demanded 13627 clamped 4096
[kinematics-ws] K clamp binds: eid 1001 demanded 27802 clamped 4096
[kinematics-ws] K clamp binds: eid 1003 demanded 6684 clamped 4096
[kinematics-ws] K clamp binds: eid 1001 demanded 27801 clamped 4096
[kinematics-ws] K clamp binds: eid 1002 demanded 13625 clamped 4096
[kinematics-ws] K clamp binds: eid 1003 demanded 6685 clamped 4096
[kinematics-ws] K clamp binds: eid 1002 demanded 13623 clamped 4096
[kinematics-ws] K clamp binds: eid 1003 demanded 6685 clamped 4096
[kinematics-ws] K clamp binds: eid 1001 demanded 27800 clamped 4096
[kinematics-ws] K clamp binds: eid 1002 demanded 13626 clamped 4096
[kinematics-ws] K clamp binds: eid 1001 demanded 27800 clamped 4096
[kinematics-ws] K clamp binds: eid 1003 demanded 6685 clamped 4096
[kinematics-ws] K clamp binds: eid 1002 demanded 13626 clamped 4096
[kinematics-ws] K clamp binds: eid 1003 demanded 6686 clamped 4096
[kinematics-ws] K clamp binds: eid 1001 demanded 27801 clamped 4096
[kinematics-ws] K clamp binds: eid 1001 demanded 27803 clamped 4096
[kinematics-ws] K clamp binds: eid 1002 demanded 13623 clamped 4096
[kinematics-ws] K clamp binds: eid 1003 demanded 6686 clamped 4096
[kinematics-ws] K clamp binds: eid 1001 demanded 27805 clamped 4096
[kinematics-ws] K clamp binds: eid 1003 demanded 6687 clamped 4096
[kinematics-ws] K clamp binds: eid 1002 demanded 13624 clamped 4096
[kinematics-ws] K clamp binds: eid 1001 demanded 27807 clamped 4096
[kinematics-ws] K clamp binds: eid 1002 demanded 13626 clamped 4096
[kinematics-ws] K clamp binds: eid 1003 demanded 6687 clamped 4096
[kinematics-ws] K clamp binds: eid 1001 demanded 27807 clamped 4096
[kinematics-ws] K clamp binds: eid 1002 demanded 13623 clamped 4096
[kinematics-ws] K clamp binds: eid 1003 demanded 6688 clamped 4096
[kinematics-ws] K clamp binds: eid 1001 demanded 27807 clamped 4096
[kinematics-ws] K clamp binds: eid 1002 demanded 13623 clamped 4096
[kinematics-ws] K clamp binds: eid 1003 demanded 6688 clamped 4096
[kinematics-ws] K clamp binds: eid 1003 demanded 6688 clamped 4096
[kinematics-ws] K clamp binds: eid 1001 demanded 27807 clamped 4096
[kinematics-ws] K clamp binds: eid 1002 demanded 13626 clamped 4096
[kinematics-ws] K clamp binds: eid 1003 demanded 6688 clamped 4096
[kinematics-ws] K clamp binds: eid 1002 demanded 13623 clamped 4096
[kinematics-ws] K clamp binds: eid 1001 demanded 27807 clamped 4096
[kinematics-ws] K clamp binds: eid 1001 demanded 27807 clamped 4096
[kinematics-ws] K clamp binds: eid 1002 demanded 13623 clamped 4096
[kinematics-ws] K clamp binds: eid 1003 demanded 6688 clamped 4096
[kinematics-ws] K clamp binds: eid 1003 demanded 6689 clamped 4096
[kinematics-ws] K clamp binds: eid 1001 demanded 27807 clamped 4096
[kinematics-ws] K clamp binds: eid 1002 demanded 13625 clamped 4096
[kinematics-ws] K clamp binds: eid 1001 demanded 27807 clamped 4096
[kinematics-ws] K clamp binds: eid 1002 demanded 13623 clamped 4096
[kinematics-ws] K clamp binds: eid 1003 demanded 6689 clamped 4096
[kinematics-ws] K clamp binds: eid 1001 demanded 27807 clamped 4096
[kinematics-ws] K clamp binds: eid 1002 demanded 13623 clamped 4096
[kinematics-ws] K clamp binds: eid 1003 demanded 6689 clamped 4096
[kinematics-ws] K clamp binds: eid 1001 demanded 27807 clamped 4096
[kinematics-ws] K clamp binds: eid 1003 demanded 6689 clamped 4096
[kinematics-ws] K clamp binds: eid 1002 demanded 13625 clamped 4096
[kinematics-ws] K clamp binds: eid 1002 demanded 13622 clamped 4096
[kinematics-ws] K clamp binds: eid 1001 demanded 27807 clamped 4096
[kinematics-ws] K clamp binds: eid 1003 demanded 6689 clamped 4096
[kinematics-ws] K clamp binds: eid 1002 demanded 13623 clamped 4096
[kinematics-ws] K clamp binds: eid 1001 demanded 27808 clamped 4096
[kinematics-ws] K clamp binds: eid 1003 demanded 6689 clamped 4096
[kinematics-ws] K clamp binds: eid [kinematics-ws] K clamp binds: eid1003  demanded 6689 clamped 1002 demanded 13624 clamped4096 
4096
[kinematics-ws] K clamp binds: eid 1001 demanded 27809 clamped 4096
[kinematics-ws] K clamp binds: eid 1001 demanded 27809 clamped 4096
[kinematics-ws] K clamp binds: eid 1003 demanded 6689 clamped 4096
[kinematics-ws] K clamp binds: eid 1002 demanded 13621 clamped 4096
[kinematics-ws] K clamp binds: eid 1003 demanded 6689 clamped 4096
[kinematics-ws] K clamp binds: eid 1002 demanded 13624 clamped 4096
[kinematics-ws] K clamp binds: eid 1001 demanded 27810 clamped 4096
[kinematics-ws] K clamp binds: eid 1003 demanded 6689 clamped 4096
[kinematics-ws] K clamp binds: eid 1001 demanded 27810 clamped 4096
[kinematics-ws] K clamp binds: eid 1002 demanded 13622 clamped 4096
[kinematics-ws] K clamp binds: eid 1001 demanded 27810 clamped 4096
[kinematics-ws] K clamp binds: eid 1003 demanded 6689 clamped 4096
[kinematics-ws] K clamp binds: eid 1002 demanded 13623 clamped 4096
[kinematics-ws] K clamp binds: eid 1002 demanded 13624 clamped 4096
[kinematics-ws] K clamp binds: eid 1003 demanded 6689 clamped 4096
[kinematics-ws] K clamp binds: eid 1001 demanded 27808 clamped 4096
[kinematics-ws] K clamp binds: eid 1001 demanded 27807 clamped 4096
[kinematics-ws] K clamp binds: eid 1003 demanded 6689 clamped 4096
[kinematics-ws] K clamp binds: eid 1002 demanded 13621 clamped 4096
[kinematics-ws] K clamp binds: eid 1002 demanded 13624 clamped 4096
[kinematics-ws] K clamp binds: eid 1001 demanded 27806 clamped 4096
[kinematics-ws] K clamp binds: eid 1003 demanded 6689 clamped 4096
[kinematics-ws] K clamp binds: eid 1001 demanded 27807 clamped 4096
[kinematics-ws] K clamp binds: eid 1003 demanded 6689 clamped 4096
[kinematics-ws] K clamp binds: eid 1002 demanded 13621 clamped 4096
[kinematics-ws] K clamp binds: eid 1002 demanded 13623 clamped 4096
[kinematics-ws] K clamp binds: eid 1001 demanded 27809 clamped 4096
[kinematics-ws] K clamp binds: eid 1003 demanded 6689 clamped 4096
[kinematics-ws] K clamp binds: eid 1001 demanded 27809 clamped 4096
[kinematics-ws] K clamp binds: eid 1002 demanded 13623 clamped 4096
[kinematics-ws] K clamp binds: eid 1003 demanded 6689 clamped 4096
[kinematics-ws] K clamp binds: eid 1001 demanded 27807 clamped 4096
[kinematics-ws] K clamp binds: eid 1003 demanded 6689 clamped 4096
[kinematics-ws] K clamp binds: eid 1002 demanded 13622 clamped 4096
[kinematics-ws] K clamp binds: eid 1002 demanded 13624 clamped 4096
[kinematics-ws] K clamp binds: eid 1003 demanded 6689 clamped 4096
[kinematics-ws] K clamp binds: eid 1001 demanded 27805 clamped 4096
[kinematics-ws] K clamp binds: eid 1002 demanded 13622 clamped 4096
[kinematics-ws] K clamp binds: eid 1003 demanded 6688 clamped 4096
[kinematics-ws] K clamp binds: eid 1001 demanded 27806 clamped 4096
[kinematics-ws] K clamp binds: eid 1001 demanded 27807 clamped 4096
[kinematics-ws] K clamp binds: eid 1002 demanded 13624 clamped 4096
[kinematics-ws] K clamp binds: eid 1003 demanded 6688 clamped 4096
[kinematics-ws] K clamp binds: eid 1001 demanded 27807 clamped 4096
[kinematics-ws] K clamp binds: eid 1003 demanded 6688 clamped 4096
[kinematics-ws] K clamp binds: eid 1002 demanded 13621 clamped 4096
[kinematics-ws] K clamp binds: eid 1002 demanded 13625 clamped 4096
[kinematics-ws] K clamp binds: eid 1003 demanded 6688 clamped 4096
[kinematics-ws] K clamp binds: eid 1001 demanded 27804 clamped 4096
[kinematics-ws] K clamp binds: eid 1001 demanded 27804 clamped 4096
[kinematics-ws] K clamp binds: eid 1003 demanded 6688 clamped 4096
[kinematics-ws] K clamp binds: eid 1002 demanded 13621 clamped 4096
[kinematics-ws] K clamp binds: eid 1003 demanded 6688 clamped 4096
[kinematics-ws] K clamp binds: eid 1002 demanded 13625 clamped 4096
[kinematics-ws] K clamp binds: eid 1001 demanded 27807 clamped 4096
[kinematics-ws] K clamp binds: eid 1002 demanded 13622 clamped 4096
[kinematics-ws] K clamp binds: eid 1001 demanded 27804 clamped 4096
[kinematics-ws] K clamp binds: eid 1003 demanded 6688 clamped 4096
[kinematics-ws] K clamp binds: eid[kinematics-ws] K clamp binds: eid  10031002  demandeddemanded  136256688  clamped clamped 40964096

[kinematics-ws] K clamp binds: eid 1001 demanded 27803 clamped 4096
[kinematics-ws] K clamp binds: eid 1002 demanded 13622 clamped 4096
[kinematics-ws] K clamp binds: eid 1003 demanded 6688 clamped 4096
[kinematics-ws] K clamp binds: eid 1001 demanded 27805 clamped 4096
[kinematics-ws] K clamp binds: eid 1001 demanded 27804 clamped 4096
[kinematics-ws] K clamp binds: eid 1002 demanded 13625 clamped 4096
[kinematics-ws] K clamp binds: eid 1003 demanded 6688 clamped 4096
[kinematics-ws] K clamp binds: eid 1002 demanded 13622 clamped 4096
[kinematics-ws] K clamp binds: eid 1001 demanded 27802 clamped 4096
[kinematics-ws] K clamp binds: eid 1003 demanded 6688 clamped 4096
[kinematics-ws] K clamp binds: eid 1001 demanded 27805 clamped 4096
[kinematics-ws] K clamp binds: eid 1002 demanded 13626 clamped 4096
[kinematics-ws] K clamp binds: eid 1003 demanded 6689 clamped 4096
[kinematics-ws] K clamp binds: eid 1002 demanded 13623 clamped 4096
[kinematics-ws] K clamp binds: eid 1001 demanded 27802 clamped 4096
[kinematics-ws] K clamp binds: eid 1003 demanded 6689 clamped 4096
[kinematics-ws] K clamp binds: eid 1002 demanded 13626 clamped 4096
[kinematics-ws] K clamp binds: eid 1003 demanded 6689 clamped 4096
[kinematics-ws] K clamp binds: eid 1001 demanded 27802 clamped 4096
[kinematics-ws] K clamp binds: eid 1001 demanded 27804 clamped 4096
[kinematics-ws] K clamp binds: eid 1003 demanded 6689 clamped 4096
[kinematics-ws] K clamp binds: eid 1002 demanded 13623 clamped 4096
[kinematics-ws] K clamp binds: eid 1003 demanded 6689 clamped 4096
[kinematics-ws] K clamp binds: eid 1001 demanded 27801 clamped 4096
[kinematics-ws] K clamp binds: eid 1002 demanded 13626 clamped 4096
[kinematics-ws] K clamp binds: eid 1002 demanded 13625 clamped 4096
[kinematics-ws] K clamp binds: eid 1003 demanded 6689 clamped 4096
[kinematics-ws] K clamp binds: eid 1001 demanded 27805 clamped 4096
[kinematics-ws] K clamp binds: eid 1003 demanded 6688 clamped 4096
[kinematics-ws] K clamp binds: eid 1001 demanded 27801 clamped 4096
[kinematics-ws] K clamp binds: eid 1002 demanded 13625 clamped 4096
[kinematics-ws] K clamp binds: eid 1002 demanded 13626 clamped 4096
[kinematics-ws] K clamp binds: eid 1003 demanded 6688 clamped 4096
[kinematics-ws] K clamp binds: eid 1001 demanded 27804 clamped 4096
[kinematics-ws] K clamp binds: eid 1002 demanded 13624 clamped 4096
[kinematics-ws] K clamp binds: eid 1001 demanded 27803 clamped 4096
[kinematics-ws] K clamp binds: eid 1003 demanded 6688 clamped 4096
[kinematics-ws] K clamp binds: eid 1002 demanded 13628 clamped 4096
[kinematics-ws] K clamp binds: eid 1001 demanded 27803 clamped 4096
[kinematics-ws] K clamp binds: eid 1003 demanded 6688 clamped 4096
[kinematics-ws] K clamp binds: eid 1003 demanded 6688 clamped 4096
[kinematics-ws] K clamp binds: eid 1002 demanded 13625 clamped 4096
[kinematics-ws] K clamp binds: eid 1001 demanded 27804 clamped 4096
[kinematics-ws] K clamp binds: eid 1002 demanded 13627 clamped 4096
[kinematics-ws] K clamp binds: eid 1003 demanded 6688 clamped 4096
[kinematics-ws] K clamp binds: eid 1001 demanded 27803 clamped 4096
[kinematics-ws] K clamp binds: eid 1002 demanded 13627 clamped 4096
[kinematics-ws] K clamp binds: eid 1001 demanded 27804 clamped 4096
[kinematics-ws] K clamp binds: eid 1003 demanded 6689 clamped 4096
[kinematics-ws] K clamp binds: eid 1001 demanded 27804 clamped 4096
[kinematics-ws] K clamp binds: eid 1002 demanded 13626 clamped 4096
[kinematics-ws] K clamp binds: eid 1003 demanded 6689 clamped 4096
[kinematics-ws] K clamp binds: eid [kinematics-ws] K clamp binds: eid 1002 demanded 1003 13629 demanded clamped 6689 clamped 40964096

[kinematics-ws] K clamp binds: eid 1001 demanded 27804 clamped 4096
[kinematics-ws] K clamp binds: eid 1002 demanded 13626 clamped 4096
[kinematics-ws] K clamp binds: eid 1003 demanded 6689 clamped 4096
[kinematics-ws] K clamp binds: eid 1001 demanded 27806 clamped 4096
[kinematics-ws] K clamp binds: eid 1001 demanded 27804 clamped 4096
[kinematics-ws] K clamp binds: eid 1002 demanded 13628 clamped 4096
[kinematics-ws] K clamp binds: eid 1003 demanded 6688 clamped 4096
[kinematics-ws] K clamp binds: eid[kinematics-ws] K clamp binds: eid  10021003  demanded demanded 668713630  clampedclamped  40964096

[kinematics-ws] K clamp binds: eid 1001 demanded 27808 clamped 4096
[kinematics-ws] K clamp binds: eid 1001 demanded 27804 clamped 4096
[kinematics-ws] K clamp binds: eid 1003 demanded 6687 clamped 4096
[kinematics-ws] K clamp binds: eid 1002 demanded 13627 clamped 4096
[kinematics-ws] K clamp binds: eid 1001 demanded 27808 clamped 4096
[kinematics-ws] K clamp binds: eid 1002 demanded 13630 clamped 4096
[kinematics-ws] K clamp binds: eid 1003 demanded 6688 clamped 4096
[kinematics-ws] K clamp binds: eid 1001 demanded 27808 clamped 4096
[kinematics-ws] K clamp binds: eid 1003 demanded 6688 clamped 4096
[kinematics-ws] K clamp binds: eid 1002 demanded 13630 clamped 4096
[kinematics-ws] K clamp binds: eid 1003 demanded 6689 clamped 4096
[kinematics-ws] K clamp binds: eid 1001 demanded 27806 clamped 4096
[kinematics-ws] K clamp binds: eid 1002 demanded 13628 clamped 4096
[kinematics-ws] K clamp binds: eid 1001 demanded 27811 clamped 4096
[kinematics-ws] K clamp binds: eid 1003 demanded 6689 clamped 4096
[kinematics-ws] K clamp binds: eid 1002 demanded 13632 clamped 4096
[kinematics-ws] K clamp binds: eid 1002 demanded 13631 clamped 4096
[kinematics-ws] K clamp binds: eid 1003 demanded 6688 clamped 4096
[kinematics-ws] K clamp binds: eid 1001 demanded 27809 clamped 4096
[kinematics-ws] K clamp binds: eid 1001 demanded 27809 clamped 4096
[kinematics-ws] K clamp binds: eid 1002 demanded 13629 clamped 4096
[kinematics-ws] K clamp binds: eid 1003 demanded 6688 clamped 4096
[kinematics-ws] K clamp binds: eid 1001 demanded 27813 clamped 4096
[kinematics-ws] K clamp binds: eid 1002 demanded 13633 clamped 4096
[kinematics-ws] K clamp binds: eid 1003 demanded 6687 clamped 4096
[kinematics-ws] K clamp binds: eid 1002 demanded 13633 clamped 4096
[kinematics-ws] K clamp binds: eid 1003 demanded 6687 clamped 4096
[kinematics-ws] K clamp binds: eid 1001 demanded 27812 clamped 4096
[kinematics-ws] K clamp binds: eid 1002 demanded 13630 clamped 4096
[kinematics-ws] K clamp binds: eid 1001 demanded 27811 clamped [kinematics-ws] K clamp binds: eid 4096
1003 demanded 6688 clamped 4096
[kinematics-ws] K clamp binds: eid 1001 demanded 27815 clamped 4096
[kinematics-ws] K clamp binds: eid 1002 demanded 13633 clamped 4096
[kinematics-ws] K clamp binds: eid 1003 demanded 6688 clamped 4096
[kinematics-ws] K clamp binds: eid 1002 demanded 13635 clamped 4096
[kinematics-ws] K clamp binds: eid 1001 demanded 27816 clamped 4096
[kinematics-ws] K clamp binds: eid 1003 demanded 6688 clamped 4096
[kinematics-ws] K clamp binds: eid[kinematics-ws] K clamp binds: eid  10031002  demanded demanded13633  6688 clamped clamped 40964096

[kinematics-ws] K clamp binds: eid 1001 demanded 27814 clamped 4096
[kinematics-ws] K clamp binds: eid 1001 demanded 27814 clamped 4096
[kinematics-ws] K clamp binds: eid 1002 demanded 13632 clamped 4096
[kinematics-ws] K clamp binds: eid 1003 demanded 6687 clamped 4096
[kinematics-ws] K clamp binds: eid 1003 demanded 6687 clamped 4096
[kinematics-ws] K clamp binds: eid 1001 demanded 27818 clamped 4096
[kinematics-ws] K clamp binds: eid 1002 demanded 13636 clamped 4096
[kinematics-ws] K clamp binds: eid 1003 demanded 6687 clamped 4096
[kinematics-ws] K clamp binds: eid 1002 demanded 13636 clamped 4096
[kinematics-ws] K clamp binds: eid 1001 demanded 27820 clamped 4096
[kinematics-ws] K clamp binds: eid 1002 demanded 13634 clamped 4096
[kinematics-ws] K clamp binds: eid 1003 demanded 6688 clamped 4096
[kinematics-ws] K clamp binds: eid 1001 demanded 27819 clamped 4096
[kinematics-ws] K clamp binds: eid 1001 demanded 27818 clamped 4096
[kinematics-ws] K clamp binds: eid 1002 demanded 13634 clamped 4096
[kinematics-ws] K clamp binds: eid 1003 demanded 6688 clamped 4096
[kinematics-ws] K clamp binds: eid 1001 demanded 27819 clamped 4096
[kinematics-ws] K clamp binds: eid 1003 demanded 6687 clamped 4096
[kinematics-ws] K clamp binds: eid 1002 demanded 13637 clamped 4096
[kinematics-ws] K clamp binds: eid[kinematics-ws] K clamp binds: eid  1001 1002 demandeddemanded  2782113638  clampedclamped  40964096

[kinematics-ws] K clamp binds: eid 1003 demanded 6687 clamped 4096
[kinematics-ws] K clamp binds: eid 1003 demanded 6687 clamped 4096
[kinematics-ws] K clamp binds: eid 1002 demanded 13636 clamped 4096
[kinematics-ws] K clamp binds: eid 1001 demanded 27823 clamped 4096
[kinematics-ws] K clamp binds: eid 1001 demanded 27824 clamped 4096
[kinematics-ws] K clamp binds: eid 1003 demanded 6687 clamped 4096
[kinematics-ws] K clamp binds: eid 1002 demanded 13636 clamped 4096
[kinematics-ws] K clamp binds: eid 1001 demanded 27824 clamped 4096
[kinematics-ws] K clamp binds: eid 1002 demanded 13638 clamped 4096
[kinematics-ws] K clamp binds: eid 1003 demanded 6688 clamped 4096
[kinematics-ws] K clamp binds: eid 1001 demanded 27823 clamped 4096
[kinematics-ws] K clamp binds: eid 1003 demanded 6687 clamped 4096
[kinematics-ws] K clamp binds: eid 1002 demanded 13640 clamped 4096
[kinematics-ws] K clamp binds: eid 1001 demanded 27823 clamped 4096
[kinematics-ws] K clamp binds: eid 1003 demanded 6686 clamped 4096
[kinematics-ws] K clamp binds: eid 1002 demanded 13639 clamped 4096
[kinematics-ws] K clamp binds: eid 1001 demanded 27823 clamped 4096
[kinematics-ws] K clamp binds: eid 1002 demanded 13638 clamped 4096
[kinematics-ws] K clamp binds: eid 1003 demanded 6686 clamped 4096
[kinematics-ws] K clamp binds: eid 1001 demanded 27824 clamped 4096
[kinematics-ws] K clamp binds: eid 1002 demanded 13638 clamped 4096
[kinematics-ws] K clamp binds: eid 1003 demanded 6687 clamped 4096
[kinematics-ws] K clamp binds: eid 1001 demanded 27824 clamped 4096
[kinematics-ws] K clamp binds: eid 1003 demanded 6687 clamped 4096
[kinematics-ws] K clamp binds: eid 1002 demanded 13640 clamped 4096
[kinematics-ws] K clamp binds: eid 1001 demanded 27825 clamped 4096
[kinematics-ws] K clamp binds: eid 1002 demanded 13642 clamped 4096
[kinematics-ws] K clamp binds: eid 1003 demanded 6687 clamped 4096
[kinematics-ws] K clamp binds: eid 1003 demanded 6686 clamped 4096
[kinematics-ws] K clamp binds: eid 1002 demanded 13642 clamped 4096
[kinematics-ws] K clamp binds: eid 1001 demanded 27826 clamped 4096
[kinematics-ws] K clamp binds: eid 1001 demanded 27826 clamped 4096
[kinematics-ws] K clamp binds: eid 1002 demanded 13641 clamped 4096
[kinematics-ws] K clamp binds: eid 1003 demanded 6686 clamped 4096
[kinematics-ws] K clamp binds: eid 1003 demanded 6687 clamped 4096
[kinematics-ws] K clamp binds: eid 1002 demanded 13640 clamped 4096
[kinematics-ws] K clamp binds: eid 1001 demanded 27827 clamped 4096
[kinematics-ws] K clamp binds: eid 1003 demanded 6687 clamped 4096
[kinematics-ws] K clamp binds: eid 1001 demanded 27827 clamped 4096
[kinematics-ws] K clamp binds: eid 1002 demanded 13640 clamped 4096
[kinematics-ws] K clamp binds: eid 1002 demanded 13642 clamped 4096
[kinematics-ws] K clamp binds: eid 1003 demanded 6686 clamped 4096
[kinematics-ws] K clamp binds: eid 1001 demanded 27826 clamped 4096
[kinematics-ws] K clamp binds: eid 1002 demanded 13643 clamped 4096
[kinematics-ws] K clamp binds: eid 1003 demanded 6686 clamped 4096
[kinematics-ws] K clamp binds: eid 1001 demanded 27826 clamped 4096
[kinematics-ws] K clamp binds: eid 1001 demanded 27826 clamped 4096
[kinematics-ws] K clamp binds: eid 1003 demanded 6686 clamped 4096
[kinematics-ws] K clamp binds: eid 1002 demanded 13644 clamped 4096
[kinematics-ws] K clamp binds: eid 1001 demanded 27825 clamped 4096
[kinematics-ws] K clamp binds: eid 1003 demanded 6687 clamped 4096
[kinematics-ws] K clamp binds: eid 1002 demanded 13644 clamped 4096
[kinematics-ws] K clamp binds: eid 1002 demanded 13643 clamped 4096
[kinematics-ws] K clamp binds: eid 1003 demanded 6686 clamped 4096
[kinematics-ws] K clamp binds: eid 1001 demanded 27825 clamped 4096
[kinematics-ws] K clamp binds: eid 1003 demanded 6685 clamped 4096
[kinematics-ws] K clamp binds: eid 1002 demanded 13643 clamped 4096
[kinematics-ws] K clamp binds: eid 1001 demanded 27826 clamped 4096
[kinematics-ws] K clamp binds: eid 1002 demanded 13642 clamped 4096
[kinematics-ws] K clamp binds: eid 1001 demanded 27828 clamped 4096
[kinematics-ws] K clamp binds: eid 1003 demanded 6686 clamped 4096
[kinematics-ws] K clamp binds: eid 1001 demanded 27830 clamped 4096
[kinematics-ws] K clamp binds: eid 1002 demanded 13643 clamped 4096
[kinematics-ws] K clamp binds: eid 1003 demanded 6687 clamped 4096
[kinematics-ws] K clamp binds: eid 1002 demanded 13644 clamped 4096
[kinematics-ws] K clamp binds: eid 1003 demanded 6686 clamped 4096
[kinematics-ws] K clamp binds: eid 1001 demanded 27832 clamped 4096
[kinematics-ws] K clamp binds: eid 1001 demanded 27831 clamped 4096
[kinematics-ws] K clamp binds: eid 1003 demanded 6685 clamped 4096
[kinematics-ws] K clamp binds: eid 1002 demanded 13645 clamped 4096
[kinematics-ws] K clamp binds: eid 1003 demanded 6685 clamped 4096
[kinematics-ws] K clamp binds: eid 1002 demanded 13646 clamped 4096
[kinematics-ws] K clamp binds: eid 1001 demanded 27829 clamped 4096
[kinematics-ws] K clamp binds: eid 1001 demanded 27825 clamped 4096
[kinematics-ws] K clamp binds: eid 1003 demanded 6686 clamped 4096
[kinematics-ws] K clamp binds: eid 1002 demanded 13647 clamped 4096
[kinematics-ws] K clamp binds: eid 1003 demanded 6686 clamped 4096
[kinematics-ws] K clamp binds: eid 1001 demanded 27824 clamped 4096
[kinematics-ws] K clamp binds: eid 1002 demanded 13647 clamped 4096
[kinematics-ws] K clamp binds: eid 1002 demanded 13647 clamped 4096
[kinematics-ws] K clamp binds: eid 1003 demanded 6685 clamped 4096
[kinematics-ws] K clamp binds: eid 1001 demanded 27827 clamped 4096
[kinematics-ws] K clamp binds: eid 1002 demanded 13647 clamped 4096
[kinematics-ws] K clamp binds: eid 1003 demanded 6685 clamped 4096
[kinematics-ws] K clamp binds: eid 1001 demanded 27830 clamped 4096
[kinematics-ws] K clamp binds: eid 1001 demanded 27829 clamped 4096
[kinematics-ws] K clamp binds: eid 1003 demanded 6686 clamped 4096
[kinematics-ws] K clamp binds: eid 1002 demanded 13647 clamped 4096
[kinematics-ws] K clamp binds: eid 1001 demanded 27824 clamped 4096
[kinematics-ws] K clamp binds: eid 1002 demanded 13647 clamped 4096
[kinematics-ws] K clamp binds: eid 1003 demanded 6686 clamped 4096
[kinematics-ws] K clamp binds: eid 1001 demanded 27823 clamped 4096
[kinematics-ws] K clamp binds: eid 1003 demanded 6684 clamped 4096
[kinematics-ws] K clamp binds: eid 1002 demanded 13647 clamped 4096
[kinematics-ws] K clamp binds: eid 1001 demanded 27827 clamped 4096
[kinematics-ws] K clamp binds: eid 1003 demanded 6685 clamped 4096
[kinematics-ws] K clamp binds: eid 1002 demanded 13647 clamped 4096
[kinematics-ws] K clamp binds: eid 1002 demanded 13647 clamped 4096
[kinematics-ws] K clamp binds: eid 1003 demanded 6686 clamped 4096
[kinematics-ws] K clamp binds: eid 1001 demanded 27829 clamped 4096
[kinematics-ws] K clamp binds: eid 1003 demanded 6685 clamped 4096
[kinematics-ws] K clamp binds: eid 1001 demanded 27823 clamped 4096
[kinematics-ws] K clamp binds: eid 1002 demanded 13646 clamped 4096
[kinematics-ws] K clamp binds: eid 1001 demanded 27822 clamped 4096
[kinematics-ws] K clamp binds: eid 1002 demanded 13646 clamped 4096
[kinematics-ws] K clamp binds: eid 1003 demanded 6684 clamped 4096
[kinematics-ws] K clamp binds: eid 1002 demanded 13646 clamped 4096
[kinematics-ws] K clamp binds: eid 1003 demanded 6685 clamped 4096
[kinematics-ws] K clamp binds: eid 1001 demanded 27828 clamped 4096
[kinematics-ws] K clamp binds: eid 1003 demanded 6686 clamped 4096
[kinematics-ws] K clamp binds: eid 1002 demanded 13646 clamped 4096
[kinematics-ws] K clamp binds: eid 1001 demanded 27825 clamped 4096
[kinematics-ws] K clamp binds: eid 1001 demanded 27820 clamped 4096
[kinematics-ws] K clamp binds: eid 1002 demanded 13646 clamped 4096
[kinematics-ws] K clamp binds: eid 1003 demanded 6684 clamped 4096
[kinematics-ws] K clamp binds: eid 1003 demanded 6684 clamped 4096
[kinematics-ws] K clamp binds: eid 1001 demanded 27826 clamped 4096
[kinematics-ws] K clamp binds: eid 1002 demanded 13646 clamped 4096
[kinematics-ws] K clamp binds: eid 1001 demanded 27824 clamped 4096
[kinematics-ws] K clamp binds: eid 1002 demanded 13647 clamped 4096
[kinematics-ws] K clamp binds: eid 1003 demanded 6685 clamped 4096
[kinematics-ws] K clamp binds: eid 1002 demanded 13647 clamped 4096
[kinematics-ws] K clamp binds: eid 1001 demanded 27820 clamped 4096
[kinematics-ws] K clamp binds: eid 1003 demanded 6685 clamped 4096
[kinematics-ws] K clamp binds: eid 1001 demanded 27827 clamped 4096
[kinematics-ws] K clamp binds: eid 1002 demanded 13647 clamped 4096
[kinematics-ws] K clamp binds: eid 1003 demanded 6684 clamped 4096
[kinematics-ws] K clamp binds: eid 1002 demanded 13647 clamped 4096
[kinematics-ws] K clamp binds: eid 1003 demanded 6685 clamped 4096
[kinematics-ws] K clamp binds: eid 1001 demanded 27821 clamped 4096
[kinematics-ws] K clamp binds: eid 1002 demanded 13648 clamped 4096
[kinematics-ws] K clamp binds: eid 1001 demanded 27822 clamped 4096
[kinematics-ws] K clamp binds: eid 1003 demanded 6685 clamped 4096
[kinematics-ws] K clamp binds: eid 1002 demanded 13649 clamped 4096
[kinematics-ws] K clamp binds: eid 1001 demanded 27825 clamped 4096
[kinematics-ws] K clamp binds: eid 1003 demanded 6684 clamped 4096
[kinematics-ws] K clamp binds: eid 1001 demanded 27819 clamped 4096
[kinematics-ws] K clamp binds: eid 1003 demanded 6684 clamped 4096
[kinematics-ws] K clamp binds: eid 1002 demanded 13649 clamped 4096
[kinematics-ws] K clamp binds: eid 1001 demanded 27827 clamped 4096
[kinematics-ws] K clamp binds: eid 1002 demanded 13650 clamped 4096
[kinematics-ws] K clamp binds: eid 1003 demanded 6685 clamped 4096
[kinematics-ws] K clamp binds: eid 1002 demanded 13650 clamped 4096
[kinematics-ws] K clamp binds: eid 1001 demanded 27819 clamped 4096
[kinematics-ws] K clamp binds: eid 1003 demanded 6684 clamped 4096
[kinematics-ws] K clamp binds: eid 1002 demanded 13650 clamped 4096
[kinematics-ws] K clamp binds: eid 1001 demanded 27827 clamped 4096
[kinematics-ws] K clamp binds: eid 1003 demanded 6683 clamped 4096
[kinematics-ws] K clamp binds: eid 1003 demanded 6685 clamped 4096
[kinematics-ws] K clamp binds: eid 1002 demanded 13650 clamped 4096
[kinematics-ws] K clamp binds: eid 1001 demanded 27820 clamped 4096
[kinematics-ws] K clamp binds: eid 1002 demanded 13649 clamped 4096
[kinematics-ws] K clamp binds: eid 1001 demanded 27828 clamped 4096
[kinematics-ws] K clamp binds: eid 1003 demanded 6684 clamped 4096
[kinematics-ws] K clamp binds: eid 1002 demanded 13647 clamped 4096
[kinematics-ws] K clamp binds: eid 1003 demanded 6683 clamped 4096
[kinematics-ws] K clamp binds: eid 1001 demanded 27821 clamped 4096
[kinematics-ws] K clamp binds: eid 1003 demanded 6684 clamped 4096
[kinematics-ws] K clamp binds: eid 1001 demanded 27829 clamped 4096
[kinematics-ws] K clamp binds: eid 1002 demanded 13646 clamped 4096
[kinematics-ws] K clamp binds: eid 1003 demanded 6684 clamped 4096
[kinematics-ws] K clamp binds: eid 1001 demanded 27825 clamped 4096
[kinematics-ws] K clamp binds: eid 1002 demanded 13647 clamped 4096
[kinematics-ws] K clamp binds: eid 1001 demanded 27826 clamped 4096
[kinematics-ws] K clamp binds: eid 1002 demanded 13648 clamped 4096
[kinematics-ws] K clamp binds: eid 1003 demanded 6683 clamped 4096
[kinematics-ws] K clamp binds: eid 1002 demanded 13649 clamped 4096
[kinematics-ws] K clamp binds: eid 1003 demanded 6684 clamped 4096
[kinematics-ws] K clamp binds: eid 1001 demanded 27831 clamped 4096
[kinematics-ws] K clamp binds: eid 1001 demanded 27826 clamped 4096
[kinematics-ws] K clamp binds: eid 1002 demanded 13649 clamped 4096
[kinematics-ws] K clamp binds: eid 1003 demanded 6683 clamped 4096
[kinematics-ws] K clamp binds: eid 1001 demanded 27831 clamped 4096
[kinematics-ws] K clamp binds: eid 1002 demanded 13648 clamped 4096
[kinematics-ws] K clamp binds: eid 1003 demanded 6683 clamped 4096
[kinematics-ws] K clamp binds: eid 1001 demanded 27834 clamped 4096
[kinematics-ws] K clamp binds: eid 1003 demanded 6684 clamped 4096
[kinematics-ws] K clamp binds: eid 1002 demanded 13645 clamped 4096
[kinematics-ws] K clamp binds: eid 1001 demanded 27830 clamped 4096
[kinematics-ws] K clamp binds: eid 1002 demanded 13645 clamped 4096
[kinematics-ws] K clamp binds: eid 1003 demanded 6683 clamped 4096
[kinematics-ws] K clamp binds: eid 1001 demanded 27833 clamped 4096
[kinematics-ws] K clamp binds: eid 1003 demanded 6683 clamped 4096
[kinematics-ws] K clamp binds: eid 1002 demanded 13648 clamped 4096
[kinematics-ws] K clamp binds: eid 1003 demanded 6684 clamped 4096
[kinematics-ws] K clamp binds: eid 1002 demanded 13649 clamped 4096
[kinematics-ws] K clamp binds: eid 1001 demanded 27839 clamped 4096
[kinematics-ws] K clamp binds: eid 1003 demanded 6682 clamped 4096
[kinematics-ws] K clamp binds: eid 1002 demanded 13646 clamped 4096
[kinematics-ws] K clamp binds: eid 1001 demanded 27838 clamped 4096
[kinematics-ws] K clamp binds: eid 1003 demanded 6683 clamped 4096
[kinematics-ws] K clamp binds: eid 1002 demanded 13644 clamped 4096
[kinematics-ws] K clamp binds: eid 1001 demanded 27835 clamped 4096
[kinematics-ws] K clamp binds: eid 1001 demanded 27836 clamped 4096
[kinematics-ws] K clamp binds: eid 1002 demanded 13645 clamped 4096
[kinematics-ws] K clamp binds: eid 1003 demanded 6683 clamped 4096
[kinematics-ws] K clamp binds: eid 1001 demanded 27841 clamped 4096
[kinematics-ws] K clamp binds: eid 1002 demanded 13648 clamped 4096
[kinematics-ws] K clamp binds: eid 1003 demanded 6682 clamped 4096
[kinematics-ws] K clamp binds: eid 1003 demanded 6683 clamped 4096
[kinematics-ws] K clamp binds: eid 1002 demanded 13646 clamped 4096
[kinematics-ws] K clamp binds: eid 1001 demanded 27845 clamped 4096
[kinematics-ws] K clamp binds: eid 1002 demanded 13643 clamped 4096
[kinematics-ws] K clamp binds: eid 1003 demanded 6682 clamped 4096
[kinematics-ws] K clamp binds: eid 1001 demanded 27846 clamped 4096
[kinematics-ws] K clamp binds: eid 1003 demanded 6683 clamped 4096
[kinematics-ws] K clamp binds: eid 1002 demanded 13645 clamped 4096
[kinematics-ws] K clamp binds: eid 1001 demanded 27845 clamped 4096
[kinematics-ws] K clamp binds: eid 1003 demanded 6683 clamped 4096
[kinematics-ws] K clamp binds: eid 1001 demanded 27844 clamped 4096
[kinematics-ws] K clamp binds: eid 1002 demanded 13647 clamped 4096
[kinematics-ws] K clamp binds: eid 1001 demanded 27843 clamped 4096
[kinematics-ws] K clamp binds: eid 1002 demanded 13643 clamped 4096
[kinematics-ws] K clamp binds: eid 1003 demanded 6682 clamped 4096
[kinematics-ws] K clamp binds: eid 1001 demanded 27843 clamped 4096
[kinematics-ws] K clamp binds: eid 1002 demanded 13643 clamped 4096
[kinematics-ws] K clamp binds: eid 1003 demanded 6683 clamped 4096
[kinematics-ws] K clamp binds: eid 1003 demanded 6682 clamped 4096
[kinematics-ws] K clamp binds: eid 1001 demanded 27843 clamped 4096
[kinematics-ws] K clamp binds: eid 1002 demanded 13646 clamped 4096
[kinematics-ws] K clamp binds: eid 1003 demanded 6683 clamped 4096
[kinematics-ws] K clamp binds: eid 1001 demanded 27844 clamped 4096
[kinematics-ws] K clamp binds: eid 1002 demanded 13644 clamped 4096
[kinematics-ws] K clamp binds: eid 1002 demanded 13642 clamped 4096
[kinematics-ws] K clamp binds: eid 1001 demanded 27844 clamped 4096
[kinematics-ws] K clamp binds: eid 1003 demanded 6683 clamped 4096
[kinematics-ws] K clamp binds: eid 1001 demanded 27844 clamped 4096
[kinematics-ws] K clamp binds: eid 1003 demanded 6682 clamped 4096
[kinematics-ws] K clamp binds: eid 1002 demanded 13646 clamped 4096
[kinematics-ws] K clamp binds: eid 1003 demanded 6683 clamped 4096
[kinematics-ws] K clamp binds: eid 1002 demanded 13643 clamped 4096
[kinematics-ws] K clamp binds: eid 1001 demanded 27844 clamped 4096
[kinematics-ws] K clamp binds: eid 1001 demanded 27844 clamped 4096
[kinematics-ws] K clamp binds: eid 1003 demanded 6682 clamped 4096
[kinematics-ws] K clamp binds: eid 1002 demanded 13642 clamped 4096
[kinematics-ws] K clamp binds: eid 1002 demanded 13645 clamped 4096
[kinematics-ws] K clamp binds: eid 1003 demanded 6683 clamped 4096
[kinematics-ws] K clamp binds: eid 1001 demanded 27846 clamped 4096
[kinematics-ws] K clamp binds: eid 1003 demanded 6682 clamped 4096
[kinematics-ws] K clamp binds: eid 1001 demanded 27849 clamped 4096
[kinematics-ws] K clamp binds: eid 1002 demanded 13641 clamped 4096
[kinematics-ws] K clamp binds: eid 1001 demanded 27852 clamped 4096
[kinematics-ws] K clamp binds: eid 1003 demanded 6683 clamped 4096
[kinematics-ws] K clamp binds: eid 1002 demanded 13644 clamped 4096
[kinematics-ws] K clamp binds: eid 1002 demanded 13643 clamped 4096
[kinematics-ws] K clamp binds: eid 1001 demanded 27853 clamped 4096
[kinematics-ws] K clamp binds: eid 1003 demanded 6682 clamped 4096
[kinematics-ws] K clamp binds: eid 1001 demanded 27850 clamped 4096
[kinematics-ws] K clamp binds: eid 1003 demanded 6683 clamped 4096
[kinematics-ws] K clamp binds: eid 1002 demanded 13641 clamped 4096
[kinematics-ws] K clamp binds: eid 1001 demanded 27845 clamped 4096
[kinematics-ws] K clamp binds: eid 1002 demanded 13645 clamped 4096
[kinematics-ws] K clamp binds: eid 1003 demanded 6683 clamped 4096
[kinematics-ws] K clamp binds: eid 1003 demanded 6683 clamped 4096
[kinematics-ws] K clamp binds: eid 1001 demanded 27842 clamped 4096
[kinematics-ws] K clamp binds: eid 1002 demanded 13641 clamped 4096
[kinematics-ws] K clamp binds: eid 1002 demanded 13644 clamped 4096
[kinematics-ws] K clamp binds: eid 1001 demanded 27847 clamped 4096
[kinematics-ws] K clamp binds: eid 1003 demanded 6683 clamped 4096
[kinematics-ws] K clamp binds: eid 1003 demanded 6683 clamped 4096
[kinematics-ws] K clamp binds: eid 1002 demanded 13642 clamped 4096
[kinematics-ws] K clamp binds: eid 1001 demanded 27851 clamped 4096
[kinematics-ws] K clamp binds: eid 1001 demanded 27846 clamped 4096
[kinematics-ws] K clamp binds: eid 1002 demanded 13643 clamped 4096
[kinematics-ws] K clamp binds: eid 1003 demanded 6683 clamped 4096
[kinematics-ws] K clamp binds: eid 1001 demanded 27840 clamped 4096
[kinematics-ws] K clamp binds: eid 1002 demanded 13643 clamped 4096
[kinematics-ws] K clamp binds: eid 1003 demanded 6683 clamped 4096
[kinematics-ws] K clamp binds: eid 1001 demanded 27847 clamped 4096
[kinematics-ws] K clamp binds: eid 1002 demanded 13643 clamped 4096
[kinematics-ws] K clamp binds: eid 1003 demanded 6684 clamped 4096
[kinematics-ws] K clamp binds: eid 1001 demanded 27848 clamped 4096
[kinematics-ws] K clamp binds: eid 1002 demanded 13644 clamped 4096
[kinematics-ws] K clamp binds: eid 1003 demanded 6683 clamped 4096
[kinematics-ws] K clamp binds: eid 1003 demanded 6684 clamped 4096
[kinematics-ws] K clamp binds: eid 1001 demanded 27839 clamped 4096
[kinematics-ws] K clamp binds: eid 1002 demanded 13643 clamped 4096
[kinematics-ws] K clamp binds: eid 1003 demanded 6683 clamped 4096
[kinematics-ws] K clamp binds: eid 1001 demanded 27845 clamped 4096
[kinematics-ws] K clamp binds: eid 1002 demanded 13644 clamped 4096
[kinematics-ws] K clamp binds: eid [kinematics-ws] K clamp binds: eid 1003 demanded 6684 1002clamped  demanded 13643 clamped 40964096

[kinematics-ws] K clamp binds: eid 1001 demanded 27845 clamped 4096
[kinematics-ws] K clamp binds: eid 1001 demanded 27839 clamped 4096
[kinematics-ws] K clamp binds: eid 1003 demanded 6683 clamped 4096
[kinematics-ws] K clamp binds: eid 1002 demanded 13644 clamped 4096
[kinematics-ws] K clamp binds: eid 1001 demanded 27848 clamped 4096
[kinematics-ws] K clamp binds: eid 1003 demanded 6684 clamped 4096
[kinematics-ws] K clamp binds: eid 1002 demanded 13645 clamped 4096
[kinematics-ws] K clamp binds: eid 1003 demanded 6684 clamped 4096
[kinematics-ws] K clamp binds: eid 1002 demanded 13644 clamped 4096
[kinematics-ws] K clamp binds: eid 1001 demanded 27839 clamped 4096
[kinematics-ws] K clamp binds: eid 1001 demanded 27846 clamped 4096
[kinematics-ws] K clamp binds: eid 1002 demanded 13646 clamped 4096
[kinematics-ws] K clamp binds: eid 1003 demanded 6684 clamped 4096
[kinematics-ws] K clamp binds: eid 1001 demanded 27841 clamped 4096
[kinematics-ws] K clamp binds: eid 1003 demanded 6684 clamped 4096
[kinematics-ws] K clamp binds: eid 1002 demanded 13643 clamped 4096
[kinematics-ws] K clamp binds: eid 1003 demanded 6684 clamped 4096
[kinematics-ws] K clamp binds: eid 1001 demanded 27845 clamped 4096
[kinematics-ws] K clamp binds: eid 1002 demanded 13647 clamped 4096
[kinematics-ws] K clamp binds: eid 1002 demanded 13644 clamped 4096
[kinematics-ws] K clamp binds: eid 1001 demanded 27841 clamped 4096
[kinematics-ws] K clamp binds: eid 1003 demanded 6685 clamped 4096
[kinematics-ws] K clamp binds: eid 1002 demanded 13647 clamped 4096
[kinematics-ws] K clamp binds: eid 1003 demanded 6684 clamped 4096
[kinematics-ws] K clamp binds: eid 1001 demanded 27847 clamped 4096
[kinematics-ws] K clamp binds: eid 1002 demanded 13647 clamped 4096
[kinematics-ws] K clamp binds: eid 1003 demanded 6686 clamped 4096
[kinematics-ws] K clamp binds: eid 1001 demanded 27841 clamped 4096
[kinematics-ws] K clamp binds: eid 1002 demanded 13646 clamped 4096
[kinematics-ws] K clamp binds: eid 1001 demanded 27850 clamped 4096
[kinematics-ws] K clamp binds: eid 1003 demanded 6684 clamped 4096
[kinematics-ws] K clamp binds: eid 1002 demanded 13650 clamped 4096
[kinematics-ws] K clamp binds: eid 1003 demanded 6686 clamped 4096
[kinematics-ws] K clamp binds: eid 1001 demanded 27842 clamped 4096
[kinematics-ws] K clamp binds: eid 1003 demanded 6685 clamped 4096
[kinematics-ws] K clamp binds: eid 1002 demanded 13647 clamped 4096
[kinematics-ws] K clamp binds: eid 1001 demanded 27850 clamped 4096
[kinematics-ws] K clamp binds: eid [kinematics-ws] K clamp binds: eid 1002 1001 demandeddemanded  13648 27849 clamped clamped 40964096

[kinematics-ws] K clamp binds: eid 1003 demanded 6686 clamped 4096
[kinematics-ws] K clamp binds: eid 1001 demanded 27845 clamped 4096
[kinematics-ws] K clamp binds: eid 1002 demanded 13651 clamped 4096
[kinematics-ws] K clamp binds: eid 1003 demanded 6686 clamped 4096
[kinematics-ws] K clamp binds: eid 1002 demanded 13648 clamped 4096
[kinematics-ws] K clamp binds: eid 1003 demanded 6685 clamped 4096
[kinematics-ws] K clamp binds: eid 1001 demanded 27854 clamped 4096
[kinematics-ws] K clamp binds: eid 1003 demanded 6687 clamped 4096
[kinematics-ws] K clamp binds: eid 1001 demanded 27853 clamped 4096
[kinematics-ws] K clamp binds: eid 1002 demanded 13650 clamped 4096
[kinematics-ws] K clamp binds: eid 1003 demanded 6686 clamped 4096
[kinematics-ws] K clamp binds: eid 1002 demanded 13653 clamped 4096
[kinematics-ws] K clamp binds: eid 1001 demanded 27848 clamped 4096
[kinematics-ws] K clamp binds: eid 1002 demanded 13650 clamped 4096
[kinematics-ws] K clamp binds: eid 1001 demanded 27855 clamped 4096
[kinematics-ws] K clamp binds: eid 1003 demanded 6687 clamped 4096
[kinematics-ws] K clamp binds: eid 1003 demanded 6687 clamped 4096
[kinematics-ws] K clamp binds: eid 1001 demanded 27860 clamped 4096
[kinematics-ws] K clamp binds: eid 1002 demanded 13651 clamped 4096
[kinematics-ws] K clamp binds: eid 1002 demanded 13655 clamped 4096
[kinematics-ws] K clamp binds: eid 1001 demanded 27856 clamped 4096
[kinematics-ws] K clamp binds: eid 1003 demanded 6687 clamped 4096
[kinematics-ws] K clamp binds: eid 1003 demanded 6688 clamped 4096
[kinematics-ws] K clamp binds: eid 1001 demanded 27853 clamped 4096
[kinematics-ws] K clamp binds: eid 1002 demanded 13654 clamped 4096
[kinematics-ws] K clamp binds: eid 1002 demanded 13652 clamped 4096
[kinematics-ws] K clamp binds: eid 1003 demanded 6687 clamped 4096
[kinematics-ws] K clamp binds: eid 1001 demanded 27857 clamped 4096
[kinematics-ws] K clamp binds: eid 1001 demanded 27864 clamped 4096
[kinematics-ws] K clamp binds: eid 1003 demanded 6688 clamped 4096
[kinematics-ws] K clamp binds: eid 1002 demanded 13655 clamped 4096
[kinematics-ws] K clamp binds: eid 1001 demanded 27867 clamped 4096
[kinematics-ws] K clamp binds: eid 1003 demanded 6689 clamped 4096
[kinematics-ws] K clamp binds: eid 1002 demanded 13658 clamped 4096
[kinematics-ws] K clamp binds: eid 1001 demanded 27865 clamped 4096
[kinematics-ws] K clamp binds: eid 1002 demanded 13656 clamped 4096
[kinematics-ws] K clamp binds: eid 1003 demanded 6688 clamped 4096
[kinematics-ws] K clamp binds: eid 1001 demanded 27862 clamped 4096
[kinematics-ws] K clamp binds: eid 1003 demanded 6690 clamped 4096
[kinematics-ws] K clamp binds: eid 1002 demanded 13655 clamped 4096
[kinematics-ws] K clamp binds: eid 1003 demanded 6689 clamped 4096
[kinematics-ws] K clamp binds: eid 1001 demanded 27860 clamped 4096
[kinematics-ws] K clamp binds: eid 1002 demanded 13657 clamped 4096
[kinematics-ws] K clamp binds: eid 1003 demanded 6689 clamped 4096
[kinematics-ws] K clamp binds: eid 1001 demanded 27860 clamped 4096
[kinematics-ws] K clamp binds: eid 1002 demanded 13660 clamped 4096
[kinematics-ws] K clamp binds: eid 1003 demanded 6691 clamped 4096
[kinematics-ws] K clamp binds: eid 1001 demanded 27860 clamped 4096
[kinematics-ws] K clamp binds: eid 1002 demanded 13660 clamped 4096
[kinematics-ws] K clamp binds: eid 1001 demanded 27861 clamped 4096
[kinematics-ws] K clamp binds: eid 1003 demanded 6690 clamped 4096
[kinematics-ws] K clamp binds: eid 1002 demanded 13658 clamped 4096
[kinematics-ws] K clamp binds: eid 1003 demanded 6690 clamped 4096
[kinematics-ws] K clamp binds: eid 1001 demanded 27862 clamped 4096
[kinematics-ws] K clamp binds: eid 1002 demanded 13658 clamped 4096
[kinematics-ws] K clamp binds: eid 1003 demanded 6692 clamped 4096
[kinematics-ws] K clamp binds: eid 1002 demanded 13660 clamped 4096
[kinematics-ws] K clamp binds: eid 1001 demanded 27862 clamped 4096
[kinematics-ws] K clamp binds: eid 1003 demanded 6691 clamped 4096
[kinematics-ws] K clamp binds: eid 1002 demanded 13662 clamped 4096
[kinematics-ws] K clamp binds: eid 1001 demanded 27862 clamped 4096
[kinematics-ws] K clamp binds: eid 1002 demanded 13664 clamped 4096
[kinematics-ws] K clamp binds: eid 1003 demanded 6691 clamped 4096
[kinematics-ws] K clamp binds: eid 1001 demanded 27861 clamped 4096
[kinematics-ws] K clamp binds: eid 1002 demanded 13663 clamped 4096
[kinematics-ws] K clamp binds: eid 1003 demanded 6692 clamped 4096
[kinematics-ws] K clamp binds: eid 1001 demanded 27861 clamped 4096
[kinematics-ws] K clamp binds: eid 1002 demanded 13662 clamped 4096
[kinematics-ws] K clamp binds: eid 1001 demanded 27862 clamped 4096
[kinematics-ws] K clamp binds: eid 1003 demanded 6692 clamped 4096
[kinematics-ws] K clamp binds: eid[kinematics-ws] K clamp binds: eid  1003 demanded 6691 clamped 1002 demanded 13661 clamped 40964096

[kinematics-ws] K clamp binds: eid 1001 demanded 27866 clamped 4096
[kinematics-ws] K clamp binds: eid 1001 demanded 27871 clamped 4096
[kinematics-ws] K clamp binds: eid 1003 demanded 6693 clamped 4096
[kinematics-ws] K clamp binds: eid 1002 demanded 13661 clamped 4096
[kinematics-ws] K clamp binds: eid 1001 demanded 27875 clamped 4096
[kinematics-ws] K clamp binds: eid 1003 demanded 6694 clamped 4096
[kinematics-ws] K clamp binds: eid 1002 demanded 13663 clamped 4096
[kinematics-ws] K clamp binds: eid 1001 demanded 27874 clamped 4096
[kinematics-ws] K clamp binds: eid 1003 demanded 6693 clamped 4096
[kinematics-ws] K clamp binds: eid 1002 demanded 13664 clamped 4096
[kinematics-ws] K clamp binds: eid 1002 demanded 13666 clamped 4096
[kinematics-ws] K clamp binds: eid 1001 demanded 27867 clamped 4096
[kinematics-ws] K clamp binds: eid 1003 demanded 6693 clamped 4096
[kinematics-ws] K clamp binds: eid[kinematics-ws] K clamp binds: eid  10011003  demanded demanded 27860 6695clamped  4096clamped 4096

[kinematics-ws] K clamp binds: eid 1002 demanded 13667 clamped 4096
[kinematics-ws] K clamp binds: eid 1003 demanded 6695 clamped 4096
[kinematics-ws] K clamp binds: eid 1001 demanded 27863 clamped 4096
[kinematics-ws] K clamp binds: eid 1002 demanded 13668 clamped 4096
[kinematics-ws] K clamp binds: eid 1001 demanded 27872 clamped 4096
[kinematics-ws] K clamp binds: eid 1003 demanded 6694 clamped 4096
[kinematics-ws] K clamp binds: eid 1002 demanded 13668 clamped 4096
[kinematics-ws] K clamp binds: eid 1002 demanded 13668 clamped 4096
[kinematics-ws] K clamp binds: eid 1001 demanded 27870 clamped 4096
[kinematics-ws] K clamp binds: eid 1003 demanded 6695 clamped 4096
[kinematics-ws] K clamp binds: eid 1001 demanded 27858 clamped 4096
[kinematics-ws] K clamp binds: eid 1002 demanded 13668 clamped 4096
[kinematics-ws] K clamp binds: eid 1003 demanded 6696 clamped 4096
[kinematics-ws] K clamp binds: eid 1001 demanded 27863 clamped 4096
[kinematics-ws] K clamp binds: eid 1002 demanded 13668 clamped 4096
[kinematics-ws] K clamp binds: eid 1003 demanded 6696 clamped 4096
[kinematics-ws] K clamp binds: eid 1003 demanded 6695 clamped 4096
[kinematics-ws] K clamp binds: eid 1002 demanded 13668 clamped 4096
[kinematics-ws] K clamp binds: eid 1001 demanded 27872 clamped 4096
[kinematics-ws] K clamp binds: eid 1001 demanded 27859 clamped 4096
[kinematics-ws] K clamp binds: eid 1003 demanded 6696 clamped 4096
[kinematics-ws] K clamp binds: eid 1002 demanded 13668 clamped 4096
[kinematics-ws] K clamp binds: eid 1001 demanded 27861 clamped 4096
[kinematics-ws] K clamp binds: eid 1002 demanded 13668 clamped 4096
[kinematics-ws] K clamp binds: eid 1003 demanded 6697 clamped 4096
[kinematics-ws] K clamp binds: eid 1003 demanded 6697 clamped 4096
[kinematics-ws] K clamp binds: eid 1001 demanded 27870 clamped 4096
[kinematics-ws] K clamp binds: eid 1002 demanded 13668 clamped 4096
[kinematics-ws] K clamp binds: eid 1001 demanded 27856 clamped 4096
[kinematics-ws] K clamp binds: eid [kinematics-ws] K clamp binds: eid1003  demanded 6697 clamped 1002 demanded 13668 clamped 40964096

[kinematics-ws] K clamp binds: eid[kinematics-ws] K clamp binds: eid  10031001  demanded demanded27868  6697 clampedclamped  40964096

[kinematics-ws] K clamp binds: eid 1002 demanded 13669 clamped 4096
[kinematics-ws] K clamp binds: eid 1002 demanded 13669 clamped 4096
[kinematics-ws] K clamp binds: eid 1001 demanded 27861 clamped 4096
[kinematics-ws] K clamp binds: eid 1003 demanded 6698 clamped 4096
[kinematics-ws] K clamp binds: eid 1002 demanded 13669 clamped 4096
[kinematics-ws] K clamp binds: eid 1001 demanded 27862 clamped 4096
[kinematics-ws] K clamp binds: eid 1003 demanded 6699 clamped 4096
[kinematics-ws] K clamp binds: eid 1002 demanded 13669 clamped 4096
[kinematics-ws] K clamp binds: eid 1001 demanded 27866 clamped 4096
[kinematics-ws] K clamp binds: eid 1003 demanded 6699 clamped 4096
[kinematics-ws] K clamp binds: eid 1001 demanded 27860 clamped 4096
[kinematics-ws] K clamp binds: eid 1002 demanded 13670 clamped 4096
[kinematics-ws] K clamp binds: eid 1003 demanded 6698 clamped 4096
[kinematics-ws] K clamp binds: eid 1001 demanded 27867 clamped 4096
[kinematics-ws] K clamp binds: eid 1002 demanded 13670 clamped 4096
[kinematics-ws] K clamp binds: eid 1003 demanded 6699 clamped 4096
[kinematics-ws] K clamp binds: eid 1001 demanded 27862 clamped 4096
[kinematics-ws] K clamp binds: eid 1002 demanded 13669 clamped 4096
[kinematics-ws] K clamp binds: eid 1003 demanded 6700 clamped 4096
[kinematics-ws] K clamp binds: eid 1002 demanded 13669 clamped 4096
[kinematics-ws] K clamp binds: eid 1003 demanded 6701 clamped 4096
[kinematics-ws] K clamp binds: eid 1001 demanded 27865 clamped 4096
[kinematics-ws] K clamp binds: eid 1001 demanded 27868 clamped 4096
[kinematics-ws] K clamp binds: eid 1002 demanded 13668 clamped 4096
[kinematics-ws] K clamp binds: eid 1003 demanded 6701 clamped 4096
[kinematics-ws] K clamp binds: eid 1002 demanded 13667 clamped 4096
[kinematics-ws] K clamp binds: eid 1003 demanded 6700 clamped 4096
[kinematics-ws] K clamp binds: eid 1001 demanded 27860 clamped 4096
[kinematics-ws] K clamp binds: eid 1001 demanded 27874 clamped 4096
[kinematics-ws] K clamp binds: eid 1003 demanded 6700 clamped 4096
[kinematics-ws] K clamp binds: eid 1002 demanded 13667 clamped 4096
[kinematics-ws] K clamp binds: eid 1002 demanded 13668 clamped 4096
[kinematics-ws] K clamp binds: eid 1001 demanded 27862 clamped 4096
[kinematics-ws] K clamp binds: eid 1003 demanded 6701 clamped 4096
[kinematics-ws] K clamp binds: eid 1002 demanded 13668 clamped 4096
[kinematics-ws] K clamp binds: eid 1001 demanded 27869 clamped 4096
[kinematics-ws] K clamp binds: eid 1003 demanded 6702 clamped 4096
[kinematics-ws] K clamp binds: eid 1003 demanded 6702 clamped 4096
[kinematics-ws] K clamp binds: eid 1002 demanded 13669 clamped 4096
[kinematics-ws] K clamp binds: eid 1001 demanded 27876 clamped 4096
[kinematics-ws] K clamp binds: eid 1001 demanded 27865 clamped 4096
[kinematics-ws] K clamp binds: eid 1002 demanded 13668 clamped 4096
[kinematics-ws] K clamp binds: eid 1003 demanded 6702 clamped 4096
[kinematics-ws] K clamp binds: eid 1003 demanded 6702 clamped 4096
[kinematics-ws] K clamp binds: eid 1002 demanded 13667 clamped 4096
[kinematics-ws] K clamp binds: eid 1001 demanded 27870 clamped 4096
[kinematics-ws] K clamp binds: eid 1001 demanded 27881 clamped 4096
[kinematics-ws] K clamp binds: eid 1003 demanded 6702 clamped 4096
[kinematics-ws] K clamp binds: eid 1002 demanded 13666 clamped 4096
[kinematics-ws] K clamp binds: eid 1001 demanded 27875 clamped 4096
[kinematics-ws] K clamp binds: eid 1003 demanded 6702 clamped 4096
[kinematics-ws] K clamp binds: eid 1002 demanded 13667 clamped 4096
[kinematics-ws] K clamp binds: eid 1003 demanded 6702 clamped 4096
[kinematics-ws] K clamp binds: eid 1002 demanded 13667 clamped 4096
[kinematics-ws] K clamp binds: eid 1001 demanded 27869 clamped 4096
[kinematics-ws] K clamp binds: eid 1001 demanded 27876 clamped 4096
[kinematics-ws] K clamp binds: eid 1003 demanded 6703 clamped 4096
[kinematics-ws] K clamp binds: eid 1002 demanded 13667 clamped 4096
[kinematics-ws] K clamp binds: eid 1003 demanded 6704 clamped 4096
[kinematics-ws] K clamp binds: eid 1002 demanded 13666 clamped 4096
[kinematics-ws] K clamp binds: eid 1001 demanded 27885 clamped 4096
[kinematics-ws] K clamp binds: eid 1001 demanded 27886 clamped 4096
[kinematics-ws] K clamp binds: eid 1002 demanded 13665 clamped 4096
[kinematics-ws] K clamp binds: eid 1003 demanded 6704 clamped 4096
[kinematics-ws] K clamp binds: eid 1002 demanded 13666 clamped 4096
[kinematics-ws] K clamp binds: eid[kinematics-ws] K clamp binds: eid  1001 1003demanded  27881 demandedclamped  6705 clamped 40964096

[kinematics-ws] K clamp binds: eid 1001 demanded 27876 clamped 4096
[kinematics-ws] K clamp binds: eid 1002 demanded 13666 clamped 4096
[kinematics-ws] K clamp binds: eid 1003 demanded 6704 clamped 4096
[kinematics-ws] K clamp binds: eid 1003 demanded 6704 clamped 4096
[kinematics-ws] K clamp binds: eid 1002 demanded 13665 clamped 4096
[kinematics-ws] K clamp binds: eid 1001 demanded 27876 clamped 4096
[kinematics-ws] K clamp binds: eid 1001 demanded 27879 clamped 4096
[kinematics-ws] K clamp binds: eid 1003 demanded 6704 clamped 4096
[kinematics-ws] K clamp binds: eid 1002 demanded 13665 clamped 4096
[kinematics-ws] K clamp binds: eid 1002 demanded 13665 clamped 4096
[kinematics-ws] K clamp binds: eid 1001 demanded 27883 clamped 4096
[kinematics-ws] K clamp binds: eid 1003 demanded 6704 clamped 4096
[kinematics-ws] K clamp binds: eid[kinematics-ws] K clamp binds: eid  10011003  demanded demanded6704  clamped 27887 clamped 40964096

[kinematics-ws] K clamp binds: eid 1002 demanded 13665 clamped 4096
[kinematics-ws] K clamp binds: eid 1002 demanded 13664 clamped 4096
[kinematics-ws] K clamp binds: eid 1001 demanded 27890 clamped 4096
[kinematics-ws] K clamp binds: eid 1003 demanded 6705 clamped 4096
[kinematics-ws] K clamp binds: eid 1001 demanded 27891 clamped 4096
[kinematics-ws] K clamp binds: eid 1002 demanded 13664 clamped 4096
[kinematics-ws] K clamp binds: eid 1003 demanded 6705 clamped 4096
[kinematics-ws] K clamp binds: eid 1003 demanded 6706 clamped 4096
[kinematics-ws] K clamp binds: eid 1001 demanded 27892 clamped 4096
[kinematics-ws] K clamp binds: eid 1002 demanded 13665 clamped 4096
[kinematics-ws] K clamp binds: eid 1001 demanded 27891 clamped 4096
[kinematics-ws] K clamp binds: eid 1003 demanded 6706 clamped 4096
[kinematics-ws] K clamp binds: eid 1002 demanded 13664 clamped 4096
[kinematics-ws] K clamp binds: eid 1001 demanded 27890 clamped 4096
[kinematics-ws] K clamp binds: eid 1002 demanded 13664 clamped 4096
[kinematics-ws] K clamp binds: eid 1003 demanded 6707 clamped 4096
[kinematics-ws] K clamp binds: eid 1001 demanded 27888 clamped 4096
[kinematics-ws] K clamp binds: eid 1003 demanded 6707 clamped 4096
[kinematics-ws] K clamp binds: eid 1002 demanded 13664 clamped 4096
[kinematics-ws] K clamp binds: eid 1001 demanded 27884 clamped 4096
[kinematics-ws] K clamp binds: eid 1003 demanded 6707 clamped 4096
[kinematics-ws] K clamp binds: eid 1002 demanded 13663 clamped 4096
[kinematics-ws] K clamp binds: eid 1001 demanded 27882 clamped 4096
[kinematics-ws] K clamp binds: eid 1002 demanded 13663 [kinematics-ws] K clamp binds: eidclamped  40961003 demanded 6707 clamped 
4096
[kinematics-ws] K clamp binds: eid 1003 demanded 6707 clamped 4096
[kinematics-ws] K clamp binds: eid 1002 demanded 13664 clamped 4096
[kinematics-ws] K clamp binds: eid 1001 demanded 27881 clamped 4096
[kinematics-ws] K clamp binds: eid 1003 demanded 6707 clamped 4096
[kinematics-ws] K clamp binds: eid 1002 demanded 13663 clamped 4096
[kinematics-ws] K clamp binds: eid 1001 demanded 27885 clamped 4096
[kinematics-ws] K clamp binds: eid 1001 demanded 27891 clamped 4096
[kinematics-ws] K clamp binds: eid 1002 demanded 13663 clamped 4096
[kinematics-ws] K clamp binds: eid 1003 demanded 6707 clamped 4096
[kinematics-ws] K clamp binds: eid 1001 demanded 27896 clamped 4096
[kinematics-ws] K clamp binds: eid 1002 demanded 13663 clamped 4096
[kinematics-ws] K clamp binds: eid 1003 demanded 6707 clamped 4096
[kinematics-ws] K clamp binds: eid 1001 demanded 27891 clamped 4096
[kinematics-ws] K clamp binds: eid 1002 demanded 13663 clamped 4096
[kinematics-ws] K clamp binds: eid 1003 demanded 6707 clamped 4096
[kinematics-ws] K clamp binds: eid 1003 demanded 6707 clamped 4096
[kinematics-ws] K clamp binds: eid 1002 demanded 13663 clamped 4096
[kinematics-ws] K clamp binds: eid 1001 demanded 27881 clamped 4096
[kinematics-ws] K clamp binds: eid 1001 demanded 27880 clamped 4096
[kinematics-ws] K clamp binds: eid 1003 demanded 6707 clamped 4096
[kinematics-ws] K clamp binds: eid 1002 demanded 13662 clamped 4096
[kinematics-ws] K clamp binds: eid 1003 demanded 6707 clamped 4096
[kinematics-ws] K clamp binds: eid 1001 demanded 27891 clamped 4096
[kinematics-ws] K clamp binds: eid 1002 demanded 13663 clamped 4096
[kinematics-ws] K clamp binds: eid 1003 demanded 6707 clamped 4096
[kinematics-ws] K clamp binds: eid 1002 demanded 13662 clamped 4096
[kinematics-ws] K clamp binds: eid 1001 demanded 27892 clamped 4096
[kinematics-ws] K clamp binds: eid 1003 demanded 6707 clamped 4096
[kinematics-ws] K clamp binds: eid 1001 demanded 27879 clamped 4096
[kinematics-ws] K clamp binds: eid 1002 demanded 13663 clamped 4096
[kinematics-ws] K clamp binds: eid 1001 demanded 27882 clamped 4096
[kinematics-ws] K clamp binds: eid 1003 demanded 6707 clamped 4096
[kinematics-ws] K clamp binds: eid 1002 demanded 13663 clamped 4096
[kinematics-ws] K clamp binds: eid 1001 demanded 27892 clamped 4096
[kinematics-ws] K clamp binds: eid 1003 demanded 6707 clamped 4096
[kinematics-ws] K clamp binds: eid 1002 demanded 13663 clamped 4096
[kinematics-ws] K clamp binds: eid 1001 demanded 27879 clamped 4096
[kinematics-ws] K clamp binds: eid 1002 demanded 13663 clamped 4096
[kinematics-ws] K clamp binds: eid 1003 demanded 6707 clamped 4096
[kinematics-ws] K clamp binds: eid 1002 demanded 13663 clamped 4096
[kinematics-ws] K clamp binds: eid 1003 demanded 6707 clamped 4096
[kinematics-ws] K clamp binds: eid 1001 demanded 27882 clamped 4096
[kinematics-ws] K clamp binds: eid 1001 demanded 27890 clamped 4096
[kinematics-ws] K clamp binds: eid 1002 demanded 13663 clamped 4096
[kinematics-ws] K clamp binds: eid 1003 demanded 6707 clamped 4096
[kinematics-ws] K clamp binds: eid 1001 demanded 27875 clamped 4096
[kinematics-ws] K clamp binds: eid 1003 demanded 6707 clamped 4096
[kinematics-ws] K clamp binds: eid 1002 demanded 13664 clamped 4096
[kinematics-ws] K clamp binds: eid 1002 demanded 13664 clamped 4096
[kinematics-ws] K clamp binds: eid 1003 demanded 6707 clamped 4096
[kinematics-ws] K clamp binds: eid 1001 demanded 27890 clamped 4096
[kinematics-ws] K clamp binds: eid 1001 demanded 27878 clamped 4096
[kinematics-ws] K clamp binds: eid 1002 demanded 13664 clamped 4096
[kinematics-ws] K clamp binds: eid 1003 demanded 6708 clamped 4096
[kinematics-ws] K clamp binds: eid 1002 demanded 13664 clamped 4096
[kinematics-ws] K clamp binds: eid 1001 demanded 27886 clamped 4096
[kinematics-ws] K clamp binds: eid 1003 demanded 6708 clamped 4096
[kinematics-ws] K clamp binds: eid 1001 demanded 27882 clamped 4096
[kinematics-ws] K clamp binds: eid 1003 demanded 6708 clamped 4096
[kinematics-ws] K clamp binds: eid 1002 demanded 13665 clamped 4096
[kinematics-ws] K clamp binds: eid 1001 demanded 27885 clamped 4096
[kinematics-ws] K clamp binds: eid 1002 demanded 13664 clamped 4096
[kinematics-ws] K clamp binds: eid 1003 demanded 6709 clamped 4096
[kinematics-ws] K clamp binds: eid 1002 demanded 13666 clamped 4096
[kinematics-ws] K clamp binds: eid 1001 demanded 27882 clamped 4096
[kinematics-ws] K clamp binds: eid 1003 demanded 6709 clamped 4096
[kinematics-ws] K clamp binds: eid 1001 demanded 27888 clamped 4096
[kinematics-ws] K clamp binds: eid 1003 demanded 6710 clamped 4096
[kinematics-ws] K clamp binds: eid 1002 demanded 13665 clamped 4096
[kinematics-ws] K clamp binds: eid[kinematics-ws] K clamp binds: eid  1001 1002 demanded demanded27879  13666clamped  clamped 40964096

[kinematics-ws] K clamp binds: eid 1003 demanded 6710 clamped 4096
[kinematics-ws] K clamp binds: eid 1001 demanded 27894 clamped 4096
[kinematics-ws] K clamp binds: eid 1003 demanded 6710 clamped 4096
[kinematics-ws] K clamp binds: eid 1002 demanded 13667 clamped 4096
[kinematics-ws] K clamp binds: eid 1001 demanded 27878 clamped 4096
[kinematics-ws] K clamp binds: eid 1003 demanded 6710 clamped 4096
[kinematics-ws] K clamp binds: eid 1002 demanded 13666 clamped 4096
[kinematics-ws] K clamp binds: eid 1001 demanded 27893 clamped 4096
[kinematics-ws] K clamp binds: eid 1002 demanded 13668 clamped 4096
[kinematics-ws] K clamp binds: eid 1003 demanded 6709 clamped 4096
[kinematics-ws] K clamp binds: eid 1001 demanded 27890 clamped 4096
[kinematics-ws] K clamp binds: eid 1002 demanded 13667 clamped 4096
[kinematics-ws] K clamp binds: eid 1003 demanded 6708 clamped 4096
[kinematics-ws] K clamp binds: eid 1002 demanded 13669 clamped 4096
[kinematics-ws] K clamp binds: eid 1003 demanded 6708 clamped 4096
[kinematics-ws] K clamp binds: eid 1001 demanded 27882 clamped 4096
[kinematics-ws] K clamp binds: eid 1002 demanded 13669 clamped 4096
[kinematics-ws] K clamp binds: eid 1003 demanded 6707 clamped 4096
[kinematics-ws] K clamp binds: eid 1001 demanded 27898 clamped 4096
[kinematics-ws] K clamp binds: eid 1002 demanded 13669 clamped 4096
[kinematics-ws] K clamp binds: eid 1003 demanded 6707 clamped 4096
[kinematics-ws] K clamp binds: eid 1001 demanded 27894 clamped 4096
[kinematics-ws] K clamp binds: eid 1002 demanded 13670 clamped 4096
[kinematics-ws] K clamp binds: eid 1001 demanded 27885 clamped 4096
[kinematics-ws] K clamp binds: eid 1003 demanded 6707 clamped 4096
[kinematics-ws] K clamp binds: eid 1001 demanded 27896 clamped 4096
[kinematics-ws] K clamp binds: eid 1002 demanded 13671 clamped 4096
[kinematics-ws] K clamp binds: eid 1003 demanded 6708 clamped 4096
[kinematics-ws] K clamp binds: eid 1002 demanded 13670 clamped 4096
[kinematics-ws] K clamp binds: eid 1003 demanded 6709 clamped 4096
[kinematics-ws] K clamp binds: eid 1001 demanded 27904 clamped 4096
[kinematics-ws] K clamp binds: eid 1003 demanded 6710 clamped 4096
[kinematics-ws] K clamp binds: eid 1001 demanded 27896 clamped 4096
[kinematics-ws] K clamp binds: eid 1002 demanded 13672 clamped 4096
[kinematics-ws] K clamp binds: eid 1002 demanded 13673 clamped 4096
[kinematics-ws] K clamp binds: eid 1003 demanded 6710 clamped 4096
[kinematics-ws] K clamp binds: eid 1001 demanded 27890 clamped 4096
[kinematics-ws] K clamp binds: eid 1002 demanded 13672 clamped 4096
[kinematics-ws] K clamp binds: eid 1001 demanded 27895 clamped 4096
[kinematics-ws] K clamp binds: eid 1003 demanded 6709 clamped 4096
[kinematics-ws] K clamp binds: eid 1002 demanded 13673 clamped 4096
[kinematics-ws] K clamp binds: eid 1001 demanded 27905 clamped 4096
[kinematics-ws] K clamp binds: eid 1003 demanded 6707 clamped 4096
[kinematics-ws] K clamp binds: eid 1001 demanded 27910 clamped 4096
[kinematics-ws] K clamp binds: eid 1003 demanded 6707 clamped 4096
[kinematics-ws] K clamp binds: eid 1002 demanded 13675 clamped 4096
[kinematics-ws] K clamp binds: eid 1001 demanded 27908 clamped 4096
[kinematics-ws] K clamp binds: eid 1003 demanded 6707 clamped 4096
[kinematics-ws] K clamp binds: eid 1002 demanded 13675 clamped 4096
[kinematics-ws] K clamp binds: eid 1001 demanded 27904 clamped 4096
[kinematics-ws] K clamp binds: eid 1003 demanded 6708 clamped 4096
[kinematics-ws] K clamp binds: eid 1002 demanded 13675 clamped 4096
[kinematics-ws] K clamp binds: eid 1002 demanded 13676 clamped 4096
[kinematics-ws] K clamp binds: eid 1001 demanded 27900 clamped 4096
[kinematics-ws] K clamp binds: eid 1003 demanded 6709 clamped 4096
[kinematics-ws] K clamp binds: eid 1001 demanded 27898 clamped 4096
[kinematics-ws] K clamp binds: eid 1002 demanded 13678 clamped 4096
[kinematics-ws] K clamp binds: eid 1003 demanded 6709 clamped 4096
[kinematics-ws] K clamp binds: eid 1003 demanded 6708 clamped 4096
[kinematics-ws] K clamp binds: eid 1002 demanded 13678 clamped 4096
[kinematics-ws] K clamp binds: eid 1001 demanded 27898 clamped 4096
[kinematics-ws] K clamp binds: eid 1001 demanded 27898 clamped 4096
[kinematics-ws] K clamp binds: eid 1003 demanded 6707 clamped 4096
[kinematics-ws] K clamp binds: eid 1002 demanded 13678 clamped 4096
[kinematics-ws] K clamp binds: eid [kinematics-ws] K clamp binds: eid 1003 1001 demanded 6706 clamped demanded 27899 clamped 40964096

[kinematics-ws] K clamp binds: eid 1002 demanded 13678 clamped 4096
[kinematics-ws] K clamp binds: eid 1001 demanded 27899 clamped 4096
[kinematics-ws] K clamp binds: eid 1002 demanded 13679 clamped 4096
[kinematics-ws] K clamp binds: eid 1003 demanded 6707 clamped 4096
[kinematics-ws] K clamp binds: eid 1001 demanded 27899 clamped 4096
[kinematics-ws] K clamp binds: eid 1003 demanded 6708 clamped 4096
[kinematics-ws] K clamp binds: eid 1002 demanded 13681 clamped 4096
[kinematics-ws] K clamp binds: eid 1003 demanded 6709 clamped 4096
[kinematics-ws] K clamp binds: eid 1002 demanded 13681 clamped 4096
[kinematics-ws] K clamp binds: eid 1001 demanded 27899 clamped 4096
[kinematics-ws] K clamp binds: eid 1001 demanded 27900 clamped 4096
[kinematics-ws] K clamp binds: eid 1003 demanded 6708 clamped 4096
[kinematics-ws] K clamp binds: eid 1002 demanded 13681 clamped 4096
[kinematics-ws] K clamp binds: eid 1001 demanded 27902 clamped 4096
[kinematics-ws] K clamp binds: eid 1003 demanded 6706 clamped 4096
[kinematics-ws] K clamp binds: eid 1002 demanded 13681 clamped 4096
[kinematics-ws] K clamp binds: eid 1002 demanded 13682 clamped 4096
[kinematics-ws] K clamp binds: eid 1001 demanded 27908 clamped 4096
[kinematics-ws] K clamp binds: eid 1003 demanded 6706 clamped 4096
[kinematics-ws] K clamp binds: eid 1002 demanded 13683 clamped 4096
[kinematics-ws] K clamp binds: eid 1001 demanded 27914 clamped 4096
[kinematics-ws] K clamp binds: eid 1003 demanded 6707 clamped 4096
[kinematics-ws] K clamp binds: eid 1001 demanded 27918 clamped 4096
[kinematics-ws] K clamp binds: eid 1002 demanded 13684 clamped 4096
[kinematics-ws] K clamp binds: eid 1003 demanded 6708 clamped 4096
[kinematics-ws] K clamp binds: eid 1001 demanded 27914 clamped 4096
[kinematics-ws] K clamp binds: eid 1002 demanded 13684 clamped 4096
[kinematics-ws] K clamp binds: eid 1003 demanded 6707 clamped 4096
[kinematics-ws] K clamp binds: eid 1001 demanded 27904 clamped 4096
[kinematics-ws] K clamp binds: eid 1002 demanded 13685 clamped 4096
[kinematics-ws] K clamp binds: eid 1003 demanded 6706 clamped 4096
[kinematics-ws] K clamp binds: eid 1001 demanded 27897 clamped 4096
[kinematics-ws] K clamp binds: eid 1003 demanded 6705 clamped 4096
[kinematics-ws] K clamp binds: eid 1002 demanded 13685 clamped 4096
[kinematics-ws] K clamp binds: eid 1002 demanded 13685 clamped 4096
[kinematics-ws] K clamp binds: eid 1003 demanded 6707 clamped 4096
[kinematics-ws] K clamp binds: eid 1001 demanded 27905 clamped 4096
[kinematics-ws] K clamp binds: eid 1001 demanded 27916 clamped 4096
[kinematics-ws] K clamp binds: eid 1003 demanded 6708 clamped 4096
[kinematics-ws] K clamp binds: eid 1002 demanded 13685 clamped 4096
[kinematics-ws] K clamp binds: eid 1003 demanded 6706 clamped 4096
[kinematics-ws] K clamp binds: eid 1002 demanded 13685 clamped 4096
[kinematics-ws] K clamp binds: eid 1001 demanded 27909 clamped 4096
[kinematics-ws] K clamp binds: eid 1002 demanded 13686 clamped 4096
[kinematics-ws] K clamp binds: eid 1001 demanded 27896 clamped 4096
[kinematics-ws] K clamp binds: eid 1003 demanded 6705 clamped 4096
[kinematics-ws] K clamp binds: eid 1001 demanded 27906 clamped 4096
[kinematics-ws] K clamp binds: eid 1003 demanded 6706 clamped 4096
[kinematics-ws] K clamp binds: eid 1002 demanded 13686 clamped 4096
[kinematics-ws] K clamp binds: eid 1001 demanded 27913 clamped 4096
[kinematics-ws] K clamp binds: eid[kinematics-ws] K clamp binds: eid  1002 1003demanded  13686 demandedclamped  6707 clamped 40964096

[kinematics-ws] K clamp binds: eid 1001 demanded 27896 clamped 4096
[kinematics-ws] K clamp binds: eid 1002 demanded 13686 clamped 4096
[kinematics-ws] K clamp binds: eid 1003 demanded 6706 clamped 4096
[kinematics-ws] K clamp binds: eid 1002 demanded 13687 clamped 4096
[kinematics-ws] K clamp binds: eid 1001 demanded 27903 clamped 4096
[kinematics-ws] K clamp binds: eid 1003 demanded 6704 clamped 4096
[kinematics-ws] K clamp binds: eid 1001 demanded 27911 clamped 4096
[kinematics-ws] K clamp binds: eid 1002 demanded 13687 clamped 4096
[kinematics-ws] K clamp binds: eid 1003 demanded 6705 clamped 4096
[kinematics-ws] K clamp binds: eid 1003 demanded 6707 clamped 4096
[kinematics-ws] K clamp binds: eid 1002 demanded 13687 clamped 4096
[kinematics-ws] K clamp binds: eid 1001 demanded 27893 clamped 4096
[kinematics-ws] K clamp binds: eid 1003 demanded 6706 clamped 4096
[kinematics-ws] K clamp binds: eid 1001 demanded 27911 clamped 4096
[kinematics-ws] K clamp binds: eid 1002 demanded 13687 clamped 4096
[kinematics-ws] K clamp binds: eid 1002 demanded 13687 clamped 4096
[kinematics-ws] K clamp binds: eid 1001 demanded 27898 clamped 4096
[kinematics-ws] K clamp binds: eid 1003 demanded 6704 clamped 4096
[kinematics-ws] K clamp binds: eid 1001 demanded 27904 clamped 4096
[kinematics-ws] K clamp binds: eid 1002 demanded 13687 clamped 4096
[kinematics-ws] K clamp binds: eid 1003 demanded 6705 clamped 4096
[kinematics-ws] K clamp binds: eid 1001 demanded 27904 clamped 4096
[kinematics-ws] K clamp binds: eid 1002 demanded 13687 clamped 4096
[kinematics-ws] K clamp binds: eid 1003 demanded 6706 clamped 4096
[kinematics-ws] K clamp binds: eid 1002 demanded 13687 clamped 4096
[kinematics-ws] K clamp binds: eid 1003 demanded 6704 clamped 4096
[kinematics-ws] K clamp binds: eid 1001 demanded 27901 clamped 4096
[kinematics-ws] K clamp binds: eid 1001 demanded 27906 clamped 4096
[kinematics-ws] K clamp binds: eid 1003 demanded 6704 clamped 4096
[kinematics-ws] K clamp binds: eid 1002 demanded 13687 clamped 4096
[kinematics-ws] K clamp binds: eid 1001 demanded 27903 clamped 4096
[kinematics-ws] K clamp binds: eid 1002 demanded 13687 clamped 4096
[kinematics-ws] K clamp binds: eid 1003 demanded 6706 clamped 4096
[kinematics-ws] K clamp binds: eid 1002 demanded 13688 clamped 4096
[kinematics-ws] K clamp binds: eid 1001 demanded 27903 clamped 4096
[kinematics-ws] K clamp binds: eid 1003 demanded 6705 clamped 4096
[kinematics-ws] K clamp binds: eid 1001 demanded 27910 clamped 4096
[kinematics-ws] K clamp binds: eid 1002 demanded 13689 clamped 4096
[kinematics-ws] K clamp binds: eid 1003 demanded 6703 clamped 4096
[kinematics-ws] K clamp binds: eid 1003 demanded 6704 clamped 4096
[kinematics-ws] K clamp binds: eid 1001 demanded 27898 clamped 4096
[kinematics-ws] K clamp binds: eid 1002 demanded 13690 clamped 4096
[kinematics-ws] K clamp binds: eid 1003 demanded 6706 clamped 4096
[kinematics-ws] K clamp binds: eid 1001 demanded 27917 clamped 4096
[kinematics-ws] K clamp binds: eid 1002 demanded 13690 clamped 4096
[kinematics-ws] K clamp binds: eid 1001 demanded 27900 clamped 4096
[kinematics-ws] K clamp binds: eid 1002 demanded 13690 clamped 4096
[kinematics-ws] K clamp binds: eid 1003 demanded 6703 clamped 4096
[kinematics-ws] K clamp binds: eid 1001 demanded 27908 clamped 4096
[kinematics-ws] K clamp binds: eid 1003 demanded 6703 clamped 4096
[kinematics-ws] K clamp binds: eid 1002 demanded 13688 clamped 4096
[kinematics-ws] K clamp binds: eid 1001 demanded 27919 clamped 4096
[kinematics-ws] K clamp binds: eid 1002 demanded 13687 clamped 4096
[kinematics-ws] K clamp binds: eid 1003 demanded 6706 clamped 4096
[kinematics-ws] K clamp binds: eid 1003 demanded 6704 clamped 4096
[kinematics-ws] K clamp binds: eid 1002 demanded 13686 clamped 4096
[kinematics-ws] K clamp binds: eid 1001 demanded 27902 clamped 4096
[kinematics-ws] K clamp binds: eid 1002 demanded 13687 clamped 4096
[kinematics-ws] K clamp binds: eid 1001 demanded 27910 clamped 4096
[kinematics-ws] K clamp binds: eid 1003 demanded 6703 clamped 4096
[kinematics-ws] K clamp binds: eid 1001 demanded 27924 clamped 4096
[kinematics-ws] K clamp binds: eid 1003 demanded 6705 clamped 4096
[kinematics-ws] K clamp binds: eid 1002 demanded 13688 clamped 4096
[kinematics-ws] K clamp binds: eid 1001 demanded 27913 clamped 4096
[kinematics-ws] K clamp binds: eid 1002 demanded 13690 clamped 4096
[kinematics-ws] K clamp binds: eid 1003 demanded 6704 clamped 4096
[kinematics-ws] K clamp binds: eid 1003 demanded 6702 clamped 4096
[kinematics-ws] K clamp binds: eid 1002 demanded 13688 clamped 4096
[kinematics-ws] K clamp binds: eid 1001 demanded 27906 clamped 4096
[kinematics-ws] K clamp binds: eid 1001 demanded 27917 clamped 4096
[kinematics-ws] K clamp binds: eid 1002 demanded 13686 clamped 4096
[kinematics-ws] K clamp binds: eid 1003 demanded 6705 clamped 4096
[kinematics-ws] K clamp binds: eid 1002 demanded 13685 clamped 4096
[kinematics-ws] K clamp binds: eid 1003 demanded 6703 clamped 4096
[kinematics-ws] K clamp binds: eid 1001 demanded 27929 clamped 4096
[kinematics-ws] K clamp binds: eid 1003 demanded 6702 clamped 4096
[kinematics-ws] K clamp binds: eid 1002 demanded 13687 clamped 4096
[kinematics-ws] K clamp binds: eid 1001 demanded 27926 clamped 4096
[kinematics-ws] K clamp binds: eid 1002 demanded 13689 clamped 4096
[kinematics-ws] K clamp binds: eid 1003 demanded 6705 clamped 4096
[kinematics-ws] K clamp binds: eid 1001 demanded 27916 clamped 4096
[kinematics-ws] K clamp binds: eid 1001 demanded 27911 clamped 4096
[kinematics-ws] K clamp binds: eid 1003 demanded 6703 clamped 4096
[kinematics-ws] K clamp binds: eid 1002 demanded 13687 clamped 4096
[kinematics-ws] K clamp binds: eid 1001 demanded 27914 clamped 4096
[kinematics-ws] K clamp binds: eid 1002 demanded 13684 clamped 4096
[kinematics-ws] K clamp binds: eid 1003 demanded 6702 clamped 4096
[kinematics-ws] K clamp binds: eid[kinematics-ws] K clamp binds: eid  10021003  demandeddemanded  13685 6705 clampedclamped  40964096

[kinematics-ws] K clamp binds: eid 1001 demanded 27922 clamped 4096
[kinematics-ws] K clamp binds: eid 1001 demanded 27929 clamped 4096
[kinematics-ws] K clamp binds: eid 1002 demanded 13688 clamped 4096
[kinematics-ws] K clamp binds: eid 1003 demanded 6702 clamped 4096
[kinematics-ws] K clamp binds: eid 1003 demanded 6703 clamped 4096
[kinematics-ws] K clamp binds: eid 1002 demanded 13687 clamped 4096
[kinematics-ws] K clamp binds: eid 1001 demanded 27934 clamped 4096
[kinematics-ws] K clamp binds: eid 1003 demanded 6704 clamped 4096
[kinematics-ws] K clamp binds: eid 1001 demanded 27936 clamped 4096
[kinematics-ws] K clamp binds: eid 1002 demanded 13683 clamped 4096
[kinematics-ws] K clamp binds: eid 1003 demanded 6701 clamped 4096
[kinematics-ws] K clamp binds: eid 1002 demanded 13684 clamped 4096
[kinematics-ws] K clamp binds: eid 1001 demanded 27937 clamped 4096
[kinematics-ws] K clamp binds: eid 1003 demanded 6704 clamped 4096
[kinematics-ws] K clamp binds: eid 1002 demanded 13687 clamped 4096
[kinematics-ws] K clamp binds: eid 1001 demanded 27938 clamped 4096
[kinematics-ws] K clamp binds: eid[kinematics-ws] K clamp binds: eid  1003 1002 demanded demanded 6703 13684 clamped clamped 40964096

[kinematics-ws] K clamp binds: eid 1001 demanded 27938 clamped 4096
[kinematics-ws] K clamp binds: eid 1001 demanded 27938 clamped 4096
[kinematics-ws] K clamp binds: eid 1003 demanded 6702 clamped 4096
[kinematics-ws] K clamp binds: eid 1002 demanded 13682 clamped 4096
[kinematics-ws] K clamp binds: eid 1001 demanded 27936 clamped 4096
[kinematics-ws] K clamp binds: eid 1002 demanded 13686 clamped 4096
[kinematics-ws] K clamp binds: eid 1003 demanded 6705 clamped 4096
[kinematics-ws] K clamp binds: eid 1003 demanded 6701 clamped 4096
[kinematics-ws] K clamp binds: eid 1001 demanded 27934 clamped 4096
[kinematics-ws] K clamp binds: eid 1002 demanded 13684 clamped 4096
[kinematics-ws] K clamp binds: eid 1003 demanded 6704 clamped 4096
[kinematics-ws] K clamp binds: eid 1002 demanded 13681 clamped 4096
[kinematics-ws] K clamp binds: eid 1001 demanded 27929 clamped 4096
[kinematics-ws] K clamp binds: eid 1001 demanded 27924 clamped 4096
[kinematics-ws] K clamp binds: eid 1003 demanded 6703 clamped 4096
[kinematics-ws] K clamp binds: eid 1002 demanded 13686 clamped 4096
[kinematics-ws] K clamp binds: eid 1001 demanded 27919 clamped 4096
[kinematics-ws] K clamp binds: eid 1002 demanded 13683 clamped 4096
[kinematics-ws] K clamp binds: eid 1003 demanded 6702 clamped 4096
[kinematics-ws] K clamp binds: eid 1002 demanded 13681 clamped 4096
[kinematics-ws] K clamp binds: eid 1001 demanded 27920 clamped 4096
[kinematics-ws] K clamp binds: eid 1003 demanded 6704 clamped 4096
[kinematics-ws] K clamp binds: eid [kinematics-ws] K clamp binds: eid 1001 demanded 27928 clamped 1003 demanded 6701 clamped 40964096

[kinematics-ws] K clamp binds: eid 1002 demanded 13686 clamped 4096
[kinematics-ws] K clamp binds: eid 1002 demanded 13681 clamped 4096
[kinematics-ws] K clamp binds: eid 1003 demanded 6704 clamped 4096
[kinematics-ws] K clamp binds: eid 1001 demanded 27936 clamped 4096
[kinematics-ws] K clamp binds: eid 1003 demanded 6702 clamped 4096
[kinematics-ws] K clamp binds: eid 1002 demanded 13683 clamped 4096
[kinematics-ws] K clamp binds: eid 1001 demanded 27934 clamped 4096
[kinematics-ws] K clamp binds: eid 1001 demanded 27922 clamped 4096
[kinematics-ws] K clamp binds: eid 1003 demanded 6703 clamped 4096
[kinematics-ws] K clamp binds: eid 1002 demanded 13684 clamped 4096
[kinematics-ws] K clamp binds: eid[kinematics-ws] K clamp binds: eid  1002 1001demanded  13680 demanded clamped27918  clamped 40964096

[kinematics-ws] K clamp binds: eid 1003 demanded 6703 clamped 4096
[kinematics-ws] K clamp binds: eid 1001 demanded 27929 clamped 4096
[kinematics-ws] K clamp binds: eid 1002 demanded 13685 clamped 4096
[kinematics-ws] K clamp binds: eid 1003 demanded 6701 clamped 4096
[kinematics-ws] K clamp binds: eid 1001 demanded 27933 clamped 4096
[kinematics-ws] K clamp binds: eid 1003 demanded 6704 clamped 4096
[kinematics-ws] K clamp binds: eid 1002 demanded 13681 clamped 4096
[kinematics-ws] K clamp binds: eid 1003 demanded 6701 clamped 4096
[kinematics-ws] K clamp binds: eid 1001 demanded 27918 clamped 4096
[kinematics-ws] K clamp binds: eid 1002 demanded 13684 clamped 4096
[kinematics-ws] K clamp binds: eid 1001 demanded 27921 clamped 4096
[kinematics-ws] K clamp binds: eid 1003 demanded 6704 clamped 4096
[kinematics-ws] K clamp binds: eid 1002 demanded 13682 clamped 4096
[kinematics-ws] K clamp binds: eid 1001 demanded 27933 clamped 4096
[kinematics-ws] K clamp binds: eid 1003 demanded 6701 clamped 4096
[kinematics-ws] K clamp binds: eid 1002 demanded 13682 clamped 4096
[kinematics-ws] K clamp binds: eid 1003 demanded 6704 clamped 4096
[kinematics-ws] K clamp binds: eid 1001 demanded 27918 clamped 4096
[kinematics-ws] K clamp binds: eid 1002 demanded 13684 clamped 4096
[kinematics-ws] K clamp binds: eid 1003 demanded 6702 clamped 4096
[kinematics-ws] K clamp binds: eid 1001 demanded 27922 clamped 4096
[kinematics-ws] K clamp binds: eid 1002 demanded 13682 clamped 4096
[kinematics-ws] K clamp binds: eid 1001 demanded 27930 clamped 4096
[kinematics-ws] K clamp binds: eid 1002 demanded 13685 clamped 4096
[kinematics-ws] K clamp binds: eid 1003 demanded 6703 clamped 4096
[kinematics-ws] K clamp binds: eid 1002 demanded 13681 clamped 4096
[kinematics-ws] K clamp binds: eid 1003 demanded 6703 clamped 4096
[kinematics-ws] K clamp binds: eid 1001 demanded 27914 clamped 4096
[kinematics-ws] K clamp binds: eid 1002 demanded 13685 clamped 4096
[kinematics-ws] K clamp binds: eid 1001 demanded 27931 clamped 4096
[kinematics-ws] K clamp binds: eid 1003 demanded 6703 clamped 4096
[kinematics-ws] K clamp binds: eid 1003 demanded 6703 clamped 4096
[kinematics-ws] K clamp binds: eid 1002 demanded 13682 clamped 4096
[kinematics-ws] K clamp binds: eid 1001 demanded 27916 clamped 4096
[kinematics-ws] K clamp binds: eid 1001 demanded 27928 clamped 4096
[kinematics-ws] K clamp binds: eid 1003 demanded 6703 clamped 4096
[kinematics-ws] K clamp binds: eid 1002 demanded 13685 clamped 4096
[kinematics-ws] K clamp binds: eid 1002 demanded 13683 clamped 4096
[kinematics-ws] K clamp binds: eid 1001 demanded 27919 clamped 4096
[kinematics-ws] K clamp binds: eid 1003 demanded 6704 clamped 4096
[kinematics-ws] K clamp binds: eid 1001 demanded 27928 clamped 4096
[kinematics-ws] K clamp binds: eid 1002 demanded 13685 clamped 4096
[kinematics-ws] K clamp binds: eid 1003 demanded 6703 clamped 4096
[kinematics-ws] K clamp binds: eid 1002 demanded 13685 clamped 4096
[kinematics-ws] K clamp binds: eid 1001 demanded 27919 clamped 4096
[kinematics-ws] K clamp binds: eid 1003 demanded 6704 clamped 4096
[kinematics-ws] K clamp binds: eid 1001 demanded 27931 clamped 4096
[kinematics-ws] K clamp binds: eid 1002 demanded 13684 clamped 4096
[kinematics-ws] K clamp binds: eid 1003 demanded 6703 clamped 4096
[kinematics-ws] K clamp binds: eid 1001 demanded 27917 clamped 4096
[kinematics-ws] K clamp binds: eid 1002 demanded 13687 clamped 4096
[kinematics-ws] K clamp binds: eid 1003 demanded 6704 clamped 4096
[kinematics-ws] K clamp binds: eid 1001 demanded 27935 clamped 4096
[kinematics-ws] K clamp binds: eid 1002 demanded 13683 clamped 4096
[kinematics-ws] K clamp binds: eid 1003 demanded 6704 clamped 4096
[kinematics-ws] K clamp binds: eid 1001 demanded 27920 clamped 4096
[kinematics-ws] K clamp binds: eid 1003 demanded 6704 clamped 4096
[kinematics-ws] K clamp binds: eid 1002 demanded 13689 clamped 4096
[kinematics-ws] K clamp binds: eid[kinematics-ws] K clamp binds: eid  1002 1003 demandeddemanded 6704  clamped13685  clamped 40964096

[kinematics-ws] K clamp binds: eid 1001 demanded 27928 clamped 4096
[kinematics-ws] K clamp binds: eid 1003 demanded 6703 clamped 4096
[kinematics-ws] K clamp binds: eid 1002 demanded 13687 clamped 4096
[kinematics-ws] K clamp binds: eid 1001 demanded 27935 clamped 4096
[kinematics-ws] K clamp binds: eid 1001 demanded 27921 clamped 4096
[kinematics-ws] K clamp binds: eid 1002 demanded 13689 clamped 4096
[kinematics-ws] K clamp binds: eid 1003 demanded 6705 clamped 4096
[kinematics-ws] K clamp binds: eid 1001 demanded 27934 clamped 4096
[kinematics-ws] K clamp binds: eid 1002 demanded 13686 clamped 4096
[kinematics-ws] K clamp binds: eid 1003 demanded 6703 clamped 4096
[kinematics-ws] K clamp binds: eid 1001 demanded 27939 clamped 4096
[kinematics-ws] K clamp binds: eid 1002 demanded 13690 clamped 4096
[kinematics-ws] K clamp binds: eid 1003 demanded 6706 clamped 4096
[kinematics-ws] K clamp binds: eid 1001 demanded 27927 clamped 4096
[kinematics-ws] K clamp binds: eid 1003 demanded 6703 clamped 4096
[kinematics-ws] K clamp binds: eid 1002 demanded 13689 clamped 4096
[kinematics-ws] K clamp binds: eid 1001 demanded 27930 clamped 4096
[kinematics-ws] K clamp binds: eid 1003 demanded 6706 clamped 4096
[kinematics-ws] K clamp binds: eid 1002 demanded 13688 clamped 4096
[kinematics-ws] K clamp binds: eid 1002 demanded 13692 clamped 4096
[kinematics-ws] K clamp binds: eid 1003 demanded 6704 clamped 4096
[kinematics-ws] K clamp binds: eid 1001 demanded 27943 clamped 4096
[kinematics-ws] K clamp binds: eid 1003 demanded 6706 clamped 4096
[kinematics-ws] K clamp binds: eid 1001 demanded 27943 clamped 4096
[kinematics-ws] K clamp binds: eid 1002 demanded 13690 clamped 4096
[kinematics-ws] K clamp binds: eid 1001 demanded 27933 clamped [kinematics-ws] K clamp binds: eid 1002 demanded 13689 clamped 40964096

[kinematics-ws] K clamp binds: eid 1003 demanded 6705 clamped 4096
[kinematics-ws] K clamp binds: eid 1003 demanded 6705 clamped 4096
[kinematics-ws] K clamp binds: eid 1001 demanded 27931 clamped 4096
[kinematics-ws] K clamp binds: eid 1002 demanded 13694 clamped 4096
[kinematics-ws] K clamp binds: eid 1001 demanded 27938 clamped 4096
[kinematics-ws] K clamp binds: eid 1002 demanded 13693 clamped 4096
[kinematics-ws] K clamp binds: eid 1003 demanded 6707 clamped 4096
[kinematics-ws] K clamp binds: eid 1002 demanded 13691 clamped 4096
[kinematics-ws] K clamp binds: eid 1003 demanded 6705 clamped 4096
[kinematics-ws] K clamp binds: eid 1001 demanded 27947 clamped 4096
[kinematics-ws] K clamp binds: eid 1001 demanded 27951 clamped 4096
[kinematics-ws] K clamp binds: eid 1003 demanded 6708 clamped 4096
[kinematics-ws] K clamp binds: eid 1002 demanded 13694 clamped 4096
[kinematics-ws] K clamp binds: eid 1001 demanded 27951 clamped 4096
[kinematics-ws] K clamp binds: eid 1003 demanded 6706 clamped 4096
[kinematics-ws] K clamp binds: eid 1002 demanded 13696 clamped 4096
[kinematics-ws] K clamp binds: eid 1003 demanded 6707 clamped 4096
[kinematics-ws] K clamp binds: eid 1002 demanded 13694 clamped 4096
[kinematics-ws] K clamp binds: eid 1001 demanded 27947 clamped 4096
[kinematics-ws] K clamp binds: eid 1003 demanded 6708 clamped 4096
[kinematics-ws] K clamp binds: eid 1001 demanded 27944 clamped 4096
[kinematics-ws] K clamp binds: eid 1002 demanded 13694 clamped 4096
[kinematics-ws] K clamp binds: eid 1001 demanded 27942 clamped 4096
[kinematics-ws] K clamp binds: eid 1002 demanded 13697 clamped 4096
[kinematics-ws] K clamp binds: eid 1003 demanded 6706 clamped 4096
[kinematics-ws] K clamp binds: eid 1003 demanded 6709 clamped 4096
[kinematics-ws] K clamp binds: eid 1002 demanded 13699 clamped 4096
[kinematics-ws] K clamp binds: eid 1001 demanded 27941 clamped 4096
[kinematics-ws] K clamp binds: eid 1001 demanded 27940 clamped 4096
[kinematics-ws] K clamp binds: eid 1002 demanded 13698 clamped 4096
[kinematics-ws] K clamp binds: eid 1003 demanded 6707 clamped 4096
[kinematics-ws] K clamp binds: eid 1001 demanded 27940 clamped 4096
[kinematics-ws] K clamp binds: eid 1002 demanded 13696 clamped 4096
[kinematics-ws] K clamp binds: eid 1003 demanded 6707 clamped 4096
[kinematics-ws] K clamp binds: eid 1002 demanded 13697 clamped 4096
[kinematics-ws] K clamp binds: eid 1003 demanded 6710 clamped 4096
[kinematics-ws] K clamp binds: eid 1001 demanded 27941 clamped 4096
[kinematics-ws] K clamp binds: eid 1001 demanded 27943 clamped 4096
[kinematics-ws] K clamp binds: eid 1003 demanded 6707 clamped 4096
[kinematics-ws] K clamp binds: eid 1002 demanded 13700 clamped 4096
[kinematics-ws] K clamp binds: eid 1001 demanded 27946 clamped 4096
[kinematics-ws] K clamp binds: eid 1003 demanded 6709 clamped 4096
[kinematics-ws] K clamp binds: eid 1002 demanded 13702 clamped 4096
[kinematics-ws] K clamp binds: eid 1003 demanded 6710 clamped 4096
[kinematics-ws] K clamp binds: eid 1002 demanded 13701 clamped 4096
[kinematics-ws] K clamp binds: eid 1001 demanded 27950 clamped 4096
[kinematics-ws] K clamp binds: eid 1001 demanded 27955 clamped 4096
[kinematics-ws] K clamp binds: eid 1002 demanded 13700 clamped 4096
[kinematics-ws] K clamp binds: eid 1003 demanded 6708 clamped 4096
[kinematics-ws] K clamp binds: eid 1001 demanded 27958 clamped 4096
[kinematics-ws] K clamp binds: eid 1003 demanded 6710 clamped 4096
[kinematics-ws] K clamp binds: eid 1002 demanded 13699 clamped 4096
[kinematics-ws] K clamp binds: eid 1003 demanded 6711 clamped 4096
[kinematics-ws] K clamp binds: eid 1001 demanded 27955 clamped 4096
[kinematics-ws] K clamp binds: eid 1002 demanded 13701 clamped 4096
[kinematics-ws] K clamp binds: eid 1001 demanded 27946 clamped 4096
[kinematics-ws] K clamp binds: eid 1002 demanded 13703 clamped 4096
[kinematics-ws] K clamp binds: eid 1003 demanded 6709 clamped 4096
[kinematics-ws] K clamp binds: eid 1003 demanded 6711 clamped 4096
[kinematics-ws] K clamp binds: eid 1002 demanded 13705 clamped 4096
[kinematics-ws] K clamp binds: eid 1001 demanded 27939 clamped 4096
[kinematics-ws] K clamp binds: eid 1001 demanded 27941 clamped 4096
[kinematics-ws] K clamp binds: eid 1003 demanded 6712 clamped 4096
[kinematics-ws] K clamp binds: eid 1002 demanded 13706 clamped 4096
[kinematics-ws] K clamp binds: eid 1002 demanded 13705 clamped 4096
[kinematics-ws] K clamp binds: eid 1001 demanded 27952 clamped 4096
[kinematics-ws] K clamp binds: eid 1003 demanded 6710 clamped 4096
[kinematics-ws] K clamp binds: eid 1001 demanded 27954 clamped 4096
[kinematics-ws] K clamp binds: eid 1002 demanded 13705 clamped 4096
[kinematics-ws] K clamp binds: eid 1003 demanded 6712 clamped 4096
[kinematics-ws] K clamp binds: eid 1001 demanded 27941 clamped 4096
[kinematics-ws] K clamp binds: eid 1002 demanded 13704 clamped 4096
[kinematics-ws] K clamp binds: eid 1003 demanded 6713 clamped 4096
[kinematics-ws] K clamp binds: eid 1002 demanded 13703 clamped 4096
[kinematics-ws] K clamp binds: eid 1001 demanded 27938 clamped 4096
[kinematics-ws] K clamp binds: eid 1003 demanded 6711 clamped 4096
[kinematics-ws] K clamp binds: eid 1001 demanded 27952 clamped 4096
[kinematics-ws] K clamp binds: eid 1002 demanded 13703 clamped 4096
[kinematics-ws] K clamp binds: eid 1003 demanded 6712 clamped 4096
[kinematics-ws] K clamp binds: eid 1003 demanded 6714 clamped 4096
[kinematics-ws] K clamp binds: eid 1001 demanded 27947 clamped 4096
[kinematics-ws] K clamp binds: eid 1002 demanded 13704 clamped 4096
[kinematics-ws] K clamp binds: eid 1002 demanded 13704 clamped 4096
[kinematics-ws] K clamp binds: eid 1001 demanded 27935 clamped 4096
[kinematics-ws] K clamp binds: eid 1003 demanded 6713 clamped 4096
[kinematics-ws] K clamp binds: eid 1003 demanded 6712 clamped 4096
[kinematics-ws] K clamp binds: eid 1002 demanded 13705 clamped 4096
[kinematics-ws] K clamp binds: eid 1001 demanded 27950 clamped 4096
[kinematics-ws] K clamp binds: eid 1001 demanded 27944 clamped 4096
[kinematics-ws] K clamp binds: eid 1003 demanded 6715 clamped 4096
[kinematics-ws] K clamp binds: eid 1002 demanded 13706 clamped 4096
[kinematics-ws] K clamp binds: eid 1001 demanded 27936 clamped 4096
[kinematics-ws] K clamp binds: eid 1002 demanded 13706 clamped 4096
[kinematics-ws] K clamp binds: eid 1003 demanded 6715 clamped 4096
[kinematics-ws] K clamp binds: eid 1002 demanded 13706 clamped 4096
[kinematics-ws] K clamp binds: eid 1001 demanded 27952 clamped 4096
[kinematics-ws] K clamp binds: eid 1003 demanded 6713 clamped 4096
[kinematics-ws] K clamp binds: eid 1002 demanded 13707 clamped 4096
[kinematics-ws] K clamp binds: eid 1003 demanded 6714 clamped 4096
[kinematics-ws] K clamp binds: eid 1001 demanded 27934 clamped 4096
[kinematics-ws] K clamp binds: eid 1002 demanded 13707 clamped 4096
[kinematics-ws] K clamp binds: eid 1003 demanded 6717 clamped 4096
[kinematics-ws] K clamp binds: eid 1001 demanded 27949 clamped 4096
[kinematics-ws] K clamp binds: eid 1002 demanded 13706 clamped 4096
[kinematics-ws] K clamp binds: eid 1003 demanded 6716 clamped 4096
[kinematics-ws] K clamp binds: eid 1001 demanded 27938 clamped 4096
[kinematics-ws] K clamp binds: eid 1001 demanded 27947 clamped 4096
[kinematics-ws] K clamp binds: eid 1003 demanded 6714 clamped 4096
[kinematics-ws] K clamp binds: eid 1002 demanded 13706 clamped 4096
[kinematics-ws] K clamp binds: eid 1001 demanded 27940 clamped 4096
[kinematics-ws] K clamp binds: eid 1002 demanded 13706 clamped 4096
[kinematics-ws] K clamp binds: eid 1003 demanded 6715 clamped 4096
[kinematics-ws] K clamp binds: eid 1001 demanded 27948 clamped 4096
[kinematics-ws] K clamp binds: eid 1003 demanded 6718 clamped 4096
[kinematics-ws] K clamp binds: eid 1002 demanded 13705 clamped 4096
[kinematics-ws] K clamp binds: eid 1001 demanded 27939 clamped 4096
[kinematics-ws] K clamp binds: eid 1003 demanded 6718 clamped 4096
[kinematics-ws] K clamp binds: eid 1002 demanded 13705 clamped 4096
[kinematics-ws] K clamp binds: eid 1001 demanded 27953 clamped 4096
[kinematics-ws] K clamp binds: eid 1003 demanded 6716 clamped 4096
[kinematics-ws] K clamp binds: eid 1002 demanded 13705 clamped 4096
[kinematics-ws] K clamp binds: eid 1003 demanded 6716 clamped 4096
[kinematics-ws] K clamp binds: eid 1002 demanded 13706 clamped 4096
[kinematics-ws] K clamp binds: eid 1001 demanded 27936 clamped 4096
[kinematics-ws] K clamp binds: eid 1001 demanded 27955 clamped 4096
[kinematics-ws] K clamp binds: eid 1002 demanded 13707 clamped 4096
[kinematics-ws] K clamp binds: eid 1003 demanded 6718 clamped 4096
[kinematics-ws] K clamp binds: eid 1001 demanded 27943 clamped 4096
[kinematics-ws] K clamp binds: eid 1002 demanded 13709 clamped 4096
[kinematics-ws] K clamp binds: eid 1003 demanded 6720 clamped 4096
[kinematics-ws] K clamp binds: eid 1001 demanded 27945 clamped 4096
[kinematics-ws] K clamp binds: eid 1002 demanded 13711 clamped 4096
[kinematics-ws] K clamp binds: eid 1003 demanded 6718 clamped 4096
[kinematics-ws] K clamp binds: eid 1001 demanded 27959 clamped 4096
[kinematics-ws] K clamp binds: eid 1002 demanded 13712 clamped 4096
[kinematics-ws] K clamp binds: eid 1003 demanded 6717 clamped 4096
[kinematics-ws] K clamp binds: eid 1002 demanded 13711 clamped 4096
[kinematics-ws] K clamp binds: eid 1003 demanded 6718 clamped 4096
[kinematics-ws] K clamp binds: eid 1001 demanded 27944 clamped 4096
[kinematics-ws] K clamp binds: eid 1001 demanded 27948 clamped 4096
[kinematics-ws] K clamp binds: eid 1003 demanded 6720 clamped 4096
[kinematics-ws] K clamp binds: eid 1002 demanded 13709 clamped 4096
[kinematics-ws] K clamp binds: eid 1001 demanded 27962 clamped 4096
[kinematics-ws] K clamp binds: eid 1003 demanded 6721 clamped 4096
[kinematics-ws] K clamp binds: eid 1002 demanded 13705 clamped 4096
[kinematics-ws] K clamp binds: eid 1001 demanded 27954 clamped 4096
[kinematics-ws] K clamp binds: eid 1003 demanded 6720 clamped 4096
[kinematics-ws] K clamp binds: eid 1002 demanded 13704 clamped 4096
[kinematics-ws] K clamp binds: eid 1001 demanded 27946 clamped [kinematics-ws] K clamp binds: eid 40961002 
demanded 13706 clamped [kinematics-ws] K clamp binds: eid 1003 demanded 6719 clamped 4096
4096
[kinematics-ws] K clamp binds: eid 1001 demanded 27956 clamped 4096
[kinematics-ws] K clamp binds: eid 1002 demanded 13709 clamped 4096
[kinematics-ws] K clamp binds: eid 1003 demanded 6719 clamped 4096
[kinematics-ws] K clamp binds: eid 1001 demanded 27967 clamped 4096
[kinematics-ws] K clamp binds: eid 1002 demanded 13711 clamped 4096
[kinematics-ws] K clamp binds: eid 1003 demanded 6720 clamped 4096
[kinematics-ws] K clamp binds: eid 1003 demanded 6722 clamped 4096
[kinematics-ws] K clamp binds: eid 1002 demanded 13709 clamped 4096
[kinematics-ws] K clamp binds: eid 1001 demanded 27964 clamped 4096
[kinematics-ws] K clamp binds: eid 1002 demanded 13704 clamped 4096
[kinematics-ws] K clamp binds: eid 1003 demanded 6723 clamped 4096
[kinematics-ws] K clamp binds: eid 1001 demanded 27955 clamped 4096
[kinematics-ws] K clamp binds: eid 1001 demanded 27952 clamped 4096
[kinematics-ws] K clamp binds: eid 1003 demanded 6722 clamped 4096
[kinematics-ws] K clamp binds: eid 1002 demanded 13704 clamped 4096
[kinematics-ws] K clamp binds: eid 1003 demanded 6721 clamped 4096
[kinematics-ws] K clamp binds: eid 1001 demanded 27956 clamped 4096
[kinematics-ws] K clamp binds: eid 1002 demanded 13707 clamped 4096
[kinematics-ws] K clamp binds: eid 1003 demanded 6720 clamped 4096
[kinematics-ws] K clamp binds: eid 1002 demanded 13710 clamped 4096
[kinematics-ws] K clamp binds: eid 1001 demanded 27964 clamped 4096
[kinematics-ws] K clamp binds: eid 1002 demanded 13707 clamped 4096
[kinematics-ws] K clamp binds: eid 1001 demanded 27970 clamped 4096
[kinematics-ws] K clamp binds: eid 1003 demanded 6721 clamped 4096
[kinematics-ws] K clamp binds: eid 1001 demanded 27974 clamped 4096
[kinematics-ws] K clamp binds: eid 1002 demanded 13702 clamped 4096
[kinematics-ws] K clamp binds: eid 1003 demanded 6723 clamped 4096
[kinematics-ws] K clamp binds: eid 1001 demanded 27975 clamped 4096
[kinematics-ws] K clamp binds: eid 1002 demanded 13705 clamped 4096
[kinematics-ws] K clamp binds: eid 1003 demanded 6724 clamped 4096
[kinematics-ws] K clamp binds: eid 1003 demanded 6725 clamped 4096
[kinematics-ws] K clamp binds: eid 1002 demanded 13709 clamped 4096
[kinematics-ws] K clamp binds: eid 1001 demanded 27975 clamped 4096
[kinematics-ws] K clamp binds: eid 1001 demanded 27975 clamped 4096
[kinematics-ws] K clamp binds: eid 1003 demanded 6724 clamped 4096
[kinematics-ws] K clamp binds: eid 1002 demanded 13706 clamped 4096
[kinematics-ws] K clamp binds: eid 1001 demanded 27975 clamped 4096
[kinematics-ws] K clamp binds: eid 1002 demanded 13701 clamped 4096
[kinematics-ws] K clamp binds: eid 1003 demanded 6723 clamped 4096
[kinematics-ws] K clamp binds: eid 1002 demanded 13706 clamped 4096
[kinematics-ws] K clamp binds: eid 1001 demanded 27976 clamped 4096
[kinematics-ws] K clamp binds: eid 1003 demanded 6723 clamped 4096
[kinematics-ws] K clamp binds: eid 1003 demanded 6722 clamped 4096
[kinematics-ws] K clamp binds: eid 1002 demanded 13708 clamped 4096
[kinematics-ws] K clamp binds: eid 1001 demanded 27976 clamped 4096
[kinematics-ws] K clamp binds: eid 1001 demanded 27976 clamped 4096
[kinematics-ws] K clamp binds: eid 1003 demanded 6723 clamped 4096
[kinematics-ws] K clamp binds: eid 1002 demanded 13702 clamped 4096
[kinematics-ws] K clamp binds: eid 1003 demanded 6724 clamped 4096
[kinematics-ws] K clamp binds: eid 1002 demanded 13703 clamped 4096
[kinematics-ws] K clamp binds: eid 1001 demanded 27974 clamped 4096
[kinematics-ws] K clamp binds: eid 1002 demanded 13708 clamped 4096
[kinematics-ws] K clamp binds: eid 1001 demanded 27971 clamped 4096
[kinematics-ws] K clamp binds: eid 1003 demanded 6725 clamped 4096
[kinematics-ws] K clamp binds: eid 1003 demanded 6726 clamped 4096
[kinematics-ws] K clamp binds: eid 1001 demanded 27966 clamped 4096
[kinematics-ws] K clamp binds: eid 1002 demanded 13702 clamped 4096
[kinematics-ws] K clamp binds: eid 1001 demanded 27962 clamped 4096
[kinematics-ws] K clamp binds: eid 1003 demanded 6727 clamped 4096
[kinematics-ws] K clamp binds: eid 1002 demanded 13702 clamped 4096
[kinematics-ws] K clamp binds: eid 1002 demanded 13707 clamped 4096
[kinematics-ws] K clamp binds: eid 1001 demanded 27962 clamped 4096
[kinematics-ws] K clamp binds: eid 1003 demanded 6727 clamped 4096
[kinematics-ws] K clamp binds: eid 1003 demanded 6727 clamped 4096
[kinematics-ws] K clamp binds: eid 1002 demanded 13701 clamped 4096
[kinematics-ws] K clamp binds: eid 1001 demanded 27968 clamped 4096
[kinematics-ws] K clamp binds: eid 1001 demanded 27974 clamped 4096
[kinematics-ws] K clamp binds: eid 1002 demanded 13703 clamped 4096
[kinematics-ws] K clamp binds: eid 1003 demanded 6726 clamped 4096
[kinematics-ws] K clamp binds: eid 1003 demanded 6726 clamped 4096
[kinematics-ws] K clamp binds: eid 1001 demanded 27972 clamped 4096
[kinematics-ws] K clamp binds: eid 1002 demanded 13706 clamped 4096
[kinematics-ws] K clamp binds: eid 1002 demanded 13699 clamped 4096
[kinematics-ws] K clamp binds: eid 1001 demanded 27962 clamped 4096
[kinematics-ws] K clamp binds: eid 1003 demanded 6725 clamped 4096
[kinematics-ws] K clamp binds: eid 1001 demanded 27960 clamped 4096
[kinematics-ws] K clamp binds: eid 1003 demanded 6725 clamped 4096
[kinematics-ws] K clamp binds: eid 1002 demanded 13706 clamped 4096
[kinematics-ws] K clamp binds: eid 1003 demanded 6725 clamped 4096
[kinematics-ws] K clamp binds: eid 1002 demanded 13702 clamped 4096
[kinematics-ws] K clamp binds: eid 1001 demanded 27970 clamped 4096
[kinematics-ws] K clamp binds: eid 1003 demanded 6725 clamped 4096
[kinematics-ws] K clamp binds: eid 1001 demanded 27970 clamped 4096
[kinematics-ws] K clamp binds: eid 1002 demanded 13702 clamped 4096
[kinematics-ws] K clamp binds: eid 1002 demanded 13705 clamped 4096
[kinematics-ws] K clamp binds: eid 1003 demanded 6725 clamped 4096
[kinematics-ws] K clamp binds: eid 1001 demanded 27958 clamped 4096
[kinematics-ws] K clamp binds: eid 1002 demanded 13699 clamped 4096
[kinematics-ws] K clamp binds: eid 1001 demanded 27964 clamped 4096
[kinematics-ws] K clamp binds: eid 1003 demanded 6725 clamped 4096
[kinematics-ws] K clamp binds: eid 1001 demanded 27970 clamped 4096
[kinematics-ws] K clamp binds: eid 1002 demanded 13706 clamped 4096
[kinematics-ws] K clamp binds: eid 1003 demanded 6725 clamped 4096
[kinematics-ws] K clamp binds: eid 1002 demanded 13700 clamped 4096
[kinematics-ws] K clamp binds: eid 1003 demanded 6726 clamped 4096
[kinematics-ws] K clamp binds: eid 1001 demanded 27957 clamped 4096
[kinematics-ws] K clamp binds: eid 1001 demanded 27966 clamped 4096
[kinematics-ws] K clamp binds: eid 1003 demanded 6726 clamped 4096
[kinematics-ws] K clamp binds: eid 1002 demanded 13705 clamped 4096
[kinematics-ws] K clamp binds: eid 1001 demanded 27965 clamped 4096
[kinematics-ws] K clamp binds: eid 1003 demanded 6726 clamped 4096
[kinematics-ws] K clamp binds: eid 1002 demanded 13701 clamped 4096
[kinematics-ws] K clamp binds: eid 1001 demanded 27958 clamped 4096
[kinematics-ws] K clamp binds: eid 1003 demanded 6726 clamped 4096
[kinematics-ws] K clamp binds: eid 1002 demanded 13705 clamped 4096
[kinematics-ws] K clamp binds: eid 1003 demanded 6727 clamped 4096
[kinematics-ws] K clamp binds: eid 1002 demanded 13702 clamped 4096
[kinematics-ws] K clamp binds: eid 1001 demanded 27970 clamped 4096
[kinematics-ws] K clamp binds: eid 1002 demanded 13704 clamped 4096
[kinematics-ws] K clamp binds: eid 1001 demanded 27956 clamped 4096
[kinematics-ws] K clamp binds: eid 1003 demanded 6727 clamped 4096
[kinematics-ws] K clamp binds: eid 1001 demanded 27970 clamped 4096
[kinematics-ws] K clamp binds: eid 1003 demanded 6727 clamped 4096
[kinematics-ws] K clamp binds: eid 1002 demanded 13702 clamped 4096
[kinematics-ws] K clamp binds: eid 1001 demanded 27956 clamped 4096
[kinematics-ws] K clamp binds: eid 1002 demanded 13705 clamped 4096
[kinematics-ws] K clamp binds: eid 1003 demanded 6727 clamped 4096
[kinematics-ws] K clamp binds: eid 1002 demanded 13702 clamped 4096
[kinematics-ws] K clamp binds: eid 1001 demanded 27971 clamped 4096
[kinematics-ws] K clamp binds: eid 1003 demanded 6727 clamped 4096
[kinematics-ws] K clamp binds: eid 1001 demanded 27957 clamped 4096
[kinematics-ws] K clamp binds: eid 1002 demanded 13706 clamped 4096
[kinematics-ws] K clamp binds: eid 1003 demanded 6727 clamped 4096
[kinematics-ws] K clamp binds: eid 1002 demanded 13702 clamped 4096
[kinematics-ws] K clamp binds: eid 1001 demanded 27972 clamped 4096
[kinematics-ws] K clamp binds: eid 1003 demanded 6726 clamped 4096
[kinematics-ws] K clamp binds: eid 1002 demanded 13708 clamped 4096
[kinematics-ws] K clamp binds: eid 1003 demanded 6726 clamped 4096
[kinematics-ws] K clamp binds: eid 1001 demanded 27959 clamped 4096
[kinematics-ws] K clamp binds: eid 1001 demanded 27969 clamped 4096
[kinematics-ws] K clamp binds: eid 1002 demanded 13702 clamped 4096
[kinematics-ws] K clamp binds: eid 1003 demanded 6726 clamped 4096
[kinematics-ws] K clamp binds: eid 1003 demanded 6726 clamped 4096
[kinematics-ws] K clamp binds: eid 1002 demanded 13708 clamped 4096
[kinematics-ws] K clamp binds: eid 1001 demanded 27968 clamped 4096
[kinematics-ws] K clamp binds: eid 1001 demanded 27962 clamped 4096
[kinematics-ws] K clamp binds: eid 1002 demanded 13704 clamped 4096
[kinematics-ws] K clamp binds: eid 1003 demanded 6726 clamped 4096
[kinematics-ws] K clamp binds: eid 1002 demanded 13706 clamped 4096
[kinematics-ws] K clamp binds: eid 1003 demanded 6726 clamped 4096
[kinematics-ws] K clamp binds: eid 1001 demanded 27976 clamped 4096
[kinematics-ws] K clamp binds: eid[kinematics-ws] K clamp binds: eid  1001 1002 demanded demanded13708 clamped  27968 clamped 40964096

[kinematics-ws] K clamp binds: eid 1003 demanded 6726 clamped 4096
[kinematics-ws] K clamp binds: eid 1002 demanded 13704 clamped 4096
[kinematics-ws] K clamp binds: eid 1003 demanded 6726 clamped 4096
[kinematics-ws] K clamp binds: eid 1001 demanded 27966 clamped 4096
[kinematics-ws] K clamp binds: eid 1002 demanded 13711 clamped 4096
[kinematics-ws] K clamp binds: eid 1001 demanded 27979 clamped 4096
[kinematics-ws] K clamp binds: eid 1003 demanded 6727 clamped 4096
[kinematics-ws] K clamp binds: eid 1002 demanded 13707 clamped 4096
[kinematics-ws] K clamp binds: eid 1003 demanded 6728 clamped 4096
[kinematics-ws] K clamp binds: eid 1001 demanded 27975 clamped 4096
[kinematics-ws] K clamp binds: eid 1003 demanded 6729 clamped 4096
[kinematics-ws] K clamp binds: eid 1002 demanded 13707 clamped 4096
[kinematics-ws] K clamp binds: eid 1001 demanded 27967 clamped 4096
[kinematics-ws] K clamp binds: eid 1001 demanded 27975 clamped 4096
[kinematics-ws] K clamp binds: eid 1003 demanded 6730 clamped 4096
[kinematics-ws] K clamp binds: eid 1002 demanded 13713 clamped 4096
[kinematics-ws] K clamp binds: eid 1001 demanded 27984 clamped 4096
[kinematics-ws] K clamp binds: eid 1003 demanded 6731 clamped 4096
[kinematics-ws] K clamp binds: eid 1002 demanded 13707 clamped 4096
[kinematics-ws] K clamp binds: eid 1002 demanded 13709 clamped 4096
[kinematics-ws] K clamp binds: eid 1001 demanded 27983 clamped 4096
[kinematics-ws] K clamp binds: eid 1003 demanded 6731 clamped 4096
[kinematics-ws] K clamp binds: eid 1001 demanded 27975 clamped 4096
[kinematics-ws] K clamp binds: eid 1003 demanded 6731 clamped 4096
[kinematics-ws] K clamp binds: eid 1002 demanded 13714 clamped 4096
[kinematics-ws] K clamp binds: eid 1001 demanded 27973 clamped 4096
[kinematics-ws] K clamp binds: eid 1002 demanded 13709 clamped 4096
[kinematics-ws] K clamp binds: eid 1003 demanded 6730 clamped 4096
[kinematics-ws] K clamp binds: eid 1003 demanded 6728 clamped 4096
[kinematics-ws] K clamp binds: eid 1001 demanded 27978 clamped 4096
[kinematics-ws] K clamp binds: eid 1002 demanded 13710 clamped 4096
[kinematics-ws] K clamp binds: eid 1003 demanded 6727 clamped 4096
[kinematics-ws] K clamp binds: eid 1001 demanded 27985 clamped 4096
[kinematics-ws] K clamp binds: eid 1002 demanded 13716 clamped 4096
[kinematics-ws] K clamp binds: eid 1003 demanded 6726 clamped 4096
[kinematics-ws] K clamp binds: eid 1001 demanded 27990 clamped 4096
[kinematics-ws] K clamp binds: eid 1002 demanded 13713 clamped 4096
[kinematics-ws] K clamp binds: eid 1003 demanded 6726 clamped 4096
[kinematics-ws] K clamp binds: eid 1002 demanded 13710 clamped 4096
[kinematics-ws] K clamp binds: eid 1001 demanded 27992 clamped 4096
[kinematics-ws] K clamp binds: eid 1001 demanded 27992 clamped 4096
[kinematics-ws] K clamp binds: eid 1002 demanded 13716 clamped 4096
[kinematics-ws] K clamp binds: eid 1003 demanded 6727 clamped 4096
[kinematics-ws] K clamp binds: eid 1001 demanded 27991 clamped 4096
[kinematics-ws] K clamp binds: eid 1002 demanded 13718 clamped 4096
[kinematics-ws] K clamp binds: eid 1003 demanded 6729 clamped 4096
[kinematics-ws] K clamp binds: eid 1003 demanded 6730 clamped 4096
[kinematics-ws] K clamp binds: eid 1002 demanded 13714 clamped 4096
[kinematics-ws] K clamp binds: eid 1001 demanded 27990 clamped 4096
[kinematics-ws] K clamp binds: eid 1001 demanded 27990 clamped 4096
[kinematics-ws] K clamp binds: eid 1003 demanded 6731 clamped 4096
[kinematics-ws] K clamp binds: eid 1002 demanded 13713 clamped 4096
[kinematics-ws] K clamp binds: eid 1003 demanded 6730 clamped 4096
[kinematics-ws] K clamp binds: eid 1001 demanded 27990 clamped 4096
[kinematics-ws] K clamp binds: eid 1002 demanded 13718 clamped 4096
[kinematics-ws] K clamp binds: eid 1001 demanded 27991 clamped 4096
[kinematics-ws] K clamp binds: eid 1003 demanded 6728 clamped 4096
[kinematics-ws] K clamp binds: eid 1002 demanded 13721 clamped 4096
[kinematics-ws] K clamp binds: eid 1001 demanded 27992 clamped 4096
[kinematics-ws] K clamp binds: eid 1003 demanded 6726 clamped 4096
[kinematics-ws] K clamp binds: eid 1002 demanded 13718 clamped 4096
[kinematics-ws] K clamp binds: eid 1001 demanded 27994 clamped 4096
[kinematics-ws] K clamp binds: eid 1002 demanded 13715 clamped 4096
[kinematics-ws] K clamp binds: eid 1003 demanded 6725 clamped 4096
[kinematics-ws] K clamp binds: eid[kinematics-ws] K clamp binds: eid  10021003  demandeddemanded 6727  13717 clampedclamped  40964096

[kinematics-ws] K clamp binds: eid 1001 demanded 27995 clamped 4096
[kinematics-ws] K clamp binds: eid 1002 demanded 13721 clamped 4096
[kinematics-ws] K clamp binds: eid 1003 demanded 6729 clamped 4096
[kinematics-ws] K clamp binds: eid 1001 demanded 27994 clamped 4096
[kinematics-ws] K clamp binds: eid 1002 demanded 13724 clamped 4096
[kinematics-ws] K clamp binds: eid 1003 demanded 6730 clamped 4096
[kinematics-ws] K clamp binds: eid 1001 demanded 27990 clamped 4096
[kinematics-ws] K clamp binds: eid 1002 demanded 13723 clamped 4096
[kinematics-ws] K clamp binds: eid 1003 demanded 6730 clamped 4096
[kinematics-ws] K clamp binds: eid 1001 demanded 27985 clamped 4096
[kinematics-ws] K clamp binds: eid 1001 demanded 27982 clamped 4096
[kinematics-ws] K clamp binds: eid 1002 demanded 13720 clamped 4096
[kinematics-ws] K clamp binds: eid 1003 demanded 6727 clamped 4096
[kinematics-ws] K clamp binds: eid 1001 demanded 27984 clamped 4096
[kinematics-ws] K clamp binds: eid 1002 demanded 13718 clamped 4096
[kinematics-ws] K clamp binds: eid 1003 demanded 6725 clamped 4096
[kinematics-ws] K clamp binds: eid 1001 demanded 27990 clamped 4096
[kinematics-ws] K clamp binds: eid 1002 demanded 13720 clamped 4096
[kinematics-ws] K clamp binds: eid 1003 demanded 6725 clamped 4096
[kinematics-ws] K clamp binds: eid[kinematics-ws] K clamp binds: eid  1003 1002 demanded demanded6728  13723clamped  clamped 40964096

[kinematics-ws] K clamp binds: eid 1001 demanded 27992 clamped 4096
[kinematics-ws] K clamp binds: eid 1001 demanded 27985 clamped 4096
[kinematics-ws] K clamp binds: eid 1002 demanded 13726 clamped 4096
[kinematics-ws] K clamp binds: eid 1003 demanded 6730 clamped 4096
[kinematics-ws] K clamp binds: eid 1002 demanded 13728 clamped 4096
[kinematics-ws] K clamp binds: eid 1001 demanded 27980 clamped 4096
[kinematics-ws] K clamp binds: eid 1003 demanded 6729 clamped 4096
[kinematics-ws] K clamp binds: eid 1001 demanded 27987 clamped 4096
[kinematics-ws] K clamp binds: eid 1003 demanded 6726 clamped 4096
[kinematics-ws] K clamp binds: eid 1002 demanded 13728 clamped 4096
[kinematics-ws] K clamp binds: eid 1002 demanded 13727 clamped 4096
[kinematics-ws] K clamp binds: eid 1003 demanded 6724 clamped [kinematics-ws] K clamp binds: eid 40961001 
demanded 27990 clamped 4096
[kinematics-ws] K clamp binds: eid 1001 demanded 27980 clamped 4096
[kinematics-ws] K clamp binds: eid 1002 demanded 13725 clamped 4096
[kinematics-ws] K clamp binds: eid 1003 demanded 6726 clamped 4096
[kinematics-ws] K clamp binds: eid 1001 demanded 27982 clamped 4096
[kinematics-ws] K clamp binds: eid 1002 demanded 13724 clamped 4096
[kinematics-ws] K clamp binds: eid 1003 demanded 6729 clamped 4096
[kinematics-ws] K clamp binds: eid 1002 demanded 13723 clamped 4096
[kinematics-ws] K clamp binds: eid 1003 demanded 6729 clamped 4096
[kinematics-ws] K clamp binds: eid 1001 demanded 27989 clamped 4096
[kinematics-ws] K clamp binds: eid[kinematics-ws] K clamp binds: eid  10031002  demandeddemanded  672513723 clamped  clamped 40964096

[kinematics-ws] K clamp binds: eid 1001 demanded 27979 clamped 4096
[kinematics-ws] K clamp binds: eid 1001 demanded 27984 clamped 4096
[kinematics-ws] K clamp binds: eid 1002 demanded 13723 clamped 4096
[kinematics-ws] K clamp binds: eid 1003 demanded 6724 clamped 4096
[kinematics-ws] K clamp binds: eid 1001 demanded 27985 clamped 4096
[kinematics-ws] K clamp binds: eid 1002 demanded 13723 clamped 4096
[kinematics-ws] K clamp binds: eid 1003 demanded 6727 clamped 4096
[kinematics-ws] K clamp binds: eid 1003 demanded 6729 clamped 4096
[kinematics-ws] K clamp binds: eid 1001 demanded 27978 clamped 4096
[kinematics-ws] K clamp binds: eid 1002 demanded 13723 clamped 4096
[kinematics-ws] K clamp binds: eid 1001 demanded 27988 clamped 4096
[kinematics-ws] K clamp binds: eid 1003 demanded 6727 clamped 4096
[kinematics-ws] K clamp binds: eid 1002 demanded 13724 clamped 4096
[kinematics-ws] K clamp binds: eid 1002 demanded 13724 clamped 4096
[kinematics-ws] K clamp binds: eid 1001 demanded 27977 clamped 4096
[kinematics-ws] K clamp binds: eid 1003 demanded 6724 clamped 4096
[kinematics-ws] K clamp binds: eid 1002 demanded 13724 clamped 4096
[kinematics-ws] K clamp binds: eid 1001 demanded 27988 clamped 4096
[kinematics-ws] K clamp binds: eid 1003 demanded 6725 clamped 4096
[kinematics-ws] K clamp binds: eid 1002 demanded 13724 clamped 4096
[kinematics-ws] K clamp binds: eid 1003 demanded 6728 clamped 4096
[kinematics-ws] K clamp binds: eid 1001 demanded 27978 clamped 4096
[kinematics-ws] K clamp binds: eid 1001 demanded 27989 clamped 4096
[kinematics-ws] K clamp binds: eid 1002 demanded 13724 clamped 4096
[kinematics-ws] K clamp binds: eid 1003 demanded 6727 clamped 4096
[kinematics-ws] K clamp binds: eid 1003 demanded 6724 clamped 4096
[kinematics-ws] K clamp binds: eid 1001 demanded 27979 clamped 4096
[kinematics-ws] K clamp binds: eid 1002 demanded 13723 clamped 4096
[kinematics-ws] K clamp binds: eid 1003 demanded 6724 clamped 4096
[kinematics-ws] K clamp binds: eid 1002 demanded 13724 clamped 4096
[kinematics-ws] K clamp binds: eid 1001 demanded 27990 clamped 4096
[kinematics-ws] K clamp binds: eid 1002 demanded 13724 clamped 4096
[kinematics-ws] K clamp binds: eid 1001 demanded 27981 clamped 4096
[kinematics-ws] K clamp binds: eid 1003 demanded 6727 clamped 4096
[kinematics-ws] K clamp binds: eid 1002 demanded 13725 clamped 4096
[kinematics-ws] K clamp binds: eid 1001 demanded 27988 clamped 4096
[kinematics-ws] K clamp binds: eid 1003 demanded 6727 clamped 4096
[kinematics-ws] K clamp binds: eid 1002 demanded 13727 clamped 4096
[kinematics-ws] K clamp binds: eid 1003 demanded 6723 clamped 4096
[kinematics-ws] K clamp binds: eid 1001 demanded 27989 clamped 4096
[kinematics-ws] K clamp binds: eid 1001 demanded 27983 clamped 4096
[kinematics-ws] K clamp binds: eid 1002 demanded 13729 clamped 4096
[kinematics-ws] K clamp binds: eid 1003 demanded 6724 clamped 4096
[kinematics-ws] K clamp binds: eid[kinematics-ws] K clamp binds: eid  1003 1002 demanded demanded6727  clamped 13732 clamped 40964096

[kinematics-ws] K clamp binds: eid 1001 demanded 27994 clamped 4096
[kinematics-ws] K clamp binds: eid 1002 demanded 13733 clamped 4096
[kinematics-ws] K clamp binds: eid 1003 demanded 6725 clamped 4096
[kinematics-ws] K clamp binds: eid 1001 demanded 27990 clamped 4096
[kinematics-ws] K clamp binds: eid 1002 demanded 13733 clamped 4096
[kinematics-ws] K clamp binds: eid 1001 demanded 27987 clamped 4096
[kinematics-ws] K clamp binds: eid 1003 demanded 6722 clamped 4096
[kinematics-ws] K clamp binds: eid 1002 demanded 13731 clamped 4096
[kinematics-ws] K clamp binds: eid 1001 demanded 27996 clamped 4096
[kinematics-ws] K clamp binds: eid 1003 demanded 6725 clamped 4096
[kinematics-ws] K clamp binds: eid 1003 demanded 6727 clamped 4096
[kinematics-ws] K clamp binds: eid 1002 demanded 13727 clamped 4096
[kinematics-ws] K clamp binds: eid 1001 demanded 27996 clamped 4096
[kinematics-ws] K clamp binds: eid 1003 demanded 6723 clamped 4096
[kinematics-ws] K clamp binds: eid 1001 demanded 27990 clamped 4096
[kinematics-ws] K clamp binds: eid 1002 demanded 13724 clamped 4096
[kinematics-ws] K clamp binds: eid 1003 demanded 6723 clamped 4096
[kinematics-ws] K clamp binds: eid 1001 demanded 27994 clamped 4096
[kinematics-ws] K clamp binds: eid 1002 demanded 13724 clamped 4096
[kinematics-ws] K clamp binds: eid 1003 demanded 6727 clamped 4096
[kinematics-ws] K clamp binds: eid 1002 demanded 13727 clamped 4096
[kinematics-ws] K clamp binds: eid 1001 demanded 28001 clamped 4096
[kinematics-ws] K clamp binds: eid 1001 demanded 28003 clamped 4096
[kinematics-ws] K clamp binds: eid 1003 demanded 6724 clamped 4096
[kinematics-ws] K clamp binds: eid 1002 demanded 13731 clamped 4096
[kinematics-ws] K clamp binds: eid 1003 demanded 6722 clamped 4096
[kinematics-ws] K clamp binds: eid 1001 demanded 27999 clamped 4096
[kinematics-ws] K clamp binds: eid 1002 demanded 13732 clamped 4096
[kinematics-ws] K clamp binds: eid 1001 demanded 27996 clamped 4096
[kinematics-ws] K clamp binds: eid 1003 [kinematics-ws] K clamp binds: eiddemanded 6726  clamped 1002 demanded 13728 4096clamped 4096

[kinematics-ws] K clamp binds: eid 1001 demanded 27998 clamped 4096
[kinematics-ws] K clamp binds: eid 1002 demanded 13723 clamped 4096
[kinematics-ws] K clamp binds: eid 1003 demanded 6725 clamped 4096
[kinematics-ws] K clamp binds: eid 1003 demanded 6721 clamped 4096
[kinematics-ws] K clamp binds: eid 1001 demanded 28002 clamped 4096
[kinematics-ws] K clamp binds: eid 1002 demanded 13723 clamped 4096
[kinematics-ws] K clamp binds: eid 1003 demanded 6725 clamped 4096
[kinematics-ws] K clamp binds: eid 1002 demanded 13728 clamped 4096
[kinematics-ws] K clamp binds: eid 1001 demanded 28006 clamped 4096
[kinematics-ws] K clamp binds: eid 1001 demanded 28009 clamped 4096
[kinematics-ws] K clamp binds: eid 1002 demanded 13731 clamped 4096
[kinematics-ws] K clamp binds: eid 1003 demanded 6725 clamped 4096
[kinematics-ws] K clamp binds: eid 1001 demanded 28011 clamped 4096
[kinematics-ws] K clamp binds: eid 1002 demanded 13726 clamped 4096
[kinematics-ws] K clamp binds: eid 1003 demanded 6721 clamped 4096
[kinematics-ws] K clamp binds: eid 1002 demanded 13721 clamped 4096
[kinematics-ws] K clamp binds: eid 1003 demanded 6725 clamped 4096
[kinematics-ws] K clamp binds: eid 1001 demanded 28011 clamped 4096
[kinematics-ws] K clamp binds: eid 1001 demanded 28012 clamped 4096
[kinematics-ws] K clamp binds: eid 1003 demanded 6725 clamped 4096
[kinematics-ws] K clamp binds: eid 1002 demanded 13725 clamped 4096
[kinematics-ws] K clamp binds: eid 1002 demanded 13730 clamped 4096
[kinematics-ws] K clamp binds: eid 1001 demanded 28012 clamped 4096
[kinematics-ws] K clamp binds: eid 1003 demanded 6721 clamped 4096
[kinematics-ws] K clamp binds: eid 1002 demanded 13726 clamped 4096
[kinematics-ws] K clamp binds: eid 1001 demanded 28012 clamped 4096
[kinematics-ws] K clamp binds: eid 1003 demanded 6725 clamped 4096
[kinematics-ws] K clamp binds: eid 1001 demanded 28012 clamped 4096
[kinematics-ws] K clamp binds: eid 1002 demanded 13720 clamped 4096
[kinematics-ws] K clamp binds: eid 1003 demanded 6724 clamped 4096
[kinematics-ws] K clamp binds: eid 1003 demanded 6721 clamped 4096
[kinematics-ws] K clamp binds: eid 1001 demanded 28012 clamped 4096
[kinematics-ws] K clamp binds: eid 1002 demanded 13726 clamped 4096
[kinematics-ws] K clamp binds: eid[kinematics-ws] K clamp binds: eid  1003 1001 demandeddemanded  6725 28012 clamped clamped 40964096

[kinematics-ws] K clamp binds: eid 1002 demanded 13729 clamped 4096
[kinematics-ws] K clamp binds: eid 1001 demanded 28011 clamped 4096
[kinematics-ws] K clamp binds: eid 1003 demanded 6723 clamped 4096
[kinematics-ws] K clamp binds: eid 1002 demanded 13721 clamped 4096
[kinematics-ws] K clamp binds: eid 1002 demanded 13722 clamped 4096
[kinematics-ws] K clamp binds: eid 1001 demanded 28009 clamped 4096
[kinematics-ws] K clamp binds: eid 1003 demanded 6721 clamped 4096
[kinematics-ws] K clamp binds: eid 1001 demanded 28006 clamped 4096
[kinematics-ws] K clamp binds: eid 1003 demanded 6726 clamped 4096
[kinematics-ws] K clamp binds: eid 1002 demanded 13729 clamped 4096
[kinematics-ws] K clamp binds: eid 1002 demanded 13722 clamped 4096
[kinematics-ws] K clamp binds: eid 1001 demanded 28004 clamped 4096
[kinematics-ws] K clamp binds: eid 1003 demanded 6721 clamped 4096
[kinematics-ws] K clamp binds: eid 1001 demanded 28006 clamped 4096
[kinematics-ws] K clamp binds: eid 1002 demanded 13721 clamped 4096
[kinematics-ws] K clamp binds: eid 1003 demanded 6723 clamped 4096
[kinematics-ws] K clamp binds: eid 1003 demanded 6725 clamped 4096
[kinematics-ws] K clamp binds: eid 1002 demanded 13728 clamped 4096
[kinematics-ws] K clamp binds: eid 1001 demanded 28009 clamped 4096
[kinematics-ws] K clamp binds: eid 1001 demanded 28011 clamped 4096
[kinematics-ws] K clamp binds: eid 1002 demanded 13721 clamped 4096
[kinematics-ws] K clamp binds: eid 1003 demanded 6720 clamped 4096
[kinematics-ws] K clamp binds: eid 1001 demanded 28007 clamped 4096
[kinematics-ws] K clamp binds: eid 1002 demanded 13721 clamped 4096
[kinematics-ws] K clamp binds: eid 1003 demanded 6725 clamped 4096
[kinematics-ws] K clamp binds: eid 1001 demanded 28002 clamped 4096
[kinematics-ws] K clamp binds: eid 1002 demanded 13728 clamped 4096
[kinematics-ws] K clamp binds: eid 1003 demanded 6722 clamped 4096
[kinematics-ws] K clamp binds: eid 1001 demanded 28005 clamped 4096
[kinematics-ws] K clamp binds: eid 1002 demanded 13719 clamped 4096
[kinematics-ws] K clamp binds: eid 1003 demanded 6722 clamped 4096
[kinematics-ws] K clamp binds: eid 1003 demanded 6725 clamped 4096
[kinematics-ws] K clamp binds: eid 1001 demanded 28009 clamped 4096
[kinematics-ws] K clamp binds: eid 1002 demanded 13725 clamped 4096
[kinematics-ws] K clamp binds: eid 1003 demanded 6720 clamped 4096
[kinematics-ws] K clamp binds: eid 1001 demanded 28005 clamped 4096
[kinematics-ws] K clamp binds: eid 1002 demanded 13724 clamped 4096
[kinematics-ws] K clamp binds: eid 1002 demanded 13719 clamped 4096
[kinematics-ws] K clamp binds: eid 1003 demanded 6725 clamped 4096
[kinematics-ws] K clamp binds: eid 1001 demanded 28001 clamped 4096
[kinematics-ws] K clamp binds: eid 1003 demanded 6721 clamped 4096
[kinematics-ws] K clamp binds: eid 1001 demanded 28007 clamped 4096
[kinematics-ws] K clamp binds: eid 1002 demanded 13728 clamped 4096
[kinematics-ws] K clamp binds: eid 1001 demanded 28004 clamped 4096
[kinematics-ws] K clamp binds: eid 1003 demanded 6723 clamped 4096
[kinematics-ws] K clamp binds: eid 1002 demanded 13718 clamped 4096
[kinematics-ws] K clamp binds: eid 1003 demanded 6724 clamped 4096
[kinematics-ws] K clamp binds: eid 1002 demanded 13726 clamped 4096
[kinematics-ws] K clamp binds: eid 1001 demanded 28000 clamped 4096
[kinematics-ws] K clamp binds: eid 1003 demanded 6720 clamped 4096
[kinematics-ws] K clamp binds: eid 1002 demanded 13721 clamped 4096
[kinematics-ws] K clamp binds: eid 1001 demanded 28007 clamped 4096
[kinematics-ws] K clamp binds: eid[kinematics-ws] K clamp binds: eid  1001 1003demanded  28000 demanded clamped6725  clamped 40964096

[kinematics-ws] K clamp binds: eid 1002 demanded 13723 clamped 4096
[kinematics-ws] K clamp binds: eid 1002 demanded 13724 clamped 4096
[kinematics-ws] K clamp binds: eid 1001 demanded 28003 clamped 4096
[kinematics-ws] K clamp binds: eid 1003 demanded 6720 clamped 4096
[kinematics-ws] K clamp binds: eid 1002 demanded 13721 clamped 4096
[kinematics-ws] K clamp binds: eid 1003 demanded 6725 clamped 4096
[kinematics-ws] K clamp binds: eid 1001 demanded 28004 clamped 4096
[kinematics-ws] K clamp binds: eid 1001 demanded 28001 clamped 4096
[kinematics-ws] K clamp binds: eid 1002 demanded 13726 clamped 4096
[kinematics-ws] K clamp binds: eid 1003 demanded 6721 clamped 4096
[kinematics-ws] K clamp binds: eid 1002 demanded 13720 clamped 4096
[kinematics-ws] K clamp binds: eid 1003 demanded 6723 clamped 4096
[kinematics-ws] K clamp binds: eid 1001 demanded 28006 clamped 4096
[kinematics-ws] K clamp binds: eid 1001 demanded 28001 clamped 4096
[kinematics-ws] K clamp binds: eid 1003 demanded 6723 clamped 4096
[kinematics-ws] K clamp binds: eid 1002 demanded 13727 clamped 4096
[kinematics-ws] K clamp binds: eid 1001 demanded 28006 clamped 4096
[kinematics-ws] K clamp binds: eid 1003 demanded 6722 clamped 4096
[kinematics-ws] K clamp binds: eid 1002 demanded 13720 clamped 4096
[kinematics-ws] K clamp binds: eid 1003 demanded 6725 clamped 4096
[kinematics-ws] K clamp binds: eid 1002 demanded 13727 clamped 4096
[kinematics-ws] K clamp binds: eid 1001 demanded 28002 clamped 4096
[kinematics-ws] K clamp binds: eid 1002 demanded 13721 clamped 4096
[kinematics-ws] K clamp binds: eid 1001 demanded 28006 clamped 4096
[kinematics-ws] K clamp binds: eid 1003 demanded 6721 clamped 4096
[kinematics-ws] K clamp binds: eid 1002 demanded 13726 clamped 4096
[kinematics-ws] K clamp binds: eid 1001 demanded 28006 clamped 4096
[kinematics-ws] K clamp binds: eid 1003 demanded 6725 clamped 4096
[kinematics-ws] K clamp binds: eid 1002 demanded 13724 clamped 4096
[kinematics-ws] K clamp binds: eid 1001 demanded 28004 clamped 4096
[kinematics-ws] K clamp binds: eid 1003 demanded 6720 clamped 4096
[kinematics-ws] K clamp binds: eid 1003 demanded 6726 clamped 4096
[kinematics-ws] K clamp binds: eid 1001 demanded 28011 clamped 4096
[kinematics-ws] K clamp binds: eid 1002 demanded 13724 clamped 4096
[kinematics-ws] K clamp binds: eid 1001 demanded 28005 clamped 4096
[kinematics-ws] K clamp binds: eid 1003 demanded 6720 clamped 4096
[kinematics-ws] K clamp binds: eid 1002 demanded 13728 clamped 4096
[kinematics-ws] K clamp binds: eid 1001 demanded 28010 clamped 4096
[kinematics-ws] K clamp binds: eid 1002 demanded 13721 clamped 4096
[kinematics-ws] K clamp binds: eid 1003 demanded 6726 clamped 4096
[kinematics-ws] K clamp binds: eid 1002 demanded 13731 clamped 4096
[kinematics-ws] K clamp binds: eid 1001 demanded 28013 clamped 4096
[kinematics-ws] K clamp binds: eid 1003 demanded 6721 clamped 4096
[kinematics-ws] K clamp binds: eid 1003 demanded 6726 clamped 4096
[kinematics-ws] K clamp binds: eid 1002 demanded 13721 clamped 4096
[kinematics-ws] K clamp binds: eid 1001 demanded 28008 clamped 4096
[kinematics-ws] K clamp binds: eid 1001 demanded 28012 clamped 4096
[kinematics-ws] K clamp binds: eid 1002 demanded 13729 clamped 4096
[kinematics-ws] K clamp binds: eid 1003 demanded 6721 clamped 4096
[kinematics-ws] K clamp binds: eid 1001 demanded 28017 clamped 4096
[kinematics-ws] K clamp binds: eid 1003 demanded 6726 clamped 4096
[kinematics-ws] K clamp binds: eid 1002 demanded 13727 clamped 4096
[kinematics-ws] K clamp binds: eid 1003 demanded 6721 clamped 4096
[kinematics-ws] K clamp binds: eid 1002 demanded 13724 clamped 4096
[kinematics-ws] K clamp binds: eid 1001 demanded 28014 clamped 4096
[kinematics-ws] K clamp binds: eid 1002 demanded 13733 clamped 4096
[kinematics-ws] K clamp binds: eid 1003 demanded 6726 clamped 4096
[kinematics-ws] K clamp binds: eid 1001 demanded 28013 clamped 4096
[kinematics-ws] K clamp binds: eid 1001 demanded 28017 clamped 4096
[kinematics-ws] K clamp binds: eid 1002 demanded 13725 clamped 4096
[kinematics-ws] K clamp binds: eid 1003 demanded 6721 clamped 4096
[kinematics-ws] K clamp binds: eid 1002 demanded 13728 clamped 4096
[kinematics-ws] K clamp binds: eid 1001 demanded 28022 clamped 4096
[kinematics-ws] K clamp binds: eid 1003 demanded 6726 clamped 4096
[kinematics-ws] K clamp binds: eid 1003 demanded 6722 clamped 4096
[kinematics-ws] K clamp binds: eid 1001 demanded 28022 clamped 4096
[kinematics-ws] K clamp binds: eid 1002 demanded 13734 clamped 4096
[kinematics-ws] K clamp binds: eid 1001 demanded 28020 clamped 4096
[kinematics-ws] K clamp binds: eid 1003 demanded 6726 clamped 4096
[kinematics-ws] K clamp binds: eid 1002 demanded 13726 clamped 4096
[kinematics-ws] K clamp binds: eid 1003 demanded 6722 clamped 4096
[kinematics-ws] K clamp binds: eid 1001 demanded 28019 clamped 4096
[kinematics-ws] K clamp binds: eid 1002 demanded 13730 clamped 4096
[kinematics-ws] K clamp binds: eid 1003 demanded 6726 clamped 4096
[kinematics-ws] K clamp binds: eid 1001 demanded 28020 clamped 4096
[kinematics-ws] K clamp binds: eid 1002 demanded 13736 clamped 4096
[kinematics-ws] K clamp binds: eid 1003 demanded 6724 clamped 4096
[kinematics-ws] K clamp binds: eid 1002 demanded 13729 clamped 4096
[kinematics-ws] K clamp binds: eid 1001 demanded 28023 clamped 4096
[kinematics-ws] K clamp binds: eid 1001 demanded 28025 clamped 4096
[kinematics-ws] K clamp binds: eid 1002 demanded 13730 clamped 4096
[kinematics-ws] K clamp binds: eid 1003 demanded 6725 clamped 4096
[kinematics-ws] K clamp binds: eid 1001 demanded 28028 clamped 4096
[kinematics-ws] K clamp binds: eid 1002 demanded 13738 clamped 4096
[kinematics-ws] K clamp binds: eid 1003 demanded 6726 clamped 4096
[kinematics-ws] K clamp binds: eid 1002 demanded 13734 clamped 4096
[kinematics-ws] K clamp binds: eid 1001 demanded 28029 clamped 4096
[kinematics-ws] K clamp binds: eid 1003 demanded 6723 clamped 4096
[kinematics-ws] K clamp binds: eid 1001 demanded 28030 clamped 4096
[kinematics-ws] K clamp binds: eid 1003 demanded 6728 clamped 4096
[kinematics-ws] K clamp binds: eid 1002 demanded 13729 clamped 4096
[kinematics-ws] K clamp binds: eid 1003 demanded 6723 clamped 4096
[kinematics-ws] K clamp binds: eid 1002 demanded 13735 clamped 4096
[kinematics-ws] K clamp binds: eid 1001 demanded 28030 clamped 4096
[kinematics-ws] K clamp binds: eid 1003 demanded 6728 clamped 4096
[kinematics-ws] K clamp binds: eid 1002 demanded 13740 clamped 4096
[kinematics-ws] K clamp binds: eid 1001 demanded 28030 clamped 4096
[kinematics-ws] K clamp binds: eid 1001 demanded 28030 clamped 4096
[kinematics-ws] K clamp binds: eid 1002 demanded 13736 clamped 4096
[kinematics-ws] K clamp binds: eid 1003 demanded 6724 clamped 4096
[kinematics-ws] K clamp binds: eid 1003 demanded 6726 clamped 4096
[kinematics-ws] K clamp binds: eid 1002 demanded 13732 clamped 4096
[kinematics-ws] K clamp binds: eid 1001 demanded 28029 clamped 4096
[kinematics-ws] K clamp binds: eid 1001 demanded 28028 clamped 4096
[kinematics-ws] K clamp binds: eid 1003 demanded 6727 clamped 4096
[kinematics-ws] K clamp binds: eid 1002 demanded 13736 clamped 4096
[kinematics-ws] K clamp binds: eid 1003 demanded 6724 clamped 4096
[kinematics-ws] K clamp binds: eid 1002 demanded 13742 clamped 4096
[kinematics-ws] K clamp binds: eid 1001 demanded 28027 clamped 4096
[kinematics-ws] K clamp binds: eid 1001 demanded 28026 clamped 4096
[kinematics-ws] K clamp binds: eid 1002 demanded 13742 clamped 4096
[kinematics-ws] K clamp binds: eid 1003 demanded 6729 clamped 4096
[kinematics-ws] K clamp binds: eid 1002 demanded 13737 clamped 4096
[kinematics-ws] K clamp binds: eid 1003 demanded 6725 clamped 4096
[kinematics-ws] K clamp binds: eid 1001 demanded 28026 clamped 4096
[kinematics-ws] K clamp binds: eid 1001 demanded 28027 clamped 4096
[kinematics-ws] K clamp binds: eid 1003 demanded 6727 clamped 4096
[kinematics-ws] K clamp binds: eid 1002 demanded 13735 clamped 4096
[kinematics-ws] K clamp binds: eid 1001 demanded 28030 clamped 4096
[kinematics-ws] K clamp binds: eid[kinematics-ws] K clamp binds: eid  1002 demanded1003  demanded 6729 clamped 13739 clamped 40964096

[kinematics-ws] K clamp binds: eid[kinematics-ws] K clamp binds: eid  10031001  demandeddemanded 6725 clamped  28031 clamped 40964096

[kinematics-ws] K clamp binds: eid 1002 demanded 13744 clamped 4096
[kinematics-ws] K clamp binds: eid 1001 demanded 28028 clamped 4096
[kinematics-ws] K clamp binds: eid 1002 demanded 13746 clamped 4096
[kinematics-ws] K clamp binds: eid 1003 demanded 6730 clamped 4096
[kinematics-ws] K clamp binds: eid 1003 demanded 6728 clamped 4096
[kinematics-ws] K clamp binds: eid 1002 demanded 13744 clamped 4096
[kinematics-ws] K clamp binds: eid 1001 demanded 28024 clamped 4096
[kinematics-ws] K clamp binds: eid 1001 demanded 28024 clamped 4096
[kinematics-ws] K clamp binds: eid 1002 demanded 13741 clamped 4096
[kinematics-ws] K clamp binds: eid 1003 demanded 6727 clamped 4096
[kinematics-ws] K clamp binds: eid 1002 demanded 13738 clamped 4096
[kinematics-ws] K clamp binds: eid 1003 demanded 6731 clamped 4096
[kinematics-ws] K clamp binds: eid 1001 demanded 28028 clamped 4096
[kinematics-ws] K clamp binds: eid 1002 demanded 13739 clamped 4096
[kinematics-ws] K clamp binds: eid 1001 demanded 28027 clamped 4096
[kinematics-ws] K clamp binds: eid 1003 demanded 6727 clamped 4096
[kinematics-ws] K clamp binds: eid [kinematics-ws] K clamp binds: eid 1002 demanded 100113742 clamped  demanded 28022 4096clamped 4096

[kinematics-ws] K clamp binds: eid 1003 demanded 6729 clamped 4096
[kinematics-ws] K clamp binds: eid 1001 demanded 28024 clamped 4096
[kinematics-ws] K clamp binds: eid 1003 demanded 6732 clamped 4096
[kinematics-ws] K clamp binds: eid 1002 demanded 13745 clamped 4096
[kinematics-ws] K clamp binds: eid 1001 demanded 28027 clamped 4096
[kinematics-ws] K clamp binds: eid 1002 demanded 13748 clamped 4096
[kinematics-ws] K clamp binds: eid 1003 demanded 6728 clamped 4096
[kinematics-ws] K clamp binds: eid 1001 demanded 28021 clamped 4096
[kinematics-ws] K clamp binds: eid 1002 demanded 13750 clamped 4096
[kinematics-ws] K clamp binds: eid 1003 demanded 6730 clamped 4096
[kinematics-ws] K clamp binds: eid 1001 demanded 28023 clamped 4096
[kinematics-ws] K clamp binds: eid 1002 demanded 13750 clamped 4096
[kinematics-ws] K clamp binds: eid 1003 demanded 6733 clamped 4096
[kinematics-ws] K clamp binds: eid 1002 demanded 13750 clamped 4096
[kinematics-ws] K clamp binds: eid 1003 demanded 6729 clamped 4096
[kinematics-ws] K clamp binds: eid 1001 demanded 28026 clamped 4096
[kinematics-ws] K clamp binds: eid 1002 demanded 13749 clamped 4096
[kinematics-ws] K clamp binds: eid 1003 demanded 6731 clamped 4096
[kinematics-ws] K clamp binds: eid 1001 demanded 28020 clamped 4096
[kinematics-ws] K clamp binds: eid 1003 demanded 6734 clamped 4096
[kinematics-ws] K clamp binds: eid 1001 demanded 28026 clamped 4096
[kinematics-ws] K clamp binds: eid 1002 demanded 13748 clamped 4096
[kinematics-ws] K clamp binds: eid 1002 demanded 13747 clamped 4096
[kinematics-ws] K clamp binds: eid 1003 demanded 6730 clamped 4096
[kinematics-ws] K clamp binds: eid 1001 demanded 28021 clamped 4096
[kinematics-ws] K clamp binds: eid 1002 demanded 13746 clamped 4096
[kinematics-ws] K clamp binds: eid 1003 demanded 6730 clamped 4096
[kinematics-ws] K clamp binds: eid 1001 demanded 28024 clamped 4096
[kinematics-ws] K clamp binds: eid 1003 demanded 6735 clamped 4096
[kinematics-ws] K clamp binds: eid 1001 demanded 28023 clamped 4096
[kinematics-ws] K clamp binds: eid 1002 demanded 13746 clamped 4096
[kinematics-ws] K clamp binds: eid 1001 demanded 28023 clamped 4096
[kinematics-ws] K clamp binds: eid 1003 demanded 6733 clamped 4096
[kinematics-ws] K clamp binds: eid 1002 demanded 13746 clamped 4096
[kinematics-ws] K clamp binds: eid[kinematics-ws] K clamp binds: eid  1003 1001 demanded demanded6730  28023 clampedclamped  40964096

[kinematics-ws] K clamp binds: eid 1002 demanded 13746 clamped 4096
[kinematics-ws] K clamp binds: eid 1002 demanded 13746 clamped 4096
[kinematics-ws] K clamp binds: eid 1001 demanded 28025 clamped 4096
[kinematics-ws] K clamp binds: eid 1003 demanded 6734 clamped 4096
[kinematics-ws] K clamp binds: eid 1003 demanded 6736 clamped 4096
[kinematics-ws] K clamp binds: eid 1001 demanded 28023 clamped 4096
[kinematics-ws] K clamp binds: eid 1002 demanded 13746 clamped 4096
[kinematics-ws] K clamp binds: eid 1002 demanded 13747 clamped 4096
[kinematics-ws] K clamp binds: eid 1003 demanded 6732 clamped 4096
[kinematics-ws] K clamp binds: eid 1001 demanded 28028 clamped 4096
[kinematics-ws] K clamp binds: eid 1001 demanded 28023 clamped 4096
[kinematics-ws] K clamp binds: eid 1003 demanded 6733 clamped 4096
[kinematics-ws] K clamp binds: eid 1002 demanded 13748 clamped 4096
[kinematics-ws] K clamp binds: eid 1001 demanded 28030 clamped 4096
[kinematics-ws] K clamp binds: eid 1002 demanded 13749 clamped 4096
[kinematics-ws] K clamp binds: eid 1003 demanded 6737 clamped 4096
[kinematics-ws] K clamp binds: eid 1001 demanded 28026 clamped 4096
[kinematics-ws] K clamp binds: eid 1002 demanded 13751 clamped 4096
[kinematics-ws] K clamp binds: eid 1003 demanded 6736 clamped 4096
[kinematics-ws] K clamp binds: eid 1003 demanded 6733 clamped 4096
[kinematics-ws] K clamp binds: eid 1002 demanded 13752 clamped 4096
[kinematics-ws] K clamp binds: eid 1001 demanded 28027 clamped 4096
[kinematics-ws] K clamp binds: eid 1003 demanded 6734 clamped 4096
[kinematics-ws] K clamp binds: eid 1002 demanded 13753 clamped 4096
[kinematics-ws] K clamp binds: eid 1001 demanded 28033 clamped 4096
[kinematics-ws] K clamp binds: eid 1001 demanded 28029 clamped 4096
[kinematics-ws] K clamp binds: eid 1002 demanded 13753 clamped 4096
[kinematics-ws] K clamp binds: eid 1003 demanded 6738 clamped 4096
[kinematics-ws] K clamp binds: eid 1003 demanded 6738 clamped 4096
[kinematics-ws] K clamp binds: eid 1001 demanded 28030 clamped 4096
[kinematics-ws] K clamp binds: eid 1002 demanded 13751 clamped 4096
[kinematics-ws] K clamp binds: eid 1001 demanded 28037 clamped 4096
[kinematics-ws] K clamp binds: eid 1002 demanded 13749 clamped 4096
[kinematics-ws] K clamp binds: eid 1003 demanded 6734 clamped 4096
[kinematics-ws] K clamp binds: eid 1001 demanded 28035 clamped 4096
[kinematics-ws] K clamp binds: eid 1003 demanded 6735 clamped 4096
[kinematics-ws] K clamp binds: eid 1002 demanded 13746 clamped 4096
[kinematics-ws] K clamp binds: eid 1001 demanded 28032 clamped 4096
[kinematics-ws] K clamp binds: eid 1002 demanded 13744 clamped 4096
[kinematics-ws] K clamp binds: eid 1003 demanded 6739 clamped 4096
[kinematics-ws] K clamp binds: eid 1002 demanded 13744 clamped 4096
[kinematics-ws] K clamp binds: eid 1003 demanded 6740 clamped 4096
[kinematics-ws] K clamp binds: eid 1001 demanded 28036 clamped 4096
[kinematics-ws] K clamp binds: eid 1001 demanded 28041 clamped 4096
[kinematics-ws] K clamp binds: eid 1003 demanded 6737 clamped 4096
[kinematics-ws] K clamp binds: eid 1002 demanded 13748 clamped 4096
[kinematics-ws] K clamp binds: eid 1001 demanded 28042 clamped 4096
[kinematics-ws] K clamp binds: eid 1003 demanded 6735 clamped 4096
[kinematics-ws] K clamp binds: eid 1002 demanded 13751 clamped 4096
[kinematics-ws] K clamp binds: eid 1001 demanded 28040 clamped 4096
[kinematics-ws] K clamp binds: eid 1002 demanded 13752 clamped 4096
[kinematics-ws] K clamp binds: eid 1003 demanded 6738 clamped 4096
[kinematics-ws] K clamp binds: eid 1003 demanded 6741 clamped 4096
[kinematics-ws] K clamp binds: eid 1002 demanded 13749 clamped 4096
[kinematics-ws] K clamp binds: eid 1001 demanded 28038 clamped 4096
[kinematics-ws] K clamp binds: eid 1003 demanded 6741 clamped 4096
[kinematics-ws] K clamp binds: eid 1001 demanded 28040 clamped 4096
[kinematics-ws] K clamp binds: eid 1002 demanded 13744 clamped 4096
[kinematics-ws] K clamp binds: eid 1002 demanded 13743 clamped 4096
[kinematics-ws] K clamp binds: eid 1001 demanded 28042 clamped 4096
[kinematics-ws] K clamp binds: eid 1003 demanded 6738 clamped 4096
[kinematics-ws] K clamp binds: eid 1001 demanded 28045 clamped 4096
[kinematics-ws] K clamp binds: eid 1003 demanded 6737 clamped 4096
[kinematics-ws] K clamp binds: eid 1002 demanded 13747 clamped 4096
[kinematics-ws] K clamp binds: eid 1001 demanded 28048 clamped 4096
[kinematics-ws] K clamp binds: eid 1002 demanded 13751 clamped 4096
[kinematics-ws] K clamp binds: eid 1003 demanded 6739 clamped 4096
[kinematics-ws] K clamp binds: eid 1001 demanded 28049 clamped 4096
[kinematics-ws] K clamp binds: eid 1003 demanded 6742 clamped 4096
[kinematics-ws] K clamp binds: eid 1002 demanded 13750 clamped 4096
[kinematics-ws] K clamp binds: eid 1002 demanded 13743 clamped 4096
[kinematics-ws] K clamp binds: eid 1001 demanded 28050 clamped 4096
[kinematics-ws] K clamp binds: eid 1003 demanded 6743 clamped 4096
[kinematics-ws] K clamp binds: eid 1003 demanded 6742 clamped 4096
[kinematics-ws] K clamp binds: eid 1002 demanded 13742 clamped 4096
[kinematics-ws] K clamp binds: eid 1001 demanded 28050 clamped 4096
[kinematics-ws] K clamp binds: eid 1001 demanded 28050 clamped 4096
[kinematics-ws] K clamp binds: eid 1003 demanded 6739 clamped 4096
[kinematics-ws] K clamp binds: eid 1002 demanded 13748 clamped 4096
[kinematics-ws] K clamp binds: eid 1002 demanded 13750 clamped 4096
[kinematics-ws] K clamp binds: eid 1001 demanded 28050 clamped 4096
[kinematics-ws] K clamp binds: eid 1003 demanded 6739 clamped 4096
[kinematics-ws] K clamp binds: eid 1002 demanded 13744 clamped 4096
[kinematics-ws] K clamp binds: eid 1003 demanded 6740 clamped 4096
[kinematics-ws] K clamp binds: eid 1001 demanded 28050 clamped 4096
[kinematics-ws] K clamp binds: eid 1001 demanded 28050 clamped 4096
[kinematics-ws] K clamp binds: eid 1002 demanded 13741 clamped 4096
[kinematics-ws] K clamp binds: eid 1003 demanded 6743 clamped 4096
[kinematics-ws] K clamp binds: eid 1002 demanded 13748 clamped 4096
[kinematics-ws] K clamp binds: eid 1001 demanded 28049 clamped 4096
[kinematics-ws] K clamp binds: eid 1003 demanded 6745 clamped 4096
[kinematics-ws] K clamp binds: eid 1002 demanded 13748 clamped 4096
[kinematics-ws] K clamp binds: eid 1001 demanded 28048 clamped 4096
[kinematics-ws] K clamp binds: eid 1003 demanded 6744 clamped 4096
[kinematics-ws] K clamp binds: eid 1002 demanded 13741 clamped 4096
[kinematics-ws] K clamp binds: eid 1001 demanded 28047 clamped 4096
[kinematics-ws] K clamp binds: eid 1003 demanded 6743 clamped 4096
[kinematics-ws] K clamp binds: eid 1001 demanded 28047 clamped 4096
[kinematics-ws] K clamp binds: eid 1003 demanded 6741 clamped 4096
[kinematics-ws] K clamp binds: eid 1002 demanded 13743 clamped 4096
[kinematics-ws] K clamp binds: eid 1001 demanded 28047 clamped 4096
[kinematics-ws] K clamp binds: eid[kinematics-ws] K clamp binds: eid  1003 1002 demanded 6740 clampeddemanded  13749 clamped 40964096

[kinematics-ws] K clamp binds: eid 1003 demanded 6741 clamped 4096
[kinematics-ws] K clamp binds: eid 1001 demanded 28049 clamped 4096
[kinematics-ws] K clamp binds: eid 1002 demanded 13742 clamped 4096
[kinematics-ws] K clamp binds: eid 1001 demanded 28049 clamped 4096
[kinematics-ws] K clamp binds: eid 1003 demanded 6743 clamped 4096
[kinematics-ws] K clamp binds: eid 1002 demanded 13741 clamped 4096
[kinematics-ws] K clamp binds: eid 1001 demanded 28047 clamped 4096
[kinematics-ws] K clamp binds: eid 1003 demanded 6745 clamped 4096
[kinematics-ws] K clamp binds: eid 1002 demanded 13748 clamped 4096
[kinematics-ws] K clamp binds: eid 1003 demanded 6746 clamped 4096
[kinematics-ws] K clamp binds: eid 1001 demanded 28045 clamped 4096
[kinematics-ws] K clamp binds: eid 1002 demanded 13741 clamped 4096
[kinematics-ws] K clamp binds: eid 1003 demanded 6747 clamped 4096
[kinematics-ws] K clamp binds: eid 1002 demanded 13741 clamped 4096
[kinematics-ws] K clamp binds: eid 1001 demanded 28046 clamped 4096
[kinematics-ws] K clamp binds: eid 1003 demanded 6746 clamped 4096
[kinematics-ws] K clamp binds: eid 1002 demanded 13748 clamped 4096
[kinematics-ws] K clamp binds: eid 1001 demanded 28047 clamped 4096
[kinematics-ws] K clamp binds: eid 1001 demanded 28045 clamped 4096
[kinematics-ws] K clamp binds: eid 1002 demanded 13739 clamped 4096
[kinematics-ws] K clamp binds: eid 1003 demanded 6745 clamped 4096
[kinematics-ws] K clamp binds: eid 1001 demanded 28043 clamped 4096
[kinematics-ws] K clamp binds: eid 1002 demanded 13744 clamped 4096
[kinematics-ws] K clamp binds: eid 1003 demanded 6743 clamped 4096
[kinematics-ws] K clamp binds: eid 1001 demanded 28045 clamped 4096
[kinematics-ws] K clamp binds: eid 1002 demanded 13745 clamped 4096
[kinematics-ws] K clamp binds: eid 1003 demanded 6743 clamped 4096
[kinematics-ws] K clamp binds: eid 1003 demanded 6743 clamped 4096
[kinematics-ws] K clamp binds: eid 1001 demanded 28045 clamped 4096
[kinematics-ws] K clamp binds: eid 1002 demanded 13739 clamped 4096
[kinematics-ws] K clamp binds: eid[kinematics-ws] K clamp binds: eid  1001 1003 demandeddemanded 6743 clamped  28042 clamped 40964096

[kinematics-ws] K clamp binds: eid 1002 demanded 13747 clamped 4096
[kinematics-ws] K clamp binds: eid 1001 demanded 28045 clamped 4096
[kinematics-ws] K clamp binds: eid 1003 demanded 6744 clamped 4096
[kinematics-ws] K clamp binds: eid 1002 demanded 13739 clamped 4096
[kinematics-ws] K clamp binds: eid 1002 demanded 13744 clamped 4096
[kinematics-ws] K clamp binds: eid 1003 demanded 6745 clamped 4096
[kinematics-ws] K clamp binds: eid 1001 demanded 28043 clamped 4096
[kinematics-ws] K clamp binds: eid 1001 demanded 28042 clamped 4096
[kinematics-ws] K clamp binds: eid 1003 demanded 6746 clamped 4096
[kinematics-ws] K clamp binds: eid 1002 demanded 13743 clamped 4096
[kinematics-ws] K clamp binds: eid 1002 demanded 13741 clamped 4096
[kinematics-ws] K clamp binds: eid 1001 demanded 28044 clamped 4096
[kinematics-ws] K clamp binds: eid 1003 demanded 6747 clamped 4096
[kinematics-ws] K clamp binds: eid 1003 demanded 6748 clamped 4096
[kinematics-ws] K clamp binds: eid 1002 demanded 13746 clamped 4096
[kinematics-ws] K clamp binds: eid 1001 demanded 28041 clamped 4096
[kinematics-ws] K clamp binds: eid 1003 demanded 6749 clamped 4096
[kinematics-ws] K clamp binds: eid 1001 demanded 28045 clamped 4096
[kinematics-ws] K clamp binds: eid 1002 demanded 13739 clamped 4096
[kinematics-ws] K clamp binds: eid 1003 demanded 6749 clamped 4096
[kinematics-ws] K clamp binds: eid 1002 demanded 13747 clamped 4096
[kinematics-ws] K clamp binds: eid 1001 demanded 28041 clamped 4096
[kinematics-ws] K clamp binds: eid 1001 demanded 28045 clamped 4096
[kinematics-ws] K clamp binds: eid 1002 demanded 13739 clamped 4096
[kinematics-ws] K clamp binds: eid 1003 demanded 6749 clamped 4096
[kinematics-ws] K clamp binds: eid 1003 demanded 6749 clamped 4096
[kinematics-ws] K clamp binds: eid 1002 demanded 13748 clamped 4096
[kinematics-ws] K clamp binds: eid 1001 demanded 28042 clamped 4096
[kinematics-ws] K clamp binds: eid 1001 demanded 28046 clamped 4096
[kinematics-ws] K clamp binds: eid 1002 demanded 13739 clamped 4096
[kinematics-ws] K clamp binds: eid 1003 demanded 6749 clamped 4096
[kinematics-ws] K clamp binds: eid 1002 demanded 13748 clamped 4096
[kinematics-ws] K clamp binds: eid 1001 demanded 28043 clamped 4096
[kinematics-ws] K clamp binds: eid 1003 demanded 6749 clamped 4096
[kinematics-ws] K clamp binds: eid 1001 demanded 28047 clamped 4096
[kinematics-ws] K clamp binds: eid 1003 demanded 6749 clamped 4096
[kinematics-ws] K clamp binds: eid 1002 demanded 13739 clamped 4096
[kinematics-ws] K clamp binds: eid 1001 demanded 28046 clamped 4096
[kinematics-ws] K clamp binds: eid 1003 demanded 6748 clamped 4096
[kinematics-ws] K clamp binds: eid 1002 demanded 13748 clamped 4096
[kinematics-ws] K clamp binds: eid 1001 demanded 28046 clamped 4096
[kinematics-ws] K clamp binds: eid 1003 demanded 6748 clamped 4096
[kinematics-ws] K clamp binds: eid 1002 demanded 13740 clamped 4096
[kinematics-ws] K clamp binds: eid 1002 demanded 13748 clamped 4096
[kinematics-ws] K clamp binds: eid 1003 demanded 6748 clamped 4096
[kinematics-ws] K clamp binds: eid 1001 demanded 28050 clamped 4096
[kinematics-ws] K clamp binds: eid 1001 demanded 28048 clamped 4096
[kinematics-ws] K clamp binds: eid 1002 demanded 13742 clamped 4096
[kinematics-ws] K clamp binds: eid 1003 demanded 6748 clamped 4096
[kinematics-ws] K clamp binds: eid 1003 demanded 6748 clamped 4096
[kinematics-ws] K clamp binds: eid 1002 demanded 13746 clamped 4096
[kinematics-ws] K clamp binds: eid 1001 demanded 28050 clamped 4096
[kinematics-ws] K clamp binds: eid 1001 demanded 28054 clamped 4096
[kinematics-ws] K clamp binds: eid 1002 demanded 13746 clamped 4096
[kinematics-ws] K clamp binds: eid 1003 demanded 6748 clamped 4096
[kinematics-ws] K clamp binds: eid 1001 demanded 28051 clamped 4096
[kinematics-ws] K clamp binds: eid 1002 demanded 13743 clamped 4096
[kinematics-ws] K clamp binds: eid 1003 demanded 6749 clamped 4096
[kinematics-ws] K clamp binds: eid 1003 demanded 6749 clamped 4096
[kinematics-ws] K clamp binds: eid 1002 demanded 13750 clamped 4096
[kinematics-ws] K clamp binds: eid 1001 demanded 28052 clamped 4096
[kinematics-ws] K clamp binds: eid 1002 demanded 13742 clamped 4096
[kinematics-ws] K clamp binds: eid 1003 demanded 6749 clamped 4096
[kinematics-ws] K clamp binds: eid 1001 demanded 28057 clamped 4096
[kinematics-ws] K clamp binds: eid [kinematics-ws] K clamp binds: eid1002  demanded 13750 clamped 1003 demanded 6749 clamped 4096[kinematics-ws] K clamp binds: eid 40961001 
demanded
 28058 clamped 4096
[kinematics-ws] K clamp binds: eid 1002 demanded 13748 clamped 4096
[kinematics-ws] K clamp binds: eid 1001 demanded 28056 clamped 4096
[kinematics-ws] K clamp binds: eid 1003 demanded 6749 clamped 4096
[kinematics-ws] K clamp binds: eid 1001 demanded 28056 clamped 4096
[kinematics-ws] K clamp binds: eid 1003 demanded 6750 clamped 4096
[kinematics-ws] K clamp binds: eid 1002 demanded 13745 clamped 4096
[kinematics-ws] K clamp binds: eid 1003 demanded 6750 clamped 4096
[kinematics-ws] K clamp binds: eid 1001 demanded 28060 clamped 4096
[kinematics-ws] K clamp binds: eid 1002 demanded 13753 clamped 4096
[kinematics-ws] K clamp binds: eid 1003 demanded 6750 clamped 4096
[kinematics-ws] K clamp binds: eid 1002 demanded 13747 clamped 4096
[kinematics-ws] K clamp binds: eid 1001 demanded 28063 clamped 4096
[kinematics-ws] K clamp binds: eid 1002 demanded 13748 clamped 4096
[kinematics-ws] K clamp binds: eid 1003 demanded 6750 clamped 4096
[kinematics-ws] K clamp binds: eid 1001 demanded 28064 clamped 4096
[kinematics-ws] K clamp binds: eid 1001 demanded 28064 clamped 4096
[kinematics-ws] K clamp binds: eid 1003 demanded 6750 clamped 4096
[kinematics-ws] K clamp binds: eid 1002 demanded 13754 clamped 4096
[kinematics-ws] K clamp binds: eid 1002 demanded 13748 clamped 4096
[kinematics-ws] K clamp binds: eid 1001 demanded 28063 clamped 4096
[kinematics-ws] K clamp binds: eid 1003 demanded 6750 clamped 4096
[kinematics-ws] K clamp binds: eid 1003 demanded 6749 clamped 4096
[kinematics-ws] K clamp binds: eid 1001 demanded 28063 clamped 4096
[kinematics-ws] K clamp binds: eid 1002 demanded 13749 clamped 4096
[kinematics-ws] K clamp binds: eid 1002 demanded 13756 clamped 4096
[kinematics-ws] K clamp binds: eid 1001 demanded 28063 clamped 4096
[kinematics-ws] K clamp binds: eid 1003 demanded 6748 clamped 4096
[kinematics-ws] K clamp binds: eid 1001 demanded 28064 clamped 4096
[kinematics-ws] K clamp binds: eid 1003 demanded 6748 clamped 4096
[kinematics-ws] K clamp binds: eid 1002 demanded 13751 clamped 4096
[kinematics-ws] K clamp binds: eid 1002 demanded 13749 clamped 4096
[kinematics-ws] K clamp binds: eid 1001 demanded 28064 clamped 4096
[kinematics-ws] K clamp binds: eid 1003 demanded 6747 clamped 4096
[kinematics-ws] K clamp binds: eid 1002 demanded 13756 clamped 4096
[kinematics-ws] K clamp binds: eid 1003 demanded 6747 clamped 4096
[kinematics-ws] K clamp binds: eid 1001 demanded 28065 clamped 4096
[kinematics-ws] K clamp binds: eid 1003 demanded 6747 clamped 4096
[kinematics-ws] K clamp binds: eid 1002 demanded 13757 clamped 4096
[kinematics-ws] K clamp binds: eid 1001 demanded 28065 clamped 4096
[kinematics-ws] K clamp binds: eid[kinematics-ws] K clamp binds: eid  10011002 demanded 13751  clampeddemanded  28065 clamped 40964096

[kinematics-ws] K clamp binds: eid 1003 demanded 6747 clamped 4096
[kinematics-ws] K clamp binds: eid 1001 demanded 28065 clamped 4096
[kinematics-ws] K clamp binds: eid 1003 demanded 6748 clamped 4096
[kinematics-ws] K clamp binds: eid 1002 demanded 13753 clamped 4096
[kinematics-ws] K clamp binds: eid 1003 demanded 6749 clamped 4096
[kinematics-ws] K clamp binds: eid 1001 demanded 28064 clamped 4096
[kinematics-ws] K clamp binds: eid 1002 demanded 13760 clamped 4096
[kinematics-ws] K clamp binds: eid 1002 demanded 13759 clamped 4096
[kinematics-ws] K clamp binds: eid 1003 demanded 6750 clamped 4096
[kinematics-ws] K clamp binds: eid 1001 demanded 28065 clamped 4096
[kinematics-ws] K clamp binds: eid 1002 demanded 13754 clamped 4096
[kinematics-ws] K clamp binds: eid 1001 demanded 28066 clamped 4096
[kinematics-ws] K clamp binds: eid 1003 demanded 6750 clamped 4096
[kinematics-ws] K clamp binds: eid[kinematics-ws] K clamp binds: eid  10031001  demanded demanded 6750 28069 clampedclamped  40964096

[kinematics-ws] K clamp binds: eid 1002 demanded 13754 clamped 4096
[kinematics-ws] K clamp binds: eid 1001 demanded 28072 clamped 4096
[kinematics-ws] K clamp binds: eid 1002 demanded 13759 clamped 4096
[kinematics-ws] K clamp binds: eid 1003 demanded 6748 clamped 4096
[kinematics-ws] K clamp binds: eid 1001 demanded 28072 clamped 4096
[kinematics-ws] K clamp binds: eid 1002 demanded 13763 clamped 4096
[kinematics-ws] K clamp binds: eid 1003 demanded 6747 clamped 4096
[kinematics-ws] K clamp binds: eid 1001 demanded 28069 clamped 4096
[kinematics-ws] K clamp binds: eid 1002 demanded 13761 clamped 4096
[kinematics-ws] K clamp binds: eid 1003 demanded 6746 clamped 4096
[kinematics-ws] K clamp binds: eid 1002 demanded 13757 clamped 4096
[kinematics-ws] K clamp binds: eid 1001 demanded 28064 clamped 4096
[kinematics-ws] K clamp binds: eid 1003 demanded 6747 clamped 4096
[kinematics-ws] K clamp binds: eid 1001 demanded 28063 clamped 4096
[kinematics-ws] K clamp binds: eid 1002 demanded 13756 clamped 4096
[kinematics-ws] K clamp binds: eid 1003 demanded 6748 clamped 4096
[kinematics-ws] K clamp binds: eid 1002 demanded 13760 clamped 4096
[kinematics-ws] K clamp binds: eid 1003 demanded 6749 clamped 4096
[kinematics-ws] K clamp binds: eid 1001 demanded 28068 clamped 4096
[kinematics-ws] K clamp binds: eid 1001 demanded 28070 clamped 4096
[kinematics-ws] K clamp binds: eid 1003 demanded 6750 clamped 4096
[kinematics-ws] K clamp binds: eid 1002 demanded 13764 clamped 4096
[kinematics-ws] K clamp binds: eid 1002 demanded 13767 clamped 4096
[kinematics-ws] K clamp binds: eid 1001 demanded 28064 clamped 4096
[kinematics-ws] K clamp binds: eid 1003 demanded 6749 clamped 4096
[kinematics-ws] K clamp binds: eid 1001 demanded 28062 clamped 4096
[kinematics-ws] K clamp binds: eid 1003 demanded 6748 clamped 4096
[kinematics-ws] K clamp binds: eid 1002 demanded 13766 clamped 4096
[kinematics-ws] K clamp binds: eid 1003 demanded 6746 clamped 4096
[kinematics-ws] K clamp binds: eid 1002 demanded 13763 clamped 4096
[kinematics-ws] K clamp binds: eid 1001 demanded 28068 clamped 4096
[kinematics-ws] K clamp binds: eid 1001 demanded 28065 clamped 4096
[kinematics-ws] K clamp binds: eid 1003 demanded 6746 clamped 4096
[kinematics-ws] K clamp binds: eid 1002 demanded 13761 clamped 4096
[kinematics-ws] K clamp binds: eid 1002 demanded 13759 clamped 4096
[kinematics-ws] K clamp binds: eid 1003 demanded 6747 clamped 4096
[kinematics-ws] K clamp binds: eid 1001 demanded 28060 clamped 4096
[kinematics-ws] K clamp binds: eid 1001 demanded 28067 clamped 4096
[kinematics-ws] K clamp binds: eid 1003 demanded 6749 clamped 4096
[kinematics-ws] K clamp binds: eid 1002 demanded 13760 clamped 4096
[kinematics-ws] K clamp binds: eid 1002 demanded 13762 clamped 4096
[kinematics-ws] K clamp binds: eid 1001 demanded 28063 clamped 4096
[kinematics-ws] K clamp binds: eid 1003 demanded 6749 clamped 4096
[kinematics-ws] K clamp binds: eid 1001 demanded 28061 clamped 4096
[kinematics-ws] K clamp binds: eid 1002 demanded 13765 clamped 4096
[kinematics-ws] K clamp binds: eid 1003 demanded 6747 clamped 4096
[kinematics-ws] K clamp binds: eid 1003 demanded 6746 clamped 4096
[kinematics-ws] K clamp binds: eid 1002 demanded 13767 clamped 4096
[kinematics-ws] K clamp binds: eid 1001 demanded 28067 clamped 4096
[kinematics-ws] K clamp binds: eid 1001 demanded 28059 clamped 4096
[kinematics-ws] K clamp binds: eid 1002 demanded 13769 clamped 4096
[kinematics-ws] K clamp binds: eid 1003 demanded 6746 clamped 4096
[kinematics-ws] K clamp binds: eid 1002 demanded 13770 clamped 4096
[kinematics-ws] K clamp binds: eid 1003 demanded 6747 clamped 4096
[kinematics-ws] K clamp binds: eid 1001 demanded 28067 clamped 4096
[kinematics-ws] K clamp binds: eid 1002 demanded 13771 clamped 4096
[kinematics-ws] K clamp binds: eid 1003 demanded 6749 clamped 4096
[kinematics-ws] K clamp binds: eid 1001 demanded 28060 clamped 4096
[kinematics-ws] K clamp binds: eid 1002 demanded 13771 clamped 4096
[kinematics-ws] K clamp binds: eid 1001 demanded 28066 clamped 4096
[kinematics-ws] K clamp binds: eid 1003 demanded 6748 clamped 4096
[kinematics-ws] K clamp binds: eid 1002 demanded 13772 clamped 4096
[kinematics-ws] K clamp binds: eid 1003 demanded 6746 clamped 4096
[kinematics-ws] K clamp binds: eid 1001 demanded 28061 clamped 4096
[kinematics-ws] K clamp binds: eid 1001 demanded 28067 clamped 4096
[kinematics-ws] K clamp binds: eid 1003 demanded 6745 clamped 4096
[kinematics-ws] K clamp binds: eid 1002 demanded 13772 clamped 4096
[kinematics-ws] K clamp binds: eid 1002 demanded 13772 clamped 4096
[kinematics-ws] K clamp binds: eid 1001 demanded 28061 clamped 4096
[kinematics-ws] K clamp binds: eid 1003 demanded 6747 clamped 4096
UI cursor : free
[kinematics-ws] K clamp binds: eid 1001 demanded 28069 clamped 4096
[kinematics-ws] K clamp binds: eid 1003 demanded 6748 clamped 4096
[kinematics-ws] K clamp binds: eid 1002 demanded 13772 clamped 4096
[kinematics-ws] K clamp binds: eid 1001 demanded 28062 clamped 4096
[kinematics-ws] K clamp binds: eid 1003 demanded 6747 clamped 4096
[kinematics-ws] K clamp binds: eid 1002 demanded 13772 clamped 4096
[kinematics-ws] K clamp binds: eid 1002 demanded 13772 clamped 4096
[kinematics-ws] K clamp binds: eid 1001 demanded 28069 clamped 4096
[kinematics-ws] K clamp binds: eid 1003 demanded 6745 clamped 4096
[kinematics-ws] K clamp binds: eid 1002 demanded 13772 clamped 4096
[kinematics-ws] K clamp binds: eid 1001 demanded 28067 clamped 4096
[kinematics-ws] K clamp binds: eid 1003 demanded 6745 clamped 4096
[kinematics-ws] K clamp binds: eid 1001 demanded 28065 clamped 4096
[kinematics-ws] K clamp binds: eid 1003 demanded 6747 clamped 4096
[kinematics-ws] K clamp binds: eid 1002 demanded 13771 clamped 4096
[kinematics-ws] K clamp binds: eid 1003 demanded 6748 clamped 4096
[kinematics-ws] K clamp binds: eid 1002 demanded 13771 clamped 4096
[kinematics-ws] K clamp binds: eid 1001 demanded 28073 clamped 4096
[kinematics-ws] K clamp binds: eid 1002 demanded 13770 clamped 4096
[kinematics-ws] K clamp binds: eid 1003 demanded 6745 clamped 4096
[kinematics-ws] K clamp binds: eid 1001 demanded 28069 clamped 4096
[kinematics-ws] K clamp binds: eid 1001 demanded 28069 clamped 4096
[kinematics-ws] K clamp binds: eid 1003 demanded 6744 clamped 4096
[kinematics-ws] K clamp binds: eid 1002 demanded 13769 clamped 4096
[kinematics-ws] K clamp binds: eid 1002 demanded 13767 clamped 4096
[kinematics-ws] K clamp binds: eid 1003 demanded 6746 clamped 4096
[kinematics-ws] K clamp binds: eid 1001 demanded 28076 clamped 4096
[kinematics-ws] K clamp binds: eid 1002 demanded 13766 clamped 4096
[kinematics-ws] K clamp binds: eid 1003 demanded 6747 clamped 4096
[kinematics-ws] K clamp binds: eid 1001 demanded 28075 clamped 4096
[kinematics-ws] K clamp binds: eid 1001 demanded 28071 clamped 4096
[kinematics-ws] K clamp binds: eid 1003 demanded 6745 clamped 4096
[kinematics-ws] K clamp binds: eid 1002 demanded 13765 clamped 4096
[kinematics-ws] K clamp binds: eid 1001 demanded 28075 clamped 4096
[kinematics-ws] K clamp binds: eid 1003 demanded 6744 clamped 4096
[kinematics-ws] K clamp binds: eid 1002 demanded 13766 clamped 4096
[kinematics-ws] K clamp binds: eid 1002 demanded 13768 clamped 4096
[kinematics-ws] K clamp binds: eid 1001 demanded 28081 clamped 4096
[kinematics-ws] K clamp binds: eid 1003 demanded 6746 clamped 4096
[kinematics-ws] K clamp binds: eid[kinematics-ws] K clamp binds: eid  1001 1002demanded  demanded28082 13770  clampedclamped  40964096

[kinematics-ws] K clamp binds: eid 1003 demanded 6747 clamped 4096
[kinematics-ws] K clamp binds: eid 1001 demanded 28079 clamped 4096
[kinematics-ws] K clamp binds: eid 1003 demanded 6744 clamped 4096
[kinematics-ws] K clamp binds: eid 1002 demanded 13771 clamped 4096
[kinematics-ws] K clamp binds: eid 1002 demanded 13771 clamped 4096
[kinematics-ws] K clamp binds: eid 1001 demanded 28077 clamped 4096
[kinematics-ws] K clamp binds: eid 1003 demanded 6744 clamped 4096
[kinematics-ws] K clamp binds: eid 1001 demanded 28079 clamped 4096
[kinematics-ws] K clamp binds: eid 1003 demanded 6746 clamped 4096
[kinematics-ws] K clamp binds: eid 1002 demanded 13768 clamped 4096
[kinematics-ws] K clamp binds: eid 1002 demanded 13765 clamped 4096
[kinematics-ws] K clamp binds: eid 1003 demanded 6746 clamped 4096
[kinematics-ws] K clamp binds: eid 1001 demanded 28083 clamped 4096
[kinematics-ws] K clamp binds: eid [kinematics-ws] K clamp binds: eid 10011002  demanded demanded 13765 28086clamped  clamped 40964096

[kinematics-ws] K clamp binds: eid 1003 demanded 6743 clamped 4096
[kinematics-ws] K clamp binds: eid 1001 demanded 28088 clamped 4096
[kinematics-ws] K clamp binds: eid 1002 demanded 13767 clamped 4096
[kinematics-ws] K clamp binds: eid 1003 demanded 6744 clamped 4096
[kinematics-ws] K clamp binds: eid 1001 demanded 28089 clamped 4096
[kinematics-ws] K clamp binds: eid 1002 demanded 13770 clamped 4096
[kinematics-ws] K clamp binds: eid 1003 demanded 6746 clamped 4096
[kinematics-ws] K clamp binds: eid 1001 demanded 28090 clamped 4096
[kinematics-ws] K clamp binds: eid 1002 demanded 13769 clamped 4096
[kinematics-ws] K clamp binds: eid 1003 demanded 6744 clamped 4096
[kinematics-ws] K clamp binds: eid 1001 demanded 28090 clamped 4096
[kinematics-ws] K clamp binds: eid 1003 demanded 6743 clamped 4096
[kinematics-ws] K clamp binds: eid 1002 demanded 13765 clamped 4096
[kinematics-ws] K clamp binds: eid 1003 demanded 6746 clamped 4096
[kinematics-ws] K clamp binds: eid 1001 demanded 28090 clamped 4096
[kinematics-ws] K clamp binds: eid 1002 demanded 13763 clamped 4096
[kinematics-ws] K clamp binds: eid 1001 demanded 28090 clamped 4096
[kinematics-ws] K clamp binds: eid 1002 demanded 13766 clamped 4096
[kinematics-ws] K clamp binds: eid 1003 demanded 6745 clamped 4096
[kinematics-ws] K clamp binds: eid 1002 demanded 13769 clamped 4096
[kinematics-ws] K clamp binds: eid 1003 demanded 6743 clamped 4096
[kinematics-ws] K clamp binds: eid 1001 demanded 28090 clamped 4096
[kinematics-ws] K clamp binds: eid 1003 demanded 6745 clamped 4096
[kinematics-ws] K clamp binds: eid 1001 demanded 28091 clamped 4096
[kinematics-ws] K clamp binds: eid 1002 demanded 13767 clamped 4096
[kinematics-ws] K clamp binds: eid 1001 demanded 28091 clamped 4096
[kinematics-ws] K clamp binds: eid 1003 demanded 6745 clamped 4096
[kinematics-ws] K clamp binds: eid 1002 demanded 13763 clamped 4096
[kinematics-ws] K clamp binds: eid 1003 demanded 6742 clamped 4096
[kinematics-ws] K clamp binds: eid 1002 demanded 13765 clamped 4096
[kinematics-ws] K clamp binds: eid 1001 demanded 28090 clamped 4096
[kinematics-ws] K clamp binds: eid 1001 demanded 28090 clamped 4096
[kinematics-ws] K clamp binds: eid 1002 demanded 13768 clamped 4096
[kinematics-ws] K clamp binds: eid 1003 demanded 6744 clamped 4096
[kinematics-ws] K clamp binds: eid[kinematics-ws] K clamp binds: eid  1002 demanded 1001 13765demanded  28088 clampedclamped  40964096

[kinematics-ws] K clamp binds: eid 1003 demanded 6745 clamped 4096
[kinematics-ws] K clamp binds: eid 1001 demanded 28086 clamped 4096
[kinematics-ws] K clamp binds: eid 1003 demanded 6742 clamped 4096
[kinematics-ws] K clamp binds: eid 1002 demanded 13762 clamped 4096
[kinematics-ws] K clamp binds: eid 1001 demanded 28086 clamped 4096
[kinematics-ws] K clamp binds: eid 1003 demanded 6744 clamped 4096
[kinematics-ws] K clamp binds: eid 1002 demanded 13766 clamped 4096
[kinematics-ws] K clamp binds: eid 1002 demanded 13767 clamped 4096
[kinematics-ws] K clamp binds: eid 1003 demanded 6744 clamped 4096
[kinematics-ws] K clamp binds: eid 1001 demanded 28087 clamped 4096
[kinematics-ws] K clamp binds: eid 1002 demanded 13761 clamped 4096
[kinematics-ws] K clamp binds: eid 1001 demanded 28089 clamped 4096
[kinematics-ws] K clamp binds: eid 1003 demanded 6742 clamped 4096
[kinematics-ws] K clamp binds: eid 1001 demanded 28089 clamped 4096
[kinematics-ws] K clamp binds: eid 1002 demanded 13764 clamped 4096
[kinematics-ws] K clamp binds: eid 1003 demanded 6744 clamped 4096
[kinematics-ws] K clamp binds: eid 1002 demanded 13767 clamped 4096
[kinematics-ws] K clamp binds: eid 1001 demanded 28085 clamped 4096
[kinematics-ws] K clamp binds: eid 1003 demanded 6744 clamped 4096
[kinematics-ws] K clamp binds: eid 1002 demanded 13761 clamped 4096
[kinematics-ws] K clamp binds: eid 1001 demanded 28084 clamped 4096
[kinematics-ws] K clamp binds: eid 1003 demanded 6742 clamped 4096
[kinematics-ws] K clamp binds: eid 1002 demanded 13764 clamped 4096
[kinematics-ws] K clamp binds: eid 1003 demanded 6745 clamped 4096
[kinematics-ws] K clamp binds: eid 1001 demanded 28087 clamped 4096
[kinematics-ws] K clamp binds: eid 1002 demanded 13766 clamped 4096
[kinematics-ws] K clamp binds: eid 1003 demanded 6743 clamped 4096
[kinematics-ws] K clamp binds: eid 1001 demanded 28087 clamped 4096
[kinematics-ws] K clamp binds: eid 1002 demanded 13760 clamped 4096
[kinematics-ws] K clamp binds: eid 1003 demanded 6742 clamped 4096
[kinematics-ws] K clamp binds: eid 1001 demanded 28083 clamped 4096
[kinematics-ws] K clamp binds: eid 1002 demanded 13765 clamped 4096
[kinematics-ws] K clamp binds: eid 1003 demanded 6745 clamped 4096
[kinematics-ws] K clamp binds: eid 1001 demanded 28084 clamped 4096
[kinematics-ws] K clamp binds: eid 1002 demanded 13764 clamped 4096
[kinematics-ws] K clamp binds: eid 1003 demanded 6742 clamped 4096
[kinematics-ws] K clamp binds: eid 1001 demanded 28086 clamped 4096
[kinematics-ws] K clamp binds: eid 1001 demanded 28082 clamped 4096
[kinematics-ws] K clamp binds: eid 1002 demanded 13760 clamped 4096
[kinematics-ws] K clamp binds: eid 1003 demanded 6743 clamped 4096
[kinematics-ws] K clamp binds: eid 1001 demanded 28083 clamped 4096
[kinematics-ws] K clamp binds: eid 1003 demanded 6744 clamped 4096
[kinematics-ws] K clamp binds: eid 1002 demanded 13766 clamped 4096
[kinematics-ws] K clamp binds: eid 1002 demanded 13760 clamped 4096
[kinematics-ws] K clamp binds: eid 1003 demanded 6741 clamped 4096
[kinematics-ws] K clamp binds: eid 1001 demanded 28085 clamped 4096
[kinematics-ws] K clamp binds: eid 1001 demanded 28081 clamped 4096
[kinematics-ws] K clamp binds: eid 1003 demanded 6744 clamped 4096
[kinematics-ws] K clamp binds: eid 1002 demanded 13764 clamped 4096
[kinematics-ws] K clamp binds: eid 1002 demanded 13763 clamped 4096
[kinematics-ws] K clamp binds: eid 1001 demanded 28085 clamped 4096
[kinematics-ws] K clamp binds: eid 1003 demanded 6742 clamped 4096
[kinematics-ws] K clamp binds: eid 1001 demanded 28081 clamped 4096
[kinematics-ws] K clamp binds: eid 1003 demanded 6742 clamped 4096
[kinematics-ws] K clamp binds: eid 1002 demanded 13761 clamped 4096
[kinematics-ws] K clamp binds: eid 1001 demanded 28085 clamped 4096
[kinematics-ws] K clamp binds: eid 1002 demanded 13765 clamped 4096
[kinematics-ws] K clamp binds: eid 1003 demanded 6744 clamped 4096
[kinematics-ws] K clamp binds: eid 1003 demanded 6741 clamped 4096
[kinematics-ws] K clamp binds: eid 1001 demanded 28082 clamped 4096
[kinematics-ws] K clamp binds: eid 1002 demanded 13760 clamped 4096
[kinematics-ws] K clamp binds: eid 1001 demanded 28085 clamped 4096
[kinematics-ws] K clamp binds: eid 1002 demanded 13766 clamped 4096
[kinematics-ws] K clamp binds: eid 1003 demanded 6744 clamped 4096
[kinematics-ws] K clamp binds: eid 1001 demanded 28082 clamped 4096
[kinematics-ws] K clamp binds: eid 1002 demanded 13760 clamped 4096
[kinematics-ws] K clamp binds: eid 1003 demanded 6742 clamped 4096
[kinematics-ws] K clamp binds: eid 1001 demanded 28086 clamped 4096
[kinematics-ws] K clamp binds: eid 1003 demanded 6743 clamped 4096
[kinematics-ws] K clamp binds: eid 1002 demanded 13766 clamped 4096
[kinematics-ws] K clamp binds: eid 1001 demanded 28083 clamped 4096
[kinematics-ws] K clamp binds: eid 1002 demanded 13760 clamped 4096
[kinematics-ws] K clamp binds: eid 1003 demanded 6743 clamped 4096
[kinematics-ws] K clamp binds: eid 1003 demanded 6741 clamped 4096
[kinematics-ws] K clamp binds: eid 1002 demanded 13766 clamped 4096
[kinematics-ws] K clamp binds: eid 1001 demanded 28088 clamped 4096
[kinematics-ws] K clamp binds: eid 1001 demanded 28084 clamped 4096
[kinematics-ws] K clamp binds: eid 1003 demanded 6744 clamped 4096
[kinematics-ws] K clamp binds: eid 1002 demanded 13760 clamped 4096
[kinematics-ws] K clamp binds: eid 1003 demanded 6741 clamped 4096
[kinematics-ws] K clamp binds: eid 1001 demanded 28088 clamped 4096
[kinematics-ws] K clamp binds: eid 1002 demanded 13767 clamped 4096
[kinematics-ws] K clamp binds: eid 1001 demanded 28089 clamped 4096
[kinematics-ws] K clamp binds: eid 1002 demanded 13761 clamped 4096
[kinematics-ws] K clamp binds: eid 1003 demanded 6744 clamped 4096
[kinematics-ws] K clamp binds: eid 1001 demanded 28087 clamped 4096
[kinematics-ws] K clamp binds: eid 1002 demanded 13768 clamped 4096
[kinematics-ws] K clamp binds: eid 1003 demanded 6742 clamped 4096
[kinematics-ws] K clamp binds: eid 1002 demanded 13761 clamped 4096
[kinematics-ws] K clamp binds: eid 1001 demanded 28092 clamped 4096
[kinematics-ws] K clamp binds: eid 1003 demanded 6743 clamped 4096
[kinematics-ws] K clamp binds: eid 1003 demanded 6743 clamped 4096
[kinematics-ws] K clamp binds: eid 1002 demanded 13768 clamped 4096
[kinematics-ws] K clamp binds: eid 1001 demanded 28092 clamped 4096
[kinematics-ws] K clamp binds: eid 1001 demanded 28090 clamped 4096
[kinematics-ws] K clamp binds: eid 1003 demanded 6742 clamped 4096
[kinematics-ws] K clamp binds: eid 1002 demanded 13762 clamped 4096
[kinematics-ws] K clamp binds: eid 1002 demanded 13767 clamped 4096
[kinematics-ws] K clamp binds: eid 1003 demanded 6744 clamped 4096
[kinematics-ws] K clamp binds: eid 1001 demanded 28094 clamped 4096
[kinematics-ws] K clamp binds: eid 1003 demanded 6742 clamped 4096
[kinematics-ws] K clamp binds: eid 1001 demanded 28097 clamped 4096
[kinematics-ws] K clamp binds: eid 1002 demanded 13766 clamped 4096
[kinematics-ws] K clamp binds: eid 1002 demanded 13764 clamped 4096
[kinematics-ws] K clamp binds: eid 1003 demanded 6744 clamped 4096
[kinematics-ws] K clamp binds: eid 1001 demanded 28096 clamped 4096
[kinematics-ws] K clamp binds: eid 1003 demanded 6741 clamped 4096
[kinematics-ws] K clamp binds: eid 1001 demanded 28095 clamped 4096
[kinematics-ws] K clamp binds: eid 1002 demanded 13770 clamped 4096
[kinematics-ws] K clamp binds: eid 1001 demanded 28098 clamped 4096
[kinematics-ws] K clamp binds: eid 1002 demanded 13764 clamped 4096
[kinematics-ws] K clamp binds: eid 1003 demanded 6745 clamped 4096
[kinematics-ws] K clamp binds: eid [kinematics-ws] K clamp binds: eid 10011002  demanded demanded 28101 clamped 13770 clamped 40964096

[kinematics-ws] K clamp binds: eid 1003 demanded 6741 clamped 4096
[kinematics-ws] K clamp binds: eid 1003 demanded 6745 clamped 4096
[kinematics-ws] K clamp binds: eid 1002 demanded 13768 clamped 4096
[kinematics-ws] K clamp binds: eid 1001 demanded 28103 clamped 4096
[kinematics-ws] K clamp binds: eid 1002 demanded 13766 clamped 4096
[kinematics-ws] K clamp binds: eid 1003 demanded 6741 clamped 4096
[kinematics-ws] K clamp binds: eid 1001 demanded 28102 clamped 4096
[kinematics-ws] K clamp binds: eid 1001 demanded 28102 clamped 4096
[kinematics-ws] K clamp binds: eid 1002 demanded 13772 clamped 4096
[kinematics-ws] K clamp binds: eid 1003 demanded 6745 clamped 4096
[kinematics-ws] K clamp binds: eid 1001 demanded 28102 clamped 4096
[kinematics-ws] K clamp binds: eid 1003 demanded 6742 clamped 4096
[kinematics-ws] K clamp binds: eid 1002 demanded 13768 clamped 4096
[kinematics-ws] K clamp binds: eid 1001 demanded 28103 clamped 4096
[kinematics-ws] K clamp binds: eid 1002 demanded 13768 clamped 4096
[kinematics-ws] K clamp binds: eid 1003 demanded 6745 clamped 4096
[kinematics-ws] K clamp binds: eid 1003 demanded 6742 clamped 4096
[kinematics-ws] K clamp binds: eid 1002 demanded 13774 clamped 4096
[kinematics-ws] K clamp binds: eid 1001 demanded 28104 clamped 4096
[kinematics-ws] K clamp binds: eid 1002 demanded 13769 clamped 4096
[kinematics-ws] K clamp binds: eid 1001 demanded 28105 clamped 4096
[kinematics-ws] K clamp binds: eid 1003 demanded 6745 clamped 4096
[kinematics-ws] K clamp binds: eid 1003 demanded 6742 clamped 4096
[kinematics-ws] K clamp binds: eid 1001 demanded 28106 clamped 4096
[kinematics-ws] K clamp binds: eid 1002 demanded 13769 clamped 4096
[kinematics-ws] K clamp binds: eid 1001 demanded 28107 clamped 4096
[kinematics-ws] K clamp binds: eid 1002 demanded 13775 clamped 4096
[kinematics-ws] K clamp binds: eid 1003 demanded 6746 clamped 4096
[kinematics-ws] K clamp binds: eid 1002 demanded 13773 clamped 4096
[kinematics-ws] K clamp binds: eid 1001 demanded 28107 clamped 4096
[kinematics-ws] K clamp binds: eid 1003 demanded 6742 clamped 4096
[kinematics-ws] K clamp binds: eid 1001 demanded 28107 clamped 4096
[kinematics-ws] K clamp binds: eid 1002 demanded 13770 clamped 4096
[kinematics-ws] K clamp binds: eid 1003 demanded 6746 clamped 4096
[kinematics-ws] K clamp binds: eid 1003 demanded 6743 clamped 4096
[kinematics-ws] K clamp binds: eid 1001 demanded 28106 clamped 4096
[kinematics-ws] K clamp binds: eid 1002 demanded 13775 clamped 4096
[kinematics-ws] K clamp binds: eid 1001 demanded 28106 clamped 4096
[kinematics-ws] K clamp binds: eid 1002 demanded 13778 clamped 4096
[kinematics-ws] K clamp binds: eid 1003 demanded 6745 clamped 4096
[kinematics-ws] K clamp binds: eid 1002 demanded 13773 clamped 4096
[kinematics-ws] K clamp binds: eid 1003 demanded 6744 clamped 4096
[kinematics-ws] K clamp binds: eid 1001 demanded 28105 clamped 4096
[kinematics-ws] K clamp binds: eid 1003 demanded 6745 clamped 4096
[kinematics-ws] K clamp binds: eid 1002 demanded 13773 clamped 4096
[kinematics-ws] K clamp binds: eid 1001 demanded 28105 clamped 4096
[kinematics-ws] K clamp binds: eid 1002 demanded 13778 clamped 4096
[kinematics-ws] K clamp binds: eid 1001 demanded 28107 clamped 4096
[kinematics-ws] K clamp binds: eid 1003 demanded 6745 clamped 4096
[kinematics-ws] K clamp binds: eid 1003 demanded 6744 clamped 4096
[kinematics-ws] K clamp binds: eid 1001 demanded 28109 clamped 4096
[kinematics-ws] K clamp binds: eid 1002 demanded 13780 clamped 4096
[kinematics-ws] K clamp binds: eid 1002 demanded 13777 clamped 4096
[kinematics-ws] K clamp binds: eid 1003 demanded 6747 clamped 4096
[kinematics-ws] K clamp binds: eid 1001 demanded 28111 clamped 4096
[kinematics-ws] K clamp binds: eid 1001 demanded 28111 clamped 4096
[kinematics-ws] K clamp binds: eid 1003 demanded 6744 clamped 4096
[kinematics-ws] K clamp binds: eid 1002 demanded 13775 clamped 4096
[kinematics-ws] K clamp binds: eid 1001 demanded 28107 clamped 4096
[kinematics-ws] K clamp binds: eid 1003 demanded 6747 clamped 4096
[kinematics-ws] K clamp binds: eid 1002 demanded 13777 clamped 4096
[kinematics-ws] K clamp binds: eid 1001 demanded 28103 clamped 4096
[kinematics-ws] K clamp binds: eid 1002 demanded 13782 clamped 4096
[kinematics-ws] K clamp binds: eid 1003 demanded 6745 clamped 4096
[kinematics-ws] K clamp binds: eid 1003 demanded 6746 clamped 4096
[kinematics-ws] K clamp binds: eid 1002 demanded 13783 clamped 4096
[kinematics-ws] K clamp binds: eid 1001 demanded 28106 clamped 4096
[kinematics-ws] K clamp binds: eid 1003 demanded 6746 clamped 4096
[kinematics-ws] K clamp binds: eid 1001 demanded 28109 clamped 4096
[kinematics-ws] K clamp binds: eid 1002 demanded 13780 clamped 4096
[kinematics-ws] K clamp binds: eid 1001 demanded 28107 clamped 4096
[kinematics-ws] K clamp binds: eid 1003 demanded 6745 clamped 4096
[kinematics-ws] K clamp binds: eid 1002 demanded 13778 clamped 4096
[kinematics-ws] K clamp binds: eid 1001 demanded 28102 clamped 4096
[kinematics-ws] K clamp binds: eid 1003 demanded 6748 clamped 4096
[kinematics-ws] K clamp binds: eid 1002 demanded 13778 clamped 4096
[kinematics-ws] K clamp binds: eid 1001 demanded 28105 clamped 4096
[kinematics-ws] K clamp binds: eid 1003 demanded 6745 clamped 4096
[kinematics-ws] K clamp binds: eid 1002 demanded 13781 clamped 4096
[kinematics-ws] K clamp binds: eid 1001 demanded 28108 clamped 4096
[kinematics-ws] K clamp binds: eid 1002 demanded 13784 clamped 4096
[kinematics-ws] K clamp binds: eid 1003 demanded 6748 clamped 4096
[kinematics-ws] K clamp binds: eid [kinematics-ws] K clamp binds: eid 10011002  demanded demanded 2810113786  clamped 4096clamped 4096

[kinematics-ws] K clamp binds: eid 1003 demanded 6748 clamped 4096
[kinematics-ws] K clamp binds: eid 1002 demanded 13786 clamped 4096
[kinematics-ws] K clamp binds: eid 1003 demanded 6746 clamped 4096
[kinematics-ws] K clamp binds: eid 1001 demanded 28103 clamped 4096
[kinematics-ws] K clamp binds: eid 1002 demanded 13784 clamped 4096
[kinematics-ws] K clamp binds: eid 1001 demanded 28106 clamped 4096
[kinematics-ws] K clamp binds: eid 1003 demanded 6749 clamped 4096
[kinematics-ws] K clamp binds: eid 1003 demanded 6747 clamped 4096
[kinematics-ws] K clamp binds: eid 1001 demanded 28099 clamped 4096
[kinematics-ws] K clamp binds: eid 1002 demanded 13783 clamped 4096
[kinematics-ws] K clamp binds: eid 1001 demanded 28106 clamped 4096
[kinematics-ws] K clamp binds: eid 1002 demanded 13782 clamped 4096
[kinematics-ws] K clamp binds: eid 1003 demanded 6748 clamped 4096
[kinematics-ws] K clamp binds: eid 1003 demanded 6750 clamped 4096
[kinematics-ws] K clamp binds: eid 1002 demanded 13782 clamped 4096
[kinematics-ws] K clamp binds: eid 1001 demanded 28102 clamped 4096
[kinematics-ws] K clamp binds: eid 1001 demanded 28102 clamped 4096
[kinematics-ws] K clamp binds: eid 1002 demanded 13783 clamped 4096
[kinematics-ws] K clamp binds: eid 1003 demanded 6747 clamped 4096
[kinematics-ws] K clamp binds: eid 1001 demanded 28105 clamped 4096
[kinematics-ws] K clamp binds: eid 1002 demanded 13784 clamped 4096
[kinematics-ws] K clamp binds: eid 1003 demanded 6750 clamped 4096
[kinematics-ws] K clamp binds: eid 1001 demanded 28101 clamped 4096
[kinematics-ws] K clamp binds: eid 1002 demanded 13785 clamped 4096
[kinematics-ws] K clamp binds: eid 1003 demanded 6750 clamped 4096
[kinematics-ws] K clamp binds: eid 1001 demanded 28106 clamped 4096
[kinematics-ws] K clamp binds: eid 1002 demanded 13786 clamped 4096
[kinematics-ws] K clamp binds: eid 1003 demanded 6748 clamped 4096
[kinematics-ws] K clamp binds: eid 1002 demanded 13787 clamped 4096
[kinematics-ws] K clamp binds: eid 1003 demanded 6751 clamped 4096
[kinematics-ws] K clamp binds: eid 1001 demanded 28101 clamped 4096
[kinematics-ws] K clamp binds: eid 1001 demanded 28106 clamped 4096
[kinematics-ws] K clamp binds: eid 1002 demanded 13788 clamped 4096
[kinematics-ws] K clamp binds: eid 1003 demanded 6751 clamped 4096
[kinematics-ws] K clamp binds: eid 1001 demanded 28104 clamped 4096
[kinematics-ws] K clamp binds: eid 1003 demanded 6749 clamped 4096
[kinematics-ws] K clamp binds: eid 1002 demanded 13789 clamped 4096
[kinematics-ws] K clamp binds: eid 1002 demanded 13789 clamped 4096
[kinematics-ws] K clamp binds: eid 1001 demanded 28105 clamped 4096
[kinematics-ws] K clamp binds: eid 1003 demanded 6752 clamped 4096
[kinematics-ws] K clamp binds: eid 1001 demanded 28109 clamped 4096
[kinematics-ws] K clamp binds: eid 1002 demanded 13789 clamped 4096
[kinematics-ws] K clamp binds: eid 1003 demanded 6752 clamped 4096
[kinematics-ws] K clamp binds: eid 1002 demanded 13789 clamped 4096
[kinematics-ws] K clamp binds: eid 1001 demanded 28103 clamped 4096
[kinematics-ws] K clamp binds: eid 1003 demanded 6750 clamped 4096
[kinematics-ws] K clamp binds: eid 1003 demanded 6752 clamped 4096
[kinematics-ws] K clamp binds: eid 1001 demanded 28111 clamped 4096
[kinematics-ws] K clamp binds: eid 1002 demanded 13789 clamped 4096
[kinematics-ws] K clamp binds: eid 1001 demanded 28108 clamped 4096
[kinematics-ws] K clamp binds: eid 1003 demanded 6753 clamped 4096
[kinematics-ws] K clamp binds: eid 1002 demanded 13788 clamped 4096
[kinematics-ws] K clamp binds: eid 1001 demanded 28107 clamped 4096
[kinematics-ws] K clamp binds: eid 1003 demanded 6751 clamped 4096
[kinematics-ws] K clamp binds: eid 1002 demanded 13788 clamped 4096
[kinematics-ws] K clamp binds: eid 1001 demanded 28115 clamped 4096
[kinematics-ws] K clamp binds: eid 1003 demanded 6752 clamped 4096
[kinematics-ws] K clamp binds: eid 1002 demanded 13787 clamped 4096
[kinematics-ws] K clamp binds: eid 1001 demanded 28112 clamped 4096
[kinematics-ws] K clamp binds: eid 1003 demanded 6755 clamped 4096
[kinematics-ws] K clamp binds: eid 1002 demanded 13786 clamped 4096
[kinematics-ws] K clamp binds: eid 1002 demanded 13785 clamped 4096
[kinematics-ws] K clamp binds: eid 1001 demanded 28109 clamped 4096
[kinematics-ws] K clamp binds: eid 1003 demanded 6753 clamped 4096
[kinematics-ws] K clamp binds: eid 1001 demanded 28116 clamped 4096
[kinematics-ws] K clamp binds: eid 1002 demanded 13785 clamped 4096
[kinematics-ws] K clamp binds: eid 1003 demanded 6752 clamped 4096
[kinematics-ws] K clamp binds: eid 1003 demanded 6754 clamped 4096
[kinematics-ws] K clamp binds: eid 1001 demanded 28119 clamped 4096
[kinematics-ws] K clamp binds: eid 1002 demanded 13785 clamped 4096
[kinematics-ws] K clamp binds: eid 1003 demanded 6756 clamped 4096
[kinematics-ws] K clamp binds: eid 1002 demanded 13787 clamped 4096
[kinematics-ws] K clamp binds: eid 1001 demanded 28115 clamped 4096
[kinematics-ws] K clamp binds: eid 1002 demanded 13789 clamped 4096
[kinematics-ws] K clamp binds: eid 1001 demanded 28114 clamped 4096
[kinematics-ws] K clamp binds: eid 1003 demanded 6754 clamped 4096
[kinematics-ws] K clamp binds: eid 1001 demanded 28119 clamped 4096
[kinematics-ws] K clamp binds: eid 1002 demanded 13791 clamped 4096
[kinematics-ws] K clamp binds: eid 1003 demanded 6753 clamped 4096
[kinematics-ws] K clamp binds: eid 1003 demanded 6756 clamped 4096
[kinematics-ws] K clamp binds: eid 1002 demanded 13792 clamped 4096
[kinematics-ws] K clamp binds: eid 1001 demanded 28124 clamped 4096
[kinematics-ws] K clamp binds: eid 1003 demanded 6757 clamped 4096
[kinematics-ws] K clamp binds: eid 1002 demanded 13791 clamped 4096
[kinematics-ws] K clamp binds: eid 1001 demanded 28125 clamped 4096
[kinematics-ws] K clamp binds: eid 1002 demanded 13788 clamped 4096[kinematics-ws] K clamp binds: eid 
1003 demanded 6755 clamped [kinematics-ws] K clamp binds: eid 1001 demanded 28123 clamped 4096
4096
[kinematics-ws] K clamp binds: eid 1003 demanded 6755 clamped 4096
[kinematics-ws] K clamp binds: eid 1001 demanded 28121 clamped 4096
[kinematics-ws] K clamp binds: eid 1002 demanded 13785 clamped 4096
[kinematics-ws] K clamp binds: eid 1001 demanded 28120 clamped 4096
[kinematics-ws] K clamp binds: eid 1002 demanded [kinematics-ws] K clamp binds: eid 13784 1003 clamped demanded 6757 clamped 40964096

[kinematics-ws] K clamp binds: eid 1001 demanded 28121 clamped 4096
[kinematics-ws] K clamp binds: eid 1002 demanded 13786 clamped 4096
[kinematics-ws] K clamp binds: eid 1003 demanded 6758 clamped 4096
[kinematics-ws] K clamp binds: eid 1002 demanded 13790 clamped 4096
[kinematics-ws] K clamp binds: eid 1003 demanded 6756 clamped 4096
[kinematics-ws] K clamp binds: eid 1001 demanded 28122 clamped 4096
[kinematics-ws] K clamp binds: eid 1002 demanded 13791 clamped 4096
[kinematics-ws] K clamp binds: eid 1003 demanded 6756 clamped 4096
[kinematics-ws] K clamp binds: eid 1001 demanded 28124 clamped 4096
[kinematics-ws] K clamp binds: eid 1001 demanded 28125 clamped 4096
[kinematics-ws] K clamp binds: eid 1003 demanded 6758 clamped 4096
[kinematics-ws] K clamp binds: eid 1002 demanded 13788 clamped 4096
[kinematics-ws] K clamp binds: eid 1001 demanded 28126 clamped 4096
[kinematics-ws] K clamp binds: eid 1002 demanded 13784 clamped 4096
[kinematics-ws] K clamp binds: eid 1003 demanded 6760 clamped 4096
[kinematics-ws] K clamp binds: eid 1001 demanded 28126 clamped 4096
[kinematics-ws] K clamp binds: eid 1002 demanded 13784 clamped 4096
[kinematics-ws] K clamp binds: eid 1003 demanded 6759 clamped 4096
[kinematics-ws] K clamp binds: eid 1001 demanded 28125 clamped 4096
[kinematics-ws] K clamp binds: eid 1003 demanded 6757 clamped 4096
[kinematics-ws] K clamp binds: eid 1002 demanded 13788 clamped 4096
[kinematics-ws] K clamp binds: eid 1003 demanded 6757 clamped 4096
[kinematics-ws] K clamp binds: eid 1002 demanded 13790 clamped 4096
[kinematics-ws] K clamp binds: eid 1001 demanded 28124 clamped 4096
[kinematics-ws] K clamp binds: eid 1003 demanded 6759 clamped 4096
[kinematics-ws] K clamp binds: eid 1002 demanded 13786 clamped 4096
[kinematics-ws] K clamp binds: eid 1001 demanded 28123 clamped 4096
[kinematics-ws] K clamp binds: eid 1002 demanded 13782 clamped 4096
[kinematics-ws] K clamp binds: eid 1001 demanded 28123 clamped 4096
[kinematics-ws] K clamp binds: eid 1003 demanded 6761 clamped 4096
[kinematics-ws] K clamp binds: eid 1003 demanded 6761 clamped 4096
[kinematics-ws] K clamp binds: eid 1002 demanded 13785 clamped 4096
[kinematics-ws] K clamp binds: eid 1001 demanded 28125 clamped 4096
[kinematics-ws] K clamp binds: eid [kinematics-ws] K clamp binds: eid 1001 demanded 28128 1002clamped  demanded 13789 clamped 40964096

[kinematics-ws] K clamp binds: eid 1003 demanded 6759 clamped 4096
[kinematics-ws] K clamp binds: eid 1002 demanded 13785 clamped 4096
[kinematics-ws] K clamp binds: eid 1003 demanded 6758 clamped 4096
[kinematics-ws] K clamp binds: eid 1001 demanded 28132 clamped 4096
[kinematics-ws] K clamp binds: eid 1002 demanded 13781 clamped 4096
[kinematics-ws] K clamp binds: eid 1003 demanded 6760 clamped 4096
[kinematics-ws] K clamp binds: eid 1001 demanded 28133 clamped 4096
[kinematics-ws] K clamp binds: eid 1001 demanded 28130 clamped 4096
[kinematics-ws] K clamp binds: eid 1003 demanded 6762 clamped 4096
[kinematics-ws] K clamp binds: eid 1002 demanded 13786 clamped 4096
[kinematics-ws] K clamp binds: eid 1001 demanded 28123 clamped 4096
[kinematics-ws] K clamp binds: eid 1003 demanded 6763 clamped 4096
[kinematics-ws] K clamp binds: eid 1002 demanded 13788 clamped 4096
[kinematics-ws] K clamp binds: eid 1003 demanded 6762 clamped 4096
[kinematics-ws] K clamp binds: eid 1002 demanded 13782 clamped 4096
[kinematics-ws] K clamp binds: eid 1001 demanded 28122 clamped 4096
[kinematics-ws] K clamp binds: eid 1003 demanded 6761 clamped 4096
[kinematics-ws] K clamp binds: eid 1002 demanded 13783 clamped 4096
[kinematics-ws] K clamp binds: eid 1001 demanded 28128 clamped 4096
[kinematics-ws] K clamp binds: eid 1002 demanded 13788 clamped 4096
[kinematics-ws] K clamp binds: eid 1001 demanded 28131 clamped 4096
[kinematics-ws] K clamp binds: eid 1003 demanded 6760 clamped 4096
[kinematics-ws] K clamp binds: eid 1002 demanded 13782 clamped 4096
[kinematics-ws] K clamp binds: eid 1001 demanded 28123 clamped 4096
[kinematics-ws] K clamp binds: eid 1003 demanded 6761 clamped 4096
[kinematics-ws] K clamp binds: eid 1001 demanded 28120 clamped 4096
[kinematics-ws] K clamp binds: eid 1002 demanded 13782 clamped 4096
[kinematics-ws] K clamp binds: eid 1003 demanded 6762 clamped 4096
[kinematics-ws] K clamp binds: eid 1002 demanded 13787 clamped 4096
[kinematics-ws] K clamp binds: eid 1001 demanded 28129 clamped 4096
[kinematics-ws] K clamp binds: eid 1003 demanded 6764 clamped 4096
[kinematics-ws] K clamp binds: eid 1003 demanded 6765 clamped 4096
[kinematics-ws] K clamp binds: eid 1002 demanded 13781 clamped 4096
[kinematics-ws] K clamp binds: eid 1001 demanded 28126 clamped 4096
[kinematics-ws] K clamp binds: eid 1001 demanded 28119 clamped 4096
[kinematics-ws] K clamp binds: eid 1003 demanded 6764 clamped 4096
[kinematics-ws] K clamp binds: eid 1002 demanded 13782 clamped 4096
[kinematics-ws] K clamp binds: eid 1003 demanded 6763 clamped 4096
[kinematics-ws] K clamp binds: eid 1002 demanded 13787 clamped 4096
[kinematics-ws] K clamp binds: eid 1001 demanded 28128 clamped 4096
[kinematics-ws] K clamp binds: eid 1003 demanded 6762 clamped 4096
[kinematics-ws] K clamp binds: eid 1001 demanded 28123 clamped 4096
[kinematics-ws] K clamp binds: eid 1002 demanded 13779 clamped 4096
[kinematics-ws] K clamp binds: eid 1001 demanded 28120 clamped 4096
[kinematics-ws] K clamp binds: eid 1002 demanded 13785 clamped 4096
[kinematics-ws] K clamp binds: eid 1003 demanded 6762 clamped 4096
[kinematics-ws] K clamp binds: eid 1003 demanded 6763 clamped 4096
[kinematics-ws] K clamp binds: eid 1001 demanded 28128 clamped 4096
[kinematics-ws] K clamp binds: eid 1002 demanded 13783 clamped 4096
[kinematics-ws] K clamp binds: eid 1002 demanded 13780 clamped 4096
[kinematics-ws] K clamp binds: eid 1003 demanded 6764 clamped 4096
[kinematics-ws] K clamp binds: eid 1001 demanded 28117 clamped 4096
[kinematics-ws] K clamp binds: eid 1002 demanded 13787 clamped 4096
[kinematics-ws] K clamp binds: eid 1003 demanded 6765 clamped 4096
[kinematics-ws] K clamp binds: eid 1001 demanded 28128 clamped 4096
[kinematics-ws] K clamp binds: eid 1003 demanded 6766 clamped 4096
[kinematics-ws] K clamp binds: eid 1001 demanded 28119 clamped 4096
[kinematics-ws] K clamp binds: eid 1002 demanded 13779 clamped 4096
[kinematics-ws] K clamp binds: eid 1002 demanded 13786 clamped 4096
[kinematics-ws] K clamp binds: eid 1001 demanded 28126 clamped 4096
[kinematics-ws] K clamp binds: eid 1003 demanded 6766 clamped 4096
[kinematics-ws] K clamp binds: eid 1001 demanded 28120 clamped 4096
[kinematics-ws] K clamp binds: eid 1002 demanded 13781 clamped 4096
[kinematics-ws] K clamp binds: eid 1003 demanded 6767 clamped 4096
[kinematics-ws] K clamp binds: eid 1002 demanded 13783 clamped 4096
[kinematics-ws] K clamp binds: eid 1001 demanded 28127 clamped 4096
[kinematics-ws] K clamp binds: eid 1003 demanded 6766 clamped 4096
[kinematics-ws] K clamp binds: eid 1001 demanded 28120 clamped 4096
[kinematics-ws] K clamp binds: eid 1002 demanded 13784 clamped 4096
[kinematics-ws] K clamp binds: eid 1003 demanded 6766 clamped 4096
[kinematics-ws] K clamp binds: eid 1002 demanded 13781 clamped 4096
[kinematics-ws] K clamp binds: eid 1001 demanded 28130 clamped 4096
[kinematics-ws] K clamp binds: eid 1003 demanded 6765 clamped 4096
[kinematics-ws] K clamp binds: eid 1002 demanded 13785 clamped 4096
[kinematics-ws] K clamp binds: eid 1003 demanded 6765 clamped 4096
[kinematics-ws] K clamp binds: eid 1001 demanded 28120 clamped 4096
[kinematics-ws] K clamp binds: eid 1002 demanded 13781 clamped 4096
[kinematics-ws] K clamp binds: eid 1003 demanded 6764 clamped 4096
[kinematics-ws] K clamp binds: eid 1001 demanded 28131 clamped 4096
[kinematics-ws] K clamp binds: eid 1003 demanded 6764 clamped 4096
[kinematics-ws] K clamp binds: eid 1001 demanded 28126 clamped 4096
[kinematics-ws] K clamp binds: eid 1002 demanded 13786 clamped 4096
[kinematics-ws] K clamp binds: eid 1002 demanded 13781 clamped 4096
[kinematics-ws] K clamp binds: eid 1003 [kinematics-ws] K clamp binds: eiddemanded 6765 clamped  1001 4096demanded 28125 clamped 
4096
[kinematics-ws] K clamp binds: eid [kinematics-ws] K clamp binds: eid 10021003  demandeddemanded  13786 clamped 6765 clamped 40964096

[kinematics-ws] K clamp binds: eid 1001 demanded 28135 clamped 4096
[kinematics-ws] K clamp binds: eid 1002 demanded 13782 clamped 4096
[kinematics-ws] K clamp binds: eid 1003 demanded 6765 clamped 4096
[kinematics-ws] K clamp binds: eid 1001 demanded 28126 clamped 4096
[kinematics-ws] K clamp binds: eid 1001 demanded 28129 clamped 4096
[kinematics-ws] K clamp binds: eid 1002 demanded 13786 clamped 4096
[kinematics-ws] K clamp binds: eid 1003 demanded 6766 clamped 4096
[kinematics-ws] K clamp binds: eid 1002 demanded 13783 clamped 4096
[kinematics-ws] K clamp binds: eid 1003 demanded 6766 clamped 4096
[kinematics-ws] K clamp binds: eid 1001 demanded 28138 clamped 4096
[kinematics-ws] K clamp binds: eid 1002 demanded 13785 clamped 4096
[kinematics-ws] K clamp binds: eid 1003 demanded 6767 clamped 4096
[kinematics-ws] K clamp binds: eid 1001 demanded 28133 clamped 4096
[kinematics-ws] K clamp binds: eid 1002 demanded 13786 clamped 4096
[kinematics-ws] K clamp binds: eid 1001 demanded 28129 clamped 4096
[kinematics-ws] K clamp binds: eid 1003 demanded 6767 clamped 4096
[kinematics-ws] K clamp binds: eid 1002 demanded 13783 clamped 4096
[kinematics-ws] K clamp binds: eid 1001 demanded 28137 clamped 4096
[kinematics-ws] K clamp binds: eid 1003 demanded 6768 clamped 4096
[kinematics-ws] K clamp binds: eid 1001 demanded 28143 clamped 4096
[kinematics-ws] K clamp binds: eid 1003 demanded 6768 clamped 4096
[kinematics-ws] K clamp binds: eid 1002 demanded 13789 clamped 4096
[kinematics-ws] K clamp binds: eid 1001 demanded 28139 clamped 4096
[kinematics-ws] K clamp binds: eid 1003 demanded 6768 clamped 4096
[kinematics-ws] K clamp binds: eid 1002 demanded 13782 clamped 4096
[kinematics-ws] K clamp binds: eid 1003 demanded 6768 clamped 4096
[kinematics-ws] K clamp binds: eid 1002 demanded 13789 clamped 4096
[kinematics-ws] K clamp binds: eid 1001 demanded 28134 clamped 4096
[kinematics-ws] K clamp binds: eid 1003 demanded 6768 clamped 4096
[kinematics-ws] K clamp binds: eid 1002 demanded 13786 clamped 4096
[kinematics-ws] K clamp binds: eid 1001 demanded 28136 clamped 4096
[kinematics-ws] K clamp binds: eid 1003 demanded 6768 clamped 4096
[kinematics-ws] K clamp binds: eid 1002 demanded 13786 clamped 4096
[kinematics-ws] K clamp binds: eid 1001 demanded 28142 clamped 4096
[kinematics-ws] K clamp binds: eid 1002 demanded 13791 clamped 4096
[kinematics-ws] K clamp binds: eid 1003 demanded 6768 clamped 4096
[kinematics-ws] K clamp binds: eid 1001 demanded 28147 clamped 4096
[kinematics-ws] K clamp binds: eid 1001 demanded 28149 clamped 4096
[kinematics-ws] K clamp binds: eid 1002 demanded 13785 clamped 4096
[kinematics-ws] K clamp binds: eid 1003 demanded 6768 clamped 4096
[kinematics-ws] K clamp binds: eid 1002 demanded 13790 clamped 4096
[kinematics-ws] K clamp binds: eid 1001 demanded 28149 clamped 4096
[kinematics-ws] K clamp binds: eid 1003 demanded 6768 clamped 4096
[kinematics-ws] K clamp binds: eid 1002 demanded 13791 clamped 4096
[kinematics-ws] K clamp binds: eid 1001 demanded 28147 clamped 4096
[kinematics-ws] K clamp binds: eid 1003 demanded 6768 clamped 4096
[kinematics-ws] K clamp binds: eid 1003 demanded 6768 clamped 4096
[kinematics-ws] K clamp binds: eid 1002 demanded 13786 clamped 4096
[kinematics-ws] K clamp binds: eid 1001 demanded 28146 clamped 4096
[kinematics-ws] K clamp binds: eid 1001 demanded 28144 clamped 4096
[kinematics-ws] K clamp binds: eid 1003 demanded 6767 clamped 4096
[kinematics-ws] K clamp binds: eid 1002 demanded 13792 clamped 4096
[kinematics-ws] K clamp binds: eid 1001 demanded 28144 clamped 4096
[kinematics-ws] K clamp binds: eid 1003 demanded 6767 clamped 4096
[kinematics-ws] K clamp binds: eid 1002 demanded 13792 clamped 4096
[kinematics-ws] K clamp binds: eid 1001 demanded 28144 clamped 4096
[kinematics-ws] K clamp binds: eid 1003 demanded 6767 clamped 4096
[kinematics-ws] K clamp binds: eid 1002 demanded 13788 clamped 4096
[kinematics-ws] K clamp binds: eid 1003 demanded 6767 clamped 4096
[kinematics-ws] K clamp binds: eid 1001 demanded 28144 clamped 4096
[kinematics-ws] K clamp binds: eid 1002 demanded 13793 clamped 4096
[kinematics-ws] K clamp binds: eid 1003 demanded 6766 clamped 4096
[kinematics-ws] K clamp binds: eid 1002 demanded 13795 clamped 4096
[kinematics-ws] K clamp binds: eid 1001 demanded 28145 clamped 4096
[kinematics-ws] K clamp binds: eid 1001 demanded 28146 clamped 4096
[kinematics-ws] K clamp binds: eid 1002 demanded 13790 clamped 4096
[kinematics-ws] K clamp binds: eid 1003 demanded 6766 clamped 4096
[kinematics-ws] K clamp binds: eid 1002 demanded 13792 clamped 4096
[kinematics-ws] K clamp binds: eid [kinematics-ws] K clamp binds: eid 1001 1003demanded  demanded 28148 clamped 6766 clamped4096 4096

[kinematics-ws] K clamp binds: eid 1001 demanded 28151 clamped 4096
[kinematics-ws] K clamp binds: eid 1002 demanded 13798 clamped 4096
[kinematics-ws] K clamp binds: eid 1003 demanded 6767 clamped 4096
[kinematics-ws] K clamp binds: eid 1001 demanded 28154 clamped 4096
[kinematics-ws] K clamp binds: eid 1003 demanded 6767 clamped 4096
[kinematics-ws] K clamp binds: eid 1002 demanded 13795 clamped 4096
[kinematics-ws] K clamp binds: eid 1001 demanded 28154 clamped 4096
[kinematics-ws] K clamp binds: eid 1003 demanded 6768 clamped 4096
[kinematics-ws] K clamp binds: eid 1002 demanded 13792 clamped 4096
[kinematics-ws] K clamp binds: eid 1003 demanded 6769 clamped 4096
[kinematics-ws] K clamp binds: eid 1001 demanded 28151 clamped 4096
[kinematics-ws] K clamp binds: eid 1002 demanded 13795 clamped 4096
[kinematics-ws] K clamp binds: eid 1001 demanded 28145 clamped 4096
[kinematics-ws] K clamp binds: eid 1002 demanded 13800 clamped 4096
[kinematics-ws] K clamp binds: eid 1003 demanded 6770 clamped 4096
[kinematics-ws] K clamp binds: eid 1001 demanded 28142 clamped 4096
[kinematics-ws] K clamp binds: eid 1002 demanded 13799 clamped 4096
[kinematics-ws] K clamp binds: eid 1003 demanded 6770 clamped 4096
[kinematics-ws] K clamp binds: eid 1001 demanded 28145 clamped 4096
[kinematics-ws] K clamp binds: eid 1003 demanded 6771 clamped 4096
[kinematics-ws] K clamp binds: eid 1002 demanded 13795 clamped 4096
[kinematics-ws] K clamp binds: eid 1002 demanded 13795 clamped [kinematics-ws] K clamp binds: eid 40961003 demanded 6770 clamped 
4096[kinematics-ws] K clamp binds: eid 1001 demanded 28151 clamped 4096

[kinematics-ws] K clamp binds: eid 1003 demanded 6769 clamped 4096
[kinematics-ws] K clamp binds: eid 1002 demanded 13800 clamped 4096
[kinematics-ws] K clamp binds: eid 1001 demanded 28151 clamped 4096
[kinematics-ws] K clamp binds: eid 1003 demanded 6768 clamped 4096
[kinematics-ws] K clamp binds: eid 1002 demanded 13803 clamped 4096
[kinematics-ws] K clamp binds: eid 1001 demanded 28142 clamped 4096
[kinematics-ws] K clamp binds: eid 1001 demanded 28141 clamped 4096
[kinematics-ws] K clamp binds: eid 1002 demanded 13802 clamped 4096
[kinematics-ws] K clamp binds: eid 1003 demanded 6767 clamped 4096
[kinematics-ws] K clamp binds: eid 1002 demanded 13798 clamped 4096
[kinematics-ws] K clamp binds: eid 1003 demanded 6766 clamped 4096
[kinematics-ws] K clamp binds: eid 1001 demanded 28150 clamped 4096
[kinematics-ws] K clamp binds: eid 1002 demanded 13797 clamped 4096
[kinematics-ws] K clamp binds: eid 1001 demanded 28147 clamped 4096
[kinematics-ws] K clamp binds: eid 1003 demanded 6767 clamped 4096
[kinematics-ws] K clamp binds: eid 1001 demanded 28138 clamped 4096
[kinematics-ws] K clamp binds: eid 1002 demanded 13800 clamped 4096
[kinematics-ws] K clamp binds: eid 1003 demanded 6768 clamped 4096
[kinematics-ws] K clamp binds: eid 1002 demanded 13804 clamped 4096
[kinematics-ws] K clamp binds: eid 1001 demanded 28147 clamped 4096
[kinematics-ws] K clamp binds: eid 1003 demanded 6769 clamped 4096
[kinematics-ws] K clamp binds: eid 1003 demanded 6770 clamped 4096
[kinematics-ws] K clamp binds: eid 1001 demanded 28146 clamped 4096
[kinematics-ws] K clamp binds: eid 1002 demanded 13806 clamped 4096
[kinematics-ws] K clamp binds: eid 1003 demanded 6770 clamped 4096
[kinematics-ws] K clamp binds: eid 1002 demanded 13806 clamped 4096
[kinematics-ws] K clamp binds: eid 1001 demanded 28138 clamped 4096
[kinematics-ws] K clamp binds: eid 1001 demanded 28149 clamped 4096
[kinematics-ws] K clamp binds: eid 1003 demanded 6769 clamped 4096
[kinematics-ws] K clamp binds: eid 1002 demanded 13805 clamped 4096
[kinematics-ws] K clamp binds: eid 1001 demanded 28139 clamped 4096
[kinematics-ws] K clamp binds: eid 1002 demanded 13802 clamped 4096
[kinematics-ws] K clamp binds: eid 1003 demanded 6767 clamped 4096
[kinematics-ws] K clamp binds: eid 1001 demanded 28144 clamped 4096
[kinematics-ws] K clamp binds: eid 1002 demanded 13801 clamped 4096
[kinematics-ws] K clamp binds: eid 1003 demanded 6766 clamped 4096
[kinematics-ws] K clamp binds: eid 1003 demanded 6766 clamped 4096
[kinematics-ws] K clamp binds: eid 1001 demanded 28144 clamped 4096
[kinematics-ws] K clamp binds: eid 1002 demanded 13801 clamped 4096
[kinematics-ws] K clamp binds: eid 1001 demanded 28140 clamped 4096
[kinematics-ws] K clamp binds: eid 1002 demanded 13802 clamped 4096
[kinematics-ws] K clamp binds: eid 1003 demanded 6768 clamped 4096
[kinematics-ws] K clamp binds: eid 1002 demanded 13804 clamped 4096
[kinematics-ws] K clamp binds: eid 1001 demanded 28147 clamped 4096
[kinematics-ws] K clamp binds: eid 1003 demanded 6770 clamped 4096
[kinematics-ws] K clamp binds: eid 1002 demanded 13805 clamped 4096
[kinematics-ws] K clamp binds: eid 1003 demanded 6770 clamped 4096
[kinematics-ws] K clamp binds: eid 1001 demanded 28140 clamped 4096
[kinematics-ws] K clamp binds: eid 1002 demanded 13807 clamped 4096
[kinematics-ws] K clamp binds: eid 1001 demanded 28147 clamped 4096
[kinematics-ws] K clamp binds: eid 1003 demanded 6768 clamped 4096
[kinematics-ws] K clamp binds: eid 1002 demanded 13809 clamped 4096
[kinematics-ws] K clamp binds: eid 1001 demanded 28142 clamped 4096
[kinematics-ws] K clamp binds: eid 1003 demanded 6766 clamped 4096
[kinematics-ws] K clamp binds: eid 1003 demanded 6765 clamped 4096
[kinematics-ws] K clamp binds: eid 1002 demanded 13810 clamped 4096
[kinematics-ws] K clamp binds: eid 1001 demanded 28145 clamped 4096
[kinematics-ws] K clamp binds: eid 1001 demanded 28148 clamped 4096
[kinematics-ws] K clamp binds: eid 1003 demanded 6767 clamped 4096
[kinematics-ws] K clamp binds: eid 1002 demanded 13810 clamped 4096
[kinematics-ws] K clamp binds: eid 1003 demanded 6769 clamped 4096
[kinematics-ws] K clamp binds: eid 1001 demanded 28142 clamped 4096
[kinematics-ws] K clamp binds: eid 1002 demanded 13811 clamped 4096
[kinematics-ws] K clamp binds: eid 1001 demanded 28153 clamped 4096
[kinematics-ws] K clamp binds: eid 1002 demanded 13811 clamped 4096
[kinematics-ws] K clamp binds: eid 1003 demanded 6769 clamped 4096
[kinematics-ws] K clamp binds: eid 1003 demanded 6767 clamped 4096
[kinematics-ws] K clamp binds: eid 1002 demanded 13811 clamped 4096
[kinematics-ws] K clamp binds: eid 1001 demanded 28144 clamped 4096
[kinematics-ws] K clamp binds: eid 1003 demanded 6765 clamped 4096
[kinematics-ws] K clamp binds: eid 1002 demanded 13811 clamped 4096
[kinematics-ws] K clamp binds: eid 1001 demanded 28148 clamped 4096
[kinematics-ws] K clamp binds: eid 1001 demanded 28155 clamped 4096
[kinematics-ws] K clamp binds: eid 1002 demanded 13811 clamped 4096
[kinematics-ws] K clamp binds: eid 1003 demanded 6765 clamped 4096
[kinematics-ws] K clamp binds: eid 1003 demanded 6768 clamped 4096
[kinematics-ws] K clamp binds: eid 1001 demanded 28147 clamped 4096
[kinematics-ws] K clamp binds: eid 1002 demanded 13810 clamped 4096
[kinematics-ws] K clamp binds: eid 1001 demanded 28150 clamped 4096
[kinematics-ws] K clamp binds: eid 1002 demanded 13810 clamped 4096
[kinematics-ws] K clamp binds: eid 1003 demanded 6769 clamped 4096
[kinematics-ws] K clamp binds: eid 1001 demanded 28159 clamped 4096
[kinematics-ws] K clamp binds: eid 1003 demanded 6767 clamped 4096
[kinematics-ws] K clamp binds: eid 1002 demanded 13809 clamped 4096
[kinematics-ws] K clamp binds: eid 1001 demanded 28155 clamped 4096
[kinematics-ws] K clamp binds: eid 1002 demanded 13808 clamped 4096
[kinematics-ws] K clamp binds: eid 1003 demanded 6765 clamped 4096
[kinematics-ws] K clamp binds: eid 1003 demanded 6765 clamped 4096
[kinematics-ws] K clamp binds: eid 1002 demanded 13807 clamped 4096
[kinematics-ws] K clamp binds: eid 1001 demanded 28150 clamped 4096
[kinematics-ws] K clamp binds: eid 1001 demanded 28156 clamped 4096
[kinematics-ws] K clamp binds: eid 1002 demanded 13806 clamped 4096
[kinematics-ws] K clamp binds: eid 1003 demanded 6768 clamped 4096
[kinematics-ws] K clamp binds: eid 1001 demanded 28163 clamped 4096
[kinematics-ws] K clamp binds: eid 1003 demanded 6768 clamped 4096
[kinematics-ws] K clamp binds: eid 1002 demanded 13805 clamped 4096
[kinematics-ws] K clamp binds: eid 1003 demanded 6766 clamped 4096
[kinematics-ws] K clamp binds: eid 1001 demanded 28163 clamped 4096
[kinematics-ws] K clamp binds: eid 1002 demanded 13805 clamped 4096
[kinematics-ws] K clamp binds: eid 1002 demanded 13807 clamped 4096
[kinematics-ws] K clamp binds: eid 1003 demanded 6764 clamped 4096
[kinematics-ws] K clamp binds: eid 1001 demanded 28159 clamped 4096
[kinematics-ws] K clamp binds: eid 1001 demanded 28156 clamped 4096
[kinematics-ws] K clamp binds: eid 1002 demanded 13809 clamped 4096
[kinematics-ws] K clamp binds: eid 1003 demanded 6766 clamped 4096
[kinematics-ws] K clamp binds: eid 1002 demanded 13811 clamped 4096
[kinematics-ws] K clamp binds: eid 1001 demanded 28158 clamped 4096
[kinematics-ws] K clamp binds: eid 1003 demanded 6768 clamped 4096
[kinematics-ws] K clamp binds: eid 1001 demanded 28162 clamped 4096
[kinematics-ws] K clamp binds: eid 1002 demanded 13812 clamped 4096
[kinematics-ws] K clamp binds: eid 1003 demanded 6766 clamped 4096
[kinematics-ws] K clamp binds: eid 1002 demanded 13811 clamped 4096
[kinematics-ws] K clamp binds: eid 1003 demanded 6764 clamped 4096
[kinematics-ws] K clamp binds: eid 1001 demanded 28167 clamped 4096
[kinematics-ws] K clamp binds: eid 1003 demanded 6765 clamped 4096
[kinematics-ws] K clamp binds: eid 1001 demanded 28169 clamped 4096
[kinematics-ws] K clamp binds: eid 1002 demanded 13808 clamped 4096
[kinematics-ws] K clamp binds: eid 1003 demanded 6767 clamped 4096
[kinematics-ws] K clamp binds: eid 1002 demanded 13805 clamped 4096
[kinematics-ws] K clamp binds: eid 1001 demanded 28171 clamped 4096
[kinematics-ws] K clamp binds: eid [kinematics-ws] K clamp binds: eid 10021003  demanded demanded 6766 13805 clampedclamped  40964096

[kinematics-ws] K clamp binds: eid 1001 demanded 28172 clamped 4096
[kinematics-ws] K clamp binds: eid 1001 demanded 28172 clamped 4096
[kinematics-ws] K clamp binds: eid 1002 demanded 13807 clamped 4096
[kinematics-ws] K clamp binds: eid 1003 demanded 6763 clamped 4096
[kinematics-ws] K clamp binds: eid 1003 demanded 6765 clamped 4096
[kinematics-ws] K clamp binds: eid 1002 demanded 13810 clamped 4096
[kinematics-ws] K clamp binds: eid 1001 demanded 28172 clamped 4096
[kinematics-ws] K clamp binds: eid 1001 demanded 28172 clamped 4096
[kinematics-ws] K clamp binds: eid 1003 demanded 6767 clamped 4096
[kinematics-ws] K clamp binds: eid 1002 demanded 13810 clamped 4096
[kinematics-ws] K clamp binds: eid [kinematics-ws] K clamp binds: eid 1002 1001 demanded demanded13806  clamped 28172 clamped 40964096

[kinematics-ws] K clamp binds: eid 1003 demanded 6765 clamped 4096
[kinematics-ws] K clamp binds: eid 1003 demanded 6763 clamped 4096
[kinematics-ws] K clamp binds: eid 1002 demanded 13804 clamped 4096
[kinematics-ws] K clamp binds: eid 1001 demanded 28172 clamped 4096
[kinematics-ws] K clamp binds: eid 1003 demanded 6766 clamped 4096
[kinematics-ws] K clamp binds: eid 1001 demanded 28172 clamped 4096
[kinematics-ws] K clamp binds: eid 1002 demanded 13805 clamped 4096
[kinematics-ws] K clamp binds: eid 1002 demanded 13809 clamped 4096
[kinematics-ws] K clamp binds: eid 1003 demanded 6766 clamped 4096
[kinematics-ws] K clamp binds: eid 1001 demanded 28170 clamped 4096
[kinematics-ws] K clamp binds: eid 1002 demanded 13808 clamped 4096
[kinematics-ws] K clamp binds: eid 1001 demanded 28168 clamped 4096
[kinematics-ws] K clamp binds: eid 1003 demanded 6763 clamped 4096
[kinematics-ws] K clamp binds: eid 1002 demanded 13804 clamped 4096
[kinematics-ws] K clamp binds: eid 1001 demanded 28165 clamped 4096
[kinematics-ws] K clamp binds: eid 1003 demanded 6764 clamped 4096
[kinematics-ws] K clamp binds: eid 1002 demanded 13803 clamped 4096
[kinematics-ws] K clamp binds: eid 1003 demanded 6766 clamped 4096
[kinematics-ws] K clamp binds: eid 1001 demanded 28164 clamped 4096
[kinematics-ws] K clamp binds: eid 1001 demanded 28166 clamped 4096
[kinematics-ws] K clamp binds: eid 1003 demanded 6764 clamped 4096
[kinematics-ws] K clamp binds: eid 1002 demanded 13808 clamped 4096
[kinematics-ws] K clamp binds: eid 1002 demanded 13808 clamped 4096
[kinematics-ws] K clamp binds: eid 1003 demanded 6763 clamped 4096
[kinematics-ws] K clamp binds: eid 1001 demanded 28170 clamped 4096
[kinematics-ws] K clamp binds: eid 1001 demanded 28171 clamped 4096
[kinematics-ws] K clamp binds: eid 1003 demanded 6766 clamped 4096
[kinematics-ws] K clamp binds: eid 1002 demanded 13803 clamped 4096
[kinematics-ws] K clamp binds: eid 1001 demanded 28167 clamped 4096
[kinematics-ws] K clamp binds: eid 1002 demanded 13803 clamped 4096
[kinematics-ws] K clamp binds: eid 1003 demanded 6765 clamped 4096
[kinematics-ws] K clamp binds: eid 1003 demanded 6762 clamped 4096
[kinematics-ws] K clamp binds: eid 1001 demanded 28163 clamped 4096
[kinematics-ws] K clamp binds: eid 1002 demanded 13808 clamped 4096
[kinematics-ws] K clamp binds: eid 1003 demanded 6765 clamped 4096
[kinematics-ws] K clamp binds: eid 1002 demanded 13804 clamped 4096
[kinematics-ws] K clamp binds: eid 1001 demanded 28165 clamped 4096
[kinematics-ws] K clamp binds: eid 1001 demanded 28169 clamped 4096
[kinematics-ws] K clamp binds: eid 1003 demanded 6765 clamped 4096
[kinematics-ws] K clamp binds: eid 1002 demanded 13801 clamped 4096
[kinematics-ws] K clamp binds: eid 1002 demanded 13806 clamped 4096
[kinematics-ws] K clamp binds: eid 1003 demanded 6762 clamped 4096
[kinematics-ws] K clamp binds: eid 1001 demanded 28165 clamped 4096
[kinematics-ws] K clamp binds: eid 1003 demanded 6764 clamped 4096
[kinematics-ws] K clamp binds: eid 1002 demanded 13805 clamped 4096
[kinematics-ws] K clamp binds: eid 1001 demanded 28161 clamped 4096
[kinematics-ws] K clamp binds: eid 1001 demanded 28167 clamped 4096
[kinematics-ws] K clamp binds: eid 1003 demanded 6765 clamped 4096
[kinematics-ws] K clamp binds: eid 1002 demanded 13801 clamped 4096
[kinematics-ws] K clamp binds: eid 1002 demanded 13806 clamped 4096
[kinematics-ws] K clamp binds: eid 1003 demanded 6762 clamped 4096
[kinematics-ws] K clamp binds: eid 1001 demanded 28166 clamped 4096
[kinematics-ws] K clamp binds: eid 1003 demanded 6764 clamped 4096
[kinematics-ws] K clamp binds: eid 1002 demanded 13804 clamped 4096
[kinematics-ws] K clamp binds: eid 1001 demanded 28160 clamped 4096
[kinematics-ws] K clamp binds: eid 1002 demanded 13800 clamped 4096
[kinematics-ws] K clamp binds: eid 1001 demanded 28166 clamped 4096
[kinematics-ws] K clamp binds: eid 1003 demanded 6765 clamped 4096
[kinematics-ws] K clamp binds: eid 1003 demanded 6761 clamped 4096
[kinematics-ws] K clamp binds: eid 1002 demanded 13806 clamped 4096
[kinematics-ws] K clamp binds: eid 1001 demanded 28162 clamped 4096
[kinematics-ws] K clamp binds: eid 1003 demanded 6765 clamped 4096
[kinematics-ws] K clamp binds: eid 1001 demanded 28161 clamped 4096
[kinematics-ws] K clamp binds: eid 1002 demanded 13802 clamped 4096
[kinematics-ws] K clamp binds: eid [kinematics-ws] K clamp binds: eid 1003 1001 demanded 6764 clampeddemanded  28166 clamped 40964096

[kinematics-ws] K clamp binds: eid 1002 demanded 13802 clamped 4096
[kinematics-ws] K clamp binds: eid 1001 demanded 28159 clamped 4096
[kinematics-ws] K clamp binds: eid 1002 demanded 13806 clamped 4096
[kinematics-ws] K clamp binds: eid 1003 demanded 6761 clamped 4096
[kinematics-ws] K clamp binds: eid 1002 demanded 13800 clamped 4096
[kinematics-ws] K clamp binds: eid 1001 demanded 28167 clamped 4096
[kinematics-ws] K clamp binds: eid 1003 demanded 6765 clamped 4096
[kinematics-ws] K clamp binds: eid 1002 demanded 13805 clamped 4096
[kinematics-ws] K clamp binds: eid 1001 demanded 28159 clamped 4096
[kinematics-ws] K clamp binds: eid 1003 demanded 6763 clamped 4096
[kinematics-ws] K clamp binds: eid 1001 demanded 28167 clamped 4096
[kinematics-ws] K clamp binds: eid 1002 demanded 13802 clamped 4096
[kinematics-ws] K clamp binds: eid 1003 demanded 6762 clamped 4096
[kinematics-ws] K clamp binds: eid 1001 demanded 28160 clamped 4096
[kinematics-ws] K clamp binds: eid 1002 demanded 13802 clamped 4096
[kinematics-ws] K clamp binds: eid 1003 demanded 6765 clamped 4096
[kinematics-ws] K clamp binds: eid 1001 demanded 28168 clamped 4096
[kinematics-ws] K clamp binds: eid 1002 demanded 13805 clamped 4096
[kinematics-ws] K clamp binds: eid 1003 demanded 6761 clamped 4096
[kinematics-ws] K clamp binds: eid 1001 demanded 28161 clamped 4096
[kinematics-ws] K clamp binds: eid 1002 demanded 13800 clamped 4096
[kinematics-ws] K clamp binds: eid 1003 demanded 6763 clamped 4096
[kinematics-ws] K clamp binds: eid 1001 demanded 28169 clamped 4096
[kinematics-ws] K clamp binds: eid 1003 demanded 6764 clamped 4096
[kinematics-ws] K clamp binds: eid 1002 demanded 13806 clamped 4096
[kinematics-ws] K clamp binds: eid 1003 demanded 6761 clamped 4096
[kinematics-ws] K clamp binds: eid 1002 demanded 13800 clamped 4096
[kinematics-ws] K clamp binds: eid 1001 demanded 28164 clamped 4096
[kinematics-ws] K clamp binds: eid [kinematics-ws] K clamp binds: eid 10021003 demanded  demanded 6765 13806clamped  clamped 40964096

[kinematics-ws] K clamp binds: eid 1001 demanded 28166 clamped 4096
[kinematics-ws] K clamp binds: eid 1001 demanded 28171 clamped 4096
[kinematics-ws] K clamp binds: eid 1003 demanded 6762 clamped 4096
[kinematics-ws] K clamp binds: eid 1002 demanded 13800 clamped 4096
[kinematics-ws] K clamp binds: eid 1001 demanded 28164 clamped 4096
[kinematics-ws] K clamp binds: eid 1002 demanded 13806 clamped 4096
[kinematics-ws] K clamp binds: eid 1003 demanded 6763 clamped 4096
[kinematics-ws] K clamp binds: eid 1002 demanded 13800 clamped 4096
[kinematics-ws] K clamp binds: eid 1001 demanded 28172 clamped 4096
[kinematics-ws] K clamp binds: eid 1003 demanded 6764 clamped 4096
[kinematics-ws] K clamp binds: eid 1001 demanded 28173 clamped 4096
[kinematics-ws] K clamp binds: eid 1002 demanded 13807 clamped 4096
[kinematics-ws] K clamp binds: eid 1003 demanded 6761 clamped 4096
[kinematics-ws] K clamp binds: eid 1002 demanded 13800 clamped 4096
[kinematics-ws] K clamp binds: eid 1001 demanded 28168 clamped 4096
[kinematics-ws] K clamp binds: eid 1003 demanded 6765 clamped 4096
[kinematics-ws] K clamp binds: eid 1001 demanded 28173 clamped 4096
[kinematics-ws] K clamp binds: eid[kinematics-ws] K clamp binds: eid 1002 demanded 13807 clamped 4096
 1003 demanded 6761 clamped 4096
[kinematics-ws] K clamp binds: eid 1003 demanded 6763 clamped 4096
[kinematics-ws] K clamp binds: eid 1002 demanded 13801 clamped 4096
[kinematics-ws] K clamp binds: eid 1001 demanded 28178 clamped 4096
[kinematics-ws] K clamp binds: eid 1001 demanded 28174 clamped 4096
[kinematics-ws] K clamp binds: eid 1003 demanded 6763 clamped 4096
[kinematics-ws] K clamp binds: eid 1002 demanded 13808 clamped 4096
[kinematics-ws] K clamp binds: eid 1001 demanded 28172 clamped 4096
[kinematics-ws] K clamp binds: eid 1002 demanded 13802 clamped 4096
[kinematics-ws] K clamp binds: eid 1003 demanded 6761 clamped 4096
[kinematics-ws] K clamp binds: eid 1001 demanded 28178 clamped 4096
[kinematics-ws] K clamp binds: eid 1002 demanded 13807 clamped 4096
[kinematics-ws] K clamp binds: eid 1003 demanded 6765 clamped 4096
[kinematics-ws] K clamp binds: eid 1001 demanded 28183 clamped 4096
[kinematics-ws] K clamp binds: eid 1002 demanded 13804 clamped 4096
[kinematics-ws] K clamp binds: eid 1003 demanded 6760 clamped 4096
[kinematics-ws] K clamp binds: eid 1001 demanded 28183 clamped 4096
[kinematics-ws] K clamp binds: eid 1002 demanded 13805 clamped 4096
[kinematics-ws] K clamp binds: eid 1003 demanded 6765 clamped 4096
[kinematics-ws] K clamp binds: eid 1001 demanded 28180 clamped 4096
[kinematics-ws] K clamp binds: eid 1003 demanded 6761 clamped 4096
[kinematics-ws] K clamp binds: eid 1002 demanded 13808 clamped 4096
[kinematics-ws] K clamp binds: eid 1001 demanded 28178 clamped 4096
[kinematics-ws] K clamp binds: eid 1003 demanded 6764 clamped 4096
[kinematics-ws] K clamp binds: eid 1002 demanded 13803 clamped 4096
[kinematics-ws] K clamp binds: eid 1003 demanded 6762 clamped 4096
[kinematics-ws] K clamp binds: eid 1002 demanded 13810 clamped 4096
[kinematics-ws] K clamp binds: eid 1001 demanded 28179 clamped 4096
[kinematics-ws] K clamp binds: eid 1003 demanded 6762 clamped 4096
[kinematics-ws] K clamp binds: eid 1001 demanded 28182 clamped 4096
[kinematics-ws] K clamp binds: eid 1002 demanded 13805 clamped 4096
[kinematics-ws] K clamp binds: eid 1001 demanded 28185 clamped 4096
[kinematics-ws] K clamp binds: eid 1003 demanded 6764 clamped 4096
[kinematics-ws] K clamp binds: eid 1002 demanded 13807 clamped 4096
[kinematics-ws] K clamp binds: eid 1001 demanded 28188 clamped 4096
[kinematics-ws] K clamp binds: eid 1002 demanded 13811 clamped 4096
[kinematics-ws] K clamp binds: eid 1003 demanded 6761 clamped 4096
[kinematics-ws] K clamp binds: eid 1001 demanded 28189 clamped 4096
[kinematics-ws] K clamp binds: eid 1003 demanded 6765 clamped 4096
[kinematics-ws] K clamp binds: eid 1002 demanded 13805 clamped 4096
[kinematics-ws] K clamp binds: eid 1001 demanded 28190 clamped 4096
[kinematics-ws] K clamp binds: eid 1002 demanded 13811 clamped 4096
[kinematics-ws] K clamp binds: eid 1003 demanded 6761 clamped 4096
[kinematics-ws] K clamp binds: eid 1003 demanded 6765 clamped 4096
[kinematics-ws] K clamp binds: eid 1001 demanded 28191 clamped 4096
[kinematics-ws] K clamp binds: eid 1002 demanded 13811 clamped 4096
[kinematics-ws] K clamp binds: eid 1003 demanded 6761 clamped 4096
[kinematics-ws] K clamp binds: eid 1002 demanded 13807 clamped 4096
[kinematics-ws] K clamp binds: eid 1001 demanded 28191 clamped 4096
[kinematics-ws] K clamp binds: eid [kinematics-ws] K clamp binds: eid 10021001  demandeddemanded  2819113813  clampedclamped  40964096

[kinematics-ws] K clamp binds: eid 1003 demanded 6765 clamped 4096
[kinematics-ws] K clamp binds: eid 1002 demanded 13813 clamped 4096
[kinematics-ws] K clamp binds: eid 1001 demanded 28190 clamped 4096
[kinematics-ws] K clamp binds: eid 1003 demanded 6761 clamped 4096
[kinematics-ws] K clamp binds: eid 1001 demanded 28189 clamped 4096
[kinematics-ws] K clamp binds: eid 1002 demanded 13808 clamped 4096
[kinematics-ws] K clamp binds: eid 1003 demanded 6765 clamped 4096
[kinematics-ws] K clamp binds: eid 1001 demanded 28188 clamped 4096
[kinematics-ws] K clamp binds: eid 1002 demanded 13813 clamped 4096
[kinematics-ws] K clamp binds: eid 1003 demanded 6761 clamped 4096
[kinematics-ws] K clamp binds: eid 1002 demanded 13816 clamped 4096
[kinematics-ws] K clamp binds: eid 1001 demanded 28186 clamped 4096
[kinematics-ws] K clamp binds: eid 1003 demanded 6766 clamped 4096
[kinematics-ws] K clamp binds: eid 1001 demanded 28185 clamped 4096
[kinematics-ws] K clamp binds: eid 1003 demanded 6761 clamped 4096
[kinematics-ws] K clamp binds: eid 1002 demanded 13812 clamped 4096
[kinematics-ws] K clamp binds: eid 1001 demanded 28186 clamped 4096
[kinematics-ws] K clamp binds: eid 1003 demanded 6766 clamped 4096
[kinematics-ws] K clamp binds: eid 1002 demanded 13811 clamped 4096
[kinematics-ws] K clamp binds: eid 1001 demanded 28189 clamped 4096
[kinematics-ws] K clamp binds: eid 1002 demanded 13817 clamped 4096
[kinematics-ws] K clamp binds: eid 1003 demanded 6762 clamped 4096
[kinematics-ws] K clamp binds: eid 1003 demanded 6766 clamped 4096
[kinematics-ws] K clamp binds: eid 1001 demanded 28191 clamped 4096
[kinematics-ws] K clamp binds: eid 1002 demanded 13818 clamped 4096
[kinematics-ws] K clamp binds: eid 1001 demanded 28190 clamped 4096
[kinematics-ws] K clamp binds: eid 1003 demanded 6762 clamped 4096
[kinematics-ws] K clamp binds: eid 1002 demanded 13814 clamped 4096
[kinematics-ws] K clamp binds: eid 1001 demanded 28186 clamped 4096
[kinematics-ws] K clamp binds: eid 1003 demanded 6766 clamped 4096
[kinematics-ws] K clamp binds: eid 1002 demanded 13814 clamped 4096
[kinematics-ws] K clamp binds: eid 1001 demanded 28183 clamped 4096
[kinematics-ws] K clamp binds: eid 1002 demanded 13819 clamped 4096
[kinematics-ws] K clamp binds: eid 1003 demanded 6763 clamped 4096
[kinematics-ws] K clamp binds: eid 1001 demanded 28186 clamped 4096
[kinematics-ws] K clamp binds: eid 1002 demanded 13821 clamped 4096
[kinematics-ws] K clamp binds: eid 1003 demanded 6766 clamped 4096
[kinematics-ws] K clamp binds: eid 1002 demanded 13818 clamped 4096
[kinematics-ws] K clamp binds: eid 1003 demanded 6764 clamped 4096
[kinematics-ws] K clamp binds: eid 1001 demanded 28189 clamped 4096
[kinematics-ws] K clamp binds: eid 1002 demanded 13816 clamped 4096
[kinematics-ws] K clamp binds: eid 1001 demanded 28185 clamped 4096
[kinematics-ws] K clamp binds: eid 1003 demanded 6765 clamped 4096
[kinematics-ws] K clamp binds: eid 1001 demanded 28182 clamped 4096
[kinematics-ws] K clamp binds: eid 1002 demanded 13817 clamped 4096
[kinematics-ws] K clamp binds: eid 1003 demanded 6765 clamped 4096
[kinematics-ws] K clamp binds: eid 1001 demanded 28187 clamped 4096
[kinematics-ws] K clamp binds: eid 1002 demanded 13821 clamped 4096
[kinematics-ws] K clamp binds: eid 1003 demanded 6764 clamped 4096
[kinematics-ws] K clamp binds: eid 1001 demanded 28185 clamped 4096
[kinematics-ws] K clamp binds: eid 1002 demanded 13824 clamped 4096
[kinematics-ws] K clamp binds: eid 1003 demanded 6767 clamped 4096
[kinematics-ws] K clamp binds: eid 1002 demanded 13823 clamped 4096
[kinematics-ws] K clamp binds: eid 1003 demanded 6763 clamped 4096
[kinematics-ws] K clamp binds: eid 1001 demanded 28180 clamped 4096
[kinematics-ws] K clamp binds: eid 1002 demanded 13820 clamped 4096
[kinematics-ws] K clamp binds: eid 1001 demanded 28186 clamped 4096
[kinematics-ws] K clamp binds: eid 1003 demanded 6767 clamped 4096
[kinematics-ws] K clamp binds: eid 1003 demanded 6764 clamped 4096
[kinematics-ws] K clamp binds: eid 1002 demanded 13819 clamped 4096
[kinematics-ws] K clamp binds: eid 1001 demanded 28183 clamped 4096
[kinematics-ws] K clamp binds: eid [kinematics-ws] K clamp binds: eid 10011002  demanded demanded 28181 13820 clamped clamped 40964096

[kinematics-ws] K clamp binds: eid 1003 demanded 6767 clamped 4096
[kinematics-ws] K clamp binds: eid 1001 demanded 28186 clamped 4096
[kinematics-ws] K clamp binds: eid 1003 demanded 6766 clamped 4096
[kinematics-ws] K clamp binds: eid 1002 demanded 13822 clamped 4096
[kinematics-ws] K clamp binds: eid 1001 demanded 28179 clamped 4096
[kinematics-ws] K clamp binds: eid 1003 demanded 6765 clamped 4096
[kinematics-ws] K clamp binds: eid 1002 demanded 13825 clamped 4096
[kinematics-ws] K clamp binds: eid 1001 demanded 28186 clamped 4096
[kinematics-ws] K clamp binds: eid 1002 demanded 13827 clamped 4096
[kinematics-ws] K clamp binds: eid 1003 demanded 6768 clamped 4096
[kinematics-ws] K clamp binds: eid 1002 demanded 13827 clamped 4096
[kinematics-ws] K clamp binds: eid 1001 demanded 28180 clamped 4096
[kinematics-ws] K clamp binds: eid 1003 demanded 6765 clamped 4096
[kinematics-ws] K clamp binds: eid 1002 demanded 13827 clamped 4096
[kinematics-ws] K clamp binds: eid 1001 demanded 28186 clamped 4096
[kinematics-ws] K clamp binds: eid 1003 demanded 6768 clamped 4096
[kinematics-ws] K clamp binds: eid 1001 demanded 28181 clamped 4096
[kinematics-ws] K clamp binds: eid 1002 demanded 13826 clamped 4096
[kinematics-ws] K clamp binds: eid 1003 demanded 6767 clamped 4096
[kinematics-ws] K clamp binds: eid [kinematics-ws] K clamp binds: eid 1002 1001demanded  demanded 13824 28187 clamped clamped 40964096

[kinematics-ws] K clamp binds: eid 1003 demanded 6766 clamped 4096
[kinematics-ws] K clamp binds: eid 1002 demanded 13824 clamped 4096
[kinematics-ws] K clamp binds: eid 1001 demanded 28181 clamped 4096
[kinematics-ws] K clamp binds: eid 1003 demanded 6769 clamped 4096
[kinematics-ws] K clamp binds: eid 1003 demanded 6766 clamped 4096
[kinematics-ws] K clamp binds: eid 1002 demanded 13823 clamped 4096
[kinematics-ws] K clamp binds: eid 1001 demanded 28189 clamped 4096
[kinematics-ws] K clamp binds: eid 1002 demanded 13823 clamped 4096
[kinematics-ws] K clamp binds: eid 1001 demanded 28182 clamped 4096
[kinematics-ws] K clamp binds: eid 1003 demanded 6769 clamped 4096
[kinematics-ws] K clamp binds: eid 1003 demanded 6769 clamped 4096
[kinematics-ws] K clamp binds: eid 1002 demanded 13823 clamped 4096
[kinematics-ws] K clamp binds: eid 1001 demanded 28189 clamped 4096
[kinematics-ws] K clamp binds: eid 1001 demanded 28187 clamped 4096
[kinematics-ws] K clamp binds: eid 1003 demanded 6767 clamped 4096
[kinematics-ws] K clamp binds: eid 1002 demanded 13824 clamped 4096
[kinematics-ws] K clamp binds: eid 1002 demanded 13824 clamped 4096
[kinematics-ws] K clamp binds: eid 1001 demanded 28186 clamped 4096
[kinematics-ws] K clamp binds: eid 1003 demanded 6770 clamped 4096
[kinematics-ws] K clamp binds: eid 1001 demanded 28193 clamped 4096
[kinematics-ws] K clamp binds: eid 1003 demanded 6769 clamped 4096
[kinematics-ws] K clamp binds: eid 1002 demanded 13824 clamped 4096
[kinematics-ws] K clamp binds: eid 1002 demanded 13824 clamped 4096
[kinematics-ws] K clamp binds: eid 1001 demanded 28189 clamped 4096
[kinematics-ws] K clamp binds: eid 1003 demanded 6768 clamped 4096
[kinematics-ws] K clamp binds: eid 1003 demanded 6771 clamped 4096
[kinematics-ws] K clamp binds: eid 1001 demanded 28189 clamped 4096
[kinematics-ws] K clamp binds: eid 1002 demanded 13824 clamped 4096
[kinematics-ws] K clamp binds: eid 1003 demanded 6769 clamped 4096
[kinematics-ws] K clamp binds: eid 1002 demanded 13824 clamped 4096
[kinematics-ws] K clamp binds: eid 1001 demanded 28196 clamped 4096
[kinematics-ws] K clamp binds: eid 1001 demanded 28194 clamped 4096
[kinematics-ws] K clamp binds: eid 1003 demanded 6769 clamped 4096
[kinematics-ws] K clamp binds: eid 1002 demanded 13824 clamped 4096
[kinematics-ws] K clamp binds: eid 1003 demanded 6772 clamped 4096
[kinematics-ws] K clamp binds: eid 1002 demanded 13824 clamped 4096
[kinematics-ws] K clamp binds: eid 1001 demanded 28191 clamped 4096
[kinematics-ws] K clamp binds: eid 1001 demanded 28196 clamped 4096
[kinematics-ws] K clamp binds: eid 1002 demanded 13824 clamped 4096
[kinematics-ws] K clamp binds: eid 1003 demanded 6770 clamped 4096
[kinematics-ws] K clamp binds: eid 1001 demanded 28201 clamped 4096
[kinematics-ws] K clamp binds: eid 1003 demanded 6769 clamped 4096
[kinematics-ws] K clamp binds: eid 1002 demanded 13824 clamped 4096
[kinematics-ws] K clamp binds: eid 1001 demanded 28200 clamped 4096
[kinematics-ws] K clamp binds: eid 1002 demanded 13825 clamped 4096
[kinematics-ws] K clamp binds: eid 1003 demanded 6773 clamped 4096
[kinematics-ws] K clamp binds: eid 1001 demanded 28197 clamped 4096
[kinematics-ws] K clamp binds: eid 1002 demanded 13827 clamped 4096
[kinematics-ws] K clamp binds: eid 1003 demanded 6772 clamped 4096
[kinematics-ws] K clamp binds: eid 1003 demanded 6770 clamped 4096
[kinematics-ws] K clamp binds: eid 1002 demanded 13829 clamped 4096
[kinematics-ws] K clamp binds: eid 1001 demanded 28197 clamped 4096
[kinematics-ws] K clamp binds: eid 1002 demanded 13831 clamped 4096
[kinematics-ws] K clamp binds: eid 1001 demanded 28201 clamped 4096
[kinematics-ws] K clamp binds: eid 1003 demanded 6773 clamped 4096
[kinematics-ws] K clamp binds: eid 1001 demanded 28205 clamped 4096
[kinematics-ws] K clamp binds: eid 1002 demanded 13833 clamped [kinematics-ws] K clamp binds: eid4096 1003 demanded 
6774 clamped 4096
[kinematics-ws] K clamp binds: eid 1001 demanded 28207 clamped 4096
[kinematics-ws] K clamp binds: eid 1003 demanded 6771 clamped 4096
[kinematics-ws] K clamp binds: eid 1002 demanded 13833 clamped 4096
[kinematics-ws] K clamp binds: eid 1002 demanded 13831 clamped 4096
[kinematics-ws] K clamp binds: eid 1001 demanded 28208 clamped 4096
[kinematics-ws] K clamp binds: eid 1003 demanded 6773 clamped 4096
[kinematics-ws] K clamp binds: eid 1001 demanded 28207 clamped 4096
[kinematics-ws] K clamp binds: eid 1002 demanded 13828 clamped 4096
[kinematics-ws] K clamp binds: eid 1003 demanded 6776 clamped 4096
[kinematics-ws] K clamp binds: eid 1001 demanded 28206 clamped 4096
[kinematics-ws] K clamp binds: eid 1003 demanded 6773 clamped 4096
[kinematics-ws] K clamp binds: eid 1002 demanded 13824 clamped 4096
[kinematics-ws] K clamp binds: eid 1002 demanded 13823 clamped 4096
[kinematics-ws] K clamp binds: eid 1001 demanded 28205 clamped 4096
[kinematics-ws] K clamp binds: eid 1003 demanded 6772 clamped 4096
[kinematics-ws] K clamp binds: eid 1001 demanded 28205 clamped 4096
[kinematics-ws] K clamp binds: eid 1002 demanded 13826 clamped 4096
[kinematics-ws] K clamp binds: eid 1003 demanded 6775 clamped 4096
[kinematics-ws] K clamp binds: eid 1003 demanded 6777 clamped 4096
[kinematics-ws] K clamp binds: eid 1002 demanded 13830 clamped 4096
[kinematics-ws] K clamp binds: eid 1001 demanded 28205 clamped 4096
[kinematics-ws] K clamp binds: eid 1001 demanded 28205 clamped 4096
[kinematics-ws] K clamp binds: eid 1002 demanded 13832 clamped 4096
[kinematics-ws] K clamp binds: eid 1003 demanded 6774 clamped 4096
[kinematics-ws] K clamp binds: eid 1001 demanded 28205 clamped 4096
[kinematics-ws] K clamp binds: eid 1002 demanded 13830 clamped 4096
[kinematics-ws] K clamp binds: eid 1003 demanded 6774 clamped 4096
[kinematics-ws] K clamp binds: eid [kinematics-ws] K clamp binds: eid 1001 demanded 1003 demanded 282066777  clamped clamped 40964096

[kinematics-ws] K clamp binds: eid 1002 demanded 13825 clamped 4096
[kinematics-ws] K clamp binds: eid 1001 demanded 28207 clamped 4096
[kinematics-ws] K clamp binds: eid 1003 demanded 6778 clamped 4096
[kinematics-ws] K clamp binds: eid 1002 demanded 13822 clamped 4096
[kinematics-ws] K clamp binds: eid 1001 demanded 28209 clamped 4096
[kinematics-ws] K clamp binds: eid 1003 demanded 6775 clamped 4096
[kinematics-ws] K clamp binds: eid 1002 demanded 13826 clamped 4096
[kinematics-ws] K clamp binds: eid 1001 demanded 28211 clamped 4096
[kinematics-ws] K clamp binds: eid 1003 demanded 6775 clamped 4096
[kinematics-ws] K clamp binds: eid 1002 demanded 13831 clamped 4096
[kinematics-ws] K clamp binds: eid 1003 demanded 6777 clamped 4096
[kinematics-ws] K clamp binds: eid 1002 demanded 13829 clamped 4096
[kinematics-ws] K clamp binds: eid 1001 demanded 28212 clamped 4096
[kinematics-ws] K clamp binds: eid 1002 demanded 13823 clamped 4096
[kinematics-ws] K clamp binds: eid 1001 demanded 28212 clamped 4096
[kinematics-ws] K clamp binds: eid 1003 demanded 6779 clamped 4096
[kinematics-ws] K clamp binds: eid 1002 demanded 13822 clamped 4096
[kinematics-ws] K clamp binds: eid 1001 demanded 28208 clamped 4096
[kinematics-ws] K clamp binds: eid 1003 demanded 6778 clamped 4096
[kinematics-ws] K clamp binds: eid 1001 demanded 28204 clamped 4096
[kinematics-ws] K clamp binds: eid 1003 demanded 6776 clamped 4096
[kinematics-ws] K clamp binds: eid 1002 demanded 13829 clamped 4096
[kinematics-ws] K clamp binds: eid 1001 demanded 28204 clamped 4096
[kinematics-ws] K clamp binds: eid 1002 demanded 13830 clamped 4096
[kinematics-ws] K clamp binds: eid 1003 demanded 6777 clamped 4096
[kinematics-ws] K clamp binds: eid 1001 demanded 28208 clamped 4096
[kinematics-ws] K clamp binds: eid 1002 demanded 13823 clamped 4096
[kinematics-ws] K clamp binds: eid 1003 demanded 6780 clamped 4096
[kinematics-ws] K clamp binds: eid 1003 demanded 6781 clamped 4096
[kinematics-ws] K clamp binds: eid 1002 demanded 13821 clamped 4096
[kinematics-ws] K clamp binds: eid 1001 demanded 28210 clamped 4096
[kinematics-ws] K clamp binds: eid 1001 demanded 28206 clamped 4096
[kinematics-ws] K clamp binds: eid 1002 demanded 13829 clamped 4096
[kinematics-ws] K clamp binds: eid 1003 demanded 6779 clamped 4096
[kinematics-ws] K clamp binds: eid 1002 demanded 13827 clamped 4096
[kinematics-ws] K clamp binds: eid 1001 demanded 28202 clamped 4096
[kinematics-ws] K clamp binds: eid 1003 demanded 6777 clamped 4096
[kinematics-ws] K clamp binds: eid 1002 demanded 13820 clamped 4096
[kinematics-ws] K clamp binds: eid 1001 demanded 28205 clamped 4096
[kinematics-ws] K clamp binds: eid 1003 demanded 6778 clamped 4096
[kinematics-ws] K clamp binds: eid 1001 demanded 28208 clamped 4096
[kinematics-ws] K clamp binds: eid 1002 demanded 13824 clamped 4096
[kinematics-ws] K clamp binds: eid 1003 demanded 6781 clamped 4096
[kinematics-ws] K clamp binds: eid 1001 demanded 28202 clamped 4096
[kinematics-ws] K clamp binds: eid 1002 demanded 13829 clamped 4096
[kinematics-ws] K clamp binds: eid 1003 demanded 6782 clamped 4096
[kinematics-ws] K clamp binds: eid 1001 demanded 28202 clamped 4096
[kinematics-ws] K clamp binds: eid 1002 demanded 13821 clamped 4096
[kinematics-ws] K clamp binds: eid 1003 demanded 6781 clamped 4096
[kinematics-ws] K clamp binds: eid 1002 demanded 13822 clamped 4096
[kinematics-ws] K clamp binds: eid 1001 demanded 28207 clamped 4096
[kinematics-ws] K clamp binds: eid 1003 demanded 6779 clamped 4096
[kinematics-ws] K clamp binds: eid 1003 demanded 6779 clamped 4096
[kinematics-ws] K clamp binds: eid 1001 demanded 28201 clamped 4096
[kinematics-ws] K clamp binds: eid 1002 demanded 13829 clamped 4096
[kinematics-ws] K clamp binds: eid 1001 demanded 28203 clamped 4096
[kinematics-ws] K clamp binds: eid 1003 demanded 6780 clamped 4096
[kinematics-ws] K clamp binds: eid 1002 demanded 13820 clamped 4096
[kinematics-ws] K clamp binds: eid 1002 demanded 13822 clamped 4096
[kinematics-ws] K clamp binds: eid 1003 demanded 6783 clamped 4096
[kinematics-ws] K clamp binds: eid 1001 demanded 28205 clamped 4096
[kinematics-ws] K clamp binds: eid 1002 demanded 13828 clamped 4096
[kinematics-ws] K clamp binds: eid 1001 demanded 28200 clamped 4096
[kinematics-ws] K clamp binds: eid 1003 demanded 6784 clamped 4096
[kinematics-ws] K clamp binds: eid 1001 demanded 28206 clamped 4096
[kinematics-ws] K clamp binds: eid 1003 demanded 6783 clamped 4096
[kinematics-ws] K clamp binds: eid 1002 demanded 13818 clamped 4096
[kinematics-ws] K clamp binds: eid 1001 demanded 28200 clamped 4096
[kinematics-ws] K clamp binds: eid 1002 demanded 13825 clamped 4096
[kinematics-ws] K clamp binds: eid 1003 demanded 6781 clamped 4096
[kinematics-ws] K clamp binds: eid 1003 demanded 6780 clamped 4096
[kinematics-ws] K clamp binds: eid 1001 demanded 28206 clamped 4096
[kinematics-ws] K clamp binds: eid 1002 demanded 13824 clamped 4096
[kinematics-ws] K clamp binds: eid 1001 demanded 28201 clamped 4096
[kinematics-ws] K clamp binds: eid 1003 demanded 6781 clamped 4096
[kinematics-ws] K clamp binds: eid 1002 demanded 13819 clamped 4096
[kinematics-ws] K clamp binds: eid 1001 demanded 28206 clamped 4096
[kinematics-ws] K clamp binds: eid 1003 demanded 6782 clamped 4096
[kinematics-ws] K clamp binds: eid 1002 demanded 13828 clamped 4096
[kinematics-ws] K clamp binds: eid 1002 demanded 13819 clamped 4096
[kinematics-ws] K clamp binds: eid 1001 demanded 28201 clamped 4096
[kinematics-ws] K clamp binds: eid 1003 demanded 6784 clamped 4096
[kinematics-ws] K clamp binds: eid [kinematics-ws] K clamp binds: eid 10021001 demanded  13825 demanded 28208 clamped clamped 40964096

[kinematics-ws] K clamp binds: eid 1003 demanded 6785 clamped 4096
[kinematics-ws] K clamp binds: eid 1001 demanded 28202 clamped 4096
[kinematics-ws] K clamp binds: eid 1002 demanded 13823 clamped 4096
[kinematics-ws] K clamp binds: eid 1003 demanded 6785 clamped 4096
[kinematics-ws] K clamp binds: eid 1001 demanded 28209 clamped 4096
[kinematics-ws] K clamp binds: eid 1002 demanded 13821 clamped 4096
[kinematics-ws] K clamp binds: eid 1003 demanded 6785 clamped 4096
[kinematics-ws] K clamp binds: eid 1002 demanded 13826 clamped 4096
[kinematics-ws] K clamp binds: eid 1001 demanded 28205 clamped 4096
[kinematics-ws] K clamp binds: eid 1003 demanded 6783 clamped 4096
[kinematics-ws] K clamp binds: eid 1002 demanded 13819 clamped 4096
[kinematics-ws] K clamp binds: eid 1001 demanded 28207 clamped 4096
[kinematics-ws] K clamp binds: eid 1003 demanded 6783 clamped 4096
[kinematics-ws] K clamp binds: eid 1001 demanded 28211 clamped 4096
[kinematics-ws] K clamp binds: eid 1002 demanded 13828 clamped 4096
[kinematics-ws] K clamp binds: eid 1003 demanded 6782 clamped 4096
[kinematics-ws] K clamp binds: eid 1002 demanded 13818 clamped 4096
[kinematics-ws] K clamp binds: eid 1001 demanded 28206 clamped 4096
[kinematics-ws] K clamp binds: eid 1003 demanded 6783 clamped 4096
[kinematics-ws] K clamp binds: eid 1001 demanded 28211 clamped 4096
[kinematics-ws] K clamp binds: eid 1002 demanded 13828 clamped 4096
[kinematics-ws] K clamp binds: eid 1003 demanded 6784 clamped 4096
[kinematics-ws] K clamp binds: eid 1003 demanded 6785 clamped 4096
[kinematics-ws] K clamp binds: eid 1002 demanded 13818 clamped 4096
[kinematics-ws] K clamp binds: eid 1001 demanded 28214 clamped 4096
[kinematics-ws] K clamp binds: eid 1003 demanded 6786 clamped 4096
[kinematics-ws] K clamp binds: eid 1001 demanded 28210 clamped 4096
[kinematics-ws] K clamp binds: eid 1002 demanded 13828 clamped 4096
[kinematics-ws] K clamp binds: eid 1001 demanded 28212 clamped 4096
[kinematics-ws] K clamp binds: eid 1002 demanded 13819 clamped 4096
[kinematics-ws] K clamp binds: eid 1003 demanded 6787 clamped 4096
[kinematics-ws] K clamp binds: eid 1002 demanded 13828 clamped 4096
[kinematics-ws] K clamp binds: eid 1001 demanded 28218 clamped 4096
[kinematics-ws] K clamp binds: eid 1003 demanded 6787 clamped 4096
[kinematics-ws] K clamp binds: eid 1003 demanded 6787 clamped 4096
[kinematics-ws] K clamp binds: eid 1002 demanded 13819 clamped 4096
[kinematics-ws] K clamp binds: eid 1001 demanded 28217 clamped 4096
[kinematics-ws] K clamp binds: eid 1002 demanded 13829 clamped 4096
[kinematics-ws] K clamp binds: eid 1003 demanded 6787 clamped 4096
[kinematics-ws] K clamp binds: eid 1001 demanded 28214 clamped 4096
Dev window stopped.
